{
"type": "FeatureCollection",
"name": "plan_new_gws",
"crs": { "type": "name", "properties": { "name": "urn:ogc:def:crs:OGC:1.3:CRS84" } },
"features": [
{ "type": "Feature", "properties": { "fid": 1, "handle": 34, "block": -1, "etype": 18, "space": 0, "layer": "0", "olinetype": "ByLayer", "linetype": "", "color": "0,0,0,187", "ocolor": 256, "color24": -1, "transparency": 0, "lweight": -1, "linewidth": 0.0, "ltscale": 1.0, "visible": 0, "width": 0.0, "thickness": 0.0, "ext": "(3:0,0,1)" }, "geometry": { "type": "LineString", "coordinates": [ [ 53.851297185397591, 58.212581201935322, 0.0 ], [ 53.851172084888134, 58.212636541170063, 0.0 ], [ 53.851053602865584, 58.212695658854791, 0.0 ], [ 53.850943898217935, 58.212690053940165, 0.0 ], [ 53.850802341923007, 58.212572274060825, 0.0 ], [ 53.850655334820381, 58.212456373056533, 0.0 ], [ 53.851047494247197, 58.212326917431767, 0.0 ], [ 53.851297185397591, 58.212581201935322, 0.0 ] ] } },
{ "type": "Feature", "properties": { "fid": 2, "handle": 35, "block": -1, "etype": 18, "space": 0, "layer": "0", "olinetype": "ByLayer", "linetype": "", "color": "0,0,0,187", "ocolor": 256, "color24": -1, "transparency": 0, "lweight": -1, "linewidth": 0.0, "ltscale": 1.0, "visible": 0, "width": 0.0, "thickness": 0.0, "ext": "(3:0,0,1)" }, "geometry": { "type": "LineString", "coordinates": [ [ 53.85155736551954, 58.212443420582098, 0.0 ], [ 53.851519031314425, 58.212497783774857, 0.0 ], [ 53.851406073062016, 58.212538054020513, 0.0 ], [ 53.851297185397591, 58.212581201935322, 0.0 ], [ 53.851047494247197, 58.212326917431767, 0.0 ], [ 53.851444361538405, 58.212210035555643, 0.0 ], [ 53.851496778244396, 58.212327262015251, 0.0 ], [ 53.85155736551954, 58.212443420582098, 0.0 ] ] } },
{ "type": "Feature", "properties": { "fid": 3, "handle": 36, "block": -1, "etype": 18, "space": 0, "layer": "0", "olinetype": "ByLayer", "linetype": "", "color": "0,0,0,187", "ocolor": 256, "color24": -1, "transparency": 0, "lweight": -1, "linewidth": 0.0, "ltscale": 1.0, "visible": 0, "width": 0.0, "thickness": 0.0, "ext": "(3:0,0,1)" }, "geometry": { "type": "LineString", "coordinates": [ [ 53.851047494247197, 58.212326917431767, 0.0 ], [ 53.850655334820381, 58.212456373056533, 0.0 ], [ 53.850539000358509, 58.212368968708589, 0.0 ], [ 53.850419769917146, 58.212282638238136, 0.0 ], [ 53.850859738116299, 58.212111131556043, 0.0 ], [ 53.851047494247197, 58.212326917431767, 0.0 ] ] } },
{ "type": "Feature", "properties": { "fid": 4, "handle": 37, "block": -1, "etype": 18, "space": 0, "layer": "0", "olinetype": "ByLayer", "linetype": "", "color": "0,0,0,187", "ocolor": 256, "color24": -1, "transparency": 0, "lweight": -1, "linewidth": 0.0, "ltscale": 1.0, "visible": 0, "width": 0.0, "thickness": 0.0, "ext": "(3:0,0,1)" }, "geometry": { "type": "LineString", "coordinates": [ [ 53.851444361538405, 58.212210035555643, 0.0 ], [ 53.851047494247197, 58.212326917431767, 0.0 ], [ 53.850859738116299, 58.212111131556043, 0.0 ], [ 53.851312782456887, 58.211984709128586, 0.0 ], [ 53.851419789908007, 58.212146531110335, 0.0 ], [ 53.851431735288642, 58.212178327827878, 0.0 ], [ 53.851444361538405, 58.212210035555643, 0.0 ] ] } },
{ "type": "Feature", "properties": { "fid": 5, "handle": 38, "block": -1, "etype": 18, "space": 0, "layer": "0", "olinetype": "ByLayer", "linetype": "", "color": "0,0,0,187", "ocolor": 256, "color24": -1, "transparency": 0, "lweight": -1, "linewidth": 0.0, "ltscale": 1.0, "visible": 0, "width": 0.0, "thickness": 0.0, "ext": "(3:0,0,1)" }, "geometry": { "type": "LineString", "coordinates": [ [ 53.850419769917146, 58.212282638238136, 0.0 ], [ 53.850307140970038, 58.212204305996437, 0.0 ], [ 53.850191786470049, 58.212126958052423, 0.0 ], [ 53.850695064617859, 58.211908570372181, 0.0 ], [ 53.850859738116299, 58.212111131556043, 0.0 ], [ 53.850419769917146, 58.212282638238136, 0.0 ] ] } },
{ "type": "Feature", "properties": { "fid": 6, "handle": 39, "block": -1, "etype": 18, "space": 0, "layer": "0", "olinetype": "ByLayer", "linetype": "", "color": "0,0,0,187", "ocolor": 256, "color24": -1, "transparency": 0, "lweight": -1, "linewidth": 0.0, "ltscale": 1.0, "visible": 0, "width": 0.0, "thickness": 0.0, "ext": "(3:0,0,1)" }, "geometry": { "type": "LineString", "coordinates": [ [ 53.851312782456887, 58.211984709128586, 0.0 ], [ 53.850859738116299, 58.212111131556043, 0.0 ], [ 53.850695064617859, 58.211908570372181, 0.0 ], [ 53.851305809953885, 58.211740404407593, 0.0 ], [ 53.851362003762453, 58.211971029894137, 0.0 ], [ 53.851312782456887, 58.211984709128586, 0.0 ] ] } },
{ "type": "Feature", "properties": { "fid": 7, "handle": 40, "block": -1, "etype": 18, "space": 0, "layer": "0", "olinetype": "ByLayer", "linetype": "", "color": "0,0,0,187", "ocolor": 256, "color24": -1, "transparency": 0, "lweight": -1, "linewidth": 0.0, "ltscale": 1.0, "visible": 0, "width": 0.0, "thickness": 0.0, "ext": "(3:0,0,1)" }, "geometry": { "type": "LineString", "coordinates": [ [ 53.850191786470049, 58.212126958052423, 0.0 ], [ 53.850079136153049, 58.212053922714823, 0.0 ], [ 53.849964100867822, 58.211981782289051, 0.0 ], [ 53.850282473645535, 58.211841198970497, 0.0 ], [ 53.850542896903853, 58.211726134779568, 0.0 ], [ 53.850695064617859, 58.211908570372181, 0.0 ], [ 53.850191786470049, 58.212126958052423, 0.0 ] ] } },
{ "type": "Feature", "properties": { "fid": 8, "handle": 41, "block": -1, "etype": 18, "space": 0, "layer": "0", "olinetype": "ByLayer", "linetype": "", "color": "0,0,0,187", "ocolor": 256, "color24": -1, "transparency": 0, "lweight": -1, "linewidth": 0.0, "ltscale": 1.0, "visible": 0, "width": 0.0, "thickness": 0.0, "ext": "(3:0,0,1)" }, "geometry": { "type": "LineString", "coordinates": [ [ 53.851305809953885, 58.211740404407593, 0.0 ], [ 53.850695064617859, 58.211908570372181, 0.0 ], [ 53.850542896903853, 58.211726134779568, 0.0 ], [ 53.851263231446289, 58.211549119253881, 0.0 ], [ 53.851266175808441, 58.211577224429561, 0.0 ], [ 53.851305809953885, 58.211740404407593, 0.0 ] ] } },
{ "type": "Feature", "properties": { "fid": 9, "handle": 42, "block": -1, "etype": 18, "space": 0, "layer": "0", "olinetype": "ByLayer", "linetype": "", "color": "0,0,0,187", "ocolor": 256, "color24": -1, "transparency": 0, "lweight": -1, "linewidth": 0.0, "ltscale": 1.0, "visible": 0, "width": 0.0, "thickness": 0.0, "ext": "(3:0,0,1)" }, "geometry": { "type": "LineString", "coordinates": [ [ 53.851263231446289, 58.211549119253881, 0.0 ], [ 53.850542896903853, 58.211726134779568, 0.0 ], [ 53.850394994968354, 58.211541010547677, 0.0 ], [ 53.851240975942474, 58.211339003592663, 0.0 ], [ 53.851263231446289, 58.211549119253881, 0.0 ] ] } },
{ "type": "Feature", "properties": { "fid": 10, "handle": 43, "block": -1, "etype": 18, "space": 0, "layer": "0", "olinetype": "ByLayer", "linetype": "", "color": "0,0,0,187", "ocolor": 256, "color24": -1, "transparency": 0, "lweight": -1, "linewidth": 0.0, "ltscale": 1.0, "visible": 0, "width": 0.0, "thickness": 0.0, "ext": "(3:0,0,1)" }, "geometry": { "type": "LineString", "coordinates": [ [ 53.851240975942474, 58.211339003592663, 0.0 ], [ 53.850394994968354, 58.211541010547677, 0.0 ], [ 53.850243185736218, 58.211354983728903, 0.0 ], [ 53.850512807969764, 58.211276471641924, 0.0 ], [ 53.850801559008943, 58.211220067727581, 0.0 ], [ 53.851010906118603, 58.211194634932028, 0.0 ], [ 53.85122428674277, 58.211180878150806, 0.0 ], [ 53.851240975942474, 58.211339003592663, 0.0 ] ] } },
{ "type": "Feature", "properties": { "fid": 11, "handle": 44, "block": -1, "etype": 18, "space": 0, "layer": "0", "olinetype": "ByLayer", "linetype": "", "color": "0,0,0,187", "ocolor": 256, "color24": -1, "transparency": 0, "lweight": -1, "linewidth": 0.0, "ltscale": 1.0, "visible": 0, "width": 0.0, "thickness": 0.0, "ext": "(3:0,0,1)" }, "geometry": { "type": "LineString", "coordinates": [ [ 53.850542896903853, 58.211726134779568, 0.0 ], [ 53.850282473645535, 58.211841198970497, 0.0 ], [ 53.849847254038977, 58.211533543166681, 0.0 ], [ 53.8500344461795, 58.211437607066173, 0.0 ], [ 53.850243185736218, 58.211354983728903, 0.0 ], [ 53.850394994968354, 58.211541010547677, 0.0 ], [ 53.850542896903853, 58.211726134779568, 0.0 ] ] } },
{ "type": "Feature", "properties": { "fid": 12, "handle": 45, "block": -1, "etype": 18, "space": 0, "layer": "0", "olinetype": "ByLayer", "linetype": "", "color": "0,0,0,187", "ocolor": 256, "color24": -1, "transparency": 0, "lweight": -1, "linewidth": 0.0, "ltscale": 1.0, "visible": 0, "width": 0.0, "thickness": 0.0, "ext": "(3:0,0,1)" }, "geometry": { "type": "LineString", "coordinates": [ [ 53.850282473645535, 58.211841198970497, 0.0 ], [ 53.849964100867822, 58.211981782289051, 0.0 ], [ 53.84978813623168, 58.211875991545924, 0.0 ], [ 53.849607059277588, 58.211772528856919, 0.0 ], [ 53.849594540537709, 58.211715861697343, 0.0 ], [ 53.849652077452134, 58.211666818854965, 0.0 ], [ 53.849744741137584, 58.211598155151044, 0.0 ], [ 53.849847254038977, 58.211533543166681, 0.0 ], [ 53.850282473645535, 58.211841198970497, 0.0 ] ] } },
{ "type": "Feature", "properties": { "fid": 13, "handle": 46, "block": -1, "etype": 18, "space": 0, "layer": "0", "olinetype": "ByLayer", "linetype": "", "color": "0,0,0,187", "ocolor": 256, "color24": -1, "transparency": 0, "lweight": -1, "linewidth": 0.0, "ltscale": 1.0, "visible": 0, "width": 0.0, "thickness": 0.0, "ext": "(3:0,0,1)" }, "geometry": { "type": "LineString", "coordinates": [ [ 53.850732409503003, 58.21111844342348, 0.0 ], [ 53.850520964976269, 58.211157250810352, 0.0 ], [ 53.850317809364874, 58.211207020974683, 0.0 ], [ 53.850221618425756, 58.211184821644721, 0.0 ], [ 53.850161890121782, 58.211108526601826, 0.0 ], [ 53.850096542300307, 58.211033661433092, 0.0 ], [ 53.850590394146053, 58.210909264734433, 0.0 ], [ 53.850732409503003, 58.21111844342348, 0.0 ] ] } },
{ "type": "Feature", "properties": { "fid": 14, "handle": 47, "block": -1, "etype": 18, "space": 0, "layer": "0", "olinetype": "ByLayer", "linetype": "", "color": "0,0,0,187", "ocolor": 256, "color24": -1, "transparency": 0, "lweight": -1, "linewidth": 0.0, "ltscale": 1.0, "visible": 0, "width": 0.0, "thickness": 0.0, "ext": "(3:0,0,1)" }, "geometry": { "type": "LineString", "coordinates": [ [ 53.850590394146053, 58.210909264734433, 0.0 ], [ 53.850096542300307, 58.211033661433092, 0.0 ], [ 53.850016089288168, 58.210950608304039, 0.0 ], [ 53.849928823839377, 58.210869522306183, 0.0 ], [ 53.850467145559747, 58.210727940292408, 0.0 ], [ 53.850590394146053, 58.210909264734433, 0.0 ] ] } },
{ "type": "Feature", "properties": { "fid": 15, "handle": 48, "block": -1, "etype": 18, "space": 0, "layer": "0", "olinetype": "ByLayer", "linetype": "", "color": "0,0,0,187", "ocolor": 256, "color24": -1, "transparency": 0, "lweight": -1, "linewidth": 0.0, "ltscale": 1.0, "visible": 0, "width": 0.0, "thickness": 0.0, "ext": "(3:0,0,1)" }, "geometry": { "type": "LineString", "coordinates": [ [ 53.850467145559747, 58.210727940292408, 0.0 ], [ 53.849928823839377, 58.210869522306183, 0.0 ], [ 53.849836102320261, 58.210791482406421, 0.0 ], [ 53.849737077607585, 58.210715679557183, 0.0 ], [ 53.85033747415406, 58.210537091300168, 0.0 ], [ 53.850467145559747, 58.210727940292408, 0.0 ] ] } },
{ "type": "Feature", "properties": { "fid": 16, "handle": 49, "block": -1, "etype": 18, "space": 0, "layer": "0", "olinetype": "ByLayer", "linetype": "", "color": "0,0,0,187", "ocolor": 256, "color24": -1, "transparency": 0, "lweight": -1, "linewidth": 0.0, "ltscale": 1.0, "visible": 0, "width": 0.0, "thickness": 0.0, "ext": "(3:0,0,1)" }, "geometry": { "type": "LineString", "coordinates": [ [ 53.85033747415406, 58.210537091300168, 0.0 ], [ 53.849737077607585, 58.210715679557183, 0.0 ], [ 53.849496534249873, 58.210556392000264, 0.0 ], [ 53.84953248531032, 58.210542787583563, 0.0 ], [ 53.850194618949665, 58.210326474651524, 0.0 ], [ 53.85033747415406, 58.210537091300168, 0.0 ] ] } },
{ "type": "Feature", "properties": { "fid": 17, "handle": 50, "block": -1, "etype": 18, "space": 0, "layer": "0", "olinetype": "ByLayer", "linetype": "", "color": "0,0,0,187", "ocolor": 256, "color24": -1, "transparency": 0, "lweight": -1, "linewidth": 0.0, "ltscale": 1.0, "visible": 0, "width": 0.0, "thickness": 0.0, "ext": "(3:0,0,1)" }, "geometry": { "type": "LineString", "coordinates": [ [ 53.84953248531032, 58.210542787583563, 0.0 ], [ 53.849383762210394, 58.21043334734366, 0.0 ], [ 53.849202311159772, 58.210299806659243, 0.0 ], [ 53.850068669343159, 58.210141196225941, 0.0 ], [ 53.850194618949665, 58.210326474651524, 0.0 ], [ 53.84953248531032, 58.210542787583563, 0.0 ] ] } },
{ "type": "Feature", "properties": { "fid": 18, "handle": 51, "block": -1, "etype": 18, "space": 0, "layer": "0", "olinetype": "ByLayer", "linetype": "", "color": "0,0,0,187", "ocolor": 256, "color24": -1, "transparency": 0, "lweight": -1, "linewidth": 0.0, "ltscale": 1.0, "visible": 0, "width": 0.0, "thickness": 0.0, "ext": "(3:0,0,1)" }, "geometry": { "type": "LineString", "coordinates": [ [ 53.849342019478456, 58.210448830295064, 0.0 ], [ 53.849176404491047, 58.210511840951561, 0.0 ], [ 53.848811979037173, 58.210643029608946, 0.0 ], [ 53.848502443490254, 58.210427903751864, 0.0 ], [ 53.849152089753325, 58.210308994783503, 0.0 ], [ 53.849342019478456, 58.210448830295064, 0.0 ] ] } },
{ "type": "Feature", "properties": { "fid": 19, "handle": 52, "block": -1, "etype": 18, "space": 0, "layer": "0", "olinetype": "ByLayer", "linetype": "", "color": "0,0,0,187", "ocolor": 256, "color24": -1, "transparency": 0, "lweight": -1, "linewidth": 0.0, "ltscale": 1.0, "visible": 0, "width": 0.0, "thickness": 0.0, "ext": "(3:0,0,1)" }, "geometry": { "type": "LineString", "coordinates": [ [ 53.849489665200601, 58.210692044394648, 0.0 ], [ 53.849060762929092, 58.210864098181432, 0.0 ], [ 53.848811979037173, 58.210643029608946, 0.0 ], [ 53.849176404491047, 58.210511840951561, 0.0 ], [ 53.849324957169998, 58.210621281230374, 0.0 ], [ 53.849357500441258, 58.210609019564224, 0.0 ], [ 53.849424690556383, 58.210650039504465, 0.0 ], [ 53.849489665200601, 58.210692044394648, 0.0 ] ] } },
{ "type": "Feature", "properties": { "fid": 20, "handle": 53, "block": -1, "etype": 18, "space": 0, "layer": "0", "olinetype": "ByLayer", "linetype": "", "color": "0,0,0,187", "ocolor": 256, "color24": -1, "transparency": 0, "lweight": -1, "linewidth": 0.0, "ltscale": 1.0, "visible": 0, "width": 0.0, "thickness": 0.0, "ext": "(3:0,0,1)" }, "geometry": { "type": "LineString", "coordinates": [ [ 53.849749961304397, 58.210887088450683, 0.0 ], [ 53.849262775270887, 58.211043541932646, 0.0 ], [ 53.849213288855609, 58.210999580047222, 0.0 ], [ 53.849060762929092, 58.210864098181432, 0.0 ], [ 53.849489665200601, 58.210692044394648, 0.0 ], [ 53.849625179954231, 58.210787552726934, 0.0 ], [ 53.849749961304397, 58.210887088450683, 0.0 ] ] } },
{ "type": "Feature", "properties": { "fid": 21, "handle": 54, "block": -1, "etype": 18, "space": 0, "layer": "0", "olinetype": "ByLayer", "linetype": "", "color": "0,0,0,187", "ocolor": 256, "color24": -1, "transparency": 0, "lweight": -1, "linewidth": 0.0, "ltscale": 1.0, "visible": 0, "width": 0.0, "thickness": 0.0, "ext": "(3:0,0,1)" }, "geometry": { "type": "LineString", "coordinates": [ [ 53.849469704667612, 58.211227300696201, 0.0 ], [ 53.849262775270887, 58.211043541932646, 0.0 ], [ 53.849749961304397, 58.210887088450683, 0.0 ], [ 53.849852487506823, 58.210979774414263, 0.0 ], [ 53.849945646289392, 58.211075232508108, 0.0 ], [ 53.849469704667612, 58.211227300696201, 0.0 ] ] } },
{ "type": "Feature", "properties": { "fid": 22, "handle": 55, "block": -1, "etype": 18, "space": 0, "layer": "0", "olinetype": "ByLayer", "linetype": "", "color": "0,0,0,187", "ocolor": 256, "color24": -1, "transparency": 0, "lweight": -1, "linewidth": 0.0, "ltscale": 1.0, "visible": 0, "width": 0.0, "thickness": 0.0, "ext": "(3:0,0,1)" }, "geometry": { "type": "LineString", "coordinates": [ [ 53.850079680311033, 58.211240050254247, 0.0 ], [ 53.850047806434333, 58.211295138868941, 0.0 ], [ 53.849876025176044, 58.211367480493145, 0.0 ], [ 53.849718497108633, 58.211448278189373, 0.0 ], [ 53.849469704667612, 58.211227300696201, 0.0 ], [ 53.849945646289392, 58.211075232508108, 0.0 ], [ 53.850016068818093, 58.211156837368662, 0.0 ], [ 53.850079680311033, 58.211240050254247, 0.0 ] ] } },
{ "type": "Feature", "properties": { "fid": 23, "handle": 56, "block": -1, "etype": 18, "space": 0, "layer": "0", "olinetype": "ByLayer", "linetype": "", "color": "0,0,0,187", "ocolor": 256, "color24": -1, "transparency": 0, "lweight": -1, "linewidth": 0.0, "ltscale": 1.0, "visible": 0, "width": 0.0, "thickness": 0.0, "ext": "(3:0,0,1)" }, "geometry": { "type": "LineString", "coordinates": [ [ 53.849718497108633, 58.211448278189373, 0.0 ], [ 53.849581021713249, 58.21153385779408, 0.0 ], [ 53.84945933934705, 58.211625830416494, 0.0 ], [ 53.849349749709098, 58.211634050680743, 0.0 ], [ 53.849177793964678, 58.211546489555872, 0.0 ], [ 53.849002257501063, 58.211461078722841, 0.0 ], [ 53.849469704667612, 58.211227300696201, 0.0 ], [ 53.849718497108633, 58.211448278189373, 0.0 ] ] } },
{ "type": "Feature", "properties": { "fid": 24, "handle": 57, "block": -1, "etype": 18, "space": 0, "layer": "0", "olinetype": "ByLayer", "linetype": "", "color": "0,0,0,187", "ocolor": 256, "color24": -1, "transparency": 0, "lweight": -1, "linewidth": 0.0, "ltscale": 1.0, "visible": 0, "width": 0.0, "thickness": 0.0, "ext": "(3:0,0,1)" }, "geometry": { "type": "LineString", "coordinates": [ [ 53.849002257501063, 58.211461078722841, 0.0 ], [ 53.848648763802004, 58.211300039683827, 0.0 ], [ 53.848980898961869, 58.211123204033939, 0.0 ], [ 53.849213288855609, 58.210999580047222, 0.0 ], [ 53.849262775270887, 58.211043541932646, 0.0 ], [ 53.849469704667612, 58.211227300696201, 0.0 ], [ 53.849002257501063, 58.211461078722841, 0.0 ] ] } },
{ "type": "Feature", "properties": { "fid": 25, "handle": 58, "block": -1, "etype": 18, "space": 0, "layer": "0", "olinetype": "ByLayer", "linetype": "", "color": "0,0,0,187", "ocolor": 256, "color24": -1, "transparency": 0, "lweight": -1, "linewidth": 0.0, "ltscale": 1.0, "visible": 0, "width": 0.0, "thickness": 0.0, "ext": "(3:0,0,1)" }, "geometry": { "type": "LineString", "coordinates": [ [ 53.849213288855609, 58.210999580047222, 0.0 ], [ 53.848980898961869, 58.211123204033939, 0.0 ], [ 53.848438718485049, 58.210850790712463, 0.0 ], [ 53.848349254896569, 58.210807319648715, 0.0 ], [ 53.848811979037173, 58.210643029608946, 0.0 ], [ 53.849060762929092, 58.210864098181432, 0.0 ], [ 53.849213288855609, 58.210999580047222, 0.0 ] ] } },
{ "type": "Feature", "properties": { "fid": 26, "handle": 59, "block": -1, "etype": 18, "space": 0, "layer": "0", "olinetype": "ByLayer", "linetype": "", "color": "0,0,0,187", "ocolor": 256, "color24": -1, "transparency": 0, "lweight": -1, "linewidth": 0.0, "ltscale": 1.0, "visible": 0, "width": 0.0, "thickness": 0.0, "ext": "(3:0,0,1)" }, "geometry": { "type": "LineString", "coordinates": [ [ 53.848811979037173, 58.210643029608946, 0.0 ], [ 53.848349254896569, 58.210807319648715, 0.0 ], [ 53.848250963780814, 58.210759618263651, 0.0 ], [ 53.84791288942241, 58.210535748158385, 0.0 ], [ 53.848502443490254, 58.210427903751864, 0.0 ], [ 53.848811979037173, 58.210643029608946, 0.0 ] ] } },
{ "type": "Feature", "properties": { "fid": 27, "handle": 60, "block": -1, "etype": 18, "space": 0, "layer": "0", "olinetype": "ByLayer", "linetype": "", "color": "0,0,0,187", "ocolor": 256, "color24": -1, "transparency": 0, "lweight": -1, "linewidth": 0.0, "ltscale": 1.0, "visible": 0, "width": 0.0, "thickness": 0.0, "ext": "(3:0,0,1)" }, "geometry": { "type": "LineString", "coordinates": [ [ 53.848250963780814, 58.210759618263651, 0.0 ], [ 53.84807804671641, 58.210858621359051, 0.0 ], [ 53.848108603435001, 58.210873471788005, 0.0 ], [ 53.848031622210257, 58.210934341980334, 0.0 ], [ 53.847969591378401, 58.210999719051912, 0.0 ], [ 53.847868447401183, 58.211022313225271, 0.0 ], [ 53.847746404512399, 58.210999362921697, 0.0 ], [ 53.84762162111025, 58.210980808540512, 0.0 ], [ 53.84764203022452, 58.21058534350346, 0.0 ], [ 53.84791288942241, 58.210535748158385, 0.0 ], [ 53.848250963780814, 58.210759618263651, 0.0 ] ] } },
{ "type": "Feature", "properties": { "fid": 28, "handle": 61, "block": -1, "etype": 18, "space": 0, "layer": "0", "olinetype": "ByLayer", "linetype": "", "color": "0,0,0,187", "ocolor": 256, "color24": -1, "transparency": 0, "lweight": -1, "linewidth": 0.0, "ltscale": 1.0, "visible": 0, "width": 0.0, "thickness": 0.0, "ext": "(3:0,0,1)" }, "geometry": { "type": "LineString", "coordinates": [ [ 53.84762162111025, 58.210980808540512, 0.0 ], [ 53.847321993915763, 58.210954772430057, 0.0 ], [ 53.847018516791323, 58.210953780156458, 0.0 ], [ 53.846941640613061, 58.210713521203893, 0.0 ], [ 53.84764203022452, 58.21058534350346, 0.0 ], [ 53.84762162111025, 58.210980808540512, 0.0 ] ] } },
{ "type": "Feature", "properties": { "fid": 29, "handle": 62, "block": -1, "etype": 18, "space": 0, "layer": "0", "olinetype": "ByLayer", "linetype": "", "color": "0,0,0,187", "ocolor": 256, "color24": -1, "transparency": 0, "lweight": -1, "linewidth": 0.0, "ltscale": 1.0, "visible": 0, "width": 0.0, "thickness": 0.0, "ext": "(3:0,0,1)" }, "geometry": { "type": "LineString", "coordinates": [ [ 53.848980898961869, 58.211123204033939, 0.0 ], [ 53.848648763802004, 58.211300039683827, 0.0 ], [ 53.848405428986041, 58.211197129823596, 0.0 ], [ 53.848156465735698, 58.211097983634531, 0.0 ], [ 53.848119786664583, 58.211042903618846, 0.0 ], [ 53.848170549973808, 58.210986850377438, 0.0 ], [ 53.84823439562453, 58.210934583531085, 0.0 ], [ 53.848265801115517, 58.210949883842204, 0.0 ], [ 53.848438718485049, 58.210850790712463, 0.0 ], [ 53.848980898961869, 58.211123204033939, 0.0 ] ] } },
{ "type": "Feature", "properties": { "fid": 30, "handle": 63, "block": -1, "etype": 18, "space": 0, "layer": "0", "olinetype": "ByLayer", "linetype": "", "color": "0,0,0,187", "ocolor": 256, "color24": -1, "transparency": 0, "lweight": -1, "linewidth": 0.0, "ltscale": 1.0, "visible": 0, "width": 0.0, "thickness": 0.0, "ext": "(3:0,0,1)" }, "geometry": { "type": "LineString", "coordinates": [ [ 53.846536184520048, 58.211243734803823, 0.0 ], [ 53.846167124959003, 58.211458946220318, 0.0 ], [ 53.845905871036059, 58.211409789349794, 0.0 ], [ 53.845886559996742, 58.211351677098442, 0.0 ], [ 53.846125722310994, 58.211238302051861, 0.0 ], [ 53.846400835957134, 58.211150647508504, 0.0 ], [ 53.846536184520048, 58.211243734803823, 0.0 ] ] } },
{ "type": "Feature", "properties": { "fid": 31, "handle": 64, "block": -1, "etype": 18, "space": 0, "layer": "0", "olinetype": "ByLayer", "linetype": "", "color": "0,0,0,187", "ocolor": 256, "color24": -1, "transparency": 0, "lweight": -1, "linewidth": 0.0, "ltscale": 1.0, "visible": 0, "width": 0.0, "thickness": 0.0, "ext": "(3:0,0,1)" }, "geometry": { "type": "LineString", "coordinates": [ [ 53.847062130615626, 58.211373203887973, 0.0 ], [ 53.846785004492297, 58.211414709522955, 0.0 ], [ 53.846536184520048, 58.211243734803823, 0.0 ], [ 53.846400835957134, 58.211150647508504, 0.0 ], [ 53.846692832371012, 58.21109246114942, 0.0 ], [ 53.846999675487254, 58.211062663032493, 0.0 ], [ 53.847062130615626, 58.211373203887973, 0.0 ] ] } },
{ "type": "Feature", "properties": { "fid": 32, "handle": 65, "block": -1, "etype": 18, "space": 0, "layer": "0", "olinetype": "ByLayer", "linetype": "", "color": "0,0,0,187", "ocolor": 256, "color24": -1, "transparency": 0, "lweight": -1, "linewidth": 0.0, "ltscale": 1.0, "visible": 0, "width": 0.0, "thickness": 0.0, "ext": "(3:0,0,1)" }, "geometry": { "type": "LineString", "coordinates": [ [ 53.847689545589603, 58.211445241850683, 0.0 ], [ 53.847412851322936, 58.211386283386524, 0.0 ], [ 53.847499578000452, 58.211076819061908, 0.0 ], [ 53.847761899705432, 58.211114930772744, 0.0 ], [ 53.848007791601226, 58.211176275877307, 0.0 ], [ 53.847689545589603, 58.211445241850683, 0.0 ] ] } },
{ "type": "Feature", "properties": { "fid": 33, "handle": 66, "block": -1, "etype": 18, "space": 0, "layer": "0", "olinetype": "ByLayer", "linetype": "", "color": "0,0,0,187", "ocolor": 256, "color24": -1, "transparency": 0, "lweight": -1, "linewidth": 0.0, "ltscale": 1.0, "visible": 0, "width": 0.0, "thickness": 0.0, "ext": "(3:0,0,1)" }, "geometry": { "type": "LineString", "coordinates": [ [ 53.847994068341812, 58.211560615946325, 0.0 ], [ 53.847841891583705, 58.21150297398168, 0.0 ], [ 53.847689545589603, 58.211445241850683, 0.0 ], [ 53.848007791601226, 58.211176275877307, 0.0 ], [ 53.848187140077911, 58.211244544274827, 0.0 ], [ 53.848361881987067, 58.211316128871374, 0.0 ], [ 53.847994068341812, 58.211560615946325, 0.0 ] ] } },
{ "type": "Feature", "properties": { "fid": 34, "handle": 67, "block": -1, "etype": 18, "space": 0, "layer": "0", "olinetype": "ByLayer", "linetype": "", "color": "0,0,0,187", "ocolor": 256, "color24": -1, "transparency": 0, "lweight": -1, "linewidth": 0.0, "ltscale": 1.0, "visible": 0, "width": 0.0, "thickness": 0.0, "ext": "(3:0,0,1)" }, "geometry": { "type": "LineString", "coordinates": [ [ 53.848627706797664, 58.211850018745039, 0.0 ], [ 53.848533822810069, 58.211805285623939, 0.0 ], [ 53.848315496851967, 58.211701238147924, 0.0 ], [ 53.848702497483096, 58.21146503286225, 0.0 ], [ 53.849030835475183, 58.21162146308226, 0.0 ], [ 53.848627706797664, 58.211850018745039, 0.0 ] ] } },
{ "type": "Feature", "properties": { "fid": 35, "handle": 68, "block": -1, "etype": 18, "space": 0, "layer": "0", "olinetype": "ByLayer", "linetype": "", "color": "0,0,0,187", "ocolor": 256, "color24": -1, "transparency": 0, "lweight": -1, "linewidth": 0.0, "ltscale": 1.0, "visible": 0, "width": 0.0, "thickness": 0.0, "ext": "(3:0,0,1)" }, "geometry": { "type": "LineString", "coordinates": [ [ 53.848922041024757, 58.212002548231915, 0.0 ], [ 53.848848542385333, 58.211964393579507, 0.0 ], [ 53.848627706797664, 58.211850018745039, 0.0 ], [ 53.849030835475183, 58.21162146308226, 0.0 ], [ 53.849192437805968, 58.211703445678019, 0.0 ], [ 53.849350800678756, 58.21178730966006, 0.0 ], [ 53.848922041024757, 58.212002548231915, 0.0 ] ] } },
{ "type": "Feature", "properties": { "fid": 36, "handle": 69, "block": -1, "etype": 18, "space": 0, "layer": "0", "olinetype": "ByLayer", "linetype": "", "color": "0,0,0,187", "ocolor": 256, "color24": -1, "transparency": 0, "lweight": -1, "linewidth": 0.0, "ltscale": 1.0, "visible": 0, "width": 0.0, "thickness": 0.0, "ext": "(3:0,0,1)" }, "geometry": { "type": "LineString", "coordinates": [ [ 53.849205460499789, 58.212162067114669, 0.0 ], [ 53.849146907929764, 58.212129496791597, 0.0 ], [ 53.848922041024757, 58.212002548231915, 0.0 ], [ 53.849350800678756, 58.21178730966006, 0.0 ], [ 53.849501341606725, 58.211870535737027, 0.0 ], [ 53.849648814293843, 58.211955374090977, 0.0 ], [ 53.849205460499789, 58.212162067114669, 0.0 ] ] } },
{ "type": "Feature", "properties": { "fid": 37, "handle": 70, "block": -1, "etype": 18, "space": 0, "layer": "0", "olinetype": "ByLayer", "linetype": "", "color": "0,0,0,187", "ocolor": 256, "color24": -1, "transparency": 0, "lweight": -1, "linewidth": 0.0, "ltscale": 1.0, "visible": 0, "width": 0.0, "thickness": 0.0, "ext": "(3:0,0,1)" }, "geometry": { "type": "LineString", "coordinates": [ [ 53.849936584966173, 58.212132583518773, 0.0 ], [ 53.849463880796151, 58.212320209117713, 0.0 ], [ 53.84932133856104, 58.212235825292851, 0.0 ], [ 53.849205460499789, 58.212162067114669, 0.0 ], [ 53.849648814293843, 58.211955374090977, 0.0 ], [ 53.84979474447637, 58.212043083476935, 0.0 ], [ 53.849936584966173, 58.212132583518773, 0.0 ] ] } },
{ "type": "Feature", "properties": { "fid": 38, "handle": 71, "block": -1, "etype": 18, "space": 0, "layer": "0", "olinetype": "ByLayer", "linetype": "", "color": "0,0,0,187", "ocolor": 256, "color24": -1, "transparency": 0, "lweight": -1, "linewidth": 0.0, "ltscale": 1.0, "visible": 0, "width": 0.0, "thickness": 0.0, "ext": "(3:0,0,1)" }, "geometry": { "type": "LineString", "coordinates": [ [ 53.84974314106578, 58.212498935212892, 0.0 ], [ 53.849698865306316, 58.212469254992229, 0.0 ], [ 53.849463880796151, 58.212320209117713, 0.0 ], [ 53.849936584966173, 58.212132583518773, 0.0 ], [ 53.850076039588259, 58.212223247760406, 0.0 ], [ 53.850211404880305, 58.212315612899644, 0.0 ], [ 53.84974314106578, 58.212498935212892, 0.0 ] ] } },
{ "type": "Feature", "properties": { "fid": 39, "handle": 72, "block": -1, "etype": 18, "space": 0, "layer": "0", "olinetype": "ByLayer", "linetype": "", "color": "0,0,0,187", "ocolor": 256, "color24": -1, "transparency": 0, "lweight": -1, "linewidth": 0.0, "ltscale": 1.0, "visible": 0, "width": 0.0, "thickness": 0.0, "ext": "(3:0,0,1)" }, "geometry": { "type": "LineString", "coordinates": [ [ 53.849995183379839, 58.212677987795765, 0.0 ], [ 53.84974314106578, 58.212498935212892, 0.0 ], [ 53.850211404880305, 58.212315612899644, 0.0 ], [ 53.850343869392375, 58.212410219036101, 0.0 ], [ 53.850472416190307, 58.212506167166865, 0.0 ], [ 53.849995183379839, 58.212677987795765, 0.0 ] ] } },
{ "type": "Feature", "properties": { "fid": 40, "handle": 73, "block": -1, "etype": 18, "space": 0, "layer": "0", "olinetype": "ByLayer", "linetype": "", "color": "0,0,0,187", "ocolor": 256, "color24": -1, "transparency": 0, "lweight": -1, "linewidth": 0.0, "ltscale": 1.0, "visible": 0, "width": 0.0, "thickness": 0.0, "ext": "(3:0,0,1)" }, "geometry": { "type": "LineString", "coordinates": [ [ 53.850709448985519, 58.212695346087159, 0.0 ], [ 53.850224254303129, 58.212858808527187, 0.0 ], [ 53.849995183379839, 58.212677987795765, 0.0 ], [ 53.850472416190307, 58.212506167166865, 0.0 ], [ 53.850592806236335, 58.21260013040542, 0.0 ], [ 53.850709448985519, 58.212695346087159, 0.0 ] ] } },
{ "type": "Feature", "properties": { "fid": 41, "handle": 74, "block": -1, "etype": 18, "space": 0, "layer": "0", "olinetype": "ByLayer", "linetype": "", "color": "0,0,0,187", "ocolor": 256, "color24": -1, "transparency": 0, "lweight": -1, "linewidth": 0.0, "ltscale": 1.0, "visible": 0, "width": 0.0, "thickness": 0.0, "ext": "(3:0,0,1)" }, "geometry": { "type": "LineString", "coordinates": [ [ 53.850809197953566, 58.212843513213755, 0.0 ], [ 53.850667719766022, 58.212949828905934, 0.0 ], [ 53.850547816762337, 58.213063172722428, 0.0 ], [ 53.850429005401686, 58.213038343364296, 0.0 ], [ 53.850224254303129, 58.212858808527187, 0.0 ], [ 53.850709448985519, 58.212695346087159, 0.0 ], [ 53.850814887017513, 58.212785161635111, 0.0 ], [ 53.850809197953566, 58.212843513213755, 0.0 ] ] } },
{ "type": "Feature", "properties": { "fid": 42, "handle": 75, "block": -1, "etype": 18, "space": 0, "layer": "0", "olinetype": "ByLayer", "linetype": "", "color": "0,0,0,187", "ocolor": 256, "color24": -1, "transparency": 0, "lweight": -1, "linewidth": 0.0, "ltscale": 1.0, "visible": 0, "width": 0.0, "thickness": 0.0, "ext": "(3:0,0,1)" }, "geometry": { "type": "LineString", "coordinates": [ [ 53.850222733801303, 58.213420931204993, 0.0 ], [ 53.850114417600942, 58.213408324223515, 0.0 ], [ 53.850011936062941, 58.213303248662072, 0.0 ], [ 53.849904004370224, 58.21319978267401, 0.0 ], [ 53.850429005401686, 58.213038343364296, 0.0 ], [ 53.850547816762337, 58.213063172722428, 0.0 ], [ 53.850450193769213, 58.213177799508863, 0.0 ], [ 53.850368717096636, 58.213295946664665, 0.0 ], [ 53.85030923185171, 58.213362854127965, 0.0 ], [ 53.850222733801303, 58.213420931204993, 0.0 ] ] } },
{ "type": "Feature", "properties": { "fid": 43, "handle": 76, "block": -1, "etype": 18, "space": 0, "layer": "0", "olinetype": "ByLayer", "linetype": "", "color": "0,0,0,187", "ocolor": 256, "color24": -1, "transparency": 0, "lweight": -1, "linewidth": 0.0, "ltscale": 1.0, "visible": 0, "width": 0.0, "thickness": 0.0, "ext": "(3:0,0,1)" }, "geometry": { "type": "LineString", "coordinates": [ [ 53.850429005401686, 58.213038343364296, 0.0 ], [ 53.849904004370224, 58.21319978267401, 0.0 ], [ 53.849806045959269, 58.213111591265275, 0.0 ], [ 53.849703999787259, 58.21302465190746, 0.0 ], [ 53.850224254303129, 58.212858808527187, 0.0 ], [ 53.850429005401686, 58.213038343364296, 0.0 ] ] } },
{ "type": "Feature", "properties": { "fid": 44, "handle": 77, "block": -1, "etype": 18, "space": 0, "layer": "0", "olinetype": "ByLayer", "linetype": "", "color": "0,0,0,187", "ocolor": 256, "color24": -1, "transparency": 0, "lweight": -1, "linewidth": 0.0, "ltscale": 1.0, "visible": 0, "width": 0.0, "thickness": 0.0, "ext": "(3:0,0,1)" }, "geometry": { "type": "LineString", "coordinates": [ [ 53.84995224040437, 58.213540561747124, 0.0 ], [ 53.849765068936087, 58.213588733761171, 0.0 ], [ 53.849575525863138, 58.213634388809808, 0.0 ], [ 53.84930026320783, 58.213313542369505, 0.0 ], [ 53.84943684372395, 58.213280304875198, 0.0 ], [ 53.849572238449056, 58.213245808889134, 0.0 ], [ 53.849678154374836, 58.213262633250324, 0.0 ], [ 53.849820306642378, 58.21340016708249, 0.0 ], [ 53.84995224040437, 58.213540561747124, 0.0 ] ] } },
{ "type": "Feature", "properties": { "fid": 45, "handle": 78, "block": -1, "etype": 18, "space": 0, "layer": "0", "olinetype": "ByLayer", "linetype": "", "color": "0,0,0,187", "ocolor": 256, "color24": -1, "transparency": 0, "lweight": -1, "linewidth": 0.0, "ltscale": 1.0, "visible": 0, "width": 0.0, "thickness": 0.0, "ext": "(3:0,0,1)" }, "geometry": { "type": "LineString", "coordinates": [ [ 53.849575525863138, 58.213634388809808, 0.0 ], [ 53.849384973740378, 58.213677169364537, 0.0 ], [ 53.849192560840237, 58.2137173437591, 0.0 ], [ 53.848938235764344, 58.21339427675845, 0.0 ], [ 53.849120095349335, 58.213355077857933, 0.0 ], [ 53.84930026320783, 58.213313542369505, 0.0 ], [ 53.849575525863138, 58.213634388809808, 0.0 ] ] } },
{ "type": "Feature", "properties": { "fid": 46, "handle": 79, "block": -1, "etype": 18, "space": 0, "layer": "0", "olinetype": "ByLayer", "linetype": "", "color": "0,0,0,187", "ocolor": 256, "color24": -1, "transparency": 0, "lweight": -1, "linewidth": 0.0, "ltscale": 1.0, "visible": 0, "width": 0.0, "thickness": 0.0, "ext": "(3:0,0,1)" }, "geometry": { "type": "LineString", "coordinates": [ [ 53.849192560840237, 58.2137173437591, 0.0 ], [ 53.848993179617878, 58.213755803754559, 0.0 ], [ 53.848791938435532, 58.21379147799427, 0.0 ], [ 53.848565523706121, 58.213466827278133, 0.0 ], [ 53.848752640319688, 58.213431765112091, 0.0 ], [ 53.848938235764344, 58.21339427675845, 0.0 ], [ 53.849192560840237, 58.2137173437591, 0.0 ] ] } },
{ "type": "Feature", "properties": { "fid": 47, "handle": 80, "block": -1, "etype": 18, "space": 0, "layer": "0", "olinetype": "ByLayer", "linetype": "", "color": "0,0,0,187", "ocolor": 256, "color24": -1, "transparency": 0, "lweight": -1, "linewidth": 0.0, "ltscale": 1.0, "visible": 0, "width": 0.0, "thickness": 0.0, "ext": "(3:0,0,1)" }, "geometry": { "type": "LineString", "coordinates": [ [ 53.848791938435532, 58.21379147799427, 0.0 ], [ 53.8485541090892, 58.213829622352954, 0.0 ], [ 53.848313576395363, 58.213863273958083, 0.0 ], [ 53.848246652641215, 58.213719004597927, 0.0 ], [ 53.848167302658666, 58.213576516039005, 0.0 ], [ 53.848218900947728, 58.213524952887369, 0.0 ], [ 53.848392888365005, 58.21349696838697, 0.0 ], [ 53.848565523706121, 58.213466827278133, 0.0 ], [ 53.848791938435532, 58.21379147799427, 0.0 ] ] } },
{ "type": "Feature", "properties": { "fid": 48, "handle": 81, "block": -1, "etype": 18, "space": 0, "layer": "0", "olinetype": "ByLayer", "linetype": "", "color": "0,0,0,187", "ocolor": 256, "color24": -1, "transparency": 0, "lweight": -1, "linewidth": 0.0, "ltscale": 1.0, "visible": 0, "width": 0.0, "thickness": 0.0, "ext": "(3:0,0,1)" }, "geometry": { "type": "LineString", "coordinates": [ [ 53.84819833166604, 58.213879387314854, 0.0 ], [ 53.847938759933534, 58.213909334486317, 0.0 ], [ 53.847677674345029, 58.213935149354782, 0.0 ], [ 53.847545502164444, 58.21361429044974, 0.0 ], [ 53.847750946660398, 58.213590294838767, 0.0 ], [ 53.847955211156957, 58.213563693815225, 0.0 ], [ 53.848051720464262, 58.213592179952222, 0.0 ], [ 53.8481314095012, 58.213734848550551, 0.0 ], [ 53.84819833166604, 58.213879387314854, 0.0 ] ] } },
{ "type": "Feature", "properties": { "fid": 49, "handle": 82, "block": -1, "etype": 18, "space": 0, "layer": "0", "olinetype": "ByLayer", "linetype": "", "color": "0,0,0,187", "ocolor": 256, "color24": -1, "transparency": 0, "lweight": -1, "linewidth": 0.0, "ltscale": 1.0, "visible": 0, "width": 0.0, "thickness": 0.0, "ext": "(3:0,0,1)" }, "geometry": { "type": "LineString", "coordinates": [ [ 53.847677674345029, 58.213935149354782, 0.0 ], [ 53.847428351403565, 58.213955321507335, 0.0 ], [ 53.847177854683387, 58.213971451581244, 0.0 ], [ 53.847101633229109, 58.213656405310346, 0.0 ], [ 53.847324071446714, 58.213636919859219, 0.0 ], [ 53.847545502164444, 58.21361429044974, 0.0 ], [ 53.847677674345029, 58.213935149354782, 0.0 ] ] } },
{ "type": "Feature", "properties": { "fid": 50, "handle": 83, "block": -1, "etype": 18, "space": 0, "layer": "0", "olinetype": "ByLayer", "linetype": "", "color": "0,0,0,187", "ocolor": 256, "color24": -1, "transparency": 0, "lweight": -1, "linewidth": 0.0, "ltscale": 1.0, "visible": 0, "width": 0.0, "thickness": 0.0, "ext": "(3:0,0,1)" }, "geometry": { "type": "LineString", "coordinates": [ [ 53.847177854683387, 58.213971451581244, 0.0 ], [ 53.846945922811841, 58.213982665447801, 0.0 ], [ 53.846713325791931, 58.213990286817832, 0.0 ], [ 53.846645735931688, 58.213686563169226, 0.0 ], [ 53.846874103020092, 58.21367310101985, 0.0 ], [ 53.847101633229109, 58.213656405310346, 0.0 ], [ 53.847177854683387, 58.213971451581244, 0.0 ] ] } },
{ "type": "Feature", "properties": { "fid": 51, "handle": 84, "block": -1, "etype": 18, "space": 0, "layer": "0", "olinetype": "ByLayer", "linetype": "", "color": "0,0,0,187", "ocolor": 256, "color24": -1, "transparency": 0, "lweight": -1, "linewidth": 0.0, "ltscale": 1.0, "visible": 0, "width": 0.0, "thickness": 0.0, "ext": "(3:0,0,1)" }, "geometry": { "type": "LineString", "coordinates": [ [ 53.846713325791931, 58.213990286817832, 0.0 ], [ 53.846520215498558, 58.213993915119353, 0.0 ], [ 53.846326945530812, 58.213995118825345, 0.0 ], [ 53.846181512894283, 58.213871224000492, 0.0 ], [ 53.845997055977818, 58.213762634579851, 0.0 ], [ 53.846036259175357, 58.213706298895723, 0.0 ], [ 53.846341325455114, 58.213699304811854, 0.0 ], [ 53.846645735931688, 58.213686563169226, 0.0 ], [ 53.846713325791931, 58.213990286817832, 0.0 ] ] } },
{ "type": "Feature", "properties": { "fid": 52, "handle": 85, "block": -1, "etype": 18, "space": 0, "layer": "0", "olinetype": "ByLayer", "linetype": "", "color": "0,0,0,187", "ocolor": 256, "color24": -1, "transparency": 0, "lweight": -1, "linewidth": 0.0, "ltscale": 1.0, "visible": 0, "width": 0.0, "thickness": 0.0, "ext": "(3:0,0,1)" }, "geometry": { "type": "LineString", "coordinates": [ [ 53.848571069922095, 58.213323182829726, 0.0 ], [ 53.848372040454464, 58.213359307945275, 0.0 ], [ 53.848170983302893, 58.213392108405777, 0.0 ], [ 53.848070373422466, 58.213367837220474, 0.0 ], [ 53.847946751072797, 58.213235081976705, 0.0 ], [ 53.847797237961515, 58.213110016947191, 0.0 ], [ 53.848294912889159, 58.213015261730433, 0.0 ], [ 53.848571069922095, 58.213323182829726, 0.0 ] ] } },
{ "type": "Feature", "properties": { "fid": 53, "handle": 86, "block": -1, "etype": 18, "space": 0, "layer": "0", "olinetype": "ByLayer", "linetype": "", "color": "0,0,0,187", "ocolor": 256, "color24": -1, "transparency": 0, "lweight": -1, "linewidth": 0.0, "ltscale": 1.0, "visible": 0, "width": 0.0, "thickness": 0.0, "ext": "(3:0,0,1)" }, "geometry": { "type": "LineString", "coordinates": [ [ 53.847868328283731, 58.213392914784123, 0.0 ], [ 53.847814349098023, 58.213444205607715, 0.0 ], [ 53.847412142563876, 58.213491129711983, 0.0 ], [ 53.847206631874791, 58.213174761512953, 0.0 ], [ 53.847490475338148, 58.213077508438353, 0.0 ], [ 53.847701122837897, 58.213227965368617, 0.0 ], [ 53.847868328283731, 58.213392914784123, 0.0 ] ] } },
{ "type": "Feature", "properties": { "fid": 54, "handle": 87, "block": -1, "etype": 18, "space": 0, "layer": "0", "olinetype": "ByLayer", "linetype": "", "color": "0,0,0,187", "ocolor": 256, "color24": -1, "transparency": 0, "lweight": -1, "linewidth": 0.0, "ltscale": 1.0, "visible": 0, "width": 0.0, "thickness": 0.0, "ext": "(3:0,0,1)" }, "geometry": { "type": "LineString", "coordinates": [ [ 53.847412142563876, 58.213491129711983, 0.0 ], [ 53.847134559157141, 58.213516564596347, 0.0 ], [ 53.846856139446743, 58.213538586160901, 0.0 ], [ 53.846776821923648, 58.213192830541864, 0.0 ], [ 53.847206631874791, 58.213174761512953, 0.0 ], [ 53.847412142563876, 58.213491129711983, 0.0 ] ] } },
{ "type": "Feature", "properties": { "fid": 55, "handle": 88, "block": -1, "etype": 18, "space": 0, "layer": "0", "olinetype": "ByLayer", "linetype": "", "color": "0,0,0,187", "ocolor": 256, "color24": -1, "transparency": 0, "lweight": -1, "linewidth": 0.0, "ltscale": 1.0, "visible": 0, "width": 0.0, "thickness": 0.0, "ext": "(3:0,0,1)" }, "geometry": { "type": "LineString", "coordinates": [ [ 53.846856139446743, 58.213538586160901, 0.0 ], [ 53.846608203863838, 58.213553191900758, 0.0 ], [ 53.846359436879126, 58.213563307062628, 0.0 ], [ 53.846315889558113, 58.213208436501645, 0.0 ], [ 53.846776821923648, 58.213192830541864, 0.0 ], [ 53.846856139446743, 58.213538586160901, 0.0 ] ] } },
{ "type": "Feature", "properties": { "fid": 56, "handle": 89, "block": -1, "etype": 18, "space": 0, "layer": "0", "olinetype": "ByLayer", "linetype": "", "color": "0,0,0,187", "ocolor": 256, "color24": -1, "transparency": 0, "lweight": -1, "linewidth": 0.0, "ltscale": 1.0, "visible": 0, "width": 0.0, "thickness": 0.0, "ext": "(3:0,0,1)" }, "geometry": { "type": "LineString", "coordinates": [ [ 53.84946271967177, 58.213075632701837, 0.0 ], [ 53.849433050213811, 58.213131801134772, 0.0 ], [ 53.849234308422822, 58.213180766744976, 0.0 ], [ 53.849033872108627, 58.213228024183394, 0.0 ], [ 53.848730635343124, 58.212926446470107, 0.0 ], [ 53.849120673941457, 58.212818541902912, 0.0 ], [ 53.849296381962112, 58.212945342209885, 0.0 ], [ 53.84946271967177, 58.213075632701837, 0.0 ] ] } },
{ "type": "Feature", "properties": { "fid": 57, "handle": 90, "block": -1, "etype": 18, "space": 0, "layer": "0", "olinetype": "ByLayer", "linetype": "", "color": "0,0,0,187", "ocolor": 256, "color24": -1, "transparency": 0, "lweight": -1, "linewidth": 0.0, "ltscale": 1.0, "visible": 0, "width": 0.0, "thickness": 0.0, "ext": "(3:0,0,1)" }, "geometry": { "type": "LineString", "coordinates": [ [ 53.849033872108627, 58.213228024183394, 0.0 ], [ 53.848803993639883, 58.213277670505519, 0.0 ], [ 53.848571069922095, 58.213323182829726, 0.0 ], [ 53.848294912889159, 58.213015261730433, 0.0 ], [ 53.848421587428554, 58.212991081504882, 0.0 ], [ 53.848730635343124, 58.212926446470107, 0.0 ], [ 53.849033872108627, 58.213228024183394, 0.0 ] ] } },
{ "type": "Feature", "properties": { "fid": 58, "handle": 91, "block": -1, "etype": 18, "space": 0, "layer": "0", "olinetype": "ByLayer", "linetype": "", "color": "0,0,0,187", "ocolor": 256, "color24": -1, "transparency": 0, "lweight": -1, "linewidth": 0.0, "ltscale": 1.0, "visible": 0, "width": 0.0, "thickness": 0.0, "ext": "(3:0,0,1)" }, "geometry": { "type": "LineString", "coordinates": [ [ 53.848035140989182, 58.212695957244811, 0.0 ], [ 53.847751462320772, 58.212557444435468, 0.0 ], [ 53.848193921147946, 58.212284675908087, 0.0 ], [ 53.848347043159698, 58.212360903423694, 0.0 ], [ 53.848497096788599, 58.212438743182453, 0.0 ], [ 53.848035140989182, 58.212695957244811, 0.0 ] ] } },
{ "type": "Feature", "properties": { "fid": 59, "handle": 92, "block": -1, "etype": 18, "space": 0, "layer": "0", "olinetype": "ByLayer", "linetype": "", "color": "0,0,0,187", "ocolor": 256, "color24": -1, "transparency": 0, "lweight": -1, "linewidth": 0.0, "ltscale": 1.0, "visible": 0, "width": 0.0, "thickness": 0.0, "ext": "(3:0,0,1)" }, "geometry": { "type": "LineString", "coordinates": [ [ 53.848264234890316, 58.212829286897417, 0.0 ], [ 53.848035140989182, 58.212695957244811, 0.0 ], [ 53.848497096788599, 58.212438743182453, 0.0 ], [ 53.848656804262511, 58.212526829361636, 0.0 ], [ 53.84881054647812, 58.212617691504427, 0.0 ], [ 53.848264234890316, 58.212829286897417, 0.0 ] ] } },
{ "type": "Feature", "properties": { "fid": 60, "handle": 93, "block": -1, "etype": 18, "space": 0, "layer": "0", "olinetype": "ByLayer", "linetype": "", "color": "0,0,0,187", "ocolor": 256, "color24": -1, "transparency": 0, "lweight": -1, "linewidth": 0.0, "ltscale": 1.0, "visible": 0, "width": 0.0, "thickness": 0.0, "ext": "(3:0,0,1)" }, "geometry": { "type": "LineString", "coordinates": [ [ 53.849120673941457, 58.212818541902912, 0.0 ], [ 53.848730635343124, 58.212926446470107, 0.0 ], [ 53.848421587428554, 58.212991081504882, 0.0 ], [ 53.848264234890316, 58.212829286897417, 0.0 ], [ 53.84881054647812, 58.212617691504427, 0.0 ], [ 53.848968336472907, 58.212716997754818, 0.0 ], [ 53.849120673941457, 58.212818541902912, 0.0 ] ] } },
{ "type": "Feature", "properties": { "fid": 61, "handle": 94, "block": -1, "etype": 18, "space": 0, "layer": "0", "olinetype": "ByLayer", "linetype": "", "color": "0,0,0,187", "ocolor": 256, "color24": -1, "transparency": 0, "lweight": -1, "linewidth": 0.0, "ltscale": 1.0, "visible": 0, "width": 0.0, "thickness": 0.0, "ext": "(3:0,0,1)" }, "geometry": { "type": "LineString", "coordinates": [ [ 53.84615977353009, 58.211899317698361, 0.0 ], [ 53.845476737650742, 58.211707166392841, 0.0 ], [ 53.845562147640074, 58.211626286583865, 0.0 ], [ 53.845650615405425, 58.21154630823829, 0.0 ], [ 53.845754134915417, 58.211525783679413, 0.0 ], [ 53.846087642425523, 58.211585622373946, 0.0 ], [ 53.84641396117253, 58.211655866239738, 0.0 ], [ 53.84615977353009, 58.211899317698361, 0.0 ] ] } },
{ "type": "Feature", "properties": { "fid": 62, "handle": 95, "block": -1, "etype": 18, "space": 0, "layer": "0", "olinetype": "ByLayer", "linetype": "", "color": "0,0,0,187", "ocolor": 256, "color24": -1, "transparency": 0, "lweight": -1, "linewidth": 0.0, "ltscale": 1.0, "visible": 0, "width": 0.0, "thickness": 0.0, "ext": "(3:0,0,1)" }, "geometry": { "type": "LineString", "coordinates": [ [ 53.845953674772659, 58.21211535349029, 0.0 ], [ 53.845255391023464, 58.211947154359066, 0.0 ], [ 53.845360542190548, 58.211825717216122, 0.0 ], [ 53.845476737650742, 58.211707166392841, 0.0 ], [ 53.84615977353009, 58.211899317698361, 0.0 ], [ 53.845992021349666, 58.212060004372518, 0.0 ], [ 53.845953674772659, 58.21211535349029, 0.0 ] ] } },
{ "type": "Feature", "properties": { "fid": 63, "handle": 96, "block": -1, "etype": 18, "space": 0, "layer": "0", "olinetype": "ByLayer", "linetype": "", "color": "0,0,0,187", "ocolor": 256, "color24": -1, "transparency": 0, "lweight": -1, "linewidth": 0.0, "ltscale": 1.0, "visible": 0, "width": 0.0, "thickness": 0.0, "ext": "(3:0,0,1)" }, "geometry": { "type": "LineString", "coordinates": [ [ 53.84567685998573, 58.212514189130765, 0.0 ], [ 53.845327967661156, 58.212508558992532, 0.0 ], [ 53.844979515650074, 58.212518999399578, 0.0 ], [ 53.844911158261368, 58.212472947924525, 0.0 ], [ 53.844982182582555, 58.212336745348836, 0.0 ], [ 53.845065616352016, 58.212202533014299, 0.0 ], [ 53.845803884711657, 58.212331008149036, 0.0 ], [ 53.84567685998573, 58.212514189130765, 0.0 ] ] } },
{ "type": "Feature", "properties": { "fid": 64, "handle": 97, "block": -1, "etype": 18, "space": 0, "layer": "0", "olinetype": "ByLayer", "linetype": "", "color": "0,0,0,187", "ocolor": 256, "color24": -1, "transparency": 0, "lweight": -1, "linewidth": 0.0, "ltscale": 1.0, "visible": 0, "width": 0.0, "thickness": 0.0, "ext": "(3:0,0,1)" }, "geometry": { "type": "LineString", "coordinates": [ [ 53.845803884711657, 58.212331008149036, 0.0 ], [ 53.845065616352016, 58.212202533014299, 0.0 ], [ 53.845155319951452, 58.212073804935194, 0.0 ], [ 53.845255391023464, 58.211947154359066, 0.0 ], [ 53.845953674772659, 58.21211535349029, 0.0 ], [ 53.845803884711657, 58.212331008149036, 0.0 ] ] } },
{ "type": "Feature", "properties": { "fid": 65, "handle": 98, "block": -1, "etype": 18, "space": 0, "layer": "0", "olinetype": "ByLayer", "linetype": "", "color": "0,0,0,187", "ocolor": 256, "color24": -1, "transparency": 0, "lweight": -1, "linewidth": 0.0, "ltscale": 1.0, "visible": 0, "width": 0.0, "thickness": 0.0, "ext": "(3:0,0,1)" }, "geometry": { "type": "LineString", "coordinates": [ [ 53.843444361457259, 58.211590125204005, 0.0 ], [ 53.843222549858027, 58.211662755571247, 0.0 ], [ 53.843009382296891, 58.211742399187713, 0.0 ], [ 53.842898650847303, 58.211739120424689, 0.0 ], [ 53.842758493827262, 58.21165796434304, 0.0 ], [ 53.842654633588914, 58.211562936705754, 0.0 ], [ 53.842683228798499, 58.211559380714974, 0.0 ], [ 53.842599017761067, 58.211368310601785, 0.0 ], [ 53.842970433681018, 58.211201953754482, 0.0 ], [ 53.843444361457259, 58.211590125204005, 0.0 ] ] } },
{ "type": "Feature", "properties": { "fid": 66, "handle": 99, "block": -1, "etype": 18, "space": 0, "layer": "0", "olinetype": "ByLayer", "linetype": "", "color": "0,0,0,187", "ocolor": 256, "color24": -1, "transparency": 0, "lweight": -1, "linewidth": 0.0, "ltscale": 1.0, "visible": 0, "width": 0.0, "thickness": 0.0, "ext": "(3:0,0,1)" }, "geometry": { "type": "LineString", "coordinates": [ [ 53.842756538590365, 58.211792185920167, 0.0 ], [ 53.84274896439684, 58.211850714397457, 0.0 ], [ 53.842558036941675, 58.211940081136639, 0.0 ], [ 53.842376271738566, 58.212034666269204, 0.0 ], [ 53.842100105060496, 58.211857992838965, 0.0 ], [ 53.841827503952224, 58.211683477994427, 0.0 ], [ 53.842375777164257, 58.211456200666241, 0.0 ], [ 53.842434724061427, 58.211589958830885, 0.0 ], [ 53.84248646769705, 58.211583558467801, 0.0 ], [ 53.842600459661817, 58.211695477753601, 0.0 ], [ 53.842756538590365, 58.211792185920167, 0.0 ] ] } },
{ "type": "Feature", "properties": { "fid": 67, "handle": 100, "block": -1, "etype": 18, "space": 0, "layer": "0", "olinetype": "ByLayer", "linetype": "", "color": "0,0,0,187", "ocolor": 256, "color24": -1, "transparency": 0, "lweight": -1, "linewidth": 0.0, "ltscale": 1.0, "visible": 0, "width": 0.0, "thickness": 0.0, "ext": "(3:0,0,1)" }, "geometry": { "type": "LineString", "coordinates": [ [ 53.842487902368084, 58.211413513253738, 0.0 ], [ 53.842375777164257, 58.211456200666241, 0.0 ], [ 53.841827503952224, 58.211683477994427, 0.0 ], [ 53.841303883315966, 58.211341386613078, 0.0 ], [ 53.84142086456562, 58.211201921247202, 0.0 ], [ 53.8417314663089, 58.211169716345935, 0.0 ], [ 53.841772195717461, 58.211153516367474, 0.0 ], [ 53.841861152578005, 58.211118162867784, 0.0 ], [ 53.842487902368084, 58.211413513253738, 0.0 ] ] } },
{ "type": "Feature", "properties": { "fid": 68, "handle": 101, "block": -1, "etype": 18, "space": 0, "layer": "0", "olinetype": "ByLayer", "linetype": "", "color": "0,0,0,187", "ocolor": 256, "color24": -1, "transparency": 0, "lweight": -1, "linewidth": 0.0, "ltscale": 1.0, "visible": 0, "width": 0.0, "thickness": 0.0, "ext": "(3:0,0,1)" }, "geometry": { "type": "LineString", "coordinates": [ [ 53.842970433681018, 58.211201953754482, 0.0 ], [ 53.842599017761067, 58.211368310601785, 0.0 ], [ 53.842487902368084, 58.211413513253738, 0.0 ], [ 53.841861152578005, 58.211118162867784, 0.0 ], [ 53.841937839577788, 58.211087642320145, 0.0 ], [ 53.842167898989871, 58.210996259962613, 0.0 ], [ 53.842178150261198, 58.210947969966853, 0.0 ], [ 53.842661565717137, 58.210996600791859, 0.0 ], [ 53.842970433681018, 58.211201953754482, 0.0 ] ] } },
{ "type": "Feature", "properties": { "fid": 69, "handle": 102, "block": -1, "etype": 18, "space": 0, "layer": "0", "olinetype": "ByLayer", "linetype": "", "color": "0,0,0,187", "ocolor": 256, "color24": -1, "transparency": 0, "lweight": -1, "linewidth": 0.0, "ltscale": 1.0, "visible": 0, "width": 0.0, "thickness": 0.0, "ext": "(3:0,0,1)" }, "geometry": { "type": "LineString", "coordinates": [ [ 53.844686432508816, 58.212394474313072, 0.0 ], [ 53.844130416043505, 58.212099221282877, 0.0 ], [ 53.844419149845073, 58.211934105860344, 0.0 ], [ 53.844911717061983, 58.212033376321259, 0.0 ], [ 53.844789470949479, 58.21221225271222, 0.0 ], [ 53.844686432508816, 58.212394474313072, 0.0 ] ] } },
{ "type": "Feature", "properties": { "fid": 70, "handle": 103, "block": -1, "etype": 18, "space": 0, "layer": "0", "olinetype": "ByLayer", "linetype": "", "color": "0,0,0,187", "ocolor": 256, "color24": -1, "transparency": 0, "lweight": -1, "linewidth": 0.0, "ltscale": 1.0, "visible": 0, "width": 0.0, "thickness": 0.0, "ext": "(3:0,0,1)" }, "geometry": { "type": "LineString", "coordinates": [ [ 53.844627712898536, 58.212517583559759, 0.0 ], [ 53.84454723532432, 58.21255887492449, 0.0 ], [ 53.844277053447144, 58.21260460333594, 0.0 ], [ 53.843780081966088, 58.212190280282542, 0.0 ], [ 53.844130416043505, 58.212099221282877, 0.0 ], [ 53.844686432508816, 58.212394474313072, 0.0 ], [ 53.844627712898536, 58.212517583559759, 0.0 ] ] } },
{ "type": "Feature", "properties": { "fid": 71, "handle": 104, "block": -1, "etype": 18, "space": 0, "layer": "0", "olinetype": "ByLayer", "linetype": "", "color": "0,0,0,187", "ocolor": 256, "color24": -1, "transparency": 0, "lweight": -1, "linewidth": 0.0, "ltscale": 1.0, "visible": 0, "width": 0.0, "thickness": 0.0, "ext": "(3:0,0,1)" }, "geometry": { "type": "LineString", "coordinates": [ [ 53.844277053447144, 58.21260460333594, 0.0 ], [ 53.844039672115734, 58.212657643638686, 0.0 ], [ 53.843809399197887, 58.212718862363054, 0.0 ], [ 53.843393864061291, 58.21231693767313, 0.0 ], [ 53.843606702670144, 58.212235317814397, 0.0 ], [ 53.843780081966088, 58.212190280282542, 0.0 ], [ 53.844277053447144, 58.21260460333594, 0.0 ] ] } },
{ "type": "Feature", "properties": { "fid": 72, "handle": 105, "block": -1, "etype": 18, "space": 0, "layer": "0", "olinetype": "ByLayer", "linetype": "", "color": "0,0,0,187", "ocolor": 256, "color24": -1, "transparency": 0, "lweight": -1, "linewidth": 0.0, "ltscale": 1.0, "visible": 0, "width": 0.0, "thickness": 0.0, "ext": "(3:0,0,1)" }, "geometry": { "type": "LineString", "coordinates": [ [ 53.843809399197887, 58.212718862363054, 0.0 ], [ 53.843587558760134, 58.212796610889832, 0.0 ], [ 53.843362495743591, 58.212871930960347, 0.0 ], [ 53.842975552446219, 58.212506581281943, 0.0 ], [ 53.843181194198465, 58.21239864716636, 0.0 ], [ 53.843393864061291, 58.21231693767313, 0.0 ], [ 53.843809399197887, 58.212718862363054, 0.0 ] ] } },
{ "type": "Feature", "properties": { "fid": 73, "handle": 106, "block": -1, "etype": 18, "space": 0, "layer": "0", "olinetype": "ByLayer", "linetype": "", "color": "0,0,0,187", "ocolor": 256, "color24": -1, "transparency": 0, "lweight": -1, "linewidth": 0.0, "ltscale": 1.0, "visible": 0, "width": 0.0, "thickness": 0.0, "ext": "(3:0,0,1)" }, "geometry": { "type": "LineString", "coordinates": [ [ 53.843181194198465, 58.21239864716636, 0.0 ], [ 53.842975552446219, 58.212506581281943, 0.0 ], [ 53.84281816624204, 58.212589076499519, 0.0 ], [ 53.842178847233136, 58.212360599782883, 0.0 ], [ 53.84239432675232, 58.21222125543364, 0.0 ], [ 53.842628988457257, 58.212090822808008, 0.0 ], [ 53.843181194198465, 58.21239864716636, 0.0 ] ] } },
{ "type": "Feature", "properties": { "fid": 74, "handle": 107, "block": -1, "etype": 18, "space": 0, "layer": "0", "olinetype": "ByLayer", "linetype": "", "color": "0,0,0,187", "ocolor": 256, "color24": -1, "transparency": 0, "lweight": -1, "linewidth": 0.0, "ltscale": 1.0, "visible": 0, "width": 0.0, "thickness": 0.0, "ext": "(3:0,0,1)" }, "geometry": { "type": "LineString", "coordinates": [ [ 53.843606702670144, 58.212235317814397, 0.0 ], [ 53.843393864061291, 58.21231693767313, 0.0 ], [ 53.843181194198465, 58.21239864716636, 0.0 ], [ 53.842628988457257, 58.212090822808008, 0.0 ], [ 53.842869033384815, 58.211973684109815, 0.0 ], [ 53.843123498145367, 58.211865271550202, 0.0 ], [ 53.843606702670144, 58.212235317814397, 0.0 ] ] } },
{ "type": "Feature", "properties": { "fid": 75, "handle": 108, "block": -1, "etype": 18, "space": 0, "layer": "0", "olinetype": "ByLayer", "linetype": "", "color": "0,0,0,187", "ocolor": 256, "color24": -1, "transparency": 0, "lweight": -1, "linewidth": 0.0, "ltscale": 1.0, "visible": 0, "width": 0.0, "thickness": 0.0, "ext": "(3:0,0,1)" }, "geometry": { "type": "LineString", "coordinates": [ [ 53.844130416043505, 58.212099221282877, 0.0 ], [ 53.843780081966088, 58.212190280282542, 0.0 ], [ 53.843606702670144, 58.212235317814397, 0.0 ], [ 53.843123498145367, 58.211865271550202, 0.0 ], [ 53.843370232885817, 58.211773458643869, 0.0 ], [ 53.843627137700437, 58.211689738108326, 0.0 ], [ 53.844130416043505, 58.212099221282877, 0.0 ] ] } },
{ "type": "Feature", "properties": { "fid": 76, "handle": 109, "block": -1, "etype": 18, "space": 0, "layer": "0", "olinetype": "ByLayer", "linetype": "", "color": "0,0,0,187", "ocolor": 256, "color24": -1, "transparency": 0, "lweight": -1, "linewidth": 0.0, "ltscale": 1.0, "visible": 0, "width": 0.0, "thickness": 0.0, "ext": "(3:0,0,1)" }, "geometry": { "type": "LineString", "coordinates": [ [ 53.841402666752465, 58.212115160461408, 0.0 ], [ 53.841221629743956, 58.212426478428021, 0.0 ], [ 53.840779267669433, 58.21232384473042, 0.0 ], [ 53.840837802442792, 58.212017132961044, 0.0 ], [ 53.841085003975117, 58.21205066062555, 0.0 ], [ 53.841095477540414, 58.212029126015906, 0.0 ], [ 53.841402666752465, 58.212115160461408, 0.0 ] ] } },
{ "type": "Feature", "properties": { "fid": 77, "handle": 110, "block": -1, "etype": 18, "space": 0, "layer": "0", "olinetype": "ByLayer", "linetype": "", "color": "0,0,0,187", "ocolor": 256, "color24": -1, "transparency": 0, "lweight": -1, "linewidth": 0.0, "ltscale": 1.0, "visible": 0, "width": 0.0, "thickness": 0.0, "ext": "(3:0,0,1)" }, "geometry": { "type": "LineString", "coordinates": [ [ 53.842100105060496, 58.211857992838965, 0.0 ], [ 53.841650132119156, 58.212089790413657, 0.0 ], [ 53.841342679706415, 58.211986428323065, 0.0 ], [ 53.841827503952224, 58.211683477994427, 0.0 ], [ 53.842100105060496, 58.211857992838965, 0.0 ] ] } },
{ "type": "Feature", "properties": { "fid": 78, "handle": 111, "block": -1, "etype": 18, "space": 0, "layer": "0", "olinetype": "ByLayer", "linetype": "", "color": "0,0,0,187", "ocolor": 256, "color24": -1, "transparency": 0, "lweight": -1, "linewidth": 0.0, "ltscale": 1.0, "visible": 0, "width": 0.0, "thickness": 0.0, "ext": "(3:0,0,1)" }, "geometry": { "type": "LineString", "coordinates": [ [ 53.841342679706415, 58.211986428323065, 0.0 ], [ 53.841182929344534, 58.211912518467109, 0.0 ], [ 53.841048736456159, 58.211829841645056, 0.0 ], [ 53.840853084747742, 58.211643838754661, 0.0 ], [ 53.840756874467615, 58.211437309950064, 0.0 ], [ 53.840969152553413, 58.211443051602437, 0.0 ], [ 53.841275435385917, 58.211350060049099, 0.0 ], [ 53.841303883315966, 58.211341386613078, 0.0 ], [ 53.841827503952224, 58.211683477994427, 0.0 ], [ 53.841342679706415, 58.211986428323065, 0.0 ] ] } },
{ "type": "Feature", "properties": { "fid": 79, "handle": 112, "block": -1, "etype": 18, "space": 0, "layer": "0", "olinetype": "ByLayer", "linetype": "", "color": "0,0,0,187", "ocolor": 256, "color24": -1, "transparency": 0, "lweight": -1, "linewidth": 0.0, "ltscale": 1.0, "visible": 0, "width": 0.0, "thickness": 0.0, "ext": "(3:0,0,1)" }, "geometry": { "type": "LineString", "coordinates": [ [ 53.840779267669433, 58.21232384473042, 0.0 ], [ 53.839979799093811, 58.212265473213144, 0.0 ], [ 53.839998421392636, 58.21213459452855, 0.0 ], [ 53.840044656395371, 58.211840706489745, 0.0 ], [ 53.840049913136532, 58.211806685730728, 0.0 ], [ 53.840863213511916, 58.21196500137745, 0.0 ], [ 53.840837802442792, 58.212017132961044, 0.0 ], [ 53.840779267669433, 58.21232384473042, 0.0 ] ] } },
{ "type": "Feature", "properties": { "fid": 80, "handle": 113, "block": -1, "etype": 18, "space": 0, "layer": "0", "olinetype": "ByLayer", "linetype": "", "color": "0,0,0,187", "ocolor": 256, "color24": -1, "transparency": 0, "lweight": -1, "linewidth": 0.0, "ltscale": 1.0, "visible": 0, "width": 0.0, "thickness": 0.0, "ext": "(3:0,0,1)" }, "geometry": { "type": "LineString", "coordinates": [ [ 53.840904428471454, 58.211878682593074, 0.0 ], [ 53.840863213511916, 58.21196500137745, 0.0 ], [ 53.840049913136532, 58.211806685730728, 0.0 ], [ 53.840107708731303, 58.211438652273834, 0.0 ], [ 53.840114295950073, 58.211411366824194, 0.0 ], [ 53.840473165408504, 58.211427707749024, 0.0 ], [ 53.840587630517774, 58.211432699141049, 0.0 ], [ 53.84060917714072, 58.211521430635543, 0.0 ], [ 53.840649786026994, 58.211608120966154, 0.0 ], [ 53.840721794400523, 58.211710921478662, 0.0 ], [ 53.840904428471454, 58.211878682593074, 0.0 ] ] } },
{ "type": "Feature", "properties": { "fid": 81, "handle": 114, "block": -1, "etype": 18, "space": 0, "layer": "0", "olinetype": "ByLayer", "linetype": "", "color": "0,0,0,187", "ocolor": 256, "color24": -1, "transparency": 0, "lweight": -1, "linewidth": 0.0, "ltscale": 1.0, "visible": 0, "width": 0.0, "thickness": 0.0, "ext": "(3:0,0,1)" }, "geometry": { "type": "LineString", "coordinates": [ [ 53.841360228114496, 58.21285643701151, 0.0 ], [ 53.841256363565222, 58.212876598452397, 0.0 ], [ 53.841116689070773, 58.212839524107558, 0.0 ], [ 53.840978894639264, 58.212800566534099, 0.0 ], [ 53.840999906727333, 58.21278111006211, 0.0 ], [ 53.841221629743956, 58.212426478428021, 0.0 ], [ 53.841663994373071, 58.212529110593081, 0.0 ], [ 53.841501661567371, 58.2126900674468, 0.0 ], [ 53.841360228114496, 58.21285643701151, 0.0 ] ] } },
{ "type": "Feature", "properties": { "fid": 82, "handle": 115, "block": -1, "etype": 18, "space": 0, "layer": "0", "olinetype": "ByLayer", "linetype": "", "color": "0,0,0,187", "ocolor": 256, "color24": -1, "transparency": 0, "lweight": -1, "linewidth": 0.0, "ltscale": 1.0, "visible": 0, "width": 0.0, "thickness": 0.0, "ext": "(3:0,0,1)" }, "geometry": { "type": "LineString", "coordinates": [ [ 53.840708885043512, 58.212692670748218, 0.0 ], [ 53.8406859795207, 58.212754950783555, 0.0 ], [ 53.839928311595905, 58.212667631617109, 0.0 ], [ 53.839944442391882, 58.212523462095369, 0.0 ], [ 53.839948523062674, 58.212486207718349, 0.0 ], [ 53.839973648336361, 58.212309099511288, 0.0 ], [ 53.839979799093811, 58.212265473213144, 0.0 ], [ 53.840779267669433, 58.21232384473042, 0.0 ], [ 53.840708885043512, 58.212692670748218, 0.0 ] ] } },
{ "type": "Feature", "properties": { "fid": 83, "handle": 116, "block": -1, "etype": 18, "space": 0, "layer": "0", "olinetype": "ByLayer", "linetype": "", "color": "0,0,0,187", "ocolor": 256, "color24": -1, "transparency": 0, "lweight": -1, "linewidth": 0.0, "ltscale": 1.0, "visible": 0, "width": 0.0, "thickness": 0.0, "ext": "(3:0,0,1)" }, "geometry": { "type": "LineString", "coordinates": [ [ 53.840467699704561, 58.213212475859258, 0.0 ], [ 53.839941703055445, 58.213168990673573, 0.0 ], [ 53.839940069813885, 58.213153905261244, 0.0 ], [ 53.839909344193956, 58.212837205856019, 0.0 ], [ 53.839925296930716, 58.212694831755336, 0.0 ], [ 53.840672082939044, 58.212780970176176, 0.0 ], [ 53.840651616195416, 58.212830504219404, 0.0 ], [ 53.840467699704561, 58.213212475859258, 0.0 ] ] } },
{ "type": "Feature", "properties": { "fid": 84, "handle": 117, "block": -1, "etype": 18, "space": 0, "layer": "0", "olinetype": "ByLayer", "linetype": "", "color": "0,0,0,187", "ocolor": 256, "color24": -1, "transparency": 0, "lweight": -1, "linewidth": 0.0, "ltscale": 1.0, "visible": 0, "width": 0.0, "thickness": 0.0, "ext": "(3:0,0,1)" }, "geometry": { "type": "LineString", "coordinates": [ [ 53.841113418820875, 58.213266253481436, 0.0 ], [ 53.840467699704561, 58.213212475859258, 0.0 ], [ 53.840651616195416, 58.212830504219404, 0.0 ], [ 53.840874351861522, 58.21289614363117, 0.0 ], [ 53.84089399625573, 58.212878211762536, 0.0 ], [ 53.841047931525829, 58.212921858209974, 0.0 ], [ 53.841204429837312, 58.212963083551664, 0.0 ], [ 53.841247230177572, 58.213016916218074, 0.0 ], [ 53.841174714508803, 58.213140724952076, 0.0 ], [ 53.841113418820875, 58.213266253481436, 0.0 ] ] } },
{ "type": "Feature", "properties": { "fid": 85, "handle": 118, "block": -1, "etype": 18, "space": 0, "layer": "0", "olinetype": "ByLayer", "linetype": "", "color": "0,0,0,187", "ocolor": 256, "color24": -1, "transparency": 0, "lweight": -1, "linewidth": 0.0, "ltscale": 1.0, "visible": 0, "width": 0.0, "thickness": 0.0, "ext": "(3:0,0,1)" }, "geometry": { "type": "LineString", "coordinates": [ [ 53.841030011788099, 58.213504610275031, 0.0 ], [ 53.839974270876347, 58.213454538042335, 0.0 ], [ 53.839961341713582, 58.213341217039535, 0.0 ], [ 53.839951688032848, 58.213256091666551, 0.0 ], [ 53.839941703055445, 58.213168990673573, 0.0 ], [ 53.840467699704561, 58.213212475859258, 0.0 ], [ 53.841113418820875, 58.213266253481436, 0.0 ], [ 53.841066614147849, 58.21338488683606, 0.0 ], [ 53.841030011788099, 58.213504610275031, 0.0 ] ] } },
{ "type": "Feature", "properties": { "fid": 86, "handle": 119, "block": -1, "etype": 18, "space": 0, "layer": "0", "olinetype": "ByLayer", "linetype": "", "color": "0,0,0,187", "ocolor": 256, "color24": -1, "transparency": 0, "lweight": -1, "linewidth": 0.0, "ltscale": 1.0, "visible": 0, "width": 0.0, "thickness": 0.0, "ext": "(3:0,0,1)" }, "geometry": { "type": "LineString", "coordinates": [ [ 53.840984704125781, 58.21378269812984, 0.0 ], [ 53.84001209392212, 58.213782109916892, 0.0 ], [ 53.840007156814401, 58.213745113575563, 0.0 ], [ 53.839974270876347, 58.213454538042335, 0.0 ], [ 53.841030011788099, 58.213504610275031, 0.0 ], [ 53.841002680417311, 58.213643468809252, 0.0 ], [ 53.840984704125781, 58.21378269812984, 0.0 ] ] } },
{ "type": "Feature", "properties": { "fid": 87, "handle": 120, "block": -1, "etype": 18, "space": 0, "layer": "0", "olinetype": "ByLayer", "linetype": "", "color": "0,0,0,187", "ocolor": 256, "color24": -1, "transparency": 0, "lweight": -1, "linewidth": 0.0, "ltscale": 1.0, "visible": 0, "width": 0.0, "thickness": 0.0, "ext": "(3:0,0,1)" }, "geometry": { "type": "LineString", "coordinates": [ [ 53.840994007263795, 58.214060674507905, 0.0 ], [ 53.840055402163664, 58.214100710453231, 0.0 ], [ 53.840032509613117, 58.213933058917981, 0.0 ], [ 53.84001209392212, 58.213782109916892, 0.0 ], [ 53.840984704125781, 58.21378269812984, 0.0 ], [ 53.840981359345889, 58.213921766129872, 0.0 ], [ 53.840994007263795, 58.214060674507905, 0.0 ] ] } },
{ "type": "Feature", "properties": { "fid": 88, "handle": 121, "block": -1, "etype": 18, "space": 0, "layer": "0", "olinetype": "ByLayer", "linetype": "", "color": "0,0,0,187", "ocolor": 256, "color24": -1, "transparency": 0, "lweight": -1, "linewidth": 0.0, "ltscale": 1.0, "visible": 0, "width": 0.0, "thickness": 0.0, "ext": "(3:0,0,1)" }, "geometry": { "type": "LineString", "coordinates": [ [ 53.841200738403153, 58.21470161576805, 0.0 ], [ 53.840151730457109, 58.214810826505442, 0.0 ], [ 53.84012077027451, 58.21458328036644, 0.0 ], [ 53.840103481576882, 58.214455588828656, 0.0 ], [ 53.841080607714424, 58.214401594566702, 0.0 ], [ 53.84113692835767, 58.214551959645441, 0.0 ], [ 53.841200738403153, 58.21470161576805, 0.0 ] ] } },
{ "type": "Feature", "properties": { "fid": 89, "handle": 122, "block": -1, "etype": 18, "space": 0, "layer": "0", "olinetype": "ByLayer", "linetype": "", "color": "0,0,0,187", "ocolor": 256, "color24": -1, "transparency": 0, "lweight": -1, "linewidth": 0.0, "ltscale": 1.0, "visible": 0, "width": 0.0, "thickness": 0.0, "ext": "(3:0,0,1)" }, "geometry": { "type": "LineString", "coordinates": [ [ 53.841334727573127, 58.214984685309609, 0.0 ], [ 53.840291399252386, 58.215115451916127, 0.0 ], [ 53.840181044630548, 58.214874967523095, 0.0 ], [ 53.840151730457109, 58.214810826505442, 0.0 ], [ 53.841200738403153, 58.21470161576805, 0.0 ], [ 53.841264924163035, 58.214843461298038, 0.0 ], [ 53.841334727573127, 58.214984685309609, 0.0 ] ] } },
{ "type": "Feature", "properties": { "fid": 90, "handle": 123, "block": -1, "etype": 18, "space": 0, "layer": "0", "olinetype": "ByLayer", "linetype": "", "color": "0,0,0,187", "ocolor": 256, "color24": -1, "transparency": 0, "lweight": -1, "linewidth": 0.0, "ltscale": 1.0, "visible": 0, "width": 0.0, "thickness": 0.0, "ext": "(3:0,0,1)" }, "geometry": { "type": "LineString", "coordinates": [ [ 53.84147916670198, 58.215252145640676, 0.0 ], [ 53.840496148877484, 58.21540067591696, 0.0 ], [ 53.840322230179169, 58.215182916727564, 0.0 ], [ 53.840306225093833, 58.215147881747022, 0.0 ], [ 53.840291399252386, 58.215115451916127, 0.0 ], [ 53.841334727573127, 58.214984685309609, 0.0 ], [ 53.841404222951866, 58.21511881612728, 0.0 ], [ 53.84147916670198, 58.215252145640676, 0.0 ] ] } },
{ "type": "Feature", "properties": { "fid": 91, "handle": 124, "block": -1, "etype": 18, "space": 0, "layer": "0", "olinetype": "ByLayer", "linetype": "", "color": "0,0,0,187", "ocolor": 256, "color24": -1, "transparency": 0, "lweight": -1, "linewidth": 0.0, "ltscale": 1.0, "visible": 0, "width": 0.0, "thickness": 0.0, "ext": "(3:0,0,1)" }, "geometry": { "type": "LineString", "coordinates": [ [ 53.841648597648941, 58.215524125929406, 0.0 ], [ 53.840744841006753, 58.215713966411499, 0.0 ], [ 53.840671417483129, 58.215621399349295, 0.0 ], [ 53.840526770815572, 58.215439051083749, 0.0 ], [ 53.840498687163894, 58.215403731676219, 0.0 ], [ 53.840496148877484, 58.21540067591696, 0.0 ], [ 53.84147916670198, 58.215252145640676, 0.0 ], [ 53.84156107245132, 58.21538862612389, 0.0 ], [ 53.841648597648941, 58.215524125929406, 0.0 ] ] } },
{ "type": "Feature", "properties": { "fid": 92, "handle": 125, "block": -1, "etype": 18, "space": 0, "layer": "0", "olinetype": "ByLayer", "linetype": "", "color": "0,0,0,187", "ocolor": 256, "color24": -1, "transparency": 0, "lweight": -1, "linewidth": 0.0, "ltscale": 1.0, "visible": 0, "width": 0.0, "thickness": 0.0, "ext": "(3:0,0,1)" }, "geometry": { "type": "LineString", "coordinates": [ [ 53.841881677712635, 58.215792593650306, 0.0 ], [ 53.84098744437231, 58.216020156041886, 0.0 ], [ 53.840921971721052, 58.215937475050595, 0.0 ], [ 53.840880521806532, 58.215885349843198, 0.0 ], [ 53.840814880723855, 58.215802399239045, 0.0 ], [ 53.840744841006753, 58.215713966411499, 0.0 ], [ 53.841648597648941, 58.215524125929406, 0.0 ], [ 53.841756706582622, 58.215660369473859, 0.0 ], [ 53.841881677712635, 58.215792593650306, 0.0 ] ] } },
{ "type": "Feature", "properties": { "fid": 93, "handle": 126, "block": -1, "etype": 18, "space": 0, "layer": "0", "olinetype": "ByLayer", "linetype": "", "color": "0,0,0,187", "ocolor": 256, "color24": -1, "transparency": 0, "lweight": -1, "linewidth": 0.0, "ltscale": 1.0, "visible": 0, "width": 0.0, "thickness": 0.0, "ext": "(3:0,0,1)" }, "geometry": { "type": "LineString", "coordinates": [ [ 53.841230491184973, 58.216380304649242, 0.0 ], [ 53.841126574244456, 58.216219735011073, 0.0 ], [ 53.841041582083669, 58.216088547550243, 0.0 ], [ 53.841007238947661, 58.216045050304835, 0.0 ], [ 53.841903857479139, 58.215816862259494, 0.0 ], [ 53.84202704449028, 58.215929691192748, 0.0 ], [ 53.842161136571178, 58.216039032011203, 0.0 ], [ 53.841230491184973, 58.216380304649242, 0.0 ] ] } },
{ "type": "Feature", "properties": { "fid": 94, "handle": 127, "block": -1, "etype": 18, "space": 0, "layer": "0", "olinetype": "ByLayer", "linetype": "", "color": "0,0,0,187", "ocolor": 256, "color24": -1, "transparency": 0, "lweight": -1, "linewidth": 0.0, "ltscale": 1.0, "visible": 0, "width": 0.0, "thickness": 0.0, "ext": "(3:0,0,1)" }, "geometry": { "type": "LineString", "coordinates": [ [ 53.841622316243686, 58.216724656480231, 0.0 ], [ 53.841411123097657, 58.216659391915719, 0.0 ], [ 53.841377666555218, 58.216607635945685, 0.0 ], [ 53.841349278970377, 58.216563787077646, 0.0 ], [ 53.841292503207839, 58.216476268884556, 0.0 ], [ 53.841230491184973, 58.216380304649242, 0.0 ], [ 53.842161136571178, 58.216039032011203, 0.0 ], [ 53.842295789333676, 58.216137240427933, 0.0 ], [ 53.842439305513338, 58.216231958160584, 0.0 ], [ 53.842008209847656, 58.216491881926693, 0.0 ], [ 53.841622316243686, 58.216724656480231, 0.0 ] ] } },
{ "type": "Feature", "properties": { "fid": 95, "handle": 128, "block": -1, "etype": 18, "space": 0, "layer": "0", "olinetype": "ByLayer", "linetype": "", "color": "0,0,0,187", "ocolor": 256, "color24": -1, "transparency": 0, "lweight": -1, "linewidth": 0.0, "ltscale": 1.0, "visible": 0, "width": 0.0, "thickness": 0.0, "ext": "(3:0,0,1)" }, "geometry": { "type": "LineString", "coordinates": [ [ 53.843004151232634, 58.216581188093194, 0.0 ], [ 53.842896729464449, 58.216672453718694, 0.0 ], [ 53.842791176296963, 58.216764260247992, 0.0 ], [ 53.842356627679187, 58.216613069773388, 0.0 ], [ 53.842711010321693, 58.216386897992898, 0.0 ], [ 53.842745122559357, 58.216406243169374, 0.0 ], [ 53.842864295640155, 58.216466005248741, 0.0 ], [ 53.842987562771114, 58.216523437929119, 0.0 ], [ 53.843004151232634, 58.216581188093194, 0.0 ] ] } },
{ "type": "Feature", "properties": { "fid": 96, "handle": 129, "block": -1, "etype": 18, "space": 0, "layer": "0", "olinetype": "ByLayer", "linetype": "", "color": "0,0,0,187", "ocolor": 256, "color24": -1, "transparency": 0, "lweight": -1, "linewidth": 0.0, "ltscale": 1.0, "visible": 0, "width": 0.0, "thickness": 0.0, "ext": "(3:0,0,1)" }, "geometry": { "type": "LineString", "coordinates": [ [ 53.842525027794082, 58.217005355247288, 0.0 ], [ 53.841622316243686, 58.216724656480231, 0.0 ], [ 53.842008209847656, 58.216491881926693, 0.0 ], [ 53.842356627679187, 58.216613069773388, 0.0 ], [ 53.842791176296963, 58.216764260247992, 0.0 ], [ 53.842656573421991, 58.216884312131242, 0.0 ], [ 53.842525027794082, 58.217005355247288, 0.0 ] ] } },
{ "type": "Feature", "properties": { "fid": 97, "handle": 130, "block": -1, "etype": 18, "space": 0, "layer": "0", "olinetype": "ByLayer", "linetype": "", "color": "0,0,0,187", "ocolor": 256, "color24": -1, "transparency": 0, "lweight": -1, "linewidth": 0.0, "ltscale": 1.0, "visible": 0, "width": 0.0, "thickness": 0.0, "ext": "(3:0,0,1)" }, "geometry": { "type": "LineString", "coordinates": [ [ 53.842525027794082, 58.217005355247288, 0.0 ], [ 53.842474796446403, 58.217052608239989, 0.0 ], [ 53.842304410997436, 58.217069097056772, 0.0 ], [ 53.842144323378811, 58.217103734330571, 0.0 ], [ 53.84200100475033, 58.217155181390773, 0.0 ], [ 53.84188076102901, 58.217221022003216, 0.0 ], [ 53.840981169237544, 58.217003439231995, 0.0 ], [ 53.841141757866637, 58.216895003348938, 0.0 ], [ 53.841299926646862, 58.216756756672474, 0.0 ], [ 53.841411123097657, 58.216659391915719, 0.0 ], [ 53.841622316243686, 58.216724656480231, 0.0 ], [ 53.842525027794082, 58.217005355247288, 0.0 ] ] } },
{ "type": "Feature", "properties": { "fid": 98, "handle": 131, "block": -1, "etype": 18, "space": 0, "layer": "0", "olinetype": "ByLayer", "linetype": "", "color": "0,0,0,187", "ocolor": 256, "color24": -1, "transparency": 0, "lweight": -1, "linewidth": 0.0, "ltscale": 1.0, "visible": 0, "width": 0.0, "thickness": 0.0, "ext": "(3:0,0,1)" }, "geometry": { "type": "LineString", "coordinates": [ [ 53.843926674270385, 58.217272204420908, 0.0 ], [ 53.843570046426869, 58.217351224337051, 0.0 ], [ 53.843491533524436, 58.217368635452338, 0.0 ], [ 53.843329739132123, 58.217404439279427, 0.0 ], [ 53.84315483031498, 58.217443189571625, 0.0 ], [ 53.842651333566167, 58.217106874890469, 0.0 ], [ 53.842890335917083, 58.216886934705258, 0.0 ], [ 53.843243140290951, 58.217018091311871, 0.0 ], [ 53.843586096061728, 58.217145374238733, 0.0 ], [ 53.843926674270385, 58.217272204420908, 0.0 ] ] } },
{ "type": "Feature", "properties": { "fid": 99, "handle": 132, "block": -1, "etype": 18, "space": 0, "layer": "0", "olinetype": "ByLayer", "linetype": "", "color": "0,0,0,187", "ocolor": 256, "color24": -1, "transparency": 0, "lweight": -1, "linewidth": 0.0, "ltscale": 1.0, "visible": 0, "width": 0.0, "thickness": 0.0, "ext": "(3:0,0,1)" }, "geometry": { "type": "LineString", "coordinates": [ [ 53.843586096061728, 58.217145374238733, 0.0 ], [ 53.843243140290951, 58.217018091311871, 0.0 ], [ 53.84356863864803, 58.216743938141335, 0.0 ], [ 53.843587327116886, 58.216750066234304, 0.0 ], [ 53.843752485603503, 58.216799648750019, 0.0 ], [ 53.843921574351221, 58.21684546502447, 0.0 ], [ 53.843586096061728, 58.217145374238733, 0.0 ] ] } },
{ "type": "Feature", "properties": { "fid": 100, "handle": 133, "block": -1, "etype": 18, "space": 0, "layer": "0", "olinetype": "ByLayer", "linetype": "", "color": "0,0,0,187", "ocolor": 256, "color24": -1, "transparency": 0, "lweight": -1, "linewidth": 0.0, "ltscale": 1.0, "visible": 0, "width": 0.0, "thickness": 0.0, "ext": "(3:0,0,1)" }, "geometry": { "type": "LineString", "coordinates": [ [ 53.844546479671031, 58.217200417844573, 0.0 ], [ 53.844040221431896, 58.217258157823515, 0.0 ], [ 53.843937744168812, 58.217269793860375, 0.0 ], [ 53.843926674270385, 58.217272204420908, 0.0 ], [ 53.844249787720486, 58.216920475085686, 0.0 ], [ 53.844650155959428, 58.216992429868853, 0.0 ], [ 53.844546479671031, 58.217200417844573, 0.0 ] ] } },
{ "type": "Feature", "properties": { "fid": 101, "handle": 134, "block": -1, "etype": 18, "space": 0, "layer": "0", "olinetype": "ByLayer", "linetype": "", "color": "0,0,0,187", "ocolor": 256, "color24": -1, "transparency": 0, "lweight": -1, "linewidth": 0.0, "ltscale": 1.0, "visible": 0, "width": 0.0, "thickness": 0.0, "ext": "(3:0,0,1)" }, "geometry": { "type": "LineString", "coordinates": [ [ 53.845225319724896, 58.217402355011501, 0.0 ], [ 53.844752366229109, 58.217391814249481, 0.0 ], [ 53.84474304945671, 58.217343500270893, 0.0 ], [ 53.844740556603178, 58.217329940176278, 0.0 ], [ 53.844546479671031, 58.217200417844573, 0.0 ], [ 53.844650155959428, 58.216992429868853, 0.0 ], [ 53.844985997986683, 58.217035484989296, 0.0 ], [ 53.845327175833333, 58.217064629511675, 0.0 ], [ 53.845225319724896, 58.217402355011501, 0.0 ] ] } },
{ "type": "Feature", "properties": { "fid": 102, "handle": 135, "block": -1, "etype": 18, "space": 0, "layer": "0", "olinetype": "ByLayer", "linetype": "", "color": "0,0,0,187", "ocolor": 256, "color24": -1, "transparency": 0, "lweight": -1, "linewidth": 0.0, "ltscale": 1.0, "visible": 0, "width": 0.0, "thickness": 0.0, "ext": "(3:0,0,1)" }, "geometry": { "type": "LineString", "coordinates": [ [ 53.845998628628983, 58.217440281482887, 0.0 ], [ 53.845653870112969, 58.217411942461034, 0.0 ], [ 53.845225319724896, 58.217402355011501, 0.0 ], [ 53.845327175833333, 58.217064629511675, 0.0 ], [ 53.845597644933449, 58.217077706347176, 0.0 ], [ 53.845869172888349, 58.217082075050293, 0.0 ], [ 53.845946064194223, 58.217124275663302, 0.0 ], [ 53.845950988961057, 58.217283285267129, 0.0 ], [ 53.845998628628983, 58.217440281482887, 0.0 ] ] } },
{ "type": "Feature", "properties": { "fid": 103, "handle": 136, "block": -1, "etype": 18, "space": 0, "layer": "0", "olinetype": "ByLayer", "linetype": "", "color": "0,0,0,187", "ocolor": 256, "color24": -1, "transparency": 0, "lweight": -1, "linewidth": 0.0, "ltscale": 1.0, "visible": 0, "width": 0.0, "thickness": 0.0, "ext": "(3:0,0,1)" }, "geometry": { "type": "LineString", "coordinates": [ [ 53.844823716391538, 58.218156662837856, 0.0 ], [ 53.844567216583485, 58.218098979827552, 0.0 ], [ 53.844613292006748, 58.218029095932842, 0.0 ], [ 53.844710973633262, 58.217830617503125, 0.0 ], [ 53.84471270492665, 58.217823796191674, 0.0 ], [ 53.844749757428907, 58.21767713777988, 0.0 ], [ 53.845476553487416, 58.217887212335505, 0.0 ], [ 53.845131135850558, 58.218009076126684, 0.0 ], [ 53.844823716391538, 58.218156662837856, 0.0 ] ] } },
{ "type": "Feature", "properties": { "fid": 104, "handle": 137, "block": -1, "etype": 18, "space": 0, "layer": "0", "olinetype": "ByLayer", "linetype": "", "color": "0,0,0,187", "ocolor": 256, "color24": -1, "transparency": 0, "lweight": -1, "linewidth": 0.0, "ltscale": 1.0, "visible": 0, "width": 0.0, "thickness": 0.0, "ext": "(3:0,0,1)" }, "geometry": { "type": "LineString", "coordinates": [ [ 53.84534638923526, 58.217731552376108, 0.0 ], [ 53.845656975688399, 58.217832574155302, 0.0 ], [ 53.845476553487416, 58.217887212335505, 0.0 ], [ 53.844749757428907, 58.21767713777988, 0.0 ], [ 53.844782307392727, 58.217548430242402, 0.0 ], [ 53.844770161302108, 58.217485657945453, 0.0 ], [ 53.844761860235849, 58.217438512369533, 0.0 ], [ 53.844752366229109, 58.217391814249481, 0.0 ], [ 53.845225319724896, 58.217402355011501, 0.0 ], [ 53.845653870112969, 58.217411942461034, 0.0 ], [ 53.84534638923526, 58.217731552376108, 0.0 ] ] } },
{ "type": "Feature", "properties": { "fid": 105, "handle": 138, "block": -1, "etype": 18, "space": 0, "layer": "0", "olinetype": "ByLayer", "linetype": "", "color": "0,0,0,187", "ocolor": 256, "color24": -1, "transparency": 0, "lweight": -1, "linewidth": 0.0, "ltscale": 1.0, "visible": 0, "width": 0.0, "thickness": 0.0, "ext": "(3:0,0,1)" }, "geometry": { "type": "LineString", "coordinates": [ [ 53.846128652559592, 58.217746504762381, 0.0 ], [ 53.845890786507695, 58.217786349970503, 0.0 ], [ 53.845656975688399, 58.217832574155302, 0.0 ], [ 53.84534638923526, 58.217731552376108, 0.0 ], [ 53.845653870112969, 58.217411942461034, 0.0 ], [ 53.845998628628983, 58.217440281482887, 0.0 ], [ 53.846071570664961, 58.217569475853786, 0.0 ], [ 53.846173461872539, 58.217693138634431, 0.0 ], [ 53.846128652559592, 58.217746504762381, 0.0 ] ] } },
{ "type": "Feature", "properties": { "fid": 106, "handle": 139, "block": -1, "etype": 18, "space": 0, "layer": "0", "olinetype": "ByLayer", "linetype": "", "color": "0,0,0,187", "ocolor": 256, "color24": -1, "transparency": 0, "lweight": -1, "linewidth": 0.0, "ltscale": 1.0, "visible": 0, "width": 0.0, "thickness": 0.0, "ext": "(3:0,0,1)" }, "geometry": { "type": "LineString", "coordinates": [ [ 53.846760945512138, 58.217699502300306, 0.0 ], [ 53.846669407508038, 58.217699482035684, 0.0 ], [ 53.846581596771159, 58.217703147245786, 0.0 ], [ 53.846494119317427, 58.217708428869898, 0.0 ], [ 53.846394182063172, 58.217683438944043, 0.0 ], [ 53.846267372310088, 58.217538198655554, 0.0 ], [ 53.84618449777485, 58.217384392188947, 0.0 ], [ 53.846799600594444, 58.217337189235415, 0.0 ], [ 53.846760945512138, 58.217699502300306, 0.0 ] ] } },
{ "type": "Feature", "properties": { "fid": 107, "handle": 140, "block": -1, "etype": 18, "space": 0, "layer": "0", "olinetype": "ByLayer", "linetype": "", "color": "0,0,0,187", "ocolor": 256, "color24": -1, "transparency": 0, "lweight": -1, "linewidth": 0.0, "ltscale": 1.0, "visible": 0, "width": 0.0, "thickness": 0.0, "ext": "(3:0,0,1)" }, "geometry": { "type": "LineString", "coordinates": [ [ 53.846799600594444, 58.217337189235415, 0.0 ], [ 53.84618449777485, 58.217384392188947, 0.0 ], [ 53.846151047746744, 58.2172508462262, 0.0 ], [ 53.846151630933392, 58.217116263939133, 0.0 ], [ 53.8462287168636, 58.217074339023604, 0.0 ], [ 53.846510205057655, 58.217057440077532, 0.0 ], [ 53.846789181549489, 58.217031110398985, 0.0 ], [ 53.846799600594444, 58.217337189235415, 0.0 ] ] } },
{ "type": "Feature", "properties": { "fid": 108, "handle": 141, "block": -1, "etype": 18, "space": 0, "layer": "0", "olinetype": "ByLayer", "linetype": "", "color": "0,0,0,187", "ocolor": 256, "color24": -1, "transparency": 0, "lweight": -1, "linewidth": 0.0, "ltscale": 1.0, "visible": 0, "width": 0.0, "thickness": 0.0, "ext": "(3:0,0,1)" }, "geometry": { "type": "LineString", "coordinates": [ [ 53.847226227365098, 58.217477401680434, 0.0 ], [ 53.846799600594444, 58.217337189235415, 0.0 ], [ 53.846789181549489, 58.217031110398985, 0.0 ], [ 53.846873273834085, 58.217021335415588, 0.0 ], [ 53.846979378373504, 58.217036187023183, 0.0 ], [ 53.847112860679459, 58.217094076879313, 0.0 ], [ 53.847255546906069, 58.217148296565746, 0.0 ], [ 53.847410356088503, 58.217192654597817, 0.0 ], [ 53.847565184160452, 58.217232702935711, 0.0 ], [ 53.847226227365098, 58.217477401680434, 0.0 ] ] } },
{ "type": "Feature", "properties": { "fid": 109, "handle": 142, "block": -1, "etype": 18, "space": 0, "layer": "0", "olinetype": "ByLayer", "linetype": "", "color": "0,0,0,187", "ocolor": 256, "color24": -1, "transparency": 0, "lweight": -1, "linewidth": 0.0, "ltscale": 1.0, "visible": 0, "width": 0.0, "thickness": 0.0, "ext": "(3:0,0,1)" }, "geometry": { "type": "LineString", "coordinates": [ [ 53.845990291588414, 58.218342399328108, 0.0 ], [ 53.845859194330409, 58.218361544008268, 0.0 ], [ 53.845759752561314, 58.218378841431722, 0.0 ], [ 53.845289275052529, 58.21846087073358, 0.0 ], [ 53.845059931469812, 58.218184064205985, 0.0 ], [ 53.845349734038784, 58.218057374729781, 0.0 ], [ 53.845671249475252, 58.217954245824771, 0.0 ], [ 53.845990291588414, 58.218342399328108, 0.0 ] ] } },
{ "type": "Feature", "properties": { "fid": 110, "handle": 143, "block": -1, "etype": 18, "space": 0, "layer": "0", "olinetype": "ByLayer", "linetype": "", "color": "0,0,0,187", "ocolor": 256, "color24": -1, "transparency": 0, "lweight": -1, "linewidth": 0.0, "ltscale": 1.0, "visible": 0, "width": 0.0, "thickness": 0.0, "ext": "(3:0,0,1)" }, "geometry": { "type": "LineString", "coordinates": [ [ 53.846521148289497, 58.218265019011319, 0.0 ], [ 53.846265765324297, 58.218302240157257, 0.0 ], [ 53.845990291588414, 58.218342399328108, 0.0 ], [ 53.845671249475252, 58.217954245824771, 0.0 ], [ 53.845984969036934, 58.217882799682918, 0.0 ], [ 53.846314073742441, 58.217833726993732, 0.0 ], [ 53.846521148289497, 58.218265019011319, 0.0 ] ] } },
{ "type": "Feature", "properties": { "fid": 111, "handle": 144, "block": -1, "etype": 18, "space": 0, "layer": "0", "olinetype": "ByLayer", "linetype": "", "color": "0,0,0,187", "ocolor": 256, "color24": -1, "transparency": 0, "lweight": -1, "linewidth": 0.0, "ltscale": 1.0, "visible": 0, "width": 0.0, "thickness": 0.0, "ext": "(3:0,0,1)" }, "geometry": { "type": "LineString", "coordinates": [ [ 53.84814441964383, 58.217495018414901, 0.0 ], [ 53.847579161460288, 58.217662684886797, 0.0 ], [ 53.847226227365098, 58.217477401680434, 0.0 ], [ 53.847565184160452, 58.217232702935711, 0.0 ], [ 53.847755084211975, 58.217267585621371, 0.0 ], [ 53.84795064393812, 58.217292060079885, 0.0 ], [ 53.848033849583537, 58.217330496125051, 0.0 ], [ 53.84814441964383, 58.217495018414901, 0.0 ] ] } },
{ "type": "Feature", "properties": { "fid": 112, "handle": 145, "block": -1, "etype": 18, "space": 0, "layer": "0", "olinetype": "ByLayer", "linetype": "", "color": "0,0,0,187", "ocolor": 256, "color24": -1, "transparency": 0, "lweight": -1, "linewidth": 0.0, "ltscale": 1.0, "visible": 0, "width": 0.0, "thickness": 0.0, "ext": "(3:0,0,1)" }, "geometry": { "type": "LineString", "coordinates": [ [ 53.848408819949448, 58.217774823905486, 0.0 ], [ 53.847844290704707, 58.217930461646432, 0.0 ], [ 53.847579161460288, 58.217662684886797, 0.0 ], [ 53.84814441964383, 58.217495018414901, 0.0 ], [ 53.848266313863256, 58.217637647312429, 0.0 ], [ 53.848408819949448, 58.217774823905486, 0.0 ] ] } },
{ "type": "Feature", "properties": { "fid": 113, "handle": 146, "block": -1, "etype": 18, "space": 0, "layer": "0", "olinetype": "ByLayer", "linetype": "", "color": "0,0,0,187", "ocolor": 256, "color24": -1, "transparency": 0, "lweight": -1, "linewidth": 0.0, "ltscale": 1.0, "visible": 0, "width": 0.0, "thickness": 0.0, "ext": "(3:0,0,1)" }, "geometry": { "type": "LineString", "coordinates": [ [ 53.847937041484663, 58.218283055769291, 0.0 ], [ 53.847646385751091, 58.218253439921199, 0.0 ], [ 53.847510491961366, 58.218240797795978, 0.0 ], [ 53.847613319427104, 58.218108312966443, 0.0 ], [ 53.847726069638313, 58.217963001100472, 0.0 ], [ 53.847844290704707, 58.217930461646432, 0.0 ], [ 53.848408819949448, 58.217774823905486, 0.0 ], [ 53.848527164521613, 58.217872557409017, 0.0 ], [ 53.848656074844889, 58.217966532505869, 0.0 ], [ 53.847937041484663, 58.218283055769291, 0.0 ] ] } },
{ "type": "Feature", "properties": { "fid": 114, "handle": 147, "block": -1, "etype": 18, "space": 0, "layer": "0", "olinetype": "ByLayer", "linetype": "", "color": "0,0,0,187", "ocolor": 256, "color24": -1, "transparency": 0, "lweight": -1, "linewidth": 0.0, "ltscale": 1.0, "visible": 0, "width": 0.0, "thickness": 0.0, "ext": "(3:0,0,1)" }, "geometry": { "type": "LineString", "coordinates": [ [ 53.848336100822962, 58.218467583816825, 0.0 ], [ 53.847937041484663, 58.218283055769291, 0.0 ], [ 53.848656074844889, 58.217966532505869, 0.0 ], [ 53.848779262838448, 58.218045956027396, 0.0 ], [ 53.848907399763462, 58.218122063365655, 0.0 ], [ 53.849002459067137, 58.218174518784316, 0.0 ], [ 53.848336100822962, 58.218467583816825, 0.0 ] ] } },
{ "type": "Feature", "properties": { "fid": 115, "handle": 148, "block": -1, "etype": 18, "space": 0, "layer": "0", "olinetype": "ByLayer", "linetype": "", "color": "0,0,0,187", "ocolor": 256, "color24": -1, "transparency": 0, "lweight": -1, "linewidth": 0.0, "ltscale": 1.0, "visible": 0, "width": 0.0, "thickness": 0.0, "ext": "(3:0,0,1)" }, "geometry": { "type": "LineString", "coordinates": [ [ 53.848729560102676, 58.218649590074435, 0.0 ], [ 53.84858827427766, 58.218584240770284, 0.0 ], [ 53.848336100822962, 58.218467583816825, 0.0 ], [ 53.849002459067137, 58.218174518784316, 0.0 ], [ 53.849209716082008, 58.218290582623943, 0.0 ], [ 53.849394982741067, 58.218416675715474, 0.0 ], [ 53.848729560102676, 58.218649590074435, 0.0 ] ] } },
{ "type": "Feature", "properties": { "fid": 116, "handle": 149, "block": -1, "etype": 18, "space": 0, "layer": "0", "olinetype": "ByLayer", "linetype": "", "color": "0,0,0,187", "ocolor": 256, "color24": -1, "transparency": 0, "lweight": -1, "linewidth": 0.0, "ltscale": 1.0, "visible": 0, "width": 0.0, "thickness": 0.0, "ext": "(3:0,0,1)" }, "geometry": { "type": "LineString", "coordinates": [ [ 53.844592794594888, 58.216842334488391, 0.0 ], [ 53.844223223859736, 58.216770327370263, 0.0 ], [ 53.843868878758684, 58.216679752980561, 0.0 ], [ 53.844050457159312, 58.216554729498874, 0.0 ], [ 53.844230839377033, 58.216430602114762, 0.0 ], [ 53.844709422091718, 58.216473742490926, 0.0 ], [ 53.84479939625836, 58.216480495898544, 0.0 ], [ 53.844592794594888, 58.216842334488391, 0.0 ] ] } },
{ "type": "Feature", "properties": { "fid": 117, "handle": 150, "block": -1, "etype": 18, "space": 0, "layer": "0", "olinetype": "ByLayer", "linetype": "", "color": "0,0,0,187", "ocolor": 256, "color24": -1, "transparency": 0, "lweight": -1, "linewidth": 0.0, "ltscale": 1.0, "visible": 0, "width": 0.0, "thickness": 0.0, "ext": "(3:0,0,1)" }, "geometry": { "type": "LineString", "coordinates": [ [ 53.845894938735476, 58.216947343635482, 0.0 ], [ 53.845576116612747, 58.216942019897246, 0.0 ], [ 53.845259221697901, 58.216923948678819, 0.0 ], [ 53.845288929457332, 58.216509821024346, 0.0 ], [ 53.845773584433211, 58.216526479130664, 0.0 ], [ 53.845849179517081, 58.216788554004381, 0.0 ], [ 53.845894938735476, 58.216947343635482, 0.0 ] ] } },
{ "type": "Feature", "properties": { "fid": 118, "handle": 151, "block": -1, "etype": 18, "space": 0, "layer": "0", "olinetype": "ByLayer", "linetype": "", "color": "0,0,0,187", "ocolor": 256, "color24": -1, "transparency": 0, "lweight": -1, "linewidth": 0.0, "ltscale": 1.0, "visible": 0, "width": 0.0, "thickness": 0.0, "ext": "(3:0,0,1)" }, "geometry": { "type": "LineString", "coordinates": [ [ 53.846968327293595, 58.214705346750698, 0.0 ], [ 53.846687654308532, 58.214734817142471, 0.0 ], [ 53.846409336662234, 58.214770305141165, 0.0 ], [ 53.846344892306895, 58.214722822658054, 0.0 ], [ 53.846445737597243, 58.214575252953757, 0.0 ], [ 53.846492172332603, 58.214420345335, 0.0 ], [ 53.846846038115153, 58.214381715781734, 0.0 ], [ 53.846968327293595, 58.214705346750698, 0.0 ] ] } },
{ "type": "Feature", "properties": { "fid": 119, "handle": 152, "block": -1, "etype": 18, "space": 0, "layer": "0", "olinetype": "ByLayer", "linetype": "", "color": "0,0,0,187", "ocolor": 256, "color24": -1, "transparency": 0, "lweight": -1, "linewidth": 0.0, "ltscale": 1.0, "visible": 0, "width": 0.0, "thickness": 0.0, "ext": "(3:0,0,1)" }, "geometry": { "type": "LineString", "coordinates": [ [ 53.847410484257836, 58.214668796778327, 0.0 ], [ 53.847188733677015, 58.214685140839805, 0.0 ], [ 53.846968327293595, 58.214705346750698, 0.0 ], [ 53.846846038115153, 58.214381715781734, 0.0 ], [ 53.847331078163833, 58.214341805879229, 0.0 ], [ 53.847410484257836, 58.214668796778327, 0.0 ] ] } },
{ "type": "Feature", "properties": { "fid": 120, "handle": 153, "block": -1, "etype": 18, "space": 0, "layer": "0", "olinetype": "ByLayer", "linetype": "", "color": "0,0,0,187", "ocolor": 256, "color24": -1, "transparency": 0, "lweight": -1, "linewidth": 0.0, "ltscale": 1.0, "visible": 0, "width": 0.0, "thickness": 0.0, "ext": "(3:0,0,1)" }, "geometry": { "type": "LineString", "coordinates": [ [ 53.847873848047676, 58.214645917427191, 0.0 ], [ 53.847641918929973, 58.214655516488826, 0.0 ], [ 53.847410484257836, 58.214668796778327, 0.0 ], [ 53.847331078163833, 58.214341805879229, 0.0 ], [ 53.847830177344392, 58.214316006672327, 0.0 ], [ 53.847873848047676, 58.214645917427191, 0.0 ] ] } },
{ "type": "Feature", "properties": { "fid": 121, "handle": 154, "block": -1, "etype": 18, "space": 0, "layer": "0", "olinetype": "ByLayer", "linetype": "", "color": "0,0,0,187", "ocolor": 256, "color24": -1, "transparency": 0, "lweight": -1, "linewidth": 0.0, "ltscale": 1.0, "visible": 0, "width": 0.0, "thickness": 0.0, "ext": "(3:0,0,1)" }, "geometry": { "type": "LineString", "coordinates": [ [ 53.848341579911846, 58.21459601724532, 0.0 ], [ 53.848264841721125, 58.214638033642316, 0.0 ], [ 53.848069180346656, 58.214640673651004, 0.0 ], [ 53.847873848047676, 58.214645917427191, 0.0 ], [ 53.847830177344392, 58.214316006672327, 0.0 ], [ 53.84832070190393, 58.214305996926434, 0.0 ], [ 53.848337265884055, 58.214450924592299, 0.0 ], [ 53.848341579911846, 58.21459601724532, 0.0 ] ] } },
{ "type": "Feature", "properties": { "fid": 122, "handle": 155, "block": -1, "etype": 18, "space": 0, "layer": "0", "olinetype": "ByLayer", "linetype": "", "color": "0,0,0,187", "ocolor": 256, "color24": -1, "transparency": 0, "lweight": -1, "linewidth": 0.0, "ltscale": 1.0, "visible": 0, "width": 0.0, "thickness": 0.0, "ext": "(3:0,0,1)" }, "geometry": { "type": "LineString", "coordinates": [ [ 53.848866894597982, 58.214647188238644, 0.0 ], [ 53.848702401382432, 58.214641785791514, 0.0 ], [ 53.848537727363876, 58.214638896810314, 0.0 ], [ 53.848460666686229, 58.214597056665426, 0.0 ], [ 53.848456521918123, 58.214452053999878, 0.0 ], [ 53.848440296941227, 58.214307306316584, 0.0 ], [ 53.848906422609375, 58.214313785181432, 0.0 ], [ 53.848866894597982, 58.214647188238644, 0.0 ] ] } },
{ "type": "Feature", "properties": { "fid": 123, "handle": 156, "block": -1, "etype": 18, "space": 0, "layer": "0", "olinetype": "ByLayer", "linetype": "", "color": "0,0,0,187", "ocolor": 256, "color24": -1, "transparency": 0, "lweight": -1, "linewidth": 0.0, "ltscale": 1.0, "visible": 0, "width": 0.0, "thickness": 0.0, "ext": "(3:0,0,1)" }, "geometry": { "type": "LineString", "coordinates": [ [ 53.849263560037109, 58.214665793774103, 0.0 ], [ 53.849065404264991, 58.214654875296098, 0.0 ], [ 53.848866894597982, 58.214647188238644, 0.0 ], [ 53.848906422609375, 58.214313785181432, 0.0 ], [ 53.849327931448364, 58.214330444758957, 0.0 ], [ 53.849263560037109, 58.214665793774103, 0.0 ] ] } },
{ "type": "Feature", "properties": { "fid": 124, "handle": 157, "block": -1, "etype": 18, "space": 0, "layer": "0", "olinetype": "ByLayer", "linetype": "", "color": "0,0,0,187", "ocolor": 256, "color24": -1, "transparency": 0, "lweight": -1, "linewidth": 0.0, "ltscale": 1.0, "visible": 0, "width": 0.0, "thickness": 0.0, "ext": "(3:0,0,1)" }, "geometry": { "type": "LineString", "coordinates": [ [ 53.849646571401493, 58.21469479667347, 0.0 ], [ 53.849455411230117, 58.214679038829111, 0.0 ], [ 53.849263560037109, 58.214665793774103, 0.0 ], [ 53.849327931448364, 58.214330444758957, 0.0 ], [ 53.849750068767875, 58.214359493585462, 0.0 ], [ 53.849646571401493, 58.21469479667347, 0.0 ] ] } },
{ "type": "Feature", "properties": { "fid": 125, "handle": 158, "block": -1, "etype": 18, "space": 0, "layer": "0", "olinetype": "ByLayer", "linetype": "", "color": "0,0,0,187", "ocolor": 256, "color24": -1, "transparency": 0, "lweight": -1, "linewidth": 0.0, "ltscale": 1.0, "visible": 0, "width": 0.0, "thickness": 0.0, "ext": "(3:0,0,1)" }, "geometry": { "type": "LineString", "coordinates": [ [ 53.850030901720991, 58.214693633264794, 0.0 ], [ 53.849936012238523, 58.214723598539877, 0.0 ], [ 53.849791464739972, 58.214708524528383, 0.0 ], [ 53.849646571401493, 58.21469479667347, 0.0 ], [ 53.849750068767875, 58.214359493585462, 0.0 ], [ 53.850167402642938, 58.214398142032302, 0.0 ], [ 53.850104168434882, 58.21454656693021, 0.0 ], [ 53.850030901720991, 58.214693633264794, 0.0 ] ] } },
{ "type": "Feature", "properties": { "fid": 126, "handle": 159, "block": -1, "etype": 18, "space": 0, "layer": "0", "olinetype": "ByLayer", "linetype": "", "color": "0,0,0,187", "ocolor": 256, "color24": -1, "transparency": 0, "lweight": -1, "linewidth": 0.0, "ltscale": 1.0, "visible": 0, "width": 0.0, "thickness": 0.0, "ext": "(3:0,0,1)" }, "geometry": { "type": "LineString", "coordinates": [ [ 53.846017618325916, 58.215337164349158, 0.0 ], [ 53.845377396839275, 58.215456158567456, 0.0 ], [ 53.845303976281812, 58.21532121713129, 0.0 ], [ 53.845240770867136, 58.215184761757165, 0.0 ], [ 53.845300701247687, 58.21513572379839, 0.0 ], [ 53.845552174441337, 58.215092753803226, 0.0 ], [ 53.845791807613779, 58.215033698036969, 0.0 ], [ 53.846017618325916, 58.215337164349158, 0.0 ] ] } },
{ "type": "Feature", "properties": { "fid": 127, "handle": 160, "block": -1, "etype": 18, "space": 0, "layer": "0", "olinetype": "ByLayer", "linetype": "", "color": "0,0,0,187", "ocolor": 256, "color24": -1, "transparency": 0, "lweight": -1, "linewidth": 0.0, "ltscale": 1.0, "visible": 0, "width": 0.0, "thickness": 0.0, "ext": "(3:0,0,1)" }, "geometry": { "type": "LineString", "coordinates": [ [ 53.846206553584047, 58.215592103560134, 0.0 ], [ 53.845902435594219, 58.215651261745244, 0.0 ], [ 53.845554895133255, 58.215718895892998, 0.0 ], [ 53.845468980499454, 58.215600728633348, 0.0 ], [ 53.845377396839275, 58.215456158567456, 0.0 ], [ 53.846017618325916, 58.215337164349158, 0.0 ], [ 53.846206553584047, 58.215592103560134, 0.0 ] ] } },
{ "type": "Feature", "properties": { "fid": 128, "handle": 161, "block": -1, "etype": 18, "space": 0, "layer": "0", "olinetype": "ByLayer", "linetype": "", "color": "0,0,0,187", "ocolor": 256, "color24": -1, "transparency": 0, "lweight": -1, "linewidth": 0.0, "ltscale": 1.0, "visible": 0, "width": 0.0, "thickness": 0.0, "ext": "(3:0,0,1)" }, "geometry": { "type": "LineString", "coordinates": [ [ 53.847017182433483, 58.216317887774281, 0.0 ], [ 53.846434198655317, 58.216535177298383, 0.0 ], [ 53.846295624050796, 58.216435980932033, 0.0 ], [ 53.84619269280239, 58.216356758988205, 0.0 ], [ 53.846468043207295, 58.21626281989694, 0.0 ], [ 53.846802857890623, 58.216148571191709, 0.0 ], [ 53.847017182433483, 58.216317887774281, 0.0 ] ] } },
{ "type": "Feature", "properties": { "fid": 129, "handle": 162, "block": -1, "etype": 18, "space": 0, "layer": "0", "olinetype": "ByLayer", "linetype": "", "color": "0,0,0,187", "ocolor": 256, "color24": -1, "transparency": 0, "lweight": -1, "linewidth": 0.0, "ltscale": 1.0, "visible": 0, "width": 0.0, "thickness": 0.0, "ext": "(3:0,0,1)" }, "geometry": { "type": "LineString", "coordinates": [ [ 53.84776957685478, 58.215435155220987, 0.0 ], [ 53.847460441980097, 58.215316543019163, 0.0 ], [ 53.847434869953318, 58.215130663943292, 0.0 ], [ 53.84780942474584, 58.21510911503217, 0.0 ], [ 53.848113631307015, 58.215146737273287, 0.0 ], [ 53.847962246882595, 58.215297749513255, 0.0 ], [ 53.84776957685478, 58.215435155220987, 0.0 ] ] } },
{ "type": "Feature", "properties": { "fid": 130, "handle": 163, "block": -1, "etype": 18, "space": 0, "layer": "0", "olinetype": "ByLayer", "linetype": "", "color": "0,0,0,187", "ocolor": 256, "color24": -1, "transparency": 0, "lweight": -1, "linewidth": 0.0, "ltscale": 1.0, "visible": 0, "width": 0.0, "thickness": 0.0, "ext": "(3:0,0,1)" }, "geometry": { "type": "LineString", "coordinates": [ [ 53.849755174885139, 58.215203269671072, 0.0 ], [ 53.849354707479051, 58.215157008359952, 0.0 ], [ 53.849486299514695, 58.214817249606618, 0.0 ], [ 53.849691569878289, 58.214835717496115, 0.0 ], [ 53.849895809043659, 58.214856697733914, 0.0 ], [ 53.849951910965615, 58.214906772277089, 0.0 ], [ 53.849859238379786, 58.21505606021222, 0.0 ], [ 53.849755174885139, 58.215203269671072, 0.0 ] ] } },
{ "type": "Feature", "properties": { "fid": 131, "handle": 164, "block": -1, "etype": 18, "space": 0, "layer": "0", "olinetype": "ByLayer", "linetype": "", "color": "0,0,0,187", "ocolor": 256, "color24": -1, "transparency": 0, "lweight": -1, "linewidth": 0.0, "ltscale": 1.0, "visible": 0, "width": 0.0, "thickness": 0.0, "ext": "(3:0,0,1)" }, "geometry": { "type": "LineString", "coordinates": [ [ 53.849354707479051, 58.215157008359952, 0.0 ], [ 53.849022191562938, 58.215134887819204, 0.0 ], [ 53.848905513473994, 58.215127118138213, 0.0 ], [ 53.848981482025984, 58.214786126804086, 0.0 ], [ 53.849234237401333, 58.21480016257285, 0.0 ], [ 53.849486299514695, 58.214817249606618, 0.0 ], [ 53.849354707479051, 58.215157008359952, 0.0 ] ] } },
{ "type": "Feature", "properties": { "fid": 132, "handle": 165, "block": -1, "etype": 18, "space": 0, "layer": "0", "olinetype": "ByLayer", "linetype": "", "color": "0,0,0,187", "ocolor": 256, "color24": -1, "transparency": 0, "lweight": -1, "linewidth": 0.0, "ltscale": 1.0, "visible": 0, "width": 0.0, "thickness": 0.0, "ext": "(3:0,0,1)" }, "geometry": { "type": "LineString", "coordinates": [ [ 53.848905513473994, 58.215127118138213, 0.0 ], [ 53.848369383242584, 58.215097033190773, 0.0 ], [ 53.848444161628905, 58.214956344123138, 0.0 ], [ 53.848487310476763, 58.214812026149957, 0.0 ], [ 53.848571347151491, 58.214774058473708, 0.0 ], [ 53.848776507457799, 58.214778252385187, 0.0 ], [ 53.848981482025984, 58.214786126804086, 0.0 ], [ 53.848905513473994, 58.215127118138213, 0.0 ] ] } },
{ "type": "Feature", "properties": { "fid": 133, "handle": 166, "block": -1, "etype": 18, "space": 0, "layer": "0", "olinetype": "ByLayer", "linetype": "", "color": "0,0,0,187", "ocolor": 256, "color24": -1, "transparency": 0, "lweight": -1, "linewidth": 0.0, "ltscale": 1.0, "visible": 0, "width": 0.0, "thickness": 0.0, "ext": "(3:0,0,1)" }, "geometry": { "type": "LineString", "coordinates": [ [ 53.848113631307015, 58.215146737273287, 0.0 ], [ 53.84780942474584, 58.21510911503217, 0.0 ], [ 53.847755690982645, 58.214785117867393, 0.0 ], [ 53.847978594399549, 58.21477775238413, 0.0 ], [ 53.848201655188355, 58.214773349501307, 0.0 ], [ 53.848281437646776, 58.214815282822059, 0.0 ], [ 53.848221339046866, 58.214984360347096, 0.0 ], [ 53.848113631307015, 58.215146737273287, 0.0 ] ] } },
{ "type": "Feature", "properties": { "fid": 134, "handle": 167, "block": -1, "etype": 18, "space": 0, "layer": "0", "olinetype": "ByLayer", "linetype": "", "color": "0,0,0,187", "ocolor": 256, "color24": -1, "transparency": 0, "lweight": -1, "linewidth": 0.0, "ltscale": 1.0, "visible": 0, "width": 0.0, "thickness": 0.0, "ext": "(3:0,0,1)" }, "geometry": { "type": "LineString", "coordinates": [ [ 53.84780942474584, 58.21510911503217, 0.0 ], [ 53.847434869953318, 58.215130663943292, 0.0 ], [ 53.847354711541094, 58.215136673167038, 0.0 ], [ 53.847247545463084, 58.214816203079181, 0.0 ], [ 53.847501286363205, 58.214798730018565, 0.0 ], [ 53.847755690982645, 58.214785117867393, 0.0 ], [ 53.84780942474584, 58.21510911503217, 0.0 ] ] } },
{ "type": "Feature", "properties": { "fid": 135, "handle": 168, "block": -1, "etype": 18, "space": 0, "layer": "0", "olinetype": "ByLayer", "linetype": "", "color": "0,0,0,187", "ocolor": 256, "color24": -1, "transparency": 0, "lweight": -1, "linewidth": 0.0, "ltscale": 1.0, "visible": 0, "width": 0.0, "thickness": 0.0, "ext": "(3:0,0,1)" }, "geometry": { "type": "LineString", "coordinates": [ [ 53.847354711541094, 58.215136673167038, 0.0 ], [ 53.846890394352158, 58.215181815398289, 0.0 ], [ 53.846747145240144, 58.214865790647302, 0.0 ], [ 53.846997009326678, 58.214840053995218, 0.0 ], [ 53.847247545463084, 58.214816203079181, 0.0 ], [ 53.847354711541094, 58.215136673167038, 0.0 ] ] } },
{ "type": "Feature", "properties": { "fid": 136, "handle": 169, "block": -1, "etype": 18, "space": 0, "layer": "0", "olinetype": "ByLayer", "linetype": "", "color": "0,0,0,187", "ocolor": 256, "color24": -1, "transparency": 0, "lweight": -1, "linewidth": 0.0, "ltscale": 1.0, "visible": 0, "width": 0.0, "thickness": 0.0, "ext": "(3:0,0,1)" }, "geometry": { "type": "LineString", "coordinates": [ [ 53.847972878887461, 58.217185425762871, 0.0 ], [ 53.847589143612204, 58.217120953180128, 0.0 ], [ 53.847243030462863, 58.217012441634978, 0.0 ], [ 53.847263353907088, 58.21695509538079, 0.0 ], [ 53.847592938087111, 58.216871184613716, 0.0 ], [ 53.84774798638685, 58.216819924854832, 0.0 ], [ 53.847865754566691, 58.217011300769016, 0.0 ], [ 53.847972878887461, 58.217185425762871, 0.0 ] ] } },
{ "type": "Feature", "properties": { "fid": 137, "handle": 170, "block": -1, "etype": 18, "space": 0, "layer": "0", "olinetype": "ByLayer", "linetype": "", "color": "0,0,0,187", "ocolor": 256, "color24": -1, "transparency": 0, "lweight": -1, "linewidth": 0.0, "ltscale": 1.0, "visible": 0, "width": 0.0, "thickness": 0.0, "ext": "(3:0,0,1)" }, "geometry": { "type": "LineString", "coordinates": [ [ 53.848697212043731, 58.217177039844017, 0.0 ], [ 53.8483358994024, 58.217200402756362, 0.0 ], [ 53.847972878887461, 58.217185425762871, 0.0 ], [ 53.847865754566691, 58.217011300769016, 0.0 ], [ 53.848474047675722, 58.216923141107749, 0.0 ], [ 53.848697212043731, 58.217177039844017, 0.0 ] ] } },
{ "type": "Feature", "properties": { "fid": 138, "handle": 171, "block": -1, "etype": 18, "space": 0, "layer": "0", "olinetype": "ByLayer", "linetype": "", "color": "0,0,0,187", "ocolor": 256, "color24": -1, "transparency": 0, "lweight": -1, "linewidth": 0.0, "ltscale": 1.0, "visible": 0, "width": 0.0, "thickness": 0.0, "ext": "(3:0,0,1)" }, "geometry": { "type": "LineString", "coordinates": [ [ 53.849303527324047, 58.217033927398539, 0.0 ], [ 53.849013913262517, 58.217121570970235, 0.0 ], [ 53.848697212043731, 58.217177039844017, 0.0 ], [ 53.848474047675722, 58.216923141107749, 0.0 ], [ 53.848955508929812, 58.216772340192712, 0.0 ], [ 53.849303527324047, 58.217033927398539, 0.0 ] ] } },
{ "type": "Feature", "properties": { "fid": 139, "handle": 172, "block": -1, "etype": 18, "space": 0, "layer": "0", "olinetype": "ByLayer", "linetype": "", "color": "0,0,0,187", "ocolor": 256, "color24": -1, "transparency": 0, "lweight": -1, "linewidth": 0.0, "ltscale": 1.0, "visible": 0, "width": 0.0, "thickness": 0.0, "ext": "(3:0,0,1)" }, "geometry": { "type": "LineString", "coordinates": [ [ 53.848955508929812, 58.216772340192712, 0.0 ], [ 53.848474047675722, 58.216923141107749, 0.0 ], [ 53.848223118739895, 58.216637605708961, 0.0 ], [ 53.848460315803877, 58.216512911511707, 0.0 ], [ 53.848955508929812, 58.216772340192712, 0.0 ] ] } },
{ "type": "Feature", "properties": { "fid": 140, "handle": 173, "block": -1, "etype": 18, "space": 0, "layer": "0", "olinetype": "ByLayer", "linetype": "", "color": "0,0,0,187", "ocolor": 256, "color24": -1, "transparency": 0, "lweight": -1, "linewidth": 0.0, "ltscale": 1.0, "visible": 0, "width": 0.0, "thickness": 0.0, "ext": "(3:0,0,1)" }, "geometry": { "type": "LineString", "coordinates": [ [ 53.85097934533816, 58.214661526101771, 0.0 ], [ 53.850913943172799, 58.214840744040664, 0.0 ], [ 53.850312032984199, 58.214716139772811, 0.0 ], [ 53.850355006708597, 58.214611504553083, 0.0 ], [ 53.850391858561231, 58.214506143878609, 0.0 ], [ 53.850483186471813, 58.214473301067599, 0.0 ], [ 53.850700410320208, 58.214521319593757, 0.0 ], [ 53.850879388152649, 58.214602063405501, 0.0 ], [ 53.85097934533816, 58.214661526101771, 0.0 ] ] } },
{ "type": "Feature", "properties": { "fid": 141, "handle": 174, "block": -1, "etype": 18, "space": 0, "layer": "0", "olinetype": "ByLayer", "linetype": "", "color": "0,0,0,187", "ocolor": 256, "color24": -1, "transparency": 0, "lweight": -1, "linewidth": 0.0, "ltscale": 1.0, "visible": 0, "width": 0.0, "thickness": 0.0, "ext": "(3:0,0,1)" }, "geometry": { "type": "LineString", "coordinates": [ [ 53.851510195530516, 58.21493606998731, 0.0 ], [ 53.8514743662125, 58.215001030325354, 0.0 ], [ 53.851437005953727, 58.215065899086902, 0.0 ], [ 53.850858688939439, 58.214953086319298, 0.0 ], [ 53.850913943172799, 58.214840744040664, 0.0 ], [ 53.85097934533816, 58.214661526101771, 0.0 ], [ 53.851213805448083, 58.214778516376747, 0.0 ], [ 53.851471637004636, 58.214880719439549, 0.0 ], [ 53.851510195530516, 58.21493606998731, 0.0 ] ] } },
{ "type": "Feature", "properties": { "fid": 142, "handle": 175, "block": -1, "etype": 18, "space": 0, "layer": "0", "olinetype": "ByLayer", "linetype": "", "color": "0,0,0,187", "ocolor": 256, "color24": -1, "transparency": 0, "lweight": -1, "linewidth": 0.0, "ltscale": 1.0, "visible": 0, "width": 0.0, "thickness": 0.0, "ext": "(3:0,0,1)" }, "geometry": { "type": "LineString", "coordinates": [ [ 53.849583017931174, 58.218371557862575, 0.0 ], [ 53.849464942088318, 58.21828962726709, 0.0 ], [ 53.849346866408347, 58.218207786343015, 0.0 ], [ 53.849908279338528, 58.217943592068934, 0.0 ], [ 53.850176997452643, 58.218091329882249, 0.0 ], [ 53.850062330467516, 58.218169035932107, 0.0 ], [ 53.849934077794494, 58.218240441161129, 0.0 ], [ 53.849767029140139, 58.218312249463153, 0.0 ], [ 53.849583017931174, 58.218371557862575, 0.0 ] ] } },
{ "type": "Feature", "properties": { "fid": 143, "handle": 176, "block": -1, "etype": 18, "space": 0, "layer": "0", "olinetype": "ByLayer", "linetype": "", "color": "0,0,0,187", "ocolor": 256, "color24": -1, "transparency": 0, "lweight": -1, "linewidth": 0.0, "ltscale": 1.0, "visible": 0, "width": 0.0, "thickness": 0.0, "ext": "(3:0,0,1)" }, "geometry": { "type": "LineString", "coordinates": [ [ 53.849346866408347, 58.218207786343015, 0.0 ], [ 53.849189159763249, 58.218122935637915, 0.0 ], [ 53.849035034570328, 58.218036293340404, 0.0 ], [ 53.849603901520766, 58.217779650896837, 0.0 ], [ 53.849749052237293, 58.217856136588694, 0.0 ], [ 53.849908279338528, 58.217943592068934, 0.0 ], [ 53.849346866408347, 58.218207786343015, 0.0 ] ] } },
{ "type": "Feature", "properties": { "fid": 144, "handle": 177, "block": -1, "etype": 18, "space": 0, "layer": "0", "olinetype": "ByLayer", "linetype": "", "color": "0,0,0,187", "ocolor": 256, "color24": -1, "transparency": 0, "lweight": -1, "linewidth": 0.0, "ltscale": 1.0, "visible": 0, "width": 0.0, "thickness": 0.0, "ext": "(3:0,0,1)" }, "geometry": { "type": "LineString", "coordinates": [ [ 53.848734701476836, 58.217842277971748, 0.0 ], [ 53.848590915934814, 58.217725480702299, 0.0 ], [ 53.848461954545627, 58.217603852668589, 0.0 ], [ 53.849080928562721, 58.217446660579164, 0.0 ], [ 53.849304078473082, 58.217625590378688, 0.0 ], [ 53.848734701476836, 58.217842277971748, 0.0 ] ] } },
{ "type": "Feature", "properties": { "fid": 145, "handle": 178, "block": -1, "etype": 18, "space": 0, "layer": "0", "olinetype": "ByLayer", "linetype": "", "color": "0,0,0,187", "ocolor": 256, "color24": -1, "transparency": 0, "lweight": -1, "linewidth": 0.0, "ltscale": 1.0, "visible": 0, "width": 0.0, "thickness": 0.0, "ext": "(3:0,0,1)" }, "geometry": { "type": "LineString", "coordinates": [ [ 53.849304078473082, 58.217625590378688, 0.0 ], [ 53.849080928562721, 58.217446660579164, 0.0 ], [ 53.848910399547051, 58.217257288275079, 0.0 ], [ 53.849065524261427, 58.217228023562122, 0.0 ], [ 53.84921303275577, 58.217189232778459, 0.0 ], [ 53.849320160770723, 58.217203814305009, 0.0 ], [ 53.849464552202413, 58.217298166018217, 0.0 ], [ 53.849629232465617, 58.217382845057628, 0.0 ], [ 53.849304078473082, 58.217625590378688, 0.0 ] ] } },
{ "type": "Feature", "properties": { "fid": 146, "handle": 179, "block": -1, "etype": 18, "space": 0, "layer": "0", "olinetype": "ByLayer", "linetype": "", "color": "0,0,0,187", "ocolor": 256, "color24": -1, "transparency": 0, "lweight": -1, "linewidth": 0.0, "ltscale": 1.0, "visible": 0, "width": 0.0, "thickness": 0.0, "ext": "(3:0,0,1)" }, "geometry": { "type": "LineString", "coordinates": [ [ 53.848461954545627, 58.217603852668589, 0.0 ], [ 53.84835494520069, 58.217481622139594, 0.0 ], [ 53.848263945348961, 58.217355819297886, 0.0 ], [ 53.84832931172906, 58.217308671823119, 0.0 ], [ 53.84862338174964, 58.217294027732521, 0.0 ], [ 53.848910399547051, 58.217257288275079, 0.0 ], [ 53.849080928562721, 58.217446660579164, 0.0 ], [ 53.848461954545627, 58.217603852668589, 0.0 ] ] } },
{ "type": "Feature", "properties": { "fid": 147, "handle": 180, "block": -1, "etype": 18, "space": 0, "layer": "0", "olinetype": "ByLayer", "linetype": "", "color": "0,0,0,187", "ocolor": 256, "color24": -1, "transparency": 0, "lweight": -1, "linewidth": 0.0, "ltscale": 1.0, "visible": 0, "width": 0.0, "thickness": 0.0, "ext": "(3:0,0,1)" }, "geometry": { "type": "LineString", "coordinates": [ [ 53.849816199257795, 58.217347601600594, 0.0 ], [ 53.849628226342666, 58.217258855149979, 0.0 ], [ 53.849466001350862, 58.217157030674159, 0.0 ], [ 53.849480709292152, 58.217099048967945, 0.0 ], [ 53.849679142031299, 58.217007615812292, 0.0 ], [ 53.849748410014143, 58.216962626974798, 0.0 ], [ 53.850122626306181, 58.217146401949698, 0.0 ], [ 53.849816199257795, 58.217347601600594, 0.0 ] ] } },
{ "type": "Feature", "properties": { "fid": 148, "handle": 181, "block": -1, "etype": 18, "space": 0, "layer": "0", "olinetype": "ByLayer", "linetype": "", "color": "0,0,0,187", "ocolor": 256, "color24": -1, "transparency": 0, "lweight": -1, "linewidth": 0.0, "ltscale": 1.0, "visible": 0, "width": 0.0, "thickness": 0.0, "ext": "(3:0,0,1)" }, "geometry": { "type": "LineString", "coordinates": [ [ 53.850451463499127, 58.216915510057611, 0.0 ], [ 53.850034226350502, 58.216766341236777, 0.0 ], [ 53.850175198329239, 58.216663078285933, 0.0 ], [ 53.850311922831793, 58.216558194118356, 0.0 ], [ 53.850422198142311, 58.216552308156601, 0.0 ], [ 53.850565973921007, 58.216631305215955, 0.0 ], [ 53.850726463652968, 58.216700894588072, 0.0 ], [ 53.850451463499127, 58.216915510057611, 0.0 ] ] } },
{ "type": "Feature", "properties": { "fid": 149, "handle": 182, "block": -1, "etype": 18, "space": 0, "layer": "0", "olinetype": "ByLayer", "linetype": "", "color": "0,0,0,187", "ocolor": 256, "color24": -1, "transparency": 0, "lweight": -1, "linewidth": 0.0, "ltscale": 1.0, "visible": 0, "width": 0.0, "thickness": 0.0, "ext": "(3:0,0,1)" }, "geometry": { "type": "LineString", "coordinates": [ [ 53.850706904448238, 58.217144304212354, 0.0 ], [ 53.850330435293408, 58.217009908320598, 0.0 ], [ 53.850451463499127, 58.216915510057611, 0.0 ], [ 53.850726463652968, 58.216700894588072, 0.0 ], [ 53.8509536394142, 58.216772806278932, 0.0 ], [ 53.851197903872027, 58.216827140268492, 0.0 ], [ 53.850706904448238, 58.217144304212354, 0.0 ] ] } },
{ "type": "Feature", "properties": { "fid": 150, "handle": 183, "block": -1, "etype": 18, "space": 0, "layer": "0", "olinetype": "ByLayer", "linetype": "", "color": "0,0,0,187", "ocolor": 256, "color24": -1, "transparency": 0, "lweight": -1, "linewidth": 0.0, "ltscale": 1.0, "visible": 0, "width": 0.0, "thickness": 0.0, "ext": "(3:0,0,1)" }, "geometry": { "type": "LineString", "coordinates": [ [ 53.850762946110102, 58.216602715955879, 0.0 ], [ 53.850626261438094, 58.216536656012558, 0.0 ], [ 53.850504411450764, 58.216462981859934, 0.0 ], [ 53.850498868707653, 58.216405514976039, 0.0 ], [ 53.850628994427275, 58.216291464979356, 0.0 ], [ 53.850754531651177, 58.216175972967775, 0.0 ], [ 53.851066456428519, 58.216323400401158, 0.0 ], [ 53.850762946110102, 58.216602715955879, 0.0 ] ] } },
{ "type": "Feature", "properties": { "fid": 151, "handle": 184, "block": -1, "etype": 18, "space": 0, "layer": "0", "olinetype": "ByLayer", "linetype": "", "color": "0,0,0,187", "ocolor": 256, "color24": -1, "transparency": 0, "lweight": -1, "linewidth": 0.0, "ltscale": 1.0, "visible": 0, "width": 0.0, "thickness": 0.0, "ext": "(3:0,0,1)" }, "geometry": { "type": "LineString", "coordinates": [ [ 53.851066456428519, 58.216323400401158, 0.0 ], [ 53.850754531651177, 58.216175972967775, 0.0 ], [ 53.850875140512933, 58.216058948775341, 0.0 ], [ 53.850990310261082, 58.215940481600803, 0.0 ], [ 53.851100910261351, 58.215937827580284, 0.0 ], [ 53.85121404887731, 58.216019571371433, 0.0 ], [ 53.851346279031588, 58.21609280804639, 0.0 ], [ 53.851066456428519, 58.216323400401158, 0.0 ] ] } },
{ "type": "Feature", "properties": { "fid": 152, "handle": 185, "block": -1, "etype": 18, "space": 0, "layer": "0", "olinetype": "ByLayer", "linetype": "", "color": "0,0,0,187", "ocolor": 256, "color24": -1, "transparency": 0, "lweight": -1, "linewidth": 0.0, "ltscale": 1.0, "visible": 0, "width": 0.0, "thickness": 0.0, "ext": "(3:0,0,1)" }, "geometry": { "type": "LineString", "coordinates": [ [ 53.851401886193678, 58.216465287990722, 0.0 ], [ 53.851066456428519, 58.216323400401158, 0.0 ], [ 53.851346279031588, 58.21609280804639, 0.0 ], [ 53.851506904579665, 58.216170387187738, 0.0 ], [ 53.851681349087656, 58.216239093799331, 0.0 ], [ 53.851401886193678, 58.216465287990722, 0.0 ] ] } },
{ "type": "Feature", "properties": { "fid": 153, "handle": 186, "block": -1, "etype": 18, "space": 0, "layer": "0", "olinetype": "ByLayer", "linetype": "", "color": "0,0,0,187", "ocolor": 256, "color24": -1, "transparency": 0, "lweight": -1, "linewidth": 0.0, "ltscale": 1.0, "visible": 0, "width": 0.0, "thickness": 0.0, "ext": "(3:0,0,1)" }, "geometry": { "type": "LineString", "coordinates": [ [ 53.851852362253325, 58.216600215663917, 0.0 ], [ 53.851401886193678, 58.216465287990722, 0.0 ], [ 53.851681349087656, 58.216239093799331, 0.0 ], [ 53.851870459447284, 58.216299826627292, 0.0 ], [ 53.852069818755915, 58.216350964408669, 0.0 ], [ 53.851852362253325, 58.216600215663917, 0.0 ] ] } },
{ "type": "Feature", "properties": { "fid": 154, "handle": 187, "block": -1, "etype": 18, "space": 0, "layer": "0", "olinetype": "ByLayer", "linetype": "", "color": "0,0,0,187", "ocolor": 256, "color24": -1, "transparency": 0, "lweight": -1, "linewidth": 0.0, "ltscale": 1.0, "visible": 0, "width": 0.0, "thickness": 0.0, "ext": "(3:0,0,1)" }, "geometry": { "type": "LineString", "coordinates": [ [ 53.852389057137493, 58.216868926759084, 0.0 ], [ 53.85214151155018, 58.216907425668644, 0.0 ], [ 53.85190241815603, 58.216958952283925, 0.0 ], [ 53.85176155728989, 58.216995778700856, 0.0 ], [ 53.851681413328038, 58.216916048998883, 0.0 ], [ 53.851752227245868, 58.216785408996103, 0.0 ], [ 53.851852362253325, 58.216600215663917, 0.0 ], [ 53.852348051601986, 58.216705655886777, 0.0 ], [ 53.852389057137493, 58.216868926759084, 0.0 ] ] } },
{ "type": "Feature", "properties": { "fid": 155, "handle": 188, "block": -1, "etype": 18, "space": 0, "layer": "0", "olinetype": "ByLayer", "linetype": "", "color": "0,0,0,187", "ocolor": 256, "color24": -1, "transparency": 0, "lweight": -1, "linewidth": 0.0, "ltscale": 1.0, "visible": 0, "width": 0.0, "thickness": 0.0, "ext": "(3:0,0,1)" }, "geometry": { "type": "LineString", "coordinates": [ [ 53.852865121260656, 58.216825663516488, 0.0 ], [ 53.85262498867985, 58.216841008202529, 0.0 ], [ 53.852389057137493, 58.216868926759084, 0.0 ], [ 53.852348051601986, 58.216705655886777, 0.0 ], [ 53.852464435249928, 58.216417231767664, 0.0 ], [ 53.85264318265525, 58.216433778787142, 0.0 ], [ 53.852823662875245, 58.216442785881519, 0.0 ], [ 53.852865121260656, 58.216825663516488, 0.0 ] ] } },
{ "type": "Feature", "properties": { "fid": 156, "handle": 189, "block": -1, "etype": 18, "space": 0, "layer": "0", "olinetype": "ByLayer", "linetype": "", "color": "0,0,0,187", "ocolor": 256, "color24": -1, "transparency": 0, "lweight": -1, "linewidth": 0.0, "ltscale": 1.0, "visible": 0, "width": 0.0, "thickness": 0.0, "ext": "(3:0,0,1)" }, "geometry": { "type": "LineString", "coordinates": [ [ 53.853282836080766, 58.216821117120467, 0.0 ], [ 53.853073906990282, 58.216820158260354, 0.0 ], [ 53.852865121260656, 58.216825663516488, 0.0 ], [ 53.852823662875245, 58.216442785881519, 0.0 ], [ 53.853014213317259, 58.216444083092512, 0.0 ], [ 53.853203948720804, 58.216436760023484, 0.0 ], [ 53.853282836080766, 58.216821117120467, 0.0 ] ] } },
{ "type": "Feature", "properties": { "fid": 157, "handle": 190, "block": -1, "etype": 18, "space": 0, "layer": "0", "olinetype": "ByLayer", "linetype": "", "color": "0,0,0,187", "ocolor": 256, "color24": -1, "transparency": 0, "lweight": -1, "linewidth": 0.0, "ltscale": 1.0, "visible": 0, "width": 0.0, "thickness": 0.0, "ext": "(3:0,0,1)" }, "geometry": { "type": "LineString", "coordinates": [ [ 53.85368516758475, 58.216792400389892, 0.0 ], [ 53.853485173070574, 58.216811563588017, 0.0 ], [ 53.853282836080766, 58.216821117120467, 0.0 ], [ 53.853203948720804, 58.216436760023484, 0.0 ], [ 53.853395591530429, 58.216420730027053, 0.0 ], [ 53.85358369681375, 58.216396076623305, 0.0 ], [ 53.853638953678889, 58.216611706279238, 0.0 ], [ 53.85368516758475, 58.216792400389892, 0.0 ] ] } },
{ "type": "Feature", "properties": { "fid": 158, "handle": 191, "block": -1, "etype": 18, "space": 0, "layer": "0", "olinetype": "ByLayer", "linetype": "", "color": "0,0,0,187", "ocolor": 256, "color24": -1, "transparency": 0, "lweight": -1, "linewidth": 0.0, "ltscale": 1.0, "visible": 0, "width": 0.0, "thickness": 0.0, "ext": "(3:0,0,1)" }, "geometry": { "type": "LineString", "coordinates": [ [ 53.854160841696405, 58.21651210780999, 0.0 ], [ 53.853638953678889, 58.216611706279238, 0.0 ], [ 53.85358369681375, 58.216396076623305, 0.0 ], [ 53.853726716754295, 58.216371012095557, 0.0 ], [ 53.853866183924694, 58.216341005333852, 0.0 ], [ 53.853971939486243, 58.2163581850618, 0.0 ], [ 53.854160841696405, 58.21651210780999, 0.0 ] ] } },
{ "type": "Feature", "properties": { "fid": 159, "handle": 192, "block": -1, "etype": 18, "space": 0, "layer": "0", "olinetype": "ByLayer", "linetype": "", "color": "0,0,0,187", "ocolor": 256, "color24": -1, "transparency": 0, "lweight": -1, "linewidth": 0.0, "ltscale": 1.0, "visible": 0, "width": 0.0, "thickness": 0.0, "ext": "(3:0,0,1)" }, "geometry": { "type": "LineString", "coordinates": [ [ 53.854372338723053, 58.216674675142002, 0.0 ], [ 53.854025348712753, 58.216734073020994, 0.0 ], [ 53.853753448826758, 58.216779101240164, 0.0 ], [ 53.85368516758475, 58.216792400389892, 0.0 ], [ 53.853638953678889, 58.216611706279238, 0.0 ], [ 53.854160841696405, 58.21651210780999, 0.0 ], [ 53.854372338723053, 58.216674675142002, 0.0 ] ] } },
{ "type": "Feature", "properties": { "fid": 160, "handle": 193, "block": -1, "etype": 18, "space": 0, "layer": "0", "olinetype": "ByLayer", "linetype": "", "color": "0,0,0,187", "ocolor": 256, "color24": -1, "transparency": 0, "lweight": -1, "linewidth": 0.0, "ltscale": 1.0, "visible": 0, "width": 0.0, "thickness": 0.0, "ext": "(3:0,0,1)" }, "geometry": { "type": "LineString", "coordinates": [ [ 53.851735391661656, 58.21588712200856, 0.0 ], [ 53.851579499445087, 58.216061207203481, 0.0 ], [ 53.851357474037322, 58.215938396307749, 0.0 ], [ 53.851174481522094, 58.215798841384974, 0.0 ], [ 53.85117013250629, 58.215740478099725, 0.0 ], [ 53.851220060973958, 58.215681100783065, 0.0 ], [ 53.851268629704336, 58.21562136273279, 0.0 ], [ 53.851829095490046, 58.215774734278135, 0.0 ], [ 53.851735391661656, 58.21588712200856, 0.0 ] ] } },
{ "type": "Feature", "properties": { "fid": 161, "handle": 194, "block": -1, "etype": 18, "space": 0, "layer": "0", "olinetype": "ByLayer", "linetype": "", "color": "0,0,0,187", "ocolor": 256, "color24": -1, "transparency": 0, "lweight": -1, "linewidth": 0.0, "ltscale": 1.0, "visible": 0, "width": 0.0, "thickness": 0.0, "ext": "(3:0,0,1)" }, "geometry": { "type": "LineString", "coordinates": [ [ 53.851829095490046, 58.215774734278135, 0.0 ], [ 53.851268629704336, 58.21562136273279, 0.0 ], [ 53.85134577380947, 58.215522692657096, 0.0 ], [ 53.851419177556835, 58.215423299919664, 0.0 ], [ 53.851987670116529, 58.215568779326297, 0.0 ], [ 53.851829095490046, 58.215774734278135, 0.0 ] ] } },
{ "type": "Feature", "properties": { "fid": 162, "handle": 195, "block": -1, "etype": 18, "space": 0, "layer": "0", "olinetype": "ByLayer", "linetype": "", "color": "0,0,0,187", "ocolor": 256, "color24": -1, "transparency": 0, "lweight": -1, "linewidth": 0.0, "ltscale": 1.0, "visible": 0, "width": 0.0, "thickness": 0.0, "ext": "(3:0,0,1)" }, "geometry": { "type": "LineString", "coordinates": [ [ 53.851987670116529, 58.215568779326297, 0.0 ], [ 53.851419177556835, 58.215423299919664, 0.0 ], [ 53.851498256491503, 58.215309279305366, 0.0 ], [ 53.851573084988495, 58.215194445655285, 0.0 ], [ 53.852113317880807, 58.215302542351431, 0.0 ], [ 53.851987670116529, 58.215568779326297, 0.0 ] ] } },
{ "type": "Feature", "properties": { "fid": 163, "handle": 196, "block": -1, "etype": 18, "space": 0, "layer": "0", "olinetype": "ByLayer", "linetype": "", "color": "0,0,0,187", "ocolor": 256, "color24": -1, "transparency": 0, "lweight": -1, "linewidth": 0.0, "ltscale": 1.0, "visible": 0, "width": 0.0, "thickness": 0.0, "ext": "(3:0,0,1)" }, "geometry": { "type": "LineString", "coordinates": [ [ 53.852113317880807, 58.215302542351431, 0.0 ], [ 53.851573084988495, 58.215194445655285, 0.0 ], [ 53.851632183215244, 58.215098178501101, 0.0 ], [ 53.851687030836999, 58.215001188118649, 0.0 ], [ 53.851788864985899, 58.214978412167696, 0.0 ], [ 53.852018166660564, 58.215027968777399, 0.0 ], [ 53.852251404796363, 58.21507205284275, 0.0 ], [ 53.852113317880807, 58.215302542351431, 0.0 ] ] } },
{ "type": "Feature", "properties": { "fid": 164, "handle": 197, "block": -1, "etype": 18, "space": 0, "layer": "0", "olinetype": "ByLayer", "linetype": "", "color": "0,0,0,187", "ocolor": 256, "color24": -1, "transparency": 0, "lweight": -1, "linewidth": 0.0, "ltscale": 1.0, "visible": 0, "width": 0.0, "thickness": 0.0, "ext": "(3:0,0,1)" }, "geometry": { "type": "LineString", "coordinates": [ [ 53.852589727431607, 58.215375996961832, 0.0 ], [ 53.852113317880807, 58.215302542351431, 0.0 ], [ 53.852251404796363, 58.21507205284275, 0.0 ], [ 53.852523134729026, 58.215106215226577, 0.0 ], [ 53.852800028704813, 58.215126017895891, 0.0 ], [ 53.852589727431607, 58.215375996961832, 0.0 ] ] } },
{ "type": "Feature", "properties": { "fid": 165, "handle": 198, "block": -1, "etype": 18, "space": 0, "layer": "0", "olinetype": "ByLayer", "linetype": "", "color": "0,0,0,187", "ocolor": 256, "color24": -1, "transparency": 0, "lweight": -1, "linewidth": 0.0, "ltscale": 1.0, "visible": 0, "width": 0.0, "thickness": 0.0, "ext": "(3:0,0,1)" }, "geometry": { "type": "LineString", "coordinates": [ [ 53.853148642908046, 58.215411028437963, 0.0 ], [ 53.852679229427586, 58.215496228547437, 0.0 ], [ 53.852589727431607, 58.215375996961832, 0.0 ], [ 53.852800028704813, 58.215126017895891, 0.0 ], [ 53.852933054454908, 58.215130391167001, 0.0 ], [ 53.853019671257691, 58.215166852711114, 0.0 ], [ 53.853148642908046, 58.215411028437963, 0.0 ] ] } },
{ "type": "Feature", "properties": { "fid": 166, "handle": 199, "block": -1, "etype": 18, "space": 0, "layer": "0", "olinetype": "ByLayer", "linetype": "", "color": "0,0,0,187", "ocolor": 256, "color24": -1, "transparency": 0, "lweight": -1, "linewidth": 0.0, "ltscale": 1.0, "visible": 0, "width": 0.0, "thickness": 0.0, "ext": "(3:0,0,1)" }, "geometry": { "type": "LineString", "coordinates": [ [ 53.852746962278651, 58.215614639288596, 0.0 ], [ 53.85254737605193, 58.215618897700601, 0.0 ], [ 53.852292358466798, 58.215615280569764, 0.0 ], [ 53.851987670116529, 58.215568779326297, 0.0 ], [ 53.852113317880807, 58.215302542351431, 0.0 ], [ 53.852589727431607, 58.215375996961832, 0.0 ], [ 53.852679229427586, 58.215496228547437, 0.0 ], [ 53.852746962278651, 58.215614639288596, 0.0 ] ] } },
{ "type": "Feature", "properties": { "fid": 167, "handle": 200, "block": -1, "etype": 18, "space": 0, "layer": "0", "olinetype": "ByLayer", "linetype": "", "color": "0,0,0,187", "ocolor": 256, "color24": -1, "transparency": 0, "lweight": -1, "linewidth": 0.0, "ltscale": 1.0, "visible": 0, "width": 0.0, "thickness": 0.0, "ext": "(3:0,0,1)" }, "geometry": { "type": "LineString", "coordinates": [ [ 53.852285333418962, 58.215749855436215, 0.0 ], [ 53.852327694416488, 58.215750532982739, 0.0 ], [ 53.852298503099135, 58.215855903066981, 0.0 ], [ 53.852252984904339, 58.215959727931612, 0.0 ], [ 53.851735391661656, 58.21588712200856, 0.0 ], [ 53.851829095490046, 58.215774734278135, 0.0 ], [ 53.851987670116529, 58.215568779326297, 0.0 ], [ 53.852292358466798, 58.215615280569764, 0.0 ], [ 53.852285333418962, 58.215749855436215, 0.0 ] ] } },
{ "type": "Feature", "properties": { "fid": 168, "handle": 201, "block": -1, "etype": 18, "space": 0, "layer": "0", "olinetype": "ByLayer", "linetype": "", "color": "0,0,0,187", "ocolor": 256, "color24": -1, "transparency": 0, "lweight": -1, "linewidth": 0.0, "ltscale": 1.0, "visible": 0, "width": 0.0, "thickness": 0.0, "ext": "(3:0,0,1)" }, "geometry": { "type": "LineString", "coordinates": [ [ 53.852085796612478, 58.216191261034901, 0.0 ], [ 53.851980576649012, 58.216209185069722, 0.0 ], [ 53.851771589430115, 58.216141516092961, 0.0 ], [ 53.851579499445087, 58.216061207203481, 0.0 ], [ 53.851735391661656, 58.21588712200856, 0.0 ], [ 53.852252984904339, 58.215959727931612, 0.0 ], [ 53.85217984564342, 58.216077616507349, 0.0 ], [ 53.852085796612478, 58.216191261034901, 0.0 ] ] } },
{ "type": "Feature", "properties": { "fid": 169, "handle": 202, "block": -1, "etype": 18, "space": 0, "layer": "0", "olinetype": "ByLayer", "linetype": "", "color": "0,0,0,187", "ocolor": 256, "color24": -1, "transparency": 0, "lweight": -1, "linewidth": 0.0, "ltscale": 1.0, "visible": 0, "width": 0.0, "thickness": 0.0, "ext": "(3:0,0,1)" }, "geometry": { "type": "LineString", "coordinates": [ [ 53.852763720648532, 58.21633255434341, 0.0 ], [ 53.852520842972901, 58.216313239868647, 0.0 ], [ 53.852283983508507, 58.216278758772205, 0.0 ], [ 53.852244738414058, 58.216224215712622, 0.0 ], [ 53.852342897564384, 58.216104021753956, 0.0 ], [ 53.852419126034036, 58.215979582586407, 0.0 ], [ 53.852722713176476, 58.216005431696466, 0.0 ], [ 53.852763720648532, 58.21633255434341, 0.0 ] ] } },
{ "type": "Feature", "properties": { "fid": 170, "handle": 203, "block": -1, "etype": 18, "space": 0, "layer": "0", "olinetype": "ByLayer", "linetype": "", "color": "0,0,0,187", "ocolor": 256, "color24": -1, "transparency": 0, "lweight": -1, "linewidth": 0.0, "ltscale": 1.0, "visible": 0, "width": 0.0, "thickness": 0.0, "ext": "(3:0,0,1)" }, "geometry": { "type": "LineString", "coordinates": [ [ 53.852957399608272, 58.215948062640187, 0.0 ], [ 53.852722713176476, 58.216005431696466, 0.0 ], [ 53.852419126034036, 58.215979582586407, 0.0 ], [ 53.852467231992904, 58.215867051817796, 0.0 ], [ 53.852498330860001, 58.215752885280537, 0.0 ], [ 53.852540521730297, 58.215753562559662, 0.0 ], [ 53.85254737605193, 58.215618897700601, 0.0 ], [ 53.852746962278651, 58.215614639288596, 0.0 ], [ 53.85281469595234, 58.215732960210396, 0.0 ], [ 53.852957399608272, 58.215948062640187, 0.0 ] ] } },
{ "type": "Feature", "properties": { "fid": 171, "handle": 204, "block": -1, "etype": 18, "space": 0, "layer": "0", "olinetype": "ByLayer", "linetype": "", "color": "0,0,0,187", "ocolor": 256, "color24": -1, "transparency": 0, "lweight": -1, "linewidth": 0.0, "ltscale": 1.0, "visible": 0, "width": 0.0, "thickness": 0.0, "ext": "(3:0,0,1)" }, "geometry": { "type": "LineString", "coordinates": [ [ 53.853292527848367, 58.215628645756411, 0.0 ], [ 53.85281469595234, 58.215732960210396, 0.0 ], [ 53.852746962278651, 58.215614639288596, 0.0 ], [ 53.852679229427586, 58.215496228547437, 0.0 ], [ 53.853148642908046, 58.215411028437963, 0.0 ], [ 53.853292527848367, 58.215628645756411, 0.0 ] ] } },
{ "type": "Feature", "properties": { "fid": 172, "handle": 205, "block": -1, "etype": 18, "space": 0, "layer": "0", "olinetype": "ByLayer", "linetype": "", "color": "0,0,0,187", "ocolor": 256, "color24": -1, "transparency": 0, "lweight": -1, "linewidth": 0.0, "ltscale": 1.0, "visible": 0, "width": 0.0, "thickness": 0.0, "ext": "(3:0,0,1)" }, "geometry": { "type": "LineString", "coordinates": [ [ 53.853443443841613, 58.215833252618005, 0.0 ], [ 53.852957399608272, 58.215948062640187, 0.0 ], [ 53.85281469595234, 58.215732960210396, 0.0 ], [ 53.853292527848367, 58.215628645756411, 0.0 ], [ 53.853365942340631, 58.215731350878457, 0.0 ], [ 53.853443443841613, 58.215833252618005, 0.0 ] ] } },
{ "type": "Feature", "properties": { "fid": 173, "handle": 206, "block": -1, "etype": 18, "space": 0, "layer": "0", "olinetype": "ByLayer", "linetype": "", "color": "0,0,0,187", "ocolor": 256, "color24": -1, "transparency": 0, "lweight": -1, "linewidth": 0.0, "ltscale": 1.0, "visible": 0, "width": 0.0, "thickness": 0.0, "ext": "(3:0,0,1)" }, "geometry": { "type": "LineString", "coordinates": [ [ 53.853610592272538, 58.216021447854565, 0.0 ], [ 53.853139979804951, 58.216148037710411, 0.0 ], [ 53.852957399608272, 58.215948062640187, 0.0 ], [ 53.853443443841613, 58.215833252618005, 0.0 ], [ 53.853514029486668, 58.215920781265957, 0.0 ], [ 53.853610592272538, 58.216021447854565, 0.0 ] ] } },
{ "type": "Feature", "properties": { "fid": 174, "handle": 207, "block": -1, "etype": 18, "space": 0, "layer": "0", "olinetype": "ByLayer", "linetype": "", "color": "0,0,0,187", "ocolor": 256, "color24": -1, "transparency": 0, "lweight": -1, "linewidth": 0.0, "ltscale": 1.0, "visible": 0, "width": 0.0, "thickness": 0.0, "ext": "(3:0,0,1)" }, "geometry": { "type": "LineString", "coordinates": [ [ 53.853787676245766, 58.216193673091553, 0.0 ], [ 53.85375427020363, 58.21624929952111, 0.0 ], [ 53.853544493165643, 58.216289729887393, 0.0 ], [ 53.853327790448198, 58.216317941610512, 0.0 ], [ 53.853139979804951, 58.216148037710411, 0.0 ], [ 53.853610592272538, 58.216021447854565, 0.0 ], [ 53.853787676245766, 58.216193673091553, 0.0 ] ] } },
{ "type": "Feature", "properties": { "fid": 175, "handle": 208, "block": -1, "etype": 18, "space": 0, "layer": "0", "olinetype": "ByLayer", "linetype": "", "color": "0,0,0,187", "ocolor": 256, "color24": -1, "transparency": 0, "lweight": -1, "linewidth": 0.0, "ltscale": 1.0, "visible": 0, "width": 0.0, "thickness": 0.0, "ext": "(3:0,0,1)" }, "geometry": { "type": "LineString", "coordinates": [ [ 53.853327790448198, 58.216317941610512, 0.0 ], [ 53.853046648625643, 58.216335574230193, 0.0 ], [ 53.852763720648532, 58.21633255434341, 0.0 ], [ 53.852722713176476, 58.216005431696466, 0.0 ], [ 53.852957399608272, 58.215948062640187, 0.0 ], [ 53.853139979804951, 58.216148037710411, 0.0 ], [ 53.853327790448198, 58.216317941610512, 0.0 ] ] } },
{ "type": "Feature", "properties": { "fid": 176, "handle": 209, "block": -1, "etype": 18, "space": 0, "layer": "0", "olinetype": "ByLayer", "linetype": "", "color": "0,0,0,187", "ocolor": 256, "color24": -1, "transparency": 0, "lweight": -1, "linewidth": 0.0, "ltscale": 1.0, "visible": 0, "width": 0.0, "thickness": 0.0, "ext": "(3:0,0,1)" }, "geometry": { "type": "LineString", "coordinates": [ [ 53.855468689859798, 58.217142339398464, 0.0 ], [ 53.855814214145994, 58.217025296007044, 0.0 ], [ 53.856724089624848, 58.217963464498617, 0.0 ], [ 53.857315272007511, 58.217982443010442, 0.0 ], [ 53.857360580189798, 58.217970193602532, 0.0 ], [ 53.857085443416324, 58.2175500656775, 0.0 ], [ 53.85685633208324, 58.217194362385328, 0.0 ], [ 53.856795110855636, 58.217102536600933, 0.0 ], [ 53.856008193150259, 58.216979098037079, 0.0 ], [ 53.855672654825845, 58.216941908068804, 0.0 ], [ 53.855330019605425, 58.216934606516489, 0.0 ], [ 53.855468689859798, 58.217142339398464, 0.0 ] ] } },
{ "type": "Feature", "properties": { "fid": 177, "handle": 210, "block": -1, "etype": 18, "space": 0, "layer": "0", "olinetype": "ByLayer", "linetype": "", "color": "0,0,0,187", "ocolor": 256, "color24": -1, "transparency": 0, "lweight": -1, "linewidth": 0.0, "ltscale": 1.0, "visible": 0, "width": 0.0, "thickness": 0.0, "ext": "(3:0,0,1)" }, "geometry": { "type": "LineString", "coordinates": [ [ 53.841705062645516, 58.217513043942866, 0.0 ], [ 53.841688922654846, 58.217545884063142, 0.0 ], [ 53.841121623280863, 58.217478290993824, 0.0 ], [ 53.841076475557742, 58.217415566997943, 0.0 ], [ 53.841045700478823, 58.217372882256669, 0.0 ], [ 53.840983305460448, 58.217286254751286, 0.0 ], [ 53.840845496336549, 58.217094937241797, 0.0 ], [ 53.840981169237544, 58.217003439231995, 0.0 ], [ 53.84188076102901, 58.217221022003216, 0.0 ], [ 53.841800501492479, 58.217286642770354, 0.0 ], [ 53.841743352235881, 58.217358756464947, 0.0 ], [ 53.84171119534787, 58.217435031125952, 0.0 ], [ 53.841705062645516, 58.217513043942866, 0.0 ] ] } },
{ "type": "Feature", "properties": { "fid": 178, "handle": 211, "block": -1, "etype": 18, "space": 0, "layer": "0", "olinetype": "ByLayer", "linetype": "", "color": "0,0,0,187", "ocolor": 256, "color24": -1, "transparency": 0, "lweight": -1, "linewidth": 0.0, "ltscale": 1.0, "visible": 0, "width": 0.0, "thickness": 0.0, "ext": "(3:0,0,1)" }, "geometry": { "type": "LineString", "coordinates": [ [ 53.841441123288796, 58.218132839236553, 0.0 ], [ 53.841268852190851, 58.218113142245485, 0.0 ], [ 53.841182971731996, 58.218103338871394, 0.0 ], [ 53.840842851680428, 58.218064488170484, 0.0 ], [ 53.841047422863923, 58.217634239379585, 0.0 ], [ 53.841121623280863, 58.217478290993824, 0.0 ], [ 53.841688922654846, 58.217545884063142, 0.0 ], [ 53.841637244139484, 58.217650146402384, 0.0 ], [ 53.841441123288796, 58.218132839236553, 0.0 ] ] } },
{ "type": "Feature", "properties": { "fid": 179, "handle": 212, "block": -1, "etype": 18, "space": 0, "layer": "0", "olinetype": "ByLayer", "linetype": "", "color": "0,0,0,187", "ocolor": 256, "color24": -1, "transparency": 0, "lweight": -1, "linewidth": 0.0, "ltscale": 1.0, "visible": 0, "width": 0.0, "thickness": 0.0, "ext": "(3:0,0,1)" }, "geometry": { "type": "LineString", "coordinates": [ [ 53.847220447915468, 58.217792439231985, 0.0 ], [ 53.84695759745653, 58.217707818857818, 0.0 ], [ 53.846943593370192, 58.217719922596316, 0.0 ], [ 53.846853645092658, 58.217706347314326, 0.0 ], [ 53.846760945512138, 58.217699502300306, 0.0 ], [ 53.846799600594444, 58.217337189235415, 0.0 ], [ 53.847226227365098, 58.217477401680434, 0.0 ], [ 53.847579161460288, 58.217662684886797, 0.0 ], [ 53.847220447915468, 58.217792439231985, 0.0 ] ] } },
{ "type": "Feature", "properties": { "fid": 180, "handle": 213, "block": -1, "etype": 18, "space": 0, "layer": "0", "olinetype": "ByLayer", "linetype": "", "color": "0,0,0,187", "ocolor": 256, "color24": -1, "transparency": 0, "lweight": -1, "linewidth": 0.0, "ltscale": 1.0, "visible": 0, "width": 0.0, "thickness": 0.0, "ext": "(3:0,0,1)" }, "geometry": { "type": "LineString", "coordinates": [ [ 53.847020159735031, 58.218193523886207, 0.0 ], [ 53.847015227417067, 58.218193069059176, 0.0 ], [ 53.846765804497501, 58.218229400537112, 0.0 ], [ 53.846521148289497, 58.218265019011319, 0.0 ], [ 53.846314073742441, 58.217833726993732, 0.0 ], [ 53.846497393564626, 58.217816889273998, 0.0 ], [ 53.846682725096365, 58.217806966911773, 0.0 ], [ 53.846758948409011, 58.217807417670805, 0.0 ], [ 53.846833951272565, 58.217814690337953, 0.0 ], [ 53.846824558444979, 58.217822759419803, 0.0 ], [ 53.847040853844589, 58.217892420440094, 0.0 ], [ 53.847020159735031, 58.218193523886207, 0.0 ] ] } },
{ "type": "Feature", "properties": { "fid": 181, "handle": 214, "block": -1, "etype": 18, "space": 0, "layer": "0", "olinetype": "ByLayer", "linetype": "", "color": "0,0,0,187", "ocolor": 256, "color24": -1, "transparency": 0, "lweight": -1, "linewidth": 0.0, "ltscale": 1.0, "visible": 0, "width": 0.0, "thickness": 0.0, "ext": "(3:0,0,1)" }, "geometry": { "type": "LineString", "coordinates": [ [ 53.847613319427104, 58.218108312966443, 0.0 ], [ 53.847510491961366, 58.218240797795978, 0.0 ], [ 53.847423070814564, 58.218232702631241, 0.0 ], [ 53.847309119551888, 58.2182216128382, 0.0 ], [ 53.847020159735031, 58.218193523886207, 0.0 ], [ 53.847040853844589, 58.217892420440094, 0.0 ], [ 53.847118964374125, 58.217849777966435, 0.0 ], [ 53.847613319427104, 58.218108312966443, 0.0 ] ] } },
{ "type": "Feature", "properties": { "fid": 182, "handle": 215, "block": -1, "etype": 18, "space": 0, "layer": "0", "olinetype": "ByLayer", "linetype": "", "color": "0,0,0,187", "ocolor": 256, "color24": -1, "transparency": 0, "lweight": -1, "linewidth": 0.0, "ltscale": 1.0, "visible": 0, "width": 0.0, "thickness": 0.0, "ext": "(3:0,0,1)" }, "geometry": { "type": "LineString", "coordinates": [ [ 53.849483742487116, 58.212851921023706, 0.0 ], [ 53.849596000621382, 58.212937525879937, 0.0 ], [ 53.849703999787259, 58.21302465190746, 0.0 ], [ 53.850224254303129, 58.212858808527187, 0.0 ], [ 53.849995183379839, 58.212677987795765, 0.0 ], [ 53.849483742487116, 58.212851921023706, 0.0 ] ] } },
{ "type": "Feature", "properties": { "fid": 183, "handle": 216, "block": -1, "etype": 18, "space": 0, "layer": "0", "olinetype": "ByLayer", "linetype": "", "color": "0,0,0,187", "ocolor": 256, "color24": -1, "transparency": 0, "lweight": -1, "linewidth": 0.0, "ltscale": 1.0, "visible": 0, "width": 0.0, "thickness": 0.0, "ext": "(3:0,0,1)" }, "geometry": { "type": "LineString", "coordinates": [ [ 53.851148152958856, 58.216722037435034, 0.0 ], [ 53.851043778764591, 58.216700098545957, 0.0 ], [ 53.850946924757913, 58.216670087997187, 0.0 ], [ 53.850850070914774, 58.216640077374905, 0.0 ], [ 53.850762946110102, 58.216602715955879, 0.0 ], [ 53.851066456428519, 58.216323400401158, 0.0 ], [ 53.851401886193678, 58.216465287990722, 0.0 ], [ 53.851148152958856, 58.216722037435034, 0.0 ] ] } },
{ "type": "Feature", "properties": { "fid": 184, "handle": 217, "block": -1, "etype": 18, "space": 0, "layer": "0", "olinetype": "ByLayer", "linetype": "", "color": "0,0,0,187", "ocolor": 256, "color24": -1, "transparency": 0, "lweight": -1, "linewidth": 0.0, "ltscale": 1.0, "visible": 0, "width": 0.0, "thickness": 0.0, "ext": "(3:0,0,1)" }, "geometry": { "type": "LineString", "coordinates": [ [ 53.846776821923648, 58.213192830541864, 0.0 ], [ 53.846736079646647, 58.213014923617102, 0.0 ], [ 53.846950378970575, 58.212830409887623, 0.0 ], [ 53.847237738553673, 58.212943520601968, 0.0 ], [ 53.847490475338148, 58.213077508438353, 0.0 ], [ 53.847206631874791, 58.213174761512953, 0.0 ], [ 53.846776821923648, 58.213192830541864, 0.0 ] ] } },
{ "type": "Feature", "properties": { "fid": 185, "handle": 218, "block": -1, "etype": 18, "space": 0, "layer": "0", "olinetype": "ByLayer", "linetype": "", "color": "0,0,0,187", "ocolor": 256, "color24": -1, "transparency": 0, "lweight": -1, "linewidth": 0.0, "ltscale": 1.0, "visible": 0, "width": 0.0, "thickness": 0.0, "ext": "(3:0,0,1)" }, "geometry": { "type": "LineString", "coordinates": [ [ 53.845303290060023, 58.213565262117633, 0.0 ], [ 53.845307904265404, 58.21324806825119, 0.0 ], [ 53.845837430238994, 58.213224917425606, 0.0 ], [ 53.845857865486842, 58.213572936787706, 0.0 ], [ 53.845580909792872, 58.213570985575728, 0.0 ], [ 53.845303290060023, 58.213565262117633, 0.0 ] ] } },
{ "type": "Feature", "properties": { "fid": 186, "handle": 219, "block": -1, "etype": 18, "space": 0, "layer": "0", "olinetype": "ByLayer", "linetype": "", "color": "0,0,0,187", "ocolor": 256, "color24": -1, "transparency": 0, "lweight": -1, "linewidth": 0.0, "ltscale": 1.0, "visible": 0, "width": 0.0, "thickness": 0.0, "ext": "(3:0,0,1)" }, "geometry": { "type": "LineString", "coordinates": [ [ 53.844707884898511, 58.213246351233948, 0.0 ], [ 53.845307904265404, 58.21324806825119, 0.0 ], [ 53.845303290060023, 58.213565262117633, 0.0 ], [ 53.845049518007755, 58.213552653834469, 0.0 ], [ 53.844794821739676, 58.213556922919508, 0.0 ], [ 53.844715886235356, 58.213517412550338, 0.0 ], [ 53.844706951771386, 58.213381920775305, 0.0 ], [ 53.844707884898511, 58.213246351233948, 0.0 ] ] } },
{ "type": "Feature", "properties": { "fid": 187, "handle": 220, "block": -1, "etype": 18, "space": 0, "layer": "0", "olinetype": "ByLayer", "linetype": "", "color": "0,0,0,187", "ocolor": 256, "color24": -1, "transparency": 0, "lweight": -1, "linewidth": 0.0, "ltscale": 1.0, "visible": 0, "width": 0.0, "thickness": 0.0, "ext": "(3:0,0,1)" }, "geometry": { "type": "LineString", "coordinates": [ [ 53.845346947072535, 58.212955247033157, 0.0 ], [ 53.844746106764298, 58.212947872935459, 0.0 ], [ 53.844720787431868, 58.213096880071966, 0.0 ], [ 53.844707884898511, 58.213246351233948, 0.0 ], [ 53.845307904265404, 58.21324806825119, 0.0 ], [ 53.845346947072535, 58.212955247033157, 0.0 ] ] } },
{ "type": "Feature", "properties": { "fid": 188, "handle": 221, "block": -1, "etype": 18, "space": 0, "layer": "0", "olinetype": "ByLayer", "linetype": "", "color": "0,0,0,187", "ocolor": 256, "color24": -1, "transparency": 0, "lweight": -1, "linewidth": 0.0, "ltscale": 1.0, "visible": 0, "width": 0.0, "thickness": 0.0, "ext": "(3:0,0,1)" }, "geometry": { "type": "LineString", "coordinates": [ [ 53.844746106764298, 58.212947872935459, 0.0 ], [ 53.844780735827555, 58.212809561172648, 0.0 ], [ 53.844827779079957, 58.212672252108341, 0.0 ], [ 53.844907402456407, 58.212631767565746, 0.0 ], [ 53.845172335692247, 58.212619160974505, 0.0 ], [ 53.845438246865506, 58.212616341247987, 0.0 ], [ 53.845346947072535, 58.212955247033157, 0.0 ], [ 53.844746106764298, 58.212947872935459, 0.0 ] ] } },
{ "type": "Feature", "properties": { "fid": 189, "handle": 222, "block": -1, "etype": 18, "space": 0, "layer": "0", "olinetype": "ByLayer", "linetype": "", "color": "0,0,0,187", "ocolor": 256, "color24": -1, "transparency": 0, "lweight": -1, "linewidth": 0.0, "ltscale": 1.0, "visible": 0, "width": 0.0, "thickness": 0.0, "ext": "(3:0,0,1)" }, "geometry": { "type": "LineString", "coordinates": [ [ 53.84615517118079, 58.212922377077284, 0.0 ], [ 53.846736079646647, 58.213014923617102, 0.0 ], [ 53.846776821923648, 58.213192830541864, 0.0 ], [ 53.846315889558113, 58.213208436501645, 0.0 ], [ 53.845974230048327, 58.213220234542383, 0.0 ], [ 53.846016339244706, 58.212964406973363, 0.0 ], [ 53.8461430436708, 58.21297290965714, 0.0 ], [ 53.84615517118079, 58.212922377077284, 0.0 ] ] } },
{ "type": "Feature", "properties": { "fid": 190, "handle": 223, "block": -1, "etype": 18, "space": 0, "layer": "0", "olinetype": "ByLayer", "linetype": "", "color": "0,0,0,187", "ocolor": 256, "color24": -1, "transparency": 0, "lweight": -1, "linewidth": 0.0, "ltscale": 1.0, "visible": 0, "width": 0.0, "thickness": 0.0, "ext": "(3:0,0,1)" }, "geometry": { "type": "LineString", "coordinates": [ [ 53.84615517118079, 58.212922377077284, 0.0 ], [ 53.846179422596826, 58.212822119945869, 0.0 ], [ 53.846227716845881, 58.212708963213771, 0.0 ], [ 53.846325145772354, 58.212681338076457, 0.0 ], [ 53.8466479354611, 58.212743945608317, 0.0 ], [ 53.846950378970575, 58.212830409887623, 0.0 ], [ 53.846736079646647, 58.213014923617102, 0.0 ], [ 53.84615517118079, 58.212922377077284, 0.0 ] ] } },
{ "type": "Feature", "properties": { "fid": 191, "handle": 224, "block": -1, "etype": 18, "space": 0, "layer": "0", "olinetype": "ByLayer", "linetype": "", "color": "0,0,0,187", "ocolor": 256, "color24": -1, "transparency": 0, "lweight": -1, "linewidth": 0.0, "ltscale": 1.0, "visible": 0, "width": 0.0, "thickness": 0.0, "ext": "(3:0,0,1)" }, "geometry": { "type": "LineString", "coordinates": [ [ 53.845857865486842, 58.213572936787706, 0.0 ], [ 53.846108811613441, 58.213570366912492, 0.0 ], [ 53.846359436879126, 58.213563307062628, 0.0 ], [ 53.846315889558113, 58.213208436501645, 0.0 ], [ 53.845974230048327, 58.213220234542383, 0.0 ], [ 53.845837430238994, 58.213224917425606, 0.0 ], [ 53.845857865486842, 58.213572936787706, 0.0 ] ] } },
{ "type": "Feature", "properties": { "fid": 192, "handle": 225, "block": -1, "etype": 18, "space": 0, "layer": "0", "olinetype": "ByLayer", "linetype": "", "color": "0,0,0,187", "ocolor": 256, "color24": -1, "transparency": 0, "lweight": -1, "linewidth": 0.0, "ltscale": 1.0, "visible": 0, "width": 0.0, "thickness": 0.0, "ext": "(3:0,0,1)" }, "geometry": { "type": "LineString", "coordinates": [ [ 53.845307904265404, 58.21324806825119, 0.0 ], [ 53.845346947072535, 58.212955247033157, 0.0 ], [ 53.845889805000965, 58.212955904369537, 0.0 ], [ 53.846016339244706, 58.212964406973363, 0.0 ], [ 53.845974230048327, 58.213220234542383, 0.0 ], [ 53.845837430238994, 58.213224917425606, 0.0 ], [ 53.845307904265404, 58.21324806825119, 0.0 ] ] } },
{ "type": "Feature", "properties": { "fid": 193, "handle": 226, "block": -1, "etype": 18, "space": 0, "layer": "0", "olinetype": "ByLayer", "linetype": "", "color": "0,0,0,187", "ocolor": 256, "color24": -1, "transparency": 0, "lweight": -1, "linewidth": 0.0, "ltscale": 1.0, "visible": 0, "width": 0.0, "thickness": 0.0, "ext": "(3:0,0,1)" }, "geometry": { "type": "LineString", "coordinates": [ [ 53.845346947072535, 58.212955247033157, 0.0 ], [ 53.845438246865506, 58.212616341247987, 0.0 ], [ 53.845717381713463, 58.212624041454674, 0.0 ], [ 53.845994769147218, 58.21264242298809, 0.0 ], [ 53.846060565562588, 58.212690984682077, 0.0 ], [ 53.846004682310216, 58.212827924391718, 0.0 ], [ 53.84592202728625, 58.212822347832805, 0.0 ], [ 53.845889805000965, 58.212955904369537, 0.0 ], [ 53.845346947072535, 58.212955247033157, 0.0 ] ] } },
{ "type": "Feature", "properties": { "fid": 194, "handle": 227, "block": -1, "etype": 18, "space": 0, "layer": "0", "olinetype": "ByLayer", "linetype": "", "color": "0,0,0,187", "ocolor": 256, "color24": -1, "transparency": 0, "lweight": -1, "linewidth": 0.0, "ltscale": 1.0, "visible": 0, "width": 0.0, "thickness": 0.0, "ext": "(3:0,0,1)" }, "geometry": { "type": "LineString", "coordinates": [ [ 53.846272880431535, 58.214930042216693, 0.0 ], [ 53.846448218123385, 58.21526056103064, 0.0 ], [ 53.846670072659641, 58.215221054654641, 0.0 ], [ 53.846890394352158, 58.215181815398289, 0.0 ], [ 53.846747145240144, 58.214865790647302, 0.0 ], [ 53.846509169769476, 58.214896209781386, 0.0 ], [ 53.846272880431535, 58.214930042216693, 0.0 ] ] } },
{ "type": "Feature", "properties": { "fid": 195, "handle": 228, "block": -1, "etype": 18, "space": 0, "layer": "0", "olinetype": "ByLayer", "linetype": "", "color": "0,0,0,187", "ocolor": 256, "color24": -1, "transparency": 0, "lweight": -1, "linewidth": 0.0, "ltscale": 1.0, "visible": 0, "width": 0.0, "thickness": 0.0, "ext": "(3:0,0,1)" }, "geometry": { "type": "LineString", "coordinates": [ [ 53.846017618325916, 58.215337164349158, 0.0 ], [ 53.846448218123385, 58.21526056103064, 0.0 ], [ 53.846272880431535, 58.214930042216693, 0.0 ], [ 53.84594190305075, 58.214985576834898, 0.0 ], [ 53.845791807613779, 58.215033698036969, 0.0 ], [ 53.846017618325916, 58.215337164349158, 0.0 ] ] } },
{ "type": "Feature", "properties": { "fid": 196, "handle": 229, "block": -1, "etype": 18, "space": 0, "layer": "0", "olinetype": "ByLayer", "linetype": "", "color": "0,0,0,187", "ocolor": 256, "color24": -1, "transparency": 0, "lweight": -1, "linewidth": 0.0, "ltscale": 1.0, "visible": 0, "width": 0.0, "thickness": 0.0, "ext": "(3:0,0,1)" }, "geometry": { "type": "LineString", "coordinates": [ [ 53.847017182433483, 58.216317887774281, 0.0 ], [ 53.846434198655317, 58.216535177298383, 0.0 ], [ 53.84657229581736, 58.216626921043712, 0.0 ], [ 53.846676312340009, 58.216691599321763, 0.0 ], [ 53.846997866523608, 58.216575718090482, 0.0 ], [ 53.847279543677359, 58.21647433295135, 0.0 ], [ 53.847072290004718, 58.216361408303264, 0.0 ], [ 53.847017182433483, 58.216317887774281, 0.0 ] ] } },
{ "type": "Feature", "properties": { "fid": 197, "handle": 230, "block": -1, "etype": 18, "space": 0, "layer": "0", "olinetype": "ByLayer", "linetype": "", "color": "0,0,0,187", "ocolor": 256, "color24": -1, "transparency": 0, "lweight": -1, "linewidth": 0.0, "ltscale": 1.0, "visible": 0, "width": 0.0, "thickness": 0.0, "ext": "(3:0,0,1)" }, "geometry": { "type": "LineString", "coordinates": [ [ 53.844706737696796, 58.216076095345905, 0.0 ], [ 53.844990493611157, 58.216083712963076, 0.0 ], [ 53.845274611439805, 58.216086392386302, 0.0 ], [ 53.845283663563734, 58.216351708777985, 0.0 ], [ 53.845288929457332, 58.216509821024346, 0.0 ], [ 53.84479939625836, 58.216480495898544, 0.0 ], [ 53.844709422091718, 58.216473742490926, 0.0 ], [ 53.844706737696796, 58.216076095345905, 0.0 ] ] } },
{ "type": "Feature", "properties": { "fid": 198, "handle": 231, "block": -1, "etype": 18, "space": 0, "layer": "0", "olinetype": "ByLayer", "linetype": "", "color": "0,0,0,187", "ocolor": 256, "color24": -1, "transparency": 0, "lweight": -1, "linewidth": 0.0, "ltscale": 1.0, "visible": 0, "width": 0.0, "thickness": 0.0, "ext": "(3:0,0,1)" }, "geometry": { "type": "LineString", "coordinates": [ [ 53.84479939625836, 58.216480495898544, 0.0 ], [ 53.844592794594888, 58.216842334488391, 0.0 ], [ 53.844927591941655, 58.216890506056998, 0.0 ], [ 53.845259221697901, 58.216923948678819, 0.0 ], [ 53.845288929457332, 58.216509821024346, 0.0 ], [ 53.84479939625836, 58.216480495898544, 0.0 ] ] } },
{ "type": "Feature", "properties": { "fid": 199, "handle": 232, "block": -1, "etype": 18, "space": 0, "layer": "0", "olinetype": "ByLayer", "linetype": "", "color": "0,0,0,187", "ocolor": 256, "color24": -1, "transparency": 0, "lweight": -1, "linewidth": 0.0, "ltscale": 1.0, "visible": 0, "width": 0.0, "thickness": 0.0, "ext": "(3:0,0,1)" }, "geometry": { "type": "LineString", "coordinates": [ [ 53.844230839377033, 58.216430602114762, 0.0 ], [ 53.843965231392275, 58.216164343468812, 0.0 ], [ 53.844326553987386, 58.216098166983215, 0.0 ], [ 53.844706737696796, 58.216076095345905, 0.0 ], [ 53.844709422091718, 58.216473742490926, 0.0 ], [ 53.844230839377033, 58.216430602114762, 0.0 ] ] } },
{ "type": "Feature", "properties": { "fid": 200, "handle": 233, "block": -1, "etype": 18, "space": 0, "layer": "0", "olinetype": "ByLayer", "linetype": "", "color": "0,0,0,187", "ocolor": 256, "color24": -1, "transparency": 0, "lweight": -1, "linewidth": 0.0, "ltscale": 1.0, "visible": 0, "width": 0.0, "thickness": 0.0, "ext": "(3:0,0,1)" }, "geometry": { "type": "LineString", "coordinates": [ [ 53.851708477415336, 58.213002847909614, 0.0 ], [ 53.851315022050109, 58.212749922934641, 0.0 ], [ 53.85151371347834, 58.212671056655154, 0.0 ], [ 53.851713252750478, 58.21259263996189, 0.0 ], [ 53.851907047569661, 58.212912399015046, 0.0 ], [ 53.851708477415336, 58.213002847909614, 0.0 ] ] } },
{ "type": "Feature", "properties": { "fid": 201, "handle": 234, "block": -1, "etype": 18, "space": 0, "layer": "0", "olinetype": "ByLayer", "linetype": "", "color": "0,0,0,187", "ocolor": 256, "color24": -1, "transparency": 0, "lweight": -1, "linewidth": 0.0, "ltscale": 1.0, "visible": 0, "width": 0.0, "thickness": 0.0, "ext": "(3:0,0,1)" }, "geometry": { "type": "LineString", "coordinates": [ [ 53.851500092504594, 58.213121207232518, 0.0 ], [ 53.851023753118575, 58.212917115927603, 0.0 ], [ 53.851162766378238, 58.212830369418015, 0.0 ], [ 53.851315022050109, 58.212749922934641, 0.0 ], [ 53.851708477415336, 58.213002847909614, 0.0 ], [ 53.851500092504594, 58.213121207232518, 0.0 ] ] } },
{ "type": "Feature", "properties": { "fid": 202, "handle": 235, "block": -1, "etype": 18, "space": 0, "layer": "0", "olinetype": "ByLayer", "linetype": "", "color": "0,0,0,187", "ocolor": 256, "color24": -1, "transparency": 0, "lweight": -1, "linewidth": 0.0, "ltscale": 1.0, "visible": 0, "width": 0.0, "thickness": 0.0, "ext": "(3:0,0,1)" }, "geometry": { "type": "LineString", "coordinates": [ [ 53.85133859286163, 58.213255691854357, 0.0 ], [ 53.850795516436847, 58.213103505583092, 0.0 ], [ 53.850902075397869, 58.213007743182132, 0.0 ], [ 53.851023753118575, 58.212917115927603, 0.0 ], [ 53.851500092504594, 58.213121207232518, 0.0 ], [ 53.85133859286163, 58.213255691854357, 0.0 ] ] } },
{ "type": "Feature", "properties": { "fid": 203, "handle": 236, "block": -1, "etype": 18, "space": 0, "layer": "0", "olinetype": "ByLayer", "linetype": "", "color": "0,0,0,187", "ocolor": 256, "color24": -1, "transparency": 0, "lweight": -1, "linewidth": 0.0, "ltscale": 1.0, "visible": 0, "width": 0.0, "thickness": 0.0, "ext": "(3:0,0,1)" }, "geometry": { "type": "LineString", "coordinates": [ [ 53.85133859286163, 58.213255691854357, 0.0 ], [ 53.851219421571592, 58.213397677572118, 0.0 ], [ 53.850629297173015, 58.213307834101357, 0.0 ], [ 53.850704758690014, 58.213203955057757, 0.0 ], [ 53.850795516436847, 58.213103505583092, 0.0 ], [ 53.85133859286163, 58.213255691854357, 0.0 ] ] } },
{ "type": "Feature", "properties": { "fid": 204, "handle": 237, "block": -1, "etype": 18, "space": 0, "layer": "0", "olinetype": "ByLayer", "linetype": "", "color": "0,0,0,187", "ocolor": 256, "color24": -1, "transparency": 0, "lweight": -1, "linewidth": 0.0, "ltscale": 1.0, "visible": 0, "width": 0.0, "thickness": 0.0, "ext": "(3:0,0,1)" }, "geometry": { "type": "LineString", "coordinates": [ [ 53.851219421571592, 58.213397677572118, 0.0 ], [ 53.851154938300986, 58.213520872840228, 0.0 ], [ 53.850773852994827, 58.213562535053562, 0.0 ], [ 53.85052588591455, 58.21354455753368, 0.0 ], [ 53.85056755932046, 58.213425016905752, 0.0 ], [ 53.850629297173015, 58.213307834101357, 0.0 ], [ 53.851219421571592, 58.213397677572118, 0.0 ] ] } },
{ "type": "Feature", "properties": { "fid": 205, "handle": 238, "block": -1, "etype": 18, "space": 0, "layer": "0", "olinetype": "ByLayer", "linetype": "", "color": "0,0,0,187", "ocolor": 256, "color24": -1, "transparency": 0, "lweight": -1, "linewidth": 0.0, "ltscale": 1.0, "visible": 0, "width": 0.0, "thickness": 0.0, "ext": "(3:0,0,1)" }, "geometry": { "type": "LineString", "coordinates": [ [ 53.851548209799368, 58.214307820697975, 0.0 ], [ 53.851414876871516, 58.21421501047179, 0.0 ], [ 53.851030958931815, 58.214240778758509, 0.0 ], [ 53.850811374906449, 58.2143093846935, 0.0 ], [ 53.850923934345047, 58.21440612166284, 0.0 ], [ 53.851051658476173, 58.214497489336416, 0.0 ], [ 53.851548209799368, 58.214307820697975, 0.0 ] ] } },
{ "type": "Feature", "properties": { "fid": 206, "handle": 239, "block": -1, "etype": 18, "space": 0, "layer": "0", "olinetype": "ByLayer", "linetype": "", "color": "0,0,0,187", "ocolor": 256, "color24": -1, "transparency": 0, "lweight": -1, "linewidth": 0.0, "ltscale": 1.0, "visible": 0, "width": 0.0, "thickness": 0.0, "ext": "(3:0,0,1)" }, "geometry": { "type": "LineString", "coordinates": [ [ 53.85176786376234, 58.214425870103803, 0.0 ], [ 53.851355318980858, 58.214665107379375, 0.0 ], [ 53.85119692465527, 58.214584567826186, 0.0 ], [ 53.851051658476173, 58.214497489336416, 0.0 ], [ 53.851548209799368, 58.214307820697975, 0.0 ], [ 53.85176786376234, 58.214425870103803, 0.0 ] ] } },
{ "type": "Feature", "properties": { "fid": 207, "handle": 240, "block": -1, "etype": 18, "space": 0, "layer": "0", "olinetype": "ByLayer", "linetype": "", "color": "0,0,0,187", "ocolor": 256, "color24": -1, "transparency": 0, "lweight": -1, "linewidth": 0.0, "ltscale": 1.0, "visible": 0, "width": 0.0, "thickness": 0.0, "ext": "(3:0,0,1)" }, "geometry": { "type": "LineString", "coordinates": [ [ 53.85176786376234, 58.214425870103803, 0.0 ], [ 53.85199546938145, 58.214514120777551, 0.0 ], [ 53.851698767530877, 58.214798115180614, 0.0 ], [ 53.851521752944336, 58.214735420964487, 0.0 ], [ 53.851355318980858, 58.214665107379375, 0.0 ], [ 53.85176786376234, 58.214425870103803, 0.0 ] ] } },
{ "type": "Feature", "properties": { "fid": 208, "handle": 241, "block": -1, "etype": 18, "space": 0, "layer": "0", "olinetype": "ByLayer", "linetype": "", "color": "0,0,0,187", "ocolor": 256, "color24": -1, "transparency": 0, "lweight": -1, "linewidth": 0.0, "ltscale": 1.0, "visible": 0, "width": 0.0, "thickness": 0.0, "ext": "(3:0,0,1)" }, "geometry": { "type": "LineString", "coordinates": [ [ 53.852282151034345, 58.214592832846726, 0.0 ], [ 53.85206397568097, 58.214895054993235, 0.0 ], [ 53.851878039013876, 58.214850127729825, 0.0 ], [ 53.851698767530877, 58.214798115180614, 0.0 ], [ 53.85199546938145, 58.214514120777551, 0.0 ], [ 53.852282151034345, 58.214592832846726, 0.0 ] ] } },
{ "type": "Feature", "properties": { "fid": 209, "handle": 242, "block": -1, "etype": 18, "space": 0, "layer": "0", "olinetype": "ByLayer", "linetype": "", "color": "0,0,0,187", "ocolor": 256, "color24": -1, "transparency": 0, "lweight": -1, "linewidth": 0.0, "ltscale": 1.0, "visible": 0, "width": 0.0, "thickness": 0.0, "ext": "(3:0,0,1)" }, "geometry": { "type": "LineString", "coordinates": [ [ 53.852589528140129, 58.214645441676851, 0.0 ], [ 53.852449732924583, 58.214960414325375, 0.0 ], [ 53.852254370599354, 58.214931727220026, 0.0 ], [ 53.85206397568097, 58.214895054993235, 0.0 ], [ 53.852282151034345, 58.214592832846726, 0.0 ], [ 53.852589528140129, 58.214645441676851, 0.0 ] ] } },
{ "type": "Feature", "properties": { "fid": 210, "handle": 243, "block": -1, "etype": 18, "space": 0, "layer": "0", "olinetype": "ByLayer", "linetype": "", "color": "0,0,0,187", "ocolor": 256, "color24": -1, "transparency": 0, "lweight": -1, "linewidth": 0.0, "ltscale": 1.0, "visible": 0, "width": 0.0, "thickness": 0.0, "ext": "(3:0,0,1)" }, "geometry": { "type": "LineString", "coordinates": [ [ 53.852589528140129, 58.214645441676851, 0.0 ], [ 53.852823200014299, 58.214666541044366, 0.0 ], [ 53.852941099945753, 58.214995278739494, 0.0 ], [ 53.852693773246799, 58.214984309164691, 0.0 ], [ 53.852449732924583, 58.214960414325375, 0.0 ], [ 53.852589528140129, 58.214645441676851, 0.0 ] ] } },
{ "type": "Feature", "properties": { "fid": 211, "handle": 244, "block": -1, "etype": 18, "space": 0, "layer": "0", "olinetype": "ByLayer", "linetype": "", "color": "0,0,0,187", "ocolor": 256, "color24": -1, "transparency": 0, "lweight": -1, "linewidth": 0.0, "ltscale": 1.0, "visible": 0, "width": 0.0, "thickness": 0.0, "ext": "(3:0,0,1)" }, "geometry": { "type": "LineString", "coordinates": [ [ 53.846994503133182, 58.215698006574947, 0.0 ], [ 53.84695870427371, 58.215753807931122, 0.0 ], [ 53.846693002599736, 58.215820914907738, 0.0 ], [ 53.846418328951522, 58.215877326482662, 0.0 ], [ 53.846224483597958, 58.215616186727758, 0.0 ], [ 53.846694603192596, 58.215489621735621, 0.0 ], [ 53.846806540552848, 58.2156105128958, 0.0 ], [ 53.846881998315247, 58.215590133271462, 0.0 ], [ 53.846935695526007, 58.215644785123338, 0.0 ], [ 53.846994503133182, 58.215698006574947, 0.0 ] ] } },
{ "type": "Feature", "properties": { "fid": 212, "handle": 245, "block": -1, "etype": 18, "space": 0, "layer": "0", "olinetype": "ByLayer", "linetype": "", "color": "0,0,0,187", "ocolor": 256, "color24": -1, "transparency": 0, "lweight": -1, "linewidth": 0.0, "ltscale": 1.0, "visible": 0, "width": 0.0, "thickness": 0.0, "ext": "(3:0,0,1)" }, "geometry": { "type": "LineString", "coordinates": [ [ 53.847460441980097, 58.215316543019163, 0.0 ], [ 53.846955357926774, 58.215464436949979, 0.0 ], [ 53.846923689648882, 58.215430371603389, 0.0 ], [ 53.846819969170106, 58.215455565521346, 0.0 ], [ 53.846670072659641, 58.215221054654641, 0.0 ], [ 53.846890394352158, 58.215181815398289, 0.0 ], [ 53.847354711541094, 58.215136673167038, 0.0 ], [ 53.847434869953318, 58.215130663943292, 0.0 ], [ 53.847460441980097, 58.215316543019163, 0.0 ] ] } },
{ "type": "Feature", "properties": { "fid": 213, "handle": 246, "block": -1, "etype": 18, "space": 0, "layer": "0", "olinetype": "ByLayer", "linetype": "", "color": "0,0,0,187", "ocolor": 256, "color24": -1, "transparency": 0, "lweight": -1, "linewidth": 0.0, "ltscale": 1.0, "visible": 0, "width": 0.0, "thickness": 0.0, "ext": "(3:0,0,1)" }, "geometry": { "type": "LineString", "coordinates": [ [ 53.84776957685478, 58.215435155220987, 0.0 ], [ 53.847526420234416, 58.21556208557314, 0.0 ], [ 53.847248307614237, 58.215667246374466, 0.0 ], [ 53.847141185851399, 58.215652483546435, 0.0 ], [ 53.847043417022178, 58.215559801186792, 0.0 ], [ 53.846955357926774, 58.215464436949979, 0.0 ], [ 53.847460441980097, 58.215316543019163, 0.0 ], [ 53.84776957685478, 58.215435155220987, 0.0 ] ] } },
{ "type": "Feature", "properties": { "fid": 214, "handle": 247, "block": -1, "etype": 18, "space": 0, "layer": "0", "olinetype": "ByLayer", "linetype": "", "color": "0,0,0,187", "ocolor": 256, "color24": -1, "transparency": 0, "lweight": -1, "linewidth": 0.0, "ltscale": 1.0, "visible": 0, "width": 0.0, "thickness": 0.0, "ext": "(3:0,0,1)" }, "geometry": { "type": "LineString", "coordinates": [ [ 53.846017618325916, 58.215337164349158, 0.0 ], [ 53.846206553584047, 58.215592103560134, 0.0 ], [ 53.846224483597958, 58.215616186727758, 0.0 ], [ 53.846694603192596, 58.215489621735621, 0.0 ], [ 53.846819969170106, 58.215455565521346, 0.0 ], [ 53.846670072659641, 58.215221054654641, 0.0 ], [ 53.846448218123385, 58.21526056103064, 0.0 ], [ 53.846017618325916, 58.215337164349158, 0.0 ] ] } },
{ "type": "Feature", "properties": { "fid": 215, "handle": 248, "block": -1, "etype": 18, "space": 0, "layer": "0", "olinetype": "ByLayer", "linetype": "", "color": "0,0,0,187", "ocolor": 256, "color24": -1, "transparency": 0, "lweight": -1, "linewidth": 0.0, "ltscale": 1.0, "visible": 0, "width": 0.0, "thickness": 0.0, "ext": "(3:0,0,1)" }, "geometry": { "type": "LineString", "coordinates": [ [ 53.845344417722188, 58.21580150943025, 0.0 ], [ 53.845298728841925, 58.215744622079342, 0.0 ], [ 53.845169738854686, 58.215555744012626, 0.0 ], [ 53.844817388203104, 58.215556033908669, 0.0 ], [ 53.844790816309207, 58.215796616983113, 0.0 ], [ 53.845344417722188, 58.21580150943025, 0.0 ] ] } },
{ "type": "Feature", "properties": { "fid": 216, "handle": 249, "block": -1, "etype": 18, "space": 0, "layer": "0", "olinetype": "ByLayer", "linetype": "", "color": "0,0,0,187", "ocolor": 256, "color24": -1, "transparency": 0, "lweight": -1, "linewidth": 0.0, "ltscale": 1.0, "visible": 0, "width": 0.0, "thickness": 0.0, "ext": "(3:0,0,1)" }, "geometry": { "type": "LineString", "coordinates": [ [ 53.84489989530293, 58.215168456158253, 0.0 ], [ 53.844987528667922, 58.215204026572778, 0.0 ], [ 53.845070121364913, 58.215381087039958, 0.0 ], [ 53.845169738854686, 58.215555744012626, 0.0 ], [ 53.844817388203104, 58.215556033908669, 0.0 ], [ 53.844516061627857, 58.215560066121419, 0.0 ], [ 53.844466727459135, 58.215170532167221, 0.0 ], [ 53.844755446437645, 58.215169806652355, 0.0 ], [ 53.84489989530293, 58.215168456158253, 0.0 ] ] } },
{ "type": "Feature", "properties": { "fid": 217, "handle": 250, "block": -1, "etype": 18, "space": 0, "layer": "0", "olinetype": "ByLayer", "linetype": "", "color": "0,0,0,187", "ocolor": 256, "color24": -1, "transparency": 0, "lweight": -1, "linewidth": 0.0, "ltscale": 1.0, "visible": 0, "width": 0.0, "thickness": 0.0, "ext": "(3:0,0,1)" }, "geometry": { "type": "LineString", "coordinates": [ [ 53.842343118475632, 58.215938701456565, 0.0 ], [ 53.84217615884134, 58.215798076056672, 0.0 ], [ 53.842187815671274, 58.215740091392775, 0.0 ], [ 53.842370980931804, 58.215641108987668, 0.0 ], [ 53.842568910201258, 58.215550404481981, 0.0 ], [ 53.842838327886923, 58.215721322413572, 0.0 ], [ 53.842343118475632, 58.215938701456565, 0.0 ] ] } },
{ "type": "Feature", "properties": { "fid": 218, "handle": 251, "block": -1, "etype": 18, "space": 0, "layer": "0", "olinetype": "ByLayer", "linetype": "", "color": "0,0,0,187", "ocolor": 256, "color24": -1, "transparency": 0, "lweight": -1, "linewidth": 0.0, "ltscale": 1.0, "visible": 0, "width": 0.0, "thickness": 0.0, "ext": "(3:0,0,1)" }, "geometry": { "type": "LineString", "coordinates": [ [ 53.844771687696948, 58.215969064667568, 0.0 ], [ 53.844554072780483, 58.215971313440065, 0.0 ], [ 53.844338271866199, 58.21598667220934, 0.0 ], [ 53.844169737248812, 58.215582807048271, 0.0 ], [ 53.84434198028702, 58.215567664741307, 0.0 ], [ 53.844516061627857, 58.215560066121419, 0.0 ], [ 53.844817388203104, 58.215556033908669, 0.0 ], [ 53.844790816309207, 58.215796616983113, 0.0 ], [ 53.844771687696948, 58.215969064667568, 0.0 ] ] } },
{ "type": "Feature", "properties": { "fid": 219, "handle": 252, "block": -1, "etype": 18, "space": 0, "layer": "0", "olinetype": "ByLayer", "linetype": "", "color": "0,0,0,187", "ocolor": 256, "color24": -1, "transparency": 0, "lweight": -1, "linewidth": 0.0, "ltscale": 1.0, "visible": 0, "width": 0.0, "thickness": 0.0, "ext": "(3:0,0,1)" }, "geometry": { "type": "LineString", "coordinates": [ [ 53.844338271866199, 58.21598667220934, 0.0 ], [ 53.844124622625266, 58.216015680088631, 0.0 ], [ 53.84391823561819, 58.216056817053065, 0.0 ], [ 53.843566495995589, 58.215685586864339, 0.0 ], [ 53.843796904568656, 58.215636668874772, 0.0 ], [ 53.844034579375034, 58.215598892310624, 0.0 ], [ 53.844169737248812, 58.215582807048271, 0.0 ], [ 53.844338271866199, 58.21598667220934, 0.0 ] ] } },
{ "type": "Feature", "properties": { "fid": 220, "handle": 253, "block": -1, "etype": 18, "space": 0, "layer": "0", "olinetype": "ByLayer", "linetype": "", "color": "0,0,0,187", "ocolor": 256, "color24": -1, "transparency": 0, "lweight": -1, "linewidth": 0.0, "ltscale": 1.0, "visible": 0, "width": 0.0, "thickness": 0.0, "ext": "(3:0,0,1)" }, "geometry": { "type": "LineString", "coordinates": [ [ 53.84391823561819, 58.216056817053065, 0.0 ], [ 53.843872247866024, 58.216068342611024, 0.0 ], [ 53.843693515857929, 58.21612693075501, 0.0 ], [ 53.843528857549444, 58.216196219962647, 0.0 ], [ 53.84329717664567, 58.216031365274588, 0.0 ], [ 53.843049893842341, 58.215855537568004, 0.0 ], [ 53.843566495995589, 58.215685586864339, 0.0 ], [ 53.84391823561819, 58.216056817053065, 0.0 ] ] } },
{ "type": "Feature", "properties": { "fid": 221, "handle": 254, "block": -1, "etype": 18, "space": 0, "layer": "0", "olinetype": "ByLayer", "linetype": "", "color": "0,0,0,187", "ocolor": 256, "color24": -1, "transparency": 0, "lweight": -1, "linewidth": 0.0, "ltscale": 1.0, "visible": 0, "width": 0.0, "thickness": 0.0, "ext": "(3:0,0,1)" }, "geometry": { "type": "LineString", "coordinates": [ [ 53.843566495995589, 58.215685586864339, 0.0 ], [ 53.843049893842341, 58.215855537568004, 0.0 ], [ 53.842838327886923, 58.215721322413572, 0.0 ], [ 53.842568910201258, 58.215550404481981, 0.0 ], [ 53.842862203824971, 58.215439346963819, 0.0 ], [ 53.843177193322823, 58.215346271834193, 0.0 ], [ 53.843566495995589, 58.215685586864339, 0.0 ] ] } },
{ "type": "Feature", "properties": { "fid": 222, "handle": 255, "block": -1, "etype": 18, "space": 0, "layer": "0", "olinetype": "ByLayer", "linetype": "", "color": "0,0,0,187", "ocolor": 256, "color24": -1, "transparency": 0, "lweight": -1, "linewidth": 0.0, "ltscale": 1.0, "visible": 0, "width": 0.0, "thickness": 0.0, "ext": "(3:0,0,1)" }, "geometry": { "type": "LineString", "coordinates": [ [ 53.844034579375034, 58.215598892310624, 0.0 ], [ 53.843796904568656, 58.215636668874772, 0.0 ], [ 53.843566495995589, 58.215685586864339, 0.0 ], [ 53.843177193322823, 58.215346271834193, 0.0 ], [ 53.843474545516315, 58.215278582549274, 0.0 ], [ 53.843783056188883, 58.215226618073231, 0.0 ], [ 53.844034579375034, 58.215598892310624, 0.0 ] ] } },
{ "type": "Feature", "properties": { "fid": 223, "handle": 256, "block": -1, "etype": 18, "space": 0, "layer": "0", "olinetype": "ByLayer", "linetype": "", "color": "0,0,0,187", "ocolor": 256, "color24": -1, "transparency": 0, "lweight": -1, "linewidth": 0.0, "ltscale": 1.0, "visible": 0, "width": 0.0, "thickness": 0.0, "ext": "(3:0,0,1)" }, "geometry": { "type": "LineString", "coordinates": [ [ 53.844516061627857, 58.215560066121419, 0.0 ], [ 53.84434198028702, 58.215567664741307, 0.0 ], [ 53.844169737248812, 58.215582807048271, 0.0 ], [ 53.844034579375034, 58.215598892310624, 0.0 ], [ 53.843783056188883, 58.215226618073231, 0.0 ], [ 53.844121957739311, 58.215188785765513, 0.0 ], [ 53.844466727459135, 58.215170532167221, 0.0 ], [ 53.844516061627857, 58.215560066121419, 0.0 ] ] } },
{ "type": "Feature", "properties": { "fid": 224, "handle": 257, "block": -1, "etype": 18, "space": 0, "layer": "0", "olinetype": "ByLayer", "linetype": "", "color": "0,0,0,187", "ocolor": 256, "color24": -1, "transparency": 0, "lweight": -1, "linewidth": 0.0, "ltscale": 1.0, "visible": 0, "width": 0.0, "thickness": 0.0, "ext": "(3:0,0,1)" }, "geometry": { "type": "LineString", "coordinates": [ [ 53.84389397222666, 58.215074304284904, 0.0 ], [ 53.843937769410658, 58.215018962478212, 0.0 ], [ 53.843615248465049, 58.214853099292831, 0.0 ], [ 53.843398738968617, 58.21464480892061, 0.0 ], [ 53.84317811972263, 58.214674255565875, 0.0 ], [ 53.842961719609306, 58.214711338487369, 0.0 ], [ 53.843297914073126, 58.215170357988022, 0.0 ], [ 53.843591975903621, 58.215115413412533, 0.0 ], [ 53.84389397222666, 58.215074304284904, 0.0 ] ] } },
{ "type": "Feature", "properties": { "fid": 225, "handle": 258, "block": -1, "etype": 18, "space": 0, "layer": "0", "olinetype": "ByLayer", "linetype": "", "color": "0,0,0,187", "ocolor": 256, "color24": -1, "transparency": 0, "lweight": -1, "linewidth": 0.0, "ltscale": 1.0, "visible": 0, "width": 0.0, "thickness": 0.0, "ext": "(3:0,0,1)" }, "geometry": { "type": "LineString", "coordinates": [ [ 53.842961719609306, 58.214711338487369, 0.0 ], [ 53.842745450209662, 58.214757219828719, 0.0 ], [ 53.842750936876598, 58.214786046581857, 0.0 ], [ 53.842707637611625, 58.214920666005774, 0.0 ], [ 53.842462453257873, 58.215117883453445, 0.0 ], [ 53.842692522248612, 58.215337145518269, 0.0 ], [ 53.842987597048378, 58.21524602148537, 0.0 ], [ 53.843297914073126, 58.215170357988022, 0.0 ], [ 53.842961719609306, 58.214711338487369, 0.0 ] ] } },
{ "type": "Feature", "properties": { "fid": 226, "handle": 259, "block": -1, "etype": 18, "space": 0, "layer": "0", "olinetype": "ByLayer", "linetype": "", "color": "0,0,0,187", "ocolor": 256, "color24": -1, "transparency": 0, "lweight": -1, "linewidth": 0.0, "ltscale": 1.0, "visible": 0, "width": 0.0, "thickness": 0.0, "ext": "(3:0,0,1)" }, "geometry": { "type": "LineString", "coordinates": [ [ 53.842462453257873, 58.215117883453445, 0.0 ], [ 53.842692522248612, 58.215337145518269, 0.0 ], [ 53.842373315245325, 58.215460201387891, 0.0 ], [ 53.842083456181626, 58.215601967440655, 0.0 ], [ 53.841975309568731, 58.215588635519097, 0.0 ], [ 53.841921334159487, 58.215521770895059, 0.0 ], [ 53.841871275621784, 58.215454103068083, 0.0 ], [ 53.841766199964724, 58.215286260157377, 0.0 ], [ 53.841666403389802, 58.215117525891721, 0.0 ], [ 53.841887123379841, 58.215066354765035, 0.0 ], [ 53.842029738359386, 58.215171217213445, 0.0 ], [ 53.842312747848283, 58.21515361115204, 0.0 ], [ 53.842375566431777, 58.215144710636814, 0.0 ], [ 53.842462453257873, 58.215117883453445, 0.0 ] ] } },
{ "type": "Feature", "properties": { "fid": 227, "handle": 260, "block": -1, "etype": 18, "space": 0, "layer": "0", "olinetype": "ByLayer", "linetype": "", "color": "0,0,0,187", "ocolor": 256, "color24": -1, "transparency": 0, "lweight": -1, "linewidth": 0.0, "ltscale": 1.0, "visible": 0, "width": 0.0, "thickness": 0.0, "ext": "(3:0,0,1)" }, "geometry": { "type": "LineString", "coordinates": [ [ 53.841344816395122, 58.214402103161021, 0.0 ], [ 53.841265135554963, 58.214149178161314, 0.0 ], [ 53.841345446397995, 58.214108786480871, 0.0 ], [ 53.841647271776012, 58.214142829901377, 0.0 ], [ 53.841953584181574, 58.214162692629955, 0.0 ], [ 53.841981179202257, 58.214346151249536, 0.0 ], [ 53.841344816395122, 58.214402103161021, 0.0 ] ] } },
{ "type": "Feature", "properties": { "fid": 228, "handle": 261, "block": -1, "etype": 18, "space": 0, "layer": "0", "olinetype": "ByLayer", "linetype": "", "color": "0,0,0,187", "ocolor": 256, "color24": -1, "transparency": 0, "lweight": -1, "linewidth": 0.0, "ltscale": 1.0, "visible": 0, "width": 0.0, "thickness": 0.0, "ext": "(3:0,0,1)" }, "geometry": { "type": "LineString", "coordinates": [ [ 53.843301096854034, 58.214063620539925, 0.0 ], [ 53.843391107676716, 58.214099194981074, 0.0 ], [ 53.843305862736948, 58.214332972085266, 0.0 ], [ 53.843354155466336, 58.214569786276044, 0.0 ], [ 53.843079679341756, 58.214620983572267, 0.0 ], [ 53.842796930461461, 58.214657625413075, 0.0 ], [ 53.842686909289768, 58.214146361392203, 0.0 ], [ 53.842998049163072, 58.214113435815818, 0.0 ], [ 53.843301096854034, 58.214063620539925, 0.0 ] ] } },
{ "type": "Feature", "properties": { "fid": 229, "handle": 262, "block": -1, "etype": 18, "space": 0, "layer": "0", "olinetype": "ByLayer", "linetype": "", "color": "0,0,0,187", "ocolor": 256, "color24": -1, "transparency": 0, "lweight": -1, "linewidth": 0.0, "ltscale": 1.0, "visible": 0, "width": 0.0, "thickness": 0.0, "ext": "(3:0,0,1)" }, "geometry": { "type": "LineString", "coordinates": [ [ 53.84262506521425, 58.214588371124378, 0.0 ], [ 53.842330669965392, 58.214489157554077, 0.0 ], [ 53.842105468498787, 58.214516082787824, 0.0 ], [ 53.842010928661537, 58.21454254111989, 0.0 ], [ 53.841981179202257, 58.214346151249536, 0.0 ], [ 53.841953584181574, 58.214162692629955, 0.0 ], [ 53.842320886663451, 58.214163686082337, 0.0 ], [ 53.842686909289768, 58.214146361392203, 0.0 ], [ 53.842796930461461, 58.214657625413075, 0.0 ], [ 53.842695150749194, 58.214667016765198, 0.0 ], [ 53.84262506521425, 58.214588371124378, 0.0 ] ] } },
{ "type": "Feature", "properties": { "fid": 230, "handle": 263, "block": -1, "etype": 18, "space": 0, "layer": "0", "olinetype": "ByLayer", "linetype": "", "color": "0,0,0,187", "ocolor": 256, "color24": -1, "transparency": 0, "lweight": -1, "linewidth": 0.0, "ltscale": 1.0, "visible": 0, "width": 0.0, "thickness": 0.0, "ext": "(3:0,0,1)" }, "geometry": { "type": "LineString", "coordinates": [ [ 53.841237597031146, 58.21391589049221, 0.0 ], [ 53.841303737577931, 58.213962659420453, 0.0 ], [ 53.841636659994172, 58.214004552594112, 0.0 ], [ 53.841700612929742, 58.213664448374395, 0.0 ], [ 53.841259959318336, 58.213632566639561, 0.0 ], [ 53.841252652730986, 58.213668649869625, 0.0 ], [ 53.84124070204507, 58.213792174893463, 0.0 ], [ 53.841237597031146, 58.21391589049221, 0.0 ] ] } },
{ "type": "Feature", "properties": { "fid": 231, "handle": 264, "block": -1, "etype": 18, "space": 0, "layer": "0", "olinetype": "ByLayer", "linetype": "", "color": "0,0,0,187", "ocolor": 256, "color24": -1, "transparency": 0, "lweight": -1, "linewidth": 0.0, "ltscale": 1.0, "visible": 0, "width": 0.0, "thickness": 0.0, "ext": "(3:0,0,1)" }, "geometry": { "type": "LineString", "coordinates": [ [ 53.841259959318336, 58.213632566639561, 0.0 ], [ 53.841284662374676, 58.213510583778145, 0.0 ], [ 53.841326206695491, 58.213388801433261, 0.0 ], [ 53.84173311162035, 58.213434377687811, 0.0 ], [ 53.84215328088046, 58.213481405577376, 0.0 ], [ 53.842122409633561, 58.213613885450577, 0.0 ], [ 53.842105892893173, 58.213693681112368, 0.0 ], [ 53.841700612929742, 58.213664448374395, 0.0 ], [ 53.841259959318336, 58.213632566639561, 0.0 ] ] } },
{ "type": "Feature", "properties": { "fid": 232, "handle": 265, "block": -1, "etype": 18, "space": 0, "layer": "0", "olinetype": "ByLayer", "linetype": "", "color": "0,0,0,187", "ocolor": 256, "color24": -1, "transparency": 0, "lweight": -1, "linewidth": 0.0, "ltscale": 1.0, "visible": 0, "width": 0.0, "thickness": 0.0, "ext": "(3:0,0,1)" }, "geometry": { "type": "LineString", "coordinates": [ [ 53.841326206695491, 58.213388801433261, 0.0 ], [ 53.841338100064746, 58.213354160415868, 0.0 ], [ 53.841400124924157, 58.213217589512553, 0.0 ], [ 53.841474730328684, 58.213082829857129, 0.0 ], [ 53.841573011770514, 58.213055837876226, 0.0 ], [ 53.841862371533551, 58.213098394592862, 0.0 ], [ 53.84173311162035, 58.213434377687811, 0.0 ], [ 53.841326206695491, 58.213388801433261, 0.0 ] ] } },
{ "type": "Feature", "properties": { "fid": 233, "handle": 266, "block": -1, "etype": 18, "space": 0, "layer": "0", "olinetype": "ByLayer", "linetype": "", "color": "0,0,0,187", "ocolor": 256, "color24": -1, "transparency": 0, "lweight": -1, "linewidth": 0.0, "ltscale": 1.0, "visible": 0, "width": 0.0, "thickness": 0.0, "ext": "(3:0,0,1)" }, "geometry": { "type": "LineString", "coordinates": [ [ 53.842122409633561, 58.213613885450577, 0.0 ], [ 53.842619030272438, 58.2136084840321, 0.0 ], [ 53.842673046342483, 58.214011402093128, 0.0 ], [ 53.842360950471544, 58.214029870810002, 0.0 ], [ 53.842047048778106, 58.214033522513823, 0.0 ], [ 53.842105892893173, 58.213693681112368, 0.0 ], [ 53.842122409633561, 58.213613885450577, 0.0 ] ] } },
{ "type": "Feature", "properties": { "fid": 234, "handle": 267, "block": -1, "etype": 18, "space": 0, "layer": "0", "olinetype": "ByLayer", "linetype": "", "color": "0,0,0,187", "ocolor": 256, "color24": -1, "transparency": 0, "lweight": -1, "linewidth": 0.0, "ltscale": 1.0, "visible": 0, "width": 0.0, "thickness": 0.0, "ext": "(3:0,0,1)" }, "geometry": { "type": "LineString", "coordinates": [ [ 53.842122409633561, 58.213613885450577, 0.0 ], [ 53.84215328088046, 58.213481405577376, 0.0 ], [ 53.842228017441627, 58.213125153675406, 0.0 ], [ 53.842436597009005, 58.213123256840134, 0.0 ], [ 53.842644196002567, 58.213112290480865, 0.0 ], [ 53.842754841839536, 58.213596890169292, 0.0 ], [ 53.842619030272438, 58.2136084840321, 0.0 ], [ 53.842122409633561, 58.213613885450577, 0.0 ] ] } },
{ "type": "Feature", "properties": { "fid": 235, "handle": 268, "block": -1, "etype": 18, "space": 0, "layer": "0", "olinetype": "ByLayer", "linetype": "", "color": "0,0,0,187", "ocolor": 256, "color24": -1, "transparency": 0, "lweight": -1, "linewidth": 0.0, "ltscale": 1.0, "visible": 0, "width": 0.0, "thickness": 0.0, "ext": "(3:0,0,1)" }, "geometry": { "type": "LineString", "coordinates": [ [ 53.843957488935771, 58.213706285563269, 0.0 ], [ 53.843568328062801, 58.213416082482468, 0.0 ], [ 53.843828803841539, 58.213335328738559, 0.0 ], [ 53.844451303982133, 58.213370655745948, 0.0 ], [ 53.844455508764156, 58.213459365397853, 0.0 ], [ 53.844463796945483, 58.213547990247896, 0.0 ], [ 53.844400470712337, 58.213595856516122, 0.0 ], [ 53.844258819134097, 58.213620283806904, 0.0 ], [ 53.844102309344926, 58.213657711149636, 0.0 ], [ 53.843957488935771, 58.213706285563269, 0.0 ] ] } },
{ "type": "Feature", "properties": { "fid": 236, "handle": 269, "block": -1, "etype": 18, "space": 0, "layer": "0", "olinetype": "ByLayer", "linetype": "", "color": "0,0,0,187", "ocolor": 256, "color24": -1, "transparency": 0, "lweight": -1, "linewidth": 0.0, "ltscale": 1.0, "visible": 0, "width": 0.0, "thickness": 0.0, "ext": "(3:0,0,1)" }, "geometry": { "type": "LineString", "coordinates": [ [ 53.843828803841539, 58.213335328738559, 0.0 ], [ 53.844451303982133, 58.213370655745948, 0.0 ], [ 53.844457456371529, 58.21317009047155, 0.0 ], [ 53.844484701805435, 58.212969999830243, 0.0 ], [ 53.84419931718724, 58.213029087036865, 0.0 ], [ 53.843717771076314, 58.213128784079331, 0.0 ], [ 53.843828803841539, 58.213335328738559, 0.0 ] ] } },
{ "type": "Feature", "properties": { "fid": 237, "handle": 270, "block": -1, "etype": 18, "space": 0, "layer": "0", "olinetype": "ByLayer", "linetype": "", "color": "0,0,0,187", "ocolor": 256, "color24": -1, "transparency": 0, "lweight": -1, "linewidth": 0.0, "ltscale": 1.0, "visible": 0, "width": 0.0, "thickness": 0.0, "ext": "(3:0,0,1)" }, "geometry": { "type": "LineString", "coordinates": [ [ 53.84419931718724, 58.213029087036865, 0.0 ], [ 53.843990928577739, 58.21279405251569, 0.0 ], [ 53.844079682135529, 58.212766687820164, 0.0 ], [ 53.844460942895374, 58.212684823491387, 0.0 ], [ 53.844549761335898, 58.212720216106995, 0.0 ], [ 53.844510429006128, 58.212844605877429, 0.0 ], [ 53.844484701805435, 58.212969999830243, 0.0 ], [ 53.84419931718724, 58.213029087036865, 0.0 ] ] } },
{ "type": "Feature", "properties": { "fid": 238, "handle": 271, "block": -1, "etype": 18, "space": 0, "layer": "0", "olinetype": "ByLayer", "linetype": "", "color": "0,0,0,187", "ocolor": 256, "color24": -1, "transparency": 0, "lweight": -1, "linewidth": 0.0, "ltscale": 1.0, "visible": 0, "width": 0.0, "thickness": 0.0, "ext": "(3:0,0,1)" }, "geometry": { "type": "LineString", "coordinates": [ [ 53.842619030272438, 58.2136084840321, 0.0 ], [ 53.842754841839536, 58.213596890169292, 0.0 ], [ 53.843123347259876, 58.213555326179041, 0.0 ], [ 53.843348902054181, 58.213909523763064, 0.0 ], [ 53.843016543603078, 58.213970705368894, 0.0 ], [ 53.842673046342483, 58.214011402093128, 0.0 ], [ 53.842619030272438, 58.2136084840321, 0.0 ] ] } },
{ "type": "Feature", "properties": { "fid": 239, "handle": 272, "block": -1, "etype": 18, "space": 0, "layer": "0", "olinetype": "ByLayer", "linetype": "", "color": "0,0,0,187", "ocolor": 256, "color24": -1, "transparency": 0, "lweight": -1, "linewidth": 0.0, "ltscale": 1.0, "visible": 0, "width": 0.0, "thickness": 0.0, "ext": "(3:0,0,1)" }, "geometry": { "type": "LineString", "coordinates": [ [ 53.843348902054181, 58.213909523763064, 0.0 ], [ 53.843550889186609, 58.213860391725639, 0.0 ], [ 53.843745423419058, 58.21380370855568, 0.0 ], [ 53.843846875176645, 58.213752208254178, 0.0 ], [ 53.843957488935771, 58.213706285563269, 0.0 ], [ 53.843568328062801, 58.213416082482468, 0.0 ], [ 53.84338297642708, 58.213474123393375, 0.0 ], [ 53.843123347259876, 58.213555326179041, 0.0 ], [ 53.843348902054181, 58.213909523763064, 0.0 ] ] } },
{ "type": "Feature", "properties": { "fid": 240, "handle": 273, "block": -1, "etype": 18, "space": 0, "layer": "0", "olinetype": "ByLayer", "linetype": "", "color": "0,0,0,187", "ocolor": 256, "color24": -1, "transparency": 0, "lweight": -1, "linewidth": 0.0, "ltscale": 1.0, "visible": 0, "width": 0.0, "thickness": 0.0, "ext": "(3:0,0,1)" }, "geometry": { "type": "LineString", "coordinates": [ [ 53.84338297642708, 58.213474123393375, 0.0 ], [ 53.843077404820939, 58.213056800483621, 0.0 ], [ 53.84286324351455, 58.213089935591611, 0.0 ], [ 53.842644196002567, 58.213112290480865, 0.0 ], [ 53.842754841839536, 58.213596890169292, 0.0 ], [ 53.843123347259876, 58.213555326179041, 0.0 ], [ 53.84338297642708, 58.213474123393375, 0.0 ] ] } },
{ "type": "Feature", "properties": { "fid": 241, "handle": 274, "block": -1, "etype": 18, "space": 0, "layer": "0", "olinetype": "ByLayer", "linetype": "", "color": "0,0,0,187", "ocolor": 256, "color24": -1, "transparency": 0, "lweight": -1, "linewidth": 0.0, "ltscale": 1.0, "visible": 0, "width": 0.0, "thickness": 0.0, "ext": "(3:0,0,1)" }, "geometry": { "type": "LineString", "coordinates": [ [ 53.843558534332608, 58.212936006592919, 0.0 ], [ 53.843717771076314, 58.213128784079331, 0.0 ], [ 53.843828803841539, 58.213335328738559, 0.0 ], [ 53.843568328062801, 58.213416082482468, 0.0 ], [ 53.84338297642708, 58.213474123393375, 0.0 ], [ 53.843077404820939, 58.213056800483621, 0.0 ], [ 53.843324319048989, 58.213003324774739, 0.0 ], [ 53.843558534332608, 58.212936006592919, 0.0 ] ] } },
{ "type": "Feature", "properties": { "fid": 242, "handle": 275, "block": -1, "etype": 18, "space": 0, "layer": "0", "olinetype": "ByLayer", "linetype": "", "color": "0,0,0,187", "ocolor": 256, "color24": -1, "transparency": 0, "lweight": -1, "linewidth": 0.0, "ltscale": 1.0, "visible": 0, "width": 0.0, "thickness": 0.0, "ext": "(3:0,0,1)" }, "geometry": { "type": "LineString", "coordinates": [ [ 53.844416152296432, 58.211686393863737, 0.0 ], [ 53.844419149845073, 58.211934105860344, 0.0 ], [ 53.844130416043505, 58.212099221282877, 0.0 ], [ 53.843627137700437, 58.211689738108326, 0.0 ], [ 53.843966243587616, 58.211597767964022, 0.0 ], [ 53.844320918764211, 58.211523951881823, 0.0 ], [ 53.844416152296432, 58.211686393863737, 0.0 ] ] } },
{ "type": "Feature", "properties": { "fid": 243, "handle": 276, "block": -1, "etype": 18, "space": 0, "layer": "0", "olinetype": "ByLayer", "linetype": "", "color": "0,0,0,187", "ocolor": 256, "color24": -1, "transparency": 0, "lweight": -1, "linewidth": 0.0, "ltscale": 1.0, "visible": 0, "width": 0.0, "thickness": 0.0, "ext": "(3:0,0,1)" }, "geometry": { "type": "LineString", "coordinates": [ [ 53.842548353122311, 58.212819662680175, 0.0 ], [ 53.842181280625084, 58.212731761258844, 0.0 ], [ 53.841830354152783, 58.212647739433471, 0.0 ], [ 53.841962902325797, 58.21252768580397, 0.0 ], [ 53.842107510482968, 58.2124115973754, 0.0 ], [ 53.842178847233136, 58.212360599782883, 0.0 ], [ 53.84281816624204, 58.212589076499519, 0.0 ], [ 53.842548353122311, 58.212819662680175, 0.0 ] ] } },
{ "type": "Feature", "properties": { "fid": 244, "handle": 277, "block": -1, "etype": 18, "space": 0, "layer": "0", "olinetype": "ByLayer", "linetype": "", "color": "0,0,0,187", "ocolor": 256, "color24": -1, "transparency": 0, "lweight": -1, "linewidth": 0.0, "ltscale": 1.0, "visible": 0, "width": 0.0, "thickness": 0.0, "ext": "(3:0,0,1)" }, "geometry": { "type": "LineString", "coordinates": [ [ 53.844416152296432, 58.211686393863737, 0.0 ], [ 53.844419149845073, 58.211934105860344, 0.0 ], [ 53.844911717061983, 58.212033376321259, 0.0 ], [ 53.845028883604179, 58.211887712947501, 0.0 ], [ 53.845153866681436, 58.211743854595909, 0.0 ], [ 53.844881942549975, 58.211722694635441, 0.0 ], [ 53.844416152296432, 58.211686393863737, 0.0 ] ] } },
{ "type": "Feature", "properties": { "fid": 245, "handle": 278, "block": -1, "etype": 18, "space": 0, "layer": "0", "olinetype": "ByLayer", "linetype": "", "color": "0,0,0,187", "ocolor": 256, "color24": -1, "transparency": 0, "lweight": -1, "linewidth": 0.0, "ltscale": 1.0, "visible": 0, "width": 0.0, "thickness": 0.0, "ext": "(3:0,0,1)" }, "geometry": { "type": "LineString", "coordinates": [ [ 53.842548353122311, 58.212819662680175, 0.0 ], [ 53.84281816624204, 58.212589076499519, 0.0 ], [ 53.842975552446219, 58.212506581281943, 0.0 ], [ 53.843362495743591, 58.212871930960347, 0.0 ], [ 53.843008100926546, 58.212955800296676, 0.0 ], [ 53.842630553699379, 58.213004445565218, 0.0 ], [ 53.842548353122311, 58.212819662680175, 0.0 ] ] } },
{ "type": "Feature", "properties": { "fid": 246, "handle": 279, "block": -1, "etype": 18, "space": 0, "layer": "0", "olinetype": "ByLayer", "linetype": "", "color": "0,0,0,187", "ocolor": 256, "color24": -1, "transparency": 0, "lweight": -1, "linewidth": 0.0, "ltscale": 1.0, "visible": 0, "width": 0.0, "thickness": 0.0, "ext": "(3:0,0,1)" }, "geometry": { "type": "LineString", "coordinates": [ [ 53.842970433681018, 58.211201953754482, 0.0 ], [ 53.843540040884655, 58.211032696830422, 0.0 ], [ 53.843869664052896, 58.211471146985936, 0.0 ], [ 53.843654727036004, 58.211528254247895, 0.0 ], [ 53.843444361457259, 58.211590125204005, 0.0 ], [ 53.842970433681018, 58.211201953754482, 0.0 ] ] } },
{ "type": "Feature", "properties": { "fid": 247, "handle": 280, "block": -1, "etype": 18, "space": 0, "layer": "0", "olinetype": "ByLayer", "linetype": "", "color": "0,0,0,187", "ocolor": 256, "color24": -1, "transparency": 0, "lweight": -1, "linewidth": 0.0, "ltscale": 1.0, "visible": 0, "width": 0.0, "thickness": 0.0, "ext": "(3:0,0,1)" }, "geometry": { "type": "LineString", "coordinates": [ [ 53.843540040884655, 58.211032696830422, 0.0 ], [ 53.843869664052896, 58.211471146985936, 0.0 ], [ 53.84406107100618, 58.211426220927684, 0.0 ], [ 53.844260761484776, 58.21139306613496, 0.0 ], [ 53.844311343152562, 58.211341144172778, 0.0 ], [ 53.844179728952803, 58.211134844058655, 0.0 ], [ 53.844061394858819, 58.21092631549633, 0.0 ], [ 53.843540040884655, 58.211032696830422, 0.0 ] ] } },
{ "type": "Feature", "properties": { "fid": 248, "handle": 281, "block": -1, "etype": 18, "space": 0, "layer": "0", "olinetype": "ByLayer", "linetype": "", "color": "0,0,0,187", "ocolor": 256, "color24": -1, "transparency": 0, "lweight": -1, "linewidth": 0.0, "ltscale": 1.0, "visible": 0, "width": 0.0, "thickness": 0.0, "ext": "(3:0,0,1)" }, "geometry": { "type": "LineString", "coordinates": [ [ 53.844892125667037, 58.211066041968472, 0.0 ], [ 53.844849739345086, 58.21083884208803, 0.0 ], [ 53.844242819148121, 58.210868358572391, 0.0 ], [ 53.844364351233907, 58.211084881464338, 0.0 ], [ 53.844892125667037, 58.211066041968472, 0.0 ] ] } },
{ "type": "Feature", "properties": { "fid": 249, "handle": 282, "block": -1, "etype": 18, "space": 0, "layer": "0", "olinetype": "ByLayer", "linetype": "", "color": "0,0,0,187", "ocolor": 256, "color24": -1, "transparency": 0, "lweight": -1, "linewidth": 0.0, "ltscale": 1.0, "visible": 0, "width": 0.0, "thickness": 0.0, "ext": "(3:0,0,1)" }, "geometry": { "type": "LineString", "coordinates": [ [ 53.844942989180787, 58.211338861358875, 0.0 ], [ 53.845161415735774, 58.211339037041284, 0.0 ], [ 53.845379296770083, 58.211347292062435, 0.0 ], [ 53.845415306251013, 58.210812774081006, 0.0 ], [ 53.844849739345086, 58.21083884208803, 0.0 ], [ 53.844892125667037, 58.211066041968472, 0.0 ], [ 53.844942989180787, 58.211338861358875, 0.0 ] ] } },
{ "type": "Feature", "properties": { "fid": 250, "handle": 283, "block": -1, "etype": 18, "space": 0, "layer": "0", "olinetype": "ByLayer", "linetype": "", "color": "0,0,0,187", "ocolor": 256, "color24": -1, "transparency": 0, "lweight": -1, "linewidth": 0.0, "ltscale": 1.0, "visible": 0, "width": 0.0, "thickness": 0.0, "ext": "(3:0,0,1)" }, "geometry": { "type": "LineString", "coordinates": [ [ 53.84660871528591, 58.210993061150731, 0.0 ], [ 53.847018516791323, 58.210953780156458, 0.0 ], [ 53.846941640613061, 58.210713521203893, 0.0 ], [ 53.846496957128323, 58.21079486768533, 0.0 ], [ 53.84660871528591, 58.210993061150731, 0.0 ] ] } },
{ "type": "Feature", "properties": { "fid": 251, "handle": 284, "block": -1, "etype": 18, "space": 0, "layer": "0", "olinetype": "ByLayer", "linetype": "", "color": "0,0,0,187", "ocolor": 256, "color24": -1, "transparency": 0, "lweight": -1, "linewidth": 0.0, "ltscale": 1.0, "visible": 0, "width": 0.0, "thickness": 0.0, "ext": "(3:0,0,1)" }, "geometry": { "type": "LineString", "coordinates": [ [ 53.844963478403223, 58.210503285767146, 0.0 ], [ 53.844072285215624, 58.210499415672537, 0.0 ], [ 53.844152275353991, 58.210684554068209, 0.0 ], [ 53.844242819148121, 58.210868358572391, 0.0 ], [ 53.844849739345086, 58.21083884208803, 0.0 ], [ 53.845415306251013, 58.210812774081006, 0.0 ], [ 53.84508135303961, 58.210584053241533, 0.0 ], [ 53.845010967316433, 58.210535844571773, 0.0 ], [ 53.844963478403223, 58.210503285767146, 0.0 ] ] } },
{ "type": "Feature", "properties": { "fid": 252, "handle": 285, "block": -1, "etype": 18, "space": 0, "layer": "0", "olinetype": "ByLayer", "linetype": "", "color": "0,0,0,187", "ocolor": 256, "color24": -1, "transparency": 0, "lweight": -1, "linewidth": 0.0, "ltscale": 1.0, "visible": 0, "width": 0.0, "thickness": 0.0, "ext": "(3:0,0,1)" }, "geometry": { "type": "LineString", "coordinates": [ [ 53.842661565717137, 58.210996600791859, 0.0 ], [ 53.842932716644448, 58.210729474713041, 0.0 ], [ 53.842941481465232, 58.2106708578997, 0.0 ], [ 53.843162625276683, 58.210671130132802, 0.0 ], [ 53.843540040884655, 58.211032696830422, 0.0 ], [ 53.842970433681018, 58.211201953754482, 0.0 ], [ 53.842661565717137, 58.210996600791859, 0.0 ] ] } },
{ "type": "Feature", "properties": { "fid": 253, "handle": 286, "block": -1, "etype": 18, "space": 0, "layer": "0", "olinetype": "ByLayer", "linetype": "", "color": "0,0,0,187", "ocolor": 256, "color24": -1, "transparency": 0, "lweight": -1, "linewidth": 0.0, "ltscale": 1.0, "visible": 0, "width": 0.0, "thickness": 0.0, "ext": "(3:0,0,1)" }, "geometry": { "type": "LineString", "coordinates": [ [ 53.843540040884655, 58.211032696830422, 0.0 ], [ 53.844061394858819, 58.21092631549633, 0.0 ], [ 53.843987017643265, 58.210780059501012, 0.0 ], [ 53.843919109181371, 58.21063291355857, 0.0 ], [ 53.843835242013334, 58.210594743312882, 0.0 ], [ 53.84317804934927, 58.210568258994677, 0.0 ], [ 53.843162625276683, 58.210671130132802, 0.0 ], [ 53.843540040884655, 58.211032696830422, 0.0 ] ] } },
{ "type": "Feature", "properties": { "fid": 254, "handle": 287, "block": -1, "etype": 18, "space": 0, "layer": "0", "olinetype": "ByLayer", "linetype": "", "color": "0,0,0,187", "ocolor": 256, "color24": -1, "transparency": 0, "lweight": -1, "linewidth": 0.0, "ltscale": 1.0, "visible": 0, "width": 0.0, "thickness": 0.0, "ext": "(3:0,0,1)" }, "geometry": { "type": "LineString", "coordinates": [ [ 53.842266765964538, 58.21052960597477, 0.0 ], [ 53.842958306758959, 58.210559010318931, 0.0 ], [ 53.842941481465232, 58.2106708578997, 0.0 ], [ 53.842932716644448, 58.210729474713041, 0.0 ], [ 53.842661565717137, 58.210996600791859, 0.0 ], [ 53.842178150261198, 58.210947969966853, 0.0 ], [ 53.842188231392882, 58.210899679759315, 0.0 ], [ 53.842237574896437, 58.210667474930752, 0.0 ], [ 53.842266765964538, 58.21052960597477, 0.0 ] ] } },
{ "type": "Feature", "properties": { "fid": 255, "handle": 288, "block": -1, "etype": 18, "space": 0, "layer": "0", "olinetype": "ByLayer", "linetype": "", "color": "0,0,0,187", "ocolor": 256, "color24": -1, "transparency": 0, "lweight": -1, "linewidth": 0.0, "ltscale": 1.0, "visible": 0, "width": 0.0, "thickness": 0.0, "ext": "(3:0,0,1)" }, "geometry": { "type": "LineString", "coordinates": [ [ 53.8430572618282, 58.210185280126716, 0.0 ], [ 53.842602652053586, 58.210049328507857, 0.0 ], [ 53.842536044959104, 58.210109041042962, 0.0 ], [ 53.842313849984961, 58.210307992579082, 0.0 ], [ 53.842305508953217, 58.210347576103679, 0.0 ], [ 53.842285703862082, 58.210440475925914, 0.0 ], [ 53.843052251778644, 58.210472127293762, 0.0 ], [ 53.8430572618282, 58.210185280126716, 0.0 ] ] } },
{ "type": "Feature", "properties": { "fid": 256, "handle": 289, "block": -1, "etype": 18, "space": 0, "layer": "0", "olinetype": "ByLayer", "linetype": "", "color": "0,0,0,187", "ocolor": 256, "color24": -1, "transparency": 0, "lweight": -1, "linewidth": 0.0, "ltscale": 1.0, "visible": 0, "width": 0.0, "thickness": 0.0, "ext": "(3:0,0,1)" }, "geometry": { "type": "LineString", "coordinates": [ [ 53.8430572618282, 58.210185280126716, 0.0 ], [ 53.843052251778644, 58.210472127293762, 0.0 ], [ 53.843779676200704, 58.210503636344548, 0.0 ], [ 53.843851996986686, 58.210459552222652, 0.0 ], [ 53.843825705180905, 58.210326373388391, 0.0 ], [ 53.843822721573062, 58.210192504844812, 0.0 ], [ 53.8430572618282, 58.210185280126716, 0.0 ] ] } },
{ "type": "Feature", "properties": { "fid": 257, "handle": 290, "block": -1, "etype": 18, "space": 0, "layer": "0", "olinetype": "ByLayer", "linetype": "", "color": "0,0,0,187", "ocolor": 256, "color24": -1, "transparency": 0, "lweight": -1, "linewidth": 0.0, "ltscale": 1.0, "visible": 0, "width": 0.0, "thickness": 0.0, "ext": "(3:0,0,1)" }, "geometry": { "type": "LineString", "coordinates": [ [ 53.843873582018098, 58.20996083991713, 0.0 ], [ 53.84289750464756, 58.209806293293042, 0.0 ], [ 53.842808915389561, 58.209874867296463, 0.0 ], [ 53.842723739462912, 58.209940841771946, 0.0 ], [ 53.842602652053586, 58.210049328507857, 0.0 ], [ 53.8430572618282, 58.210185280126716, 0.0 ], [ 53.843822721573062, 58.210192504844812, 0.0 ], [ 53.843839222206711, 58.210076436992324, 0.0 ], [ 53.843873582018098, 58.20996083991713, 0.0 ] ] } },
{ "type": "Feature", "properties": { "fid": 258, "handle": 291, "block": -1, "etype": 18, "space": 0, "layer": "0", "olinetype": "ByLayer", "linetype": "", "color": "0,0,0,187", "ocolor": 256, "color24": -1, "transparency": 0, "lweight": -1, "linewidth": 0.0, "ltscale": 1.0, "visible": 0, "width": 0.0, "thickness": 0.0, "ext": "(3:0,0,1)" }, "geometry": { "type": "LineString", "coordinates": [ [ 53.843873582018098, 58.20996083991713, 0.0 ], [ 53.843954766618637, 58.209796189421226, 0.0 ], [ 53.844071815562636, 58.209637777694482, 0.0 ], [ 53.843310574873612, 58.20948663916041, 0.0 ], [ 53.843097042555328, 58.209651844701469, 0.0 ], [ 53.84289750464756, 58.209806293293042, 0.0 ], [ 53.843873582018098, 58.20996083991713, 0.0 ] ] } },
{ "type": "Feature", "properties": { "fid": 259, "handle": 292, "block": -1, "etype": 18, "space": 0, "layer": "0", "olinetype": "ByLayer", "linetype": "", "color": "0,0,0,187", "ocolor": 256, "color24": -1, "transparency": 0, "lweight": -1, "linewidth": 0.0, "ltscale": 1.0, "visible": 0, "width": 0.0, "thickness": 0.0, "ext": "(3:0,0,1)" }, "geometry": { "type": "LineString", "coordinates": [ [ 53.844312472915767, 58.209414873853014, 0.0 ], [ 53.84441472822509, 58.209332219715108, 0.0 ], [ 53.844354285616582, 58.20930601938646, 0.0 ], [ 53.844314637500993, 58.209270327536075, 0.0 ], [ 53.844301037382763, 58.20922963969754, 0.0 ], [ 53.844314994070395, 58.209188985511688, 0.0 ], [ 53.844359900487234, 58.209150434096955, 0.0 ], [ 53.84442908004263, 58.209123673725941, 0.0 ], [ 53.844512308479771, 58.209112821860536, 0.0 ], [ 53.844597161684661, 58.209119389622764, 0.0 ], [ 53.843970106790131, 58.208976139746873, 0.0 ], [ 53.843677552863134, 58.20920257061389, 0.0 ], [ 53.84361098513542, 58.209254113604423, 0.0 ], [ 53.844312472915767, 58.209414873853014, 0.0 ] ] } },
{ "type": "Feature", "properties": { "fid": 260, "handle": 293, "block": -1, "etype": 18, "space": 0, "layer": "0", "olinetype": "ByLayer", "linetype": "", "color": "0,0,0,187", "ocolor": 256, "color24": -1, "transparency": 0, "lweight": -1, "linewidth": 0.0, "ltscale": 1.0, "visible": 0, "width": 0.0, "thickness": 0.0, "ext": "(3:0,0,1)" }, "geometry": { "type": "LineString", "coordinates": [ [ 53.841080607714424, 58.214401594566702, 0.0 ], [ 53.841031800899337, 58.214245043876254, 0.0 ], [ 53.840997799979455, 58.214087524026368, 0.0 ], [ 53.840059024047918, 58.214127559785652, 0.0 ], [ 53.840072032651548, 58.214223373392819, 0.0 ], [ 53.840103481576882, 58.214455588828656, 0.0 ], [ 53.841080607714424, 58.214401594566702, 0.0 ] ] } },
{ "type": "Feature", "properties": { "fid": 261, "handle": 294, "block": -1, "etype": 18, "space": 0, "layer": "0", "olinetype": "ByLayer", "linetype": "", "color": "0,0,0,187", "ocolor": 256, "color24": -1, "transparency": 0, "lweight": -1, "linewidth": 0.0, "ltscale": 1.0, "visible": 0, "width": 0.0, "thickness": 0.0, "ext": "(3:0,0,1)" }, "geometry": { "type": "LineString", "coordinates": [ [ 53.851852362253325, 58.216600215663917, 0.0 ], [ 53.852069818755915, 58.216350964408669, 0.0 ], [ 53.852263957409399, 58.216389346806096, 0.0 ], [ 53.852464435249928, 58.216417231767664, 0.0 ], [ 53.852348051601986, 58.216705655886777, 0.0 ], [ 53.851852362253325, 58.216600215663917, 0.0 ] ] } },
{ "type": "Feature", "properties": { "fid": 262, "handle": 295, "block": -1, "etype": 18, "space": 0, "layer": "0", "olinetype": "ByLayer", "linetype": "", "color": "0,0,0,187", "ocolor": 256, "color24": -1, "transparency": 0, "lweight": -1, "linewidth": 0.0, "ltscale": 1.0, "visible": 0, "width": 0.0, "thickness": 0.0, "ext": "(3:0,0,1)" }, "geometry": { "type": "LineString", "coordinates": [ [ 53.851148152958856, 58.216722037435034, 0.0 ], [ 53.851401886193678, 58.216465287990722, 0.0 ], [ 53.851852362253325, 58.216600215663917, 0.0 ], [ 53.851752227245868, 58.216785408996103, 0.0 ], [ 53.851454118825366, 58.216749957312913, 0.0 ], [ 53.85144621387942, 58.216768712508085, 0.0 ], [ 53.851370025429731, 58.216760453564611, 0.0 ], [ 53.851295212423949, 58.216748784469829, 0.0 ], [ 53.851220569607008, 58.216737115529774, 0.0 ], [ 53.851148152958856, 58.216722037435034, 0.0 ] ] } },
{ "type": "Feature", "properties": { "fid": 263, "handle": 296, "block": -1, "etype": 18, "space": 0, "layer": "0", "olinetype": "ByLayer", "linetype": "", "color": "0,0,0,187", "ocolor": 256, "color24": -1, "transparency": 0, "lweight": -1, "linewidth": 0.0, "ltscale": 1.0, "visible": 0, "width": 0.0, "thickness": 0.0, "ext": "(3:0,0,1)" }, "geometry": { "type": "LineString", "coordinates": [ [ 53.850706904448238, 58.217144304212354, 0.0 ], [ 53.85106213992529, 58.217271222294272, 0.0 ], [ 53.851245956929823, 58.217175100979141, 0.0 ], [ 53.851455397415243, 58.217094990422659, 0.0 ], [ 53.851604324681389, 58.2170416538738, 0.0 ], [ 53.85176155728989, 58.216995778700856, 0.0 ], [ 53.851681413328038, 58.216916048998883, 0.0 ], [ 53.851399123181743, 58.21688151340814, 0.0 ], [ 53.851410627427953, 58.21685647768205, 0.0 ], [ 53.851303493958504, 58.216843244629096, 0.0 ], [ 53.851197903872027, 58.216827140268492, 0.0 ], [ 53.850706904448238, 58.217144304212354, 0.0 ] ] } },
{ "type": "Feature", "properties": { "fid": 264, "handle": 297, "block": -1, "etype": 18, "space": 0, "layer": "0", "olinetype": "ByLayer", "linetype": "", "color": "0,0,0,187", "ocolor": 256, "color24": -1, "transparency": 0, "lweight": -1, "linewidth": 0.0, "ltscale": 1.0, "visible": 0, "width": 0.0, "thickness": 0.0, "ext": "(3:0,0,1)" }, "geometry": { "type": "LineString", "coordinates": [ [ 53.850122626306181, 58.217146401949698, 0.0 ], [ 53.850330435293408, 58.217009908320598, 0.0 ], [ 53.850451463499127, 58.216915510057611, 0.0 ], [ 53.850034226350502, 58.216766341236777, 0.0 ], [ 53.849895479801766, 58.216866194940884, 0.0 ], [ 53.849748410014143, 58.216962626974798, 0.0 ], [ 53.850122626306181, 58.217146401949698, 0.0 ] ] } },
{ "type": "Feature", "properties": { "fid": 265, "handle": 298, "block": -1, "etype": 18, "space": 0, "layer": "0", "olinetype": "ByLayer", "linetype": "", "color": "0,0,0,187", "ocolor": 256, "color24": -1, "transparency": 0, "lweight": -1, "linewidth": 0.0, "ltscale": 1.0, "visible": 0, "width": 0.0, "thickness": 0.0, "ext": "(3:0,0,1)" }, "geometry": { "type": "LineString", "coordinates": [ [ 53.848734701476836, 58.217842277971748, 0.0 ], [ 53.84887924268714, 58.21794165829666, 0.0 ], [ 53.849035034570328, 58.218036293340404, 0.0 ], [ 53.849603901520766, 58.217779650896837, 0.0 ], [ 53.849304078473082, 58.217625590378688, 0.0 ], [ 53.848734701476836, 58.217842277971748, 0.0 ] ] } },
{ "type": "Feature", "properties": { "fid": 266, "handle": 299, "block": -1, "etype": 18, "space": 0, "layer": "0", "olinetype": "ByLayer", "linetype": "", "color": "0,0,0,187", "ocolor": 256, "color24": -1, "transparency": 0, "lweight": -1, "linewidth": 0.0, "ltscale": 1.0, "visible": 0, "width": 0.0, "thickness": 0.0, "ext": "(3:0,0,1)" }, "geometry": { "type": "LineString", "coordinates": [ [ 53.849304078473082, 58.217625590378688, 0.0 ], [ 53.849629232465617, 58.217382845057628, 0.0 ], [ 53.849807408000068, 58.217454970323764, 0.0 ], [ 53.850000777478151, 58.217515172231934, 0.0 ], [ 53.84997993310126, 58.217535707747892, 0.0 ], [ 53.849749052237293, 58.217856136588694, 0.0 ], [ 53.849603901520766, 58.217779650896837, 0.0 ], [ 53.849304078473082, 58.217625590378688, 0.0 ] ] } },
{ "type": "Feature", "properties": { "fid": 267, "handle": 300, "block": -1, "etype": 18, "space": 0, "layer": "0", "olinetype": "ByLayer", "linetype": "", "color": "0,0,0,187", "ocolor": 256, "color24": -1, "transparency": 0, "lweight": -1, "linewidth": 0.0, "ltscale": 1.0, "visible": 0, "width": 0.0, "thickness": 0.0, "ext": "(3:0,0,1)" }, "geometry": { "type": "LineString", "coordinates": [ [ 53.850176997452643, 58.218091329882249, 0.0 ], [ 53.849908279338528, 58.217943592068934, 0.0 ], [ 53.849749052237293, 58.217856136588694, 0.0 ], [ 53.84997993310126, 58.217535707747892, 0.0 ], [ 53.850209379478422, 58.21759460505578, 0.0 ], [ 53.850525339983996, 58.217674971482339, 0.0 ], [ 53.850495935291228, 58.217708156284175, 0.0 ], [ 53.850433840415832, 58.217787001687711, 0.0 ], [ 53.85035284159099, 58.217910356661854, 0.0 ], [ 53.850264758936923, 58.218018799480028, 0.0 ], [ 53.850176997452643, 58.218091329882249, 0.0 ] ] } },
{ "type": "Feature", "properties": { "fid": 268, "handle": 301, "block": -1, "etype": 18, "space": 0, "layer": "0", "olinetype": "ByLayer", "linetype": "", "color": "0,0,0,187", "ocolor": 256, "color24": -1, "transparency": 0, "lweight": -1, "linewidth": 0.0, "ltscale": 1.0, "visible": 0, "width": 0.0, "thickness": 0.0, "ext": "(3:0,0,1)" }, "geometry": { "type": "LineString", "coordinates": [ [ 53.850246212045661, 58.217454319313227, 0.0 ], [ 53.850091548611907, 58.217414633550305, 0.0 ], [ 53.850073259525111, 58.217434453831423, 0.0 ], [ 53.849940887738988, 58.217394165623944, 0.0 ], [ 53.849816199257795, 58.217347601600594, 0.0 ], [ 53.850122626306181, 58.217146401949698, 0.0 ], [ 53.850330435293408, 58.217009908320598, 0.0 ], [ 53.850706904448238, 58.217144304212354, 0.0 ], [ 53.850246212045661, 58.217454319313227, 0.0 ] ] } },
{ "type": "Feature", "properties": { "fid": 269, "handle": 302, "block": -1, "etype": 18, "space": 0, "layer": "0", "olinetype": "ByLayer", "linetype": "", "color": "0,0,0,187", "ocolor": 256, "color24": -1, "transparency": 0, "lweight": -1, "linewidth": 0.0, "ltscale": 1.0, "visible": 0, "width": 0.0, "thickness": 0.0, "ext": "(3:0,0,1)" }, "geometry": { "type": "LineString", "coordinates": [ [ 53.850246212045661, 58.217454319313227, 0.0 ], [ 53.850320994393485, 58.217473530658538, 0.0 ], [ 53.850209379478422, 58.21759460505578, 0.0 ], [ 53.850525339983996, 58.217674971482339, 0.0 ], [ 53.850619169608507, 58.217575154269369, 0.0 ], [ 53.850735430055785, 58.217481917322594, 0.0 ], [ 53.850883249277942, 58.21736896517907, 0.0 ], [ 53.85106213992529, 58.217271222294272, 0.0 ], [ 53.850706904448238, 58.217144304212354, 0.0 ], [ 53.850246212045661, 58.217454319313227, 0.0 ] ] } },
{ "type": "Feature", "properties": { "fid": 270, "handle": 303, "block": -1, "etype": 18, "space": 0, "layer": "0", "olinetype": "ByLayer", "linetype": "", "color": "0,0,0,187", "ocolor": 256, "color24": -1, "transparency": 0, "lweight": -1, "linewidth": 0.0, "ltscale": 1.0, "visible": 0, "width": 0.0, "thickness": 0.0, "ext": "(3:0,0,1)" }, "geometry": { "type": "LineString", "coordinates": [ [ 53.84567685998573, 58.212514189130765, 0.0 ], [ 53.845803884711657, 58.212331008149036, 0.0 ], [ 53.845953674772659, 58.21211535349029, 0.0 ], [ 53.845992021349666, 58.212060004372518, 0.0 ], [ 53.846421524116778, 58.212149227015495, 0.0 ], [ 53.846132304913255, 58.212545893928358, 0.0 ], [ 53.845905447944986, 58.212526586175024, 0.0 ], [ 53.84567685998573, 58.212514189130765, 0.0 ] ] } },
{ "type": "Feature", "properties": { "fid": 271, "handle": 304, "block": -1, "etype": 18, "space": 0, "layer": "0", "olinetype": "ByLayer", "linetype": "", "color": "0,0,0,187", "ocolor": 256, "color24": -1, "transparency": 0, "lweight": -1, "linewidth": 0.0, "ltscale": 1.0, "visible": 0, "width": 0.0, "thickness": 0.0, "ext": "(3:0,0,1)" }, "geometry": { "type": "LineString", "coordinates": [ [ 53.846421524116778, 58.212149227015495, 0.0 ], [ 53.846817194902869, 58.211760677967028, 0.0 ], [ 53.84641396117253, 58.211655866239738, 0.0 ], [ 53.84615977353009, 58.211899317698361, 0.0 ], [ 53.845992021349666, 58.212060004372518, 0.0 ], [ 53.846421524116778, 58.212149227015495, 0.0 ] ] } },
{ "type": "Feature", "properties": { "fid": 272, "handle": 305, "block": -1, "etype": 18, "space": 0, "layer": "0", "olinetype": "ByLayer", "linetype": "", "color": "0,0,0,187", "ocolor": 256, "color24": -1, "transparency": 0, "lweight": -1, "linewidth": 0.0, "ltscale": 1.0, "visible": 0, "width": 0.0, "thickness": 0.0, "ext": "(3:0,0,1)" }, "geometry": { "type": "LineString", "coordinates": [ [ 53.847183475576749, 58.211874781449204, 0.0 ], [ 53.846815286800393, 58.212242445459992, 0.0 ], [ 53.846421524116778, 58.212149227015495, 0.0 ], [ 53.846817194902869, 58.211760677967028, 0.0 ], [ 53.847183475576749, 58.211874781449204, 0.0 ] ] } },
{ "type": "Feature", "properties": { "fid": 273, "handle": 306, "block": -1, "etype": 18, "space": 0, "layer": "0", "olinetype": "ByLayer", "linetype": "", "color": "0,0,0,187", "ocolor": 256, "color24": -1, "transparency": 0, "lweight": -1, "linewidth": 0.0, "ltscale": 1.0, "visible": 0, "width": 0.0, "thickness": 0.0, "ext": "(3:0,0,1)" }, "geometry": { "type": "LineString", "coordinates": [ [ 53.847534564224418, 58.212001435178635, 0.0 ], [ 53.847142718428643, 58.212332530591482, 0.0 ], [ 53.846815286800393, 58.212242445459992, 0.0 ], [ 53.847183475576749, 58.211874781449204, 0.0 ], [ 53.847534564224418, 58.212001435178635, 0.0 ] ] } },
{ "type": "Feature", "properties": { "fid": 274, "handle": 307, "block": -1, "etype": 18, "space": 0, "layer": "0", "olinetype": "ByLayer", "linetype": "", "color": "0,0,0,187", "ocolor": 256, "color24": -1, "transparency": 0, "lweight": -1, "linewidth": 0.0, "ltscale": 1.0, "visible": 0, "width": 0.0, "thickness": 0.0, "ext": "(3:0,0,1)" }, "geometry": { "type": "LineString", "coordinates": [ [ 53.847871832381372, 58.212138216804597, 0.0 ], [ 53.847462757921271, 58.212440921547227, 0.0 ], [ 53.847260101236984, 58.212371995753394, 0.0 ], [ 53.847142718428643, 58.212332530591482, 0.0 ], [ 53.847534564224418, 58.212001435178635, 0.0 ], [ 53.847871832381372, 58.212138216804597, 0.0 ] ] } },
{ "type": "Feature", "properties": { "fid": 275, "handle": 308, "block": -1, "etype": 18, "space": 0, "layer": "0", "olinetype": "ByLayer", "linetype": "", "color": "0,0,0,187", "ocolor": 256, "color24": -1, "transparency": 0, "lweight": -1, "linewidth": 0.0, "ltscale": 1.0, "visible": 0, "width": 0.0, "thickness": 0.0, "ext": "(3:0,0,1)" }, "geometry": { "type": "LineString", "coordinates": [ [ 53.848193921147946, 58.212284675908087, 0.0 ], [ 53.847751462320772, 58.212557444435468, 0.0 ], [ 53.847665360313485, 58.21252268576665, 0.0 ], [ 53.847462757921271, 58.212440921547227, 0.0 ], [ 53.847871832381372, 58.212138216804597, 0.0 ], [ 53.848193921147946, 58.212284675908087, 0.0 ] ] } },
{ "type": "Feature", "properties": { "fid": 276, "handle": 309, "block": -1, "etype": 18, "space": 0, "layer": "0", "olinetype": "ByLayer", "linetype": "", "color": "0,0,0,187", "ocolor": 256, "color24": -1, "transparency": 0, "lweight": -1, "linewidth": 0.0, "ltscale": 1.0, "visible": 0, "width": 0.0, "thickness": 0.0, "ext": "(3:0,0,1)" }, "geometry": { "type": "LineString", "coordinates": [ [ 53.848035140989182, 58.212695957244811, 0.0 ], [ 53.847583141305016, 58.212970509441497, 0.0 ], [ 53.847797237961515, 58.213110016947191, 0.0 ], [ 53.848294912889159, 58.213015261730433, 0.0 ], [ 53.848421587428554, 58.212991081504882, 0.0 ], [ 53.848264234890316, 58.212829286897417, 0.0 ], [ 53.848035140989182, 58.212695957244811, 0.0 ] ] } },
{ "type": "Feature", "properties": { "fid": 277, "handle": 310, "block": -1, "etype": 18, "space": 0, "layer": "0", "olinetype": "ByLayer", "linetype": "", "color": "0,0,0,187", "ocolor": 256, "color24": -1, "transparency": 0, "lweight": -1, "linewidth": 0.0, "ltscale": 1.0, "visible": 0, "width": 0.0, "thickness": 0.0, "ext": "(3:0,0,1)" }, "geometry": { "type": "LineString", "coordinates": [ [ 53.847665360313485, 58.21252268576665, 0.0 ], [ 53.847242239967429, 58.212806698368723, 0.0 ], [ 53.847419512068818, 58.212884661779704, 0.0 ], [ 53.847583141305016, 58.212970509441497, 0.0 ], [ 53.848035140989182, 58.212695957244811, 0.0 ], [ 53.847751462320772, 58.212557444435468, 0.0 ], [ 53.847665360313485, 58.21252268576665, 0.0 ] ] } },
{ "type": "Feature", "properties": { "fid": 278, "handle": 311, "block": -1, "etype": 18, "space": 0, "layer": "0", "olinetype": "ByLayer", "linetype": "", "color": "0,0,0,187", "ocolor": 256, "color24": -1, "transparency": 0, "lweight": -1, "linewidth": 0.0, "ltscale": 1.0, "visible": 0, "width": 0.0, "thickness": 0.0, "ext": "(3:0,0,1)" }, "geometry": { "type": "LineString", "coordinates": [ [ 53.846899438893004, 58.212689660473785, 0.0 ], [ 53.847260101236984, 58.212371995753394, 0.0 ], [ 53.847462757921271, 58.212440921547227, 0.0 ], [ 53.847665360313485, 58.21252268576665, 0.0 ], [ 53.847242239967429, 58.212806698368723, 0.0 ], [ 53.84707510743565, 58.212744638270763, 0.0 ], [ 53.846899438893004, 58.212689660473785, 0.0 ] ] } },
{ "type": "Feature", "properties": { "fid": 279, "handle": 312, "block": -1, "etype": 18, "space": 0, "layer": "0", "olinetype": "ByLayer", "linetype": "", "color": "0,0,0,187", "ocolor": 256, "color24": -1, "transparency": 0, "lweight": -1, "linewidth": 0.0, "ltscale": 1.0, "visible": 0, "width": 0.0, "thickness": 0.0, "ext": "(3:0,0,1)" }, "geometry": { "type": "LineString", "coordinates": [ [ 53.846526401604955, 58.21260203372826, 0.0 ], [ 53.846815286800393, 58.212242445459992, 0.0 ], [ 53.846421524116778, 58.212149227015495, 0.0 ], [ 53.846132304913255, 58.212545893928358, 0.0 ], [ 53.846331412412596, 58.212569836494374, 0.0 ], [ 53.846526401604955, 58.21260203372826, 0.0 ] ] } },
{ "type": "Feature", "properties": { "fid": 280, "handle": 313, "block": -1, "etype": 18, "space": 0, "layer": "0", "olinetype": "ByLayer", "linetype": "", "color": "0,0,0,187", "ocolor": 256, "color24": -1, "transparency": 0, "lweight": -1, "linewidth": 0.0, "ltscale": 1.0, "visible": 0, "width": 0.0, "thickness": 0.0, "ext": "(3:0,0,1)" }, "geometry": { "type": "LineString", "coordinates": [ [ 53.846899438893004, 58.212689660473785, 0.0 ], [ 53.847260101236984, 58.212371995753394, 0.0 ], [ 53.847142718428643, 58.212332530591482, 0.0 ], [ 53.846815286800393, 58.212242445459992, 0.0 ], [ 53.846526401604955, 58.21260203372826, 0.0 ], [ 53.846716083712032, 58.212642035309734, 0.0 ], [ 53.846899438893004, 58.212689660473785, 0.0 ] ] } },
{ "type": "Feature", "properties": { "fid": 281, "handle": 314, "block": -1, "etype": 18, "space": 0, "layer": "0", "olinetype": "ByLayer", "linetype": "", "color": "0,0,0,187", "ocolor": 256, "color24": -1, "transparency": 0, "lweight": -1, "linewidth": 0.0, "ltscale": 1.0, "visible": 0, "width": 0.0, "thickness": 0.0, "ext": "(3:0,0,1)" }, "geometry": { "type": "LineString", "coordinates": [ [ 53.848361881987067, 58.211316128871374, 0.0 ], [ 53.848702497483096, 58.21146503286225, 0.0 ], [ 53.848315496851967, 58.211701238147924, 0.0 ], [ 53.848210730870704, 58.211655414456885, 0.0 ], [ 53.847994068341812, 58.211560615946325, 0.0 ], [ 53.848361881987067, 58.211316128871374, 0.0 ] ] } },
{ "type": "Feature", "properties": { "fid": 282, "handle": 315, "block": -1, "etype": 18, "space": 0, "layer": "0", "olinetype": "ByLayer", "linetype": "", "color": "0,0,0,187", "ocolor": 256, "color24": -1, "transparency": 0, "lweight": -1, "linewidth": 0.0, "ltscale": 1.0, "visible": 0, "width": 0.0, "thickness": 0.0, "ext": "(3:0,0,1)" }, "geometry": { "type": "LineString", "coordinates": [ [ 53.847062130615626, 58.211373203887973, 0.0 ], [ 53.847412851322936, 58.211386283386524, 0.0 ], [ 53.847499578000452, 58.211076819061908, 0.0 ], [ 53.847250603441395, 58.211060180686189, 0.0 ], [ 53.846999675487254, 58.211062663032493, 0.0 ], [ 53.847062130615626, 58.211373203887973, 0.0 ] ] } },
{ "type": "Feature", "properties": { "fid": 283, "handle": 316, "block": -1, "etype": 18, "space": 0, "layer": "0", "olinetype": "ByLayer", "linetype": "", "color": "0,0,0,187", "ocolor": 256, "color24": -1, "transparency": 0, "lweight": -1, "linewidth": 0.0, "ltscale": 1.0, "visible": 0, "width": 0.0, "thickness": 0.0, "ext": "(3:0,0,1)" }, "geometry": { "type": "LineString", "coordinates": [ [ 53.84974314106578, 58.212498935212892, 0.0 ], [ 53.849264434489605, 58.212696518784156, 0.0 ], [ 53.849483742487116, 58.212851921023706, 0.0 ], [ 53.849995183379839, 58.212677987795765, 0.0 ], [ 53.84974314106578, 58.212498935212892, 0.0 ] ] } },
{ "type": "Feature", "properties": { "fid": 284, "handle": 317, "block": -1, "etype": 18, "space": 0, "layer": "0", "olinetype": "ByLayer", "linetype": "", "color": "0,0,0,187", "ocolor": 256, "color24": -1, "transparency": 0, "lweight": -1, "linewidth": 0.0, "ltscale": 1.0, "visible": 0, "width": 0.0, "thickness": 0.0, "ext": "(3:0,0,1)" }, "geometry": { "type": "LineString", "coordinates": [ [ 53.849463880796151, 58.212320209117713, 0.0 ], [ 53.84900078292948, 58.212527955491055, 0.0 ], [ 53.849264434489605, 58.212696518784156, 0.0 ], [ 53.84974314106578, 58.212498935212892, 0.0 ], [ 53.849698865306316, 58.212469254992229, 0.0 ], [ 53.849463880796151, 58.212320209117713, 0.0 ] ] } },
{ "type": "Feature", "properties": { "fid": 285, "handle": 318, "block": -1, "etype": 18, "space": 0, "layer": "0", "olinetype": "ByLayer", "linetype": "", "color": "0,0,0,187", "ocolor": 256, "color24": -1, "transparency": 0, "lweight": -1, "linewidth": 0.0, "ltscale": 1.0, "visible": 0, "width": 0.0, "thickness": 0.0, "ext": "(3:0,0,1)" }, "geometry": { "type": "LineString", "coordinates": [ [ 53.849146907929764, 58.212129496791597, 0.0 ], [ 53.848706004050172, 58.212358905802205, 0.0 ], [ 53.84900078292948, 58.212527955491055, 0.0 ], [ 53.849463880796151, 58.212320209117713, 0.0 ], [ 53.84932133856104, 58.212235825292851, 0.0 ], [ 53.849205460499789, 58.212162067114669, 0.0 ], [ 53.849146907929764, 58.212129496791597, 0.0 ] ] } },
{ "type": "Feature", "properties": { "fid": 286, "handle": 319, "block": -1, "etype": 18, "space": 0, "layer": "0", "olinetype": "ByLayer", "linetype": "", "color": "0,0,0,187", "ocolor": 256, "color24": -1, "transparency": 0, "lweight": -1, "linewidth": 0.0, "ltscale": 1.0, "visible": 0, "width": 0.0, "thickness": 0.0, "ext": "(3:0,0,1)" }, "geometry": { "type": "LineString", "coordinates": [ [ 53.848848542385333, 58.211964393579507, 0.0 ], [ 53.848416926132266, 58.212209973353879, 0.0 ], [ 53.848706004050172, 58.212358905802205, 0.0 ], [ 53.849146907929764, 58.212129496791597, 0.0 ], [ 53.848922041024757, 58.212002548231915, 0.0 ], [ 53.848848542385333, 58.211964393579507, 0.0 ] ] } },
{ "type": "Feature", "properties": { "fid": 287, "handle": 320, "block": -1, "etype": 18, "space": 0, "layer": "0", "olinetype": "ByLayer", "linetype": "", "color": "0,0,0,187", "ocolor": 256, "color24": -1, "transparency": 0, "lweight": -1, "linewidth": 0.0, "ltscale": 1.0, "visible": 0, "width": 0.0, "thickness": 0.0, "ext": "(3:0,0,1)" }, "geometry": { "type": "LineString", "coordinates": [ [ 53.848848542385333, 58.211964393579507, 0.0 ], [ 53.848627706797664, 58.211850018745039, 0.0 ], [ 53.848533822810069, 58.211805285623939, 0.0 ], [ 53.848114885237507, 58.212069554085303, 0.0 ], [ 53.848416926132266, 58.212209973353879, 0.0 ], [ 53.848848542385333, 58.211964393579507, 0.0 ] ] } },
{ "type": "Feature", "properties": { "fid": 288, "handle": 321, "block": -1, "etype": 18, "space": 0, "layer": "0", "olinetype": "ByLayer", "linetype": "", "color": "0,0,0,187", "ocolor": 256, "color24": -1, "transparency": 0, "lweight": -1, "linewidth": 0.0, "ltscale": 1.0, "visible": 0, "width": 0.0, "thickness": 0.0, "ext": "(3:0,0,1)" }, "geometry": { "type": "LineString", "coordinates": [ [ 53.848210730870704, 58.211655414456885, 0.0 ], [ 53.847791223437319, 58.211933417818543, 0.0 ], [ 53.848114885237507, 58.212069554085303, 0.0 ], [ 53.848533822810069, 58.211805285623939, 0.0 ], [ 53.848315496851967, 58.211701238147924, 0.0 ], [ 53.848210730870704, 58.211655414456885, 0.0 ] ] } },
{ "type": "Feature", "properties": { "fid": 289, "handle": 322, "block": -1, "etype": 18, "space": 0, "layer": "0", "olinetype": "ByLayer", "linetype": "", "color": "0,0,0,187", "ocolor": 256, "color24": -1, "transparency": 0, "lweight": -1, "linewidth": 0.0, "ltscale": 1.0, "visible": 0, "width": 0.0, "thickness": 0.0, "ext": "(3:0,0,1)" }, "geometry": { "type": "LineString", "coordinates": [ [ 53.847841891583705, 58.21150297398168, 0.0 ], [ 53.847476671713885, 58.211815607138199, 0.0 ], [ 53.847791223437319, 58.211933417818543, 0.0 ], [ 53.848210730870704, 58.211655414456885, 0.0 ], [ 53.847994068341812, 58.211560615946325, 0.0 ], [ 53.847841891583705, 58.21150297398168, 0.0 ] ] } },
{ "type": "Feature", "properties": { "fid": 290, "handle": 323, "block": -1, "etype": 18, "space": 0, "layer": "0", "olinetype": "ByLayer", "linetype": "", "color": "0,0,0,187", "ocolor": 256, "color24": -1, "transparency": 0, "lweight": -1, "linewidth": 0.0, "ltscale": 1.0, "visible": 0, "width": 0.0, "thickness": 0.0, "ext": "(3:0,0,1)" }, "geometry": { "type": "LineString", "coordinates": [ [ 53.847412851322936, 58.211386283386524, 0.0 ], [ 53.847145423696766, 58.211704060397182, 0.0 ], [ 53.847476671713885, 58.211815607138199, 0.0 ], [ 53.847841891583705, 58.21150297398168, 0.0 ], [ 53.847689545589603, 58.211445241850683, 0.0 ], [ 53.847412851322936, 58.211386283386524, 0.0 ] ] } },
{ "type": "Feature", "properties": { "fid": 291, "handle": 324, "block": -1, "etype": 18, "space": 0, "layer": "0", "olinetype": "ByLayer", "linetype": "", "color": "0,0,0,187", "ocolor": 256, "color24": -1, "transparency": 0, "lweight": -1, "linewidth": 0.0, "ltscale": 1.0, "visible": 0, "width": 0.0, "thickness": 0.0, "ext": "(3:0,0,1)" }, "geometry": { "type": "LineString", "coordinates": [ [ 53.847412851322936, 58.211386283386524, 0.0 ], [ 53.847062130615626, 58.211373203887973, 0.0 ], [ 53.846785004492297, 58.211414709522955, 0.0 ], [ 53.846637050084915, 58.21156168420891, 0.0 ], [ 53.846908075276239, 58.21163347636012, 0.0 ], [ 53.847145423696766, 58.211704060397182, 0.0 ], [ 53.847412851322936, 58.211386283386524, 0.0 ] ] } },
{ "type": "Feature", "properties": { "fid": 292, "handle": 325, "block": -1, "etype": 18, "space": 0, "layer": "0", "olinetype": "ByLayer", "linetype": "", "color": "0,0,0,187", "ocolor": 256, "color24": -1, "transparency": 0, "lweight": -1, "linewidth": 0.0, "ltscale": 1.0, "visible": 0, "width": 0.0, "thickness": 0.0, "ext": "(3:0,0,1)" }, "geometry": { "type": "LineString", "coordinates": [ [ 53.851302390142557, 58.215278794521943, 0.0 ], [ 53.85073170264166, 58.215171556559532, 0.0 ], [ 53.850807963414901, 58.215040294948317, 0.0 ], [ 53.850858688939439, 58.214953086319298, 0.0 ], [ 53.851437005953727, 58.215065899086902, 0.0 ], [ 53.851302390142557, 58.215278794521943, 0.0 ] ] } },
{ "type": "Feature", "properties": { "fid": 293, "handle": 326, "block": -1, "etype": 18, "space": 0, "layer": "0", "olinetype": "ByLayer", "linetype": "", "color": "0,0,0,187", "ocolor": 256, "color24": -1, "transparency": 0, "lweight": -1, "linewidth": 0.0, "ltscale": 1.0, "visible": 0, "width": 0.0, "thickness": 0.0, "ext": "(3:0,0,1)" }, "geometry": { "type": "LineString", "coordinates": [ [ 53.851151622433939, 58.215488708151199, 0.0 ], [ 53.85058965982136, 58.215369359194007, 0.0 ], [ 53.850660681617988, 58.215270413006643, 0.0 ], [ 53.85073170264166, 58.215171556559532, 0.0 ], [ 53.851302390142557, 58.215278794521943, 0.0 ], [ 53.851151622433939, 58.215488708151199, 0.0 ] ] } },
{ "type": "Feature", "properties": { "fid": 294, "handle": 327, "block": -1, "etype": 18, "space": 0, "layer": "0", "olinetype": "ByLayer", "linetype": "", "color": "0,0,0,187", "ocolor": 256, "color24": -1, "transparency": 0, "lweight": -1, "linewidth": 0.0, "ltscale": 1.0, "visible": 0, "width": 0.0, "thickness": 0.0, "ext": "(3:0,0,1)" }, "geometry": { "type": "LineString", "coordinates": [ [ 53.851151622433939, 58.215488708151199, 0.0 ], [ 53.850984874598836, 58.21569519120942, 0.0 ], [ 53.85043248710096, 58.21556391176987, 0.0 ], [ 53.850488925492442, 58.21549412767726, 0.0 ], [ 53.85058965982136, 58.215369359194007, 0.0 ], [ 53.851151622433939, 58.215488708151199, 0.0 ] ] } },
{ "type": "Feature", "properties": { "fid": 295, "handle": 328, "block": -1, "etype": 18, "space": 0, "layer": "0", "olinetype": "ByLayer", "linetype": "", "color": "0,0,0,187", "ocolor": 256, "color24": -1, "transparency": 0, "lweight": -1, "linewidth": 0.0, "ltscale": 1.0, "visible": 0, "width": 0.0, "thickness": 0.0, "ext": "(3:0,0,1)" }, "geometry": { "type": "LineString", "coordinates": [ [ 53.850802488187945, 58.215897884906802, 0.0 ], [ 53.850260695816395, 58.215754945486694, 0.0 ], [ 53.850300695168677, 58.215710460655572, 0.0 ], [ 53.85043248710096, 58.21556391176987, 0.0 ], [ 53.850984874598836, 58.21569519120942, 0.0 ], [ 53.850802488187945, 58.215897884906802, 0.0 ] ] } },
{ "type": "Feature", "properties": { "fid": 296, "handle": 329, "block": -1, "etype": 18, "space": 0, "layer": "0", "olinetype": "ByLayer", "linetype": "", "color": "0,0,0,187", "ocolor": 256, "color24": -1, "transparency": 0, "lweight": -1, "linewidth": 0.0, "ltscale": 1.0, "visible": 0, "width": 0.0, "thickness": 0.0, "ext": "(3:0,0,1)" }, "geometry": { "type": "LineString", "coordinates": [ [ 53.850604633884608, 58.216096609813093, 0.0 ], [ 53.850082486804936, 58.215934299780187, 0.0 ], [ 53.850260695816395, 58.215754945486694, 0.0 ], [ 53.850802488187945, 58.215897884906802, 0.0 ], [ 53.850604633884608, 58.216096609813093, 0.0 ] ] } },
{ "type": "Feature", "properties": { "fid": 297, "handle": 330, "block": -1, "etype": 18, "space": 0, "layer": "0", "olinetype": "ByLayer", "linetype": "", "color": "0,0,0,187", "ocolor": 256, "color24": -1, "transparency": 0, "lweight": -1, "linewidth": 0.0, "ltscale": 1.0, "visible": 0, "width": 0.0, "thickness": 0.0, "ext": "(3:0,0,1)" }, "geometry": { "type": "LineString", "coordinates": [ [ 53.850391653662825, 58.216290917349035, 0.0 ], [ 53.849873431898068, 58.216125289145232, 0.0 ], [ 53.850082486804936, 58.215934299780187, 0.0 ], [ 53.850604633884608, 58.216096609813093, 0.0 ], [ 53.850391653662825, 58.216290917349035, 0.0 ] ] } },
{ "type": "Feature", "properties": { "fid": 298, "handle": 331, "block": -1, "etype": 18, "space": 0, "layer": "0", "olinetype": "ByLayer", "linetype": "", "color": "0,0,0,187", "ocolor": 256, "color24": -1, "transparency": 0, "lweight": -1, "linewidth": 0.0, "ltscale": 1.0, "visible": 0, "width": 0.0, "thickness": 0.0, "ext": "(3:0,0,1)" }, "geometry": { "type": "LineString", "coordinates": [ [ 53.850163888767931, 58.216480538494935, 0.0 ], [ 53.849658982424536, 58.216303971688951, 0.0 ], [ 53.849873431898068, 58.216125289145232, 0.0 ], [ 53.850391653662825, 58.216290917349035, 0.0 ], [ 53.850163888767931, 58.216480538494935, 0.0 ] ] } },
{ "type": "Feature", "properties": { "fid": 299, "handle": 332, "block": -1, "etype": 18, "space": 0, "layer": "0", "olinetype": "ByLayer", "linetype": "", "color": "0,0,0,187", "ocolor": 256, "color24": -1, "transparency": 0, "lweight": -1, "linewidth": 0.0, "ltscale": 1.0, "visible": 0, "width": 0.0, "thickness": 0.0, "ext": "(3:0,0,1)" }, "geometry": { "type": "LineString", "coordinates": [ [ 53.849921850989887, 58.216665114647292, 0.0 ], [ 53.849430939898362, 58.216477879378886, 0.0 ], [ 53.84961033613758, 58.216340994222918, 0.0 ], [ 53.849658982424536, 58.216303971688951, 0.0 ], [ 53.850163888767931, 58.216480538494935, 0.0 ], [ 53.849921850989887, 58.216665114647292, 0.0 ] ] } },
{ "type": "Feature", "properties": { "fid": 300, "handle": 333, "block": -1, "etype": 18, "space": 0, "layer": "0", "olinetype": "ByLayer", "linetype": "", "color": "0,0,0,187", "ocolor": 256, "color24": -1, "transparency": 0, "lweight": -1, "linewidth": 0.0, "ltscale": 1.0, "visible": 0, "width": 0.0, "thickness": 0.0, "ext": "(3:0,0,1)" }, "geometry": { "type": "LineString", "coordinates": [ [ 53.849665882010839, 58.216844287000974, 0.0 ], [ 53.849189645253446, 58.216646832982285, 0.0 ], [ 53.84931029267198, 58.216562401128947, 0.0 ], [ 53.849430939898362, 58.216477879378886, 0.0 ], [ 53.849921850989887, 58.216665114647292, 0.0 ], [ 53.849665882010839, 58.216844287000974, 0.0 ] ] } },
{ "type": "Feature", "properties": { "fid": 301, "handle": 334, "block": -1, "etype": 18, "space": 0, "layer": "0", "olinetype": "ByLayer", "linetype": "", "color": "0,0,0,187", "ocolor": 256, "color24": -1, "transparency": 0, "lweight": -1, "linewidth": 0.0, "ltscale": 1.0, "visible": 0, "width": 0.0, "thickness": 0.0, "ext": "(3:0,0,1)" }, "geometry": { "type": "LineString", "coordinates": [ [ 53.849665882010839, 58.216844287000974, 0.0 ], [ 53.84950159437377, 58.216948509469098, 0.0 ], [ 53.849303527324047, 58.217033927398539, 0.0 ], [ 53.848955508929812, 58.216772340192712, 0.0 ], [ 53.849189645253446, 58.216646832982285, 0.0 ], [ 53.849665882010839, 58.216844287000974, 0.0 ] ] } },
{ "type": "Feature", "properties": { "fid": 302, "handle": 335, "block": -1, "etype": 18, "space": 0, "layer": "0", "olinetype": "ByLayer", "linetype": "", "color": "0,0,0,187", "ocolor": 256, "color24": -1, "transparency": 0, "lweight": -1, "linewidth": 0.0, "ltscale": 1.0, "visible": 0, "width": 0.0, "thickness": 0.0, "ext": "(3:0,0,1)" }, "geometry": { "type": "LineString", "coordinates": [ [ 53.850198114723923, 58.214941627820998, 0.0 ], [ 53.850807963414901, 58.215040294948317, 0.0 ], [ 53.850858688939439, 58.214953086319298, 0.0 ], [ 53.850913943172799, 58.214840744040664, 0.0 ], [ 53.850312032984199, 58.214716139772811, 0.0 ], [ 53.850198114723923, 58.214941627820998, 0.0 ] ] } },
{ "type": "Feature", "properties": { "fid": 303, "handle": 336, "block": -1, "etype": 18, "space": 0, "layer": "0", "olinetype": "ByLayer", "linetype": "", "color": "0,0,0,187", "ocolor": 256, "color24": -1, "transparency": 0, "lweight": -1, "linewidth": 0.0, "ltscale": 1.0, "visible": 0, "width": 0.0, "thickness": 0.0, "ext": "(3:0,0,1)" }, "geometry": { "type": "LineString", "coordinates": [ [ 53.85006349197139, 58.215154521951355, 0.0 ], [ 53.850660681617988, 58.215270413006643, 0.0 ], [ 53.85073170264166, 58.215171556559532, 0.0 ], [ 53.850807963414901, 58.215040294948317, 0.0 ], [ 53.850198114723923, 58.214941627820998, 0.0 ], [ 53.85006349197139, 58.215154521951355, 0.0 ] ] } },
{ "type": "Feature", "properties": { "fid": 304, "handle": 337, "block": -1, "etype": 18, "space": 0, "layer": "0", "olinetype": "ByLayer", "linetype": "", "color": "0,0,0,187", "ocolor": 256, "color24": -1, "transparency": 0, "lweight": -1, "linewidth": 0.0, "ltscale": 1.0, "visible": 0, "width": 0.0, "thickness": 0.0, "ext": "(3:0,0,1)" }, "geometry": { "type": "LineString", "coordinates": [ [ 53.84990591785008, 58.215363079386485, 0.0 ], [ 53.850488925492442, 58.21549412767726, 0.0 ], [ 53.85058965982136, 58.215369359194007, 0.0 ], [ 53.850660681617988, 58.215270413006643, 0.0 ], [ 53.85006349197139, 58.215154521951355, 0.0 ], [ 53.84990591785008, 58.215363079386485, 0.0 ] ] } },
{ "type": "Feature", "properties": { "fid": 305, "handle": 338, "block": -1, "etype": 18, "space": 0, "layer": "0", "olinetype": "ByLayer", "linetype": "", "color": "0,0,0,187", "ocolor": 256, "color24": -1, "transparency": 0, "lweight": -1, "linewidth": 0.0, "ltscale": 1.0, "visible": 0, "width": 0.0, "thickness": 0.0, "ext": "(3:0,0,1)" }, "geometry": { "type": "LineString", "coordinates": [ [ 53.849726076350542, 58.215566403029705, 0.0 ], [ 53.850300695168677, 58.215710460655572, 0.0 ], [ 53.85043248710096, 58.21556391176987, 0.0 ], [ 53.850488925492442, 58.21549412767726, 0.0 ], [ 53.84990591785008, 58.215363079386485, 0.0 ], [ 53.849726076350542, 58.215566403029705, 0.0 ] ] } },
{ "type": "Feature", "properties": { "fid": 306, "handle": 339, "block": -1, "etype": 18, "space": 0, "layer": "0", "olinetype": "ByLayer", "linetype": "", "color": "0,0,0,187", "ocolor": 256, "color24": -1, "transparency": 0, "lweight": -1, "linewidth": 0.0, "ltscale": 1.0, "visible": 0, "width": 0.0, "thickness": 0.0, "ext": "(3:0,0,1)" }, "geometry": { "type": "LineString", "coordinates": [ [ 53.849524309343266, 58.215764044281819, 0.0 ], [ 53.850082486804936, 58.215934299780187, 0.0 ], [ 53.850260695816395, 58.215754945486694, 0.0 ], [ 53.850300695168677, 58.215710460655572, 0.0 ], [ 53.849726076350542, 58.215566403029705, 0.0 ], [ 53.849524309343266, 58.215764044281819, 0.0 ] ] } },
{ "type": "Feature", "properties": { "fid": 307, "handle": 340, "block": -1, "etype": 18, "space": 0, "layer": "0", "olinetype": "ByLayer", "linetype": "", "color": "0,0,0,187", "ocolor": 256, "color24": -1, "transparency": 0, "lweight": -1, "linewidth": 0.0, "ltscale": 1.0, "visible": 0, "width": 0.0, "thickness": 0.0, "ext": "(3:0,0,1)" }, "geometry": { "type": "LineString", "coordinates": [ [ 53.849301640424109, 58.215955285994717, 0.0 ], [ 53.849873431898068, 58.216125289145232, 0.0 ], [ 53.850082486804936, 58.215934299780187, 0.0 ], [ 53.849524309343266, 58.215764044281819, 0.0 ], [ 53.849301640424109, 58.215955285994717, 0.0 ] ] } },
{ "type": "Feature", "properties": { "fid": 308, "handle": 341, "block": -1, "etype": 18, "space": 0, "layer": "0", "olinetype": "ByLayer", "linetype": "", "color": "0,0,0,187", "ocolor": 256, "color24": -1, "transparency": 0, "lweight": -1, "linewidth": 0.0, "ltscale": 1.0, "visible": 0, "width": 0.0, "thickness": 0.0, "ext": "(3:0,0,1)" }, "geometry": { "type": "LineString", "coordinates": [ [ 53.849058412703684, 58.216139410211106, 0.0 ], [ 53.84961033613758, 58.216340994222918, 0.0 ], [ 53.849658982424536, 58.216303971688951, 0.0 ], [ 53.849873431898068, 58.216125289145232, 0.0 ], [ 53.849301640424109, 58.215955285994717, 0.0 ], [ 53.849058412703684, 58.216139410211106, 0.0 ] ] } },
{ "type": "Feature", "properties": { "fid": 309, "handle": 342, "block": -1, "etype": 18, "space": 0, "layer": "0", "olinetype": "ByLayer", "linetype": "", "color": "0,0,0,187", "ocolor": 256, "color24": -1, "transparency": 0, "lweight": -1, "linewidth": 0.0, "ltscale": 1.0, "visible": 0, "width": 0.0, "thickness": 0.0, "ext": "(3:0,0,1)" }, "geometry": { "type": "LineString", "coordinates": [ [ 53.848781148040509, 58.216325109669306, 0.0 ], [ 53.84931029267198, 58.216562401128947, 0.0 ], [ 53.849430939898362, 58.216477879378886, 0.0 ], [ 53.84961033613758, 58.216340994222918, 0.0 ], [ 53.849058412703684, 58.216139410211106, 0.0 ], [ 53.848781148040509, 58.216325109669306, 0.0 ] ] } },
{ "type": "Feature", "properties": { "fid": 310, "handle": 343, "block": -1, "etype": 18, "space": 0, "layer": "0", "olinetype": "ByLayer", "linetype": "", "color": "0,0,0,187", "ocolor": 256, "color24": -1, "transparency": 0, "lweight": -1, "linewidth": 0.0, "ltscale": 1.0, "visible": 0, "width": 0.0, "thickness": 0.0, "ext": "(3:0,0,1)" }, "geometry": { "type": "LineString", "coordinates": [ [ 53.848781148040509, 58.216325109669306, 0.0 ], [ 53.848460315803877, 58.216512911511707, 0.0 ], [ 53.848955508929812, 58.216772340192712, 0.0 ], [ 53.849189645253446, 58.216646832982285, 0.0 ], [ 53.84931029267198, 58.216562401128947, 0.0 ], [ 53.848781148040509, 58.216325109669306, 0.0 ] ] } },
{ "type": "Feature", "properties": { "fid": 311, "handle": 344, "block": -1, "etype": 18, "space": 0, "layer": "0", "olinetype": "ByLayer", "linetype": "", "color": "0,0,0,187", "ocolor": 256, "color24": -1, "transparency": 0, "lweight": -1, "linewidth": 0.0, "ltscale": 1.0, "visible": 0, "width": 0.0, "thickness": 0.0, "ext": "(3:0,0,1)" }, "geometry": { "type": "LineString", "coordinates": [ [ 53.848773990037799, 58.215489142266051, 0.0 ], [ 53.848559916682902, 58.215659024806968, 0.0 ], [ 53.849106188657267, 58.215866889037407, 0.0 ], [ 53.849218027397001, 58.21577284017782, 0.0 ], [ 53.849324598230076, 58.215677168920259, 0.0 ], [ 53.848773990037799, 58.215489142266051, 0.0 ] ] } },
{ "type": "Feature", "properties": { "fid": 312, "handle": 345, "block": -1, "etype": 18, "space": 0, "layer": "0", "olinetype": "ByLayer", "linetype": "", "color": "0,0,0,187", "ocolor": 256, "color24": -1, "transparency": 0, "lweight": -1, "linewidth": 0.0, "ltscale": 1.0, "visible": 0, "width": 0.0, "thickness": 0.0, "ext": "(3:0,0,1)" }, "geometry": { "type": "LineString", "coordinates": [ [ 53.84893697105413, 58.21533105004351, 0.0 ], [ 53.848833100563617, 58.215431841751105, 0.0 ], [ 53.848773990037799, 58.215489142266051, 0.0 ], [ 53.849324598230076, 58.215677168920259, 0.0 ], [ 53.849441963085638, 58.215563553946758, 0.0 ], [ 53.849552019818944, 58.215447955039252, 0.0 ], [ 53.84893697105413, 58.21533105004351, 0.0 ] ] } },
{ "type": "Feature", "properties": { "fid": 313, "handle": 346, "block": -1, "etype": 18, "space": 0, "layer": "0", "olinetype": "ByLayer", "linetype": "", "color": "0,0,0,187", "ocolor": 256, "color24": -1, "transparency": 0, "lweight": -1, "linewidth": 0.0, "ltscale": 1.0, "visible": 0, "width": 0.0, "thickness": 0.0, "ext": "(3:0,0,1)" }, "geometry": { "type": "LineString", "coordinates": [ [ 53.849755174885139, 58.215203269671072, 0.0 ], [ 53.849354707479051, 58.215157008359952, 0.0 ], [ 53.849022191562938, 58.215134887819204, 0.0 ], [ 53.84893697105413, 58.21533105004351, 0.0 ], [ 53.849552019818944, 58.215447955039252, 0.0 ], [ 53.849657677090455, 58.215326515026071, 0.0 ], [ 53.849755174885139, 58.215203269671072, 0.0 ] ] } },
{ "type": "Feature", "properties": { "fid": 314, "handle": 347, "block": -1, "etype": 18, "space": 0, "layer": "0", "olinetype": "ByLayer", "linetype": "", "color": "0,0,0,187", "ocolor": 256, "color24": -1, "transparency": 0, "lweight": -1, "linewidth": 0.0, "ltscale": 1.0, "visible": 0, "width": 0.0, "thickness": 0.0, "ext": "(3:0,0,1)" }, "geometry": { "type": "LineString", "coordinates": [ [ 53.846580615419569, 58.215961557688878, 0.0 ], [ 53.846802857890623, 58.216148571191709, 0.0 ], [ 53.847017182433483, 58.216317887774281, 0.0 ], [ 53.847072290004718, 58.216361408303264, 0.0 ], [ 53.847449749494402, 58.216221262089853, 0.0 ], [ 53.846987138538289, 58.215867236555518, 0.0 ], [ 53.846786162845127, 58.215917003704902, 0.0 ], [ 53.846580615419569, 58.215961557688878, 0.0 ] ] } },
{ "type": "Feature", "properties": { "fid": 315, "handle": 348, "block": -1, "etype": 18, "space": 0, "layer": "0", "olinetype": "ByLayer", "linetype": "", "color": "0,0,0,187", "ocolor": 256, "color24": -1, "transparency": 0, "lweight": -1, "linewidth": 0.0, "ltscale": 1.0, "visible": 0, "width": 0.0, "thickness": 0.0, "ext": "(3:0,0,1)" }, "geometry": { "type": "LineString", "coordinates": [ [ 53.847449749494402, 58.216221262089853, 0.0 ], [ 53.848014206497993, 58.216553500595793, 0.0 ], [ 53.847847338195535, 58.216623870108691, 0.0 ], [ 53.847670800173901, 58.216687494212024, 0.0 ], [ 53.847279543677359, 58.21647433295135, 0.0 ], [ 53.847072290004718, 58.216361408303264, 0.0 ], [ 53.847449749494402, 58.216221262089853, 0.0 ] ] } },
{ "type": "Feature", "properties": { "fid": 316, "handle": 349, "block": -1, "etype": 18, "space": 0, "layer": "0", "olinetype": "ByLayer", "linetype": "", "color": "0,0,0,187", "ocolor": 256, "color24": -1, "transparency": 0, "lweight": -1, "linewidth": 0.0, "ltscale": 1.0, "visible": 0, "width": 0.0, "thickness": 0.0, "ext": "(3:0,0,1)" }, "geometry": { "type": "LineString", "coordinates": [ [ 53.848320107127783, 58.216396656850698, 0.0 ], [ 53.847790964619087, 58.216081610187636, 0.0 ], [ 53.847449749494402, 58.216221262089853, 0.0 ], [ 53.848014206497993, 58.216553500595793, 0.0 ], [ 53.848171570574678, 58.216477463290289, 0.0 ], [ 53.848320107127783, 58.216396656850698, 0.0 ] ] } },
{ "type": "Feature", "properties": { "fid": 317, "handle": 350, "block": -1, "etype": 18, "space": 0, "layer": "0", "olinetype": "ByLayer", "linetype": "", "color": "0,0,0,187", "ocolor": 256, "color24": -1, "transparency": 0, "lweight": -1, "linewidth": 0.0, "ltscale": 1.0, "visible": 0, "width": 0.0, "thickness": 0.0, "ext": "(3:0,0,1)" }, "geometry": { "type": "LineString", "coordinates": [ [ 53.84860189456797, 58.216228291662411, 0.0 ], [ 53.84806900747995, 58.215953374188743, 0.0 ], [ 53.847790964619087, 58.216081610187636, 0.0 ], [ 53.848320107127783, 58.216396656850698, 0.0 ], [ 53.848463378318421, 58.216313599433526, 0.0 ], [ 53.84860189456797, 58.216228291662411, 0.0 ] ] } },
{ "type": "Feature", "properties": { "fid": 318, "handle": 351, "block": -1, "etype": 18, "space": 0, "layer": "0", "olinetype": "ByLayer", "linetype": "", "color": "0,0,0,187", "ocolor": 256, "color24": -1, "transparency": 0, "lweight": -1, "linewidth": 0.0, "ltscale": 1.0, "visible": 0, "width": 0.0, "thickness": 0.0, "ext": "(3:0,0,1)" }, "geometry": { "type": "LineString", "coordinates": [ [ 53.848862783897289, 58.216052538966231, 0.0 ], [ 53.848331467606755, 58.215808329839035, 0.0 ], [ 53.84818497324644, 58.215889587638479, 0.0 ], [ 53.84806900747995, 58.215953374188743, 0.0 ], [ 53.84860189456797, 58.216228291662411, 0.0 ], [ 53.848734802140051, 58.216141450794709, 0.0 ], [ 53.848862783897289, 58.216052538966231, 0.0 ] ] } },
{ "type": "Feature", "properties": { "fid": 319, "handle": 352, "block": -1, "etype": 18, "space": 0, "layer": "0", "olinetype": "ByLayer", "linetype": "", "color": "0,0,0,187", "ocolor": 256, "color24": -1, "transparency": 0, "lweight": -1, "linewidth": 0.0, "ltscale": 1.0, "visible": 0, "width": 0.0, "thickness": 0.0, "ext": "(3:0,0,1)" }, "geometry": { "type": "LineString", "coordinates": [ [ 53.849106188657267, 58.215866889037407, 0.0 ], [ 53.848559916682902, 58.215659024806968, 0.0 ], [ 53.848331467606755, 58.215808329839035, 0.0 ], [ 53.848862783897289, 58.216052538966231, 0.0 ], [ 53.848987034624777, 58.21596065978818, 0.0 ], [ 53.849106188657267, 58.215866889037407, 0.0 ] ] } },
{ "type": "Feature", "properties": { "fid": 320, "handle": 353, "block": -1, "etype": 18, "space": 0, "layer": "0", "olinetype": "ByLayer", "linetype": "", "color": "0,0,0,187", "ocolor": 256, "color24": -1, "transparency": 0, "lweight": -1, "linewidth": 0.0, "ltscale": 1.0, "visible": 0, "width": 0.0, "thickness": 0.0, "ext": "(3:0,0,1)" }, "geometry": { "type": "LineString", "coordinates": [ [ 53.848833100563617, 58.215431841751105, 0.0 ], [ 53.848235634034367, 58.215262072699211, 0.0 ], [ 53.848308117787184, 58.215180816582865, 0.0 ], [ 53.848369383242584, 58.215097033190773, 0.0 ], [ 53.848905513473994, 58.215127118138213, 0.0 ], [ 53.849022191562938, 58.215134887819204, 0.0 ], [ 53.84893697105413, 58.21533105004351, 0.0 ], [ 53.848833100563617, 58.215431841751105, 0.0 ] ] } },
{ "type": "Feature", "properties": { "fid": 321, "handle": 354, "block": -1, "etype": 18, "space": 0, "layer": "0", "olinetype": "ByLayer", "linetype": "", "color": "0,0,0,187", "ocolor": 256, "color24": -1, "transparency": 0, "lweight": -1, "linewidth": 0.0, "ltscale": 1.0, "visible": 0, "width": 0.0, "thickness": 0.0, "ext": "(3:0,0,1)" }, "geometry": { "type": "LineString", "coordinates": [ [ 53.848011292285491, 58.215445768512261, 0.0 ], [ 53.848132978420367, 58.215356849900637, 0.0 ], [ 53.848235634034367, 58.215262072699211, 0.0 ], [ 53.848833100563617, 58.215431841751105, 0.0 ], [ 53.848773990037799, 58.215489142266051, 0.0 ], [ 53.848559916682902, 58.215659024806968, 0.0 ], [ 53.848011292285491, 58.215445768512261, 0.0 ] ] } },
{ "type": "Feature", "properties": { "fid": 322, "handle": 355, "block": -1, "etype": 18, "space": 0, "layer": "0", "olinetype": "ByLayer", "linetype": "", "color": "0,0,0,187", "ocolor": 256, "color24": -1, "transparency": 0, "lweight": -1, "linewidth": 0.0, "ltscale": 1.0, "visible": 0, "width": 0.0, "thickness": 0.0, "ext": "(3:0,0,1)" }, "geometry": { "type": "LineString", "coordinates": [ [ 53.847719290957507, 58.21561627498194, 0.0 ], [ 53.84818497324644, 58.215889587638479, 0.0 ], [ 53.848331467606755, 58.215808329839035, 0.0 ], [ 53.848559916682902, 58.215659024806968, 0.0 ], [ 53.848011292285491, 58.215445768512261, 0.0 ], [ 53.847874120662354, 58.215535297004429, 0.0 ], [ 53.847719290957507, 58.21561627498194, 0.0 ] ] } },
{ "type": "Feature", "properties": { "fid": 323, "handle": 356, "block": -1, "etype": 18, "space": 0, "layer": "0", "olinetype": "ByLayer", "linetype": "", "color": "0,0,0,187", "ocolor": 256, "color24": -1, "transparency": 0, "lweight": -1, "linewidth": 0.0, "ltscale": 1.0, "visible": 0, "width": 0.0, "thickness": 0.0, "ext": "(3:0,0,1)" }, "geometry": { "type": "LineString", "coordinates": [ [ 53.847364809490486, 58.215755910818743, 0.0 ], [ 53.847790964619087, 58.216081610187636, 0.0 ], [ 53.847449749494402, 58.216221262089853, 0.0 ], [ 53.846987138538289, 58.215867236555518, 0.0 ], [ 53.847177753580652, 58.215813236924305, 0.0 ], [ 53.847364809490486, 58.215755910818743, 0.0 ] ] } },
{ "type": "Feature", "properties": { "fid": 324, "handle": 357, "block": -1, "etype": 18, "space": 0, "layer": "0", "olinetype": "ByLayer", "linetype": "", "color": "0,0,0,187", "ocolor": 256, "color24": -1, "transparency": 0, "lweight": -1, "linewidth": 0.0, "ltscale": 1.0, "visible": 0, "width": 0.0, "thickness": 0.0, "ext": "(3:0,0,1)" }, "geometry": { "type": "LineString", "coordinates": [ [ 53.847719290957507, 58.21561627498194, 0.0 ], [ 53.84818497324644, 58.215889587638479, 0.0 ], [ 53.84806900747995, 58.215953374188743, 0.0 ], [ 53.847790964619087, 58.216081610187636, 0.0 ], [ 53.847364809490486, 58.215755910818743, 0.0 ], [ 53.847548156529378, 58.215690499636437, 0.0 ], [ 53.847719290957507, 58.21561627498194, 0.0 ] ] } },
{ "type": "Feature", "properties": { "fid": 325, "handle": 358, "block": -1, "etype": 18, "space": 0, "layer": "0", "olinetype": "ByLayer", "linetype": "", "color": "0,0,0,187", "ocolor": 256, "color24": -1, "transparency": 0, "lweight": -1, "linewidth": 0.0, "ltscale": 1.0, "visible": 0, "width": 0.0, "thickness": 0.0, "ext": "(3:0,0,1)" }, "geometry": { "type": "LineString", "coordinates": [ [ 53.847613319427104, 58.218108312966443, 0.0 ], [ 53.847726069638313, 58.217963001100472, 0.0 ], [ 53.847844290704707, 58.217930461646432, 0.0 ], [ 53.847579161460288, 58.217662684886797, 0.0 ], [ 53.847220447915468, 58.217792439231985, 0.0 ], [ 53.847118964374125, 58.217849777966435, 0.0 ], [ 53.847613319427104, 58.218108312966443, 0.0 ] ] } },
{ "type": "Feature", "properties": { "fid": 326, "handle": 359, "block": -1, "etype": 18, "space": 0, "layer": "0", "olinetype": "ByLayer", "linetype": "", "color": "0,0,0,187", "ocolor": 256, "color24": -1, "transparency": 0, "lweight": -1, "linewidth": 0.0, "ltscale": 1.0, "visible": 0, "width": 0.0, "thickness": 0.0, "ext": "(3:0,0,1)" }, "geometry": { "type": "LineString", "coordinates": [ [ 53.841441123288796, 58.218132839236553, 0.0 ], [ 53.841603701440533, 58.218151356790905, 0.0 ], [ 53.842008709531811, 58.218023740559623, 0.0 ], [ 53.842092787177357, 58.217712032354299, 0.0 ], [ 53.841986175833313, 58.217696368024441, 0.0 ], [ 53.841637244139484, 58.217650146402384, 0.0 ], [ 53.841441123288796, 58.218132839236553, 0.0 ] ] } },
{ "type": "Feature", "properties": { "fid": 327, "handle": 360, "block": -1, "etype": 18, "space": 0, "layer": "0", "olinetype": "ByLayer", "linetype": "", "color": "0,0,0,187", "ocolor": 256, "color24": -1, "transparency": 0, "lweight": -1, "linewidth": 0.0, "ltscale": 1.0, "visible": 0, "width": 0.0, "thickness": 0.0, "ext": "(3:0,0,1)" }, "geometry": { "type": "LineString", "coordinates": [ [ 53.847043626971541, 58.216853827394907, 0.0 ], [ 53.847357504984188, 58.216782198505243, 0.0 ], [ 53.846997866523608, 58.216575718090482, 0.0 ], [ 53.846676312340009, 58.216691599321763, 0.0 ], [ 53.846716018763381, 58.21671624729138, 0.0 ], [ 53.846935470816469, 58.216841397486938, 0.0 ], [ 53.847043626971541, 58.216853827394907, 0.0 ] ] } },
{ "type": "Feature", "properties": { "fid": 328, "handle": 361, "block": -1, "etype": 18, "space": 0, "layer": "0", "olinetype": "ByLayer", "linetype": "", "color": "0,0,0,187", "ocolor": 256, "color24": -1, "transparency": 0, "lweight": -1, "linewidth": 0.0, "ltscale": 1.0, "visible": 0, "width": 0.0, "thickness": 0.0, "ext": "(3:0,0,1)" }, "geometry": { "type": "LineString", "coordinates": [ [ 53.847357504984188, 58.216782198505243, 0.0 ], [ 53.847670800173901, 58.216687494212024, 0.0 ], [ 53.847279543677359, 58.21647433295135, 0.0 ], [ 53.846997866523608, 58.216575718090482, 0.0 ], [ 53.847357504984188, 58.216782198505243, 0.0 ] ] } },
{ "type": "Feature", "properties": { "fid": 329, "handle": 362, "block": -1, "etype": 18, "space": 0, "layer": "0", "olinetype": "ByLayer", "linetype": "", "color": "0,0,0,187", "ocolor": 256, "color24": -1, "transparency": 0, "lweight": -1, "linewidth": 0.0, "ltscale": 1.0, "visible": 0, "width": 0.0, "thickness": 0.0, "ext": "(3:0,0,1)" }, "geometry": { "type": "LineString", "coordinates": [ [ 53.84619269280239, 58.216356758988205, 0.0 ], [ 53.846468043207295, 58.21626281989694, 0.0 ], [ 53.846186300905615, 58.216025635768922, 0.0 ], [ 53.845949168656581, 58.216055875313714, 0.0 ], [ 53.845905890355603, 58.216109692135085, 0.0 ], [ 53.846030788948454, 58.216223327296767, 0.0 ], [ 53.846163525956506, 58.216334368117359, 0.0 ], [ 53.84619269280239, 58.216356758988205, 0.0 ] ] } },
{ "type": "Feature", "properties": { "fid": 330, "handle": 363, "block": -1, "etype": 18, "space": 0, "layer": "0", "olinetype": "ByLayer", "linetype": "", "color": "0,0,0,187", "ocolor": 256, "color24": -1, "transparency": 0, "lweight": -1, "linewidth": 0.0, "ltscale": 1.0, "visible": 0, "width": 0.0, "thickness": 0.0, "ext": "(3:0,0,1)" }, "geometry": { "type": "LineString", "coordinates": [ [ 53.846468043207295, 58.21626281989694, 0.0 ], [ 53.846802857890623, 58.216148571191709, 0.0 ], [ 53.846580615419569, 58.215961557688878, 0.0 ], [ 53.846268352452974, 58.216015140467071, 0.0 ], [ 53.846186300905615, 58.216025635768922, 0.0 ], [ 53.846468043207295, 58.21626281989694, 0.0 ] ] } },
{ "type": "Feature", "properties": { "fid": 331, "handle": 364, "block": -1, "etype": 18, "space": 0, "layer": "0", "olinetype": "ByLayer", "linetype": "", "color": "0,0,0,187", "ocolor": 256, "color24": -1, "transparency": 0, "lweight": -1, "linewidth": 0.0, "ltscale": 1.0, "visible": 0, "width": 0.0, "thickness": 0.0, "ext": "(3:0,0,1)" }, "geometry": { "type": "LineString", "coordinates": [ [ 53.845730909627655, 58.215932161355276, 0.0 ], [ 53.845829986528635, 58.215958138371214, 0.0 ], [ 53.846095362713747, 58.215927484234243, 0.0 ], [ 53.845902435594219, 58.215651261745244, 0.0 ], [ 53.845554895133255, 58.215718895892998, 0.0 ], [ 53.845572484109269, 58.215743068520716, 0.0 ], [ 53.845649482946996, 58.215838061192663, 0.0 ], [ 53.845730909627655, 58.215932161355276, 0.0 ] ] } },
{ "type": "Feature", "properties": { "fid": 332, "handle": 365, "block": -1, "etype": 18, "space": 0, "layer": "0", "olinetype": "ByLayer", "linetype": "", "color": "0,0,0,187", "ocolor": 256, "color24": -1, "transparency": 0, "lweight": -1, "linewidth": 0.0, "ltscale": 1.0, "visible": 0, "width": 0.0, "thickness": 0.0, "ext": "(3:0,0,1)" }, "geometry": { "type": "LineString", "coordinates": [ [ 53.844771687696948, 58.215969064667568, 0.0 ], [ 53.845078407999679, 58.215977428300924, 0.0 ], [ 53.845385672869988, 58.215977980835582, 0.0 ], [ 53.845447473538023, 58.215929483772392, 0.0 ], [ 53.845344417722188, 58.21580150943025, 0.0 ], [ 53.844790816309207, 58.215796616983113, 0.0 ], [ 53.844771687696948, 58.215969064667568, 0.0 ] ] } },
{ "type": "Feature", "properties": { "fid": 333, "handle": 366, "block": -1, "etype": 18, "space": 0, "layer": "0", "olinetype": "ByLayer", "linetype": "", "color": "0,0,0,187", "ocolor": 256, "color24": -1, "transparency": 0, "lweight": -1, "linewidth": 0.0, "ltscale": 1.0, "visible": 0, "width": 0.0, "thickness": 0.0, "ext": "(3:0,0,1)" }, "geometry": { "type": "LineString", "coordinates": [ [ 53.843102790832553, 58.216398064722746, 0.0 ], [ 53.843213745398295, 58.216392634728848, 0.0 ], [ 53.843358652013215, 58.216288665864639, 0.0 ], [ 53.843528857549444, 58.216196219962647, 0.0 ], [ 53.84329717664567, 58.216031365274588, 0.0 ], [ 53.842830515796031, 58.216256233175301, 0.0 ], [ 53.842924022760222, 58.21631030730348, 0.0 ], [ 53.843102790832553, 58.216398064722746, 0.0 ] ] } },
{ "type": "Feature", "properties": { "fid": 334, "handle": 367, "block": -1, "etype": 18, "space": 0, "layer": "0", "olinetype": "ByLayer", "linetype": "", "color": "0,0,0,187", "ocolor": 256, "color24": -1, "transparency": 0, "lweight": -1, "linewidth": 0.0, "ltscale": 1.0, "visible": 0, "width": 0.0, "thickness": 0.0, "ext": "(3:0,0,1)" }, "geometry": { "type": "LineString", "coordinates": [ [ 53.842595307248629, 58.216120192845601, 0.0 ], [ 53.842830515796031, 58.216256233175301, 0.0 ], [ 53.84329717664567, 58.216031365274588, 0.0 ], [ 53.843049893842341, 58.215855537568004, 0.0 ], [ 53.842595307248629, 58.216120192845601, 0.0 ] ] } },
{ "type": "Feature", "properties": { "fid": 335, "handle": 368, "block": -1, "etype": 18, "space": 0, "layer": "0", "olinetype": "ByLayer", "linetype": "", "color": "0,0,0,187", "ocolor": 256, "color24": -1, "transparency": 0, "lweight": -1, "linewidth": 0.0, "ltscale": 1.0, "visible": 0, "width": 0.0, "thickness": 0.0, "ext": "(3:0,0,1)" }, "geometry": { "type": "LineString", "coordinates": [ [ 53.843868878758684, 58.216679752980561, 0.0 ], [ 53.844050457159312, 58.216554729498874, 0.0 ], [ 53.843583786698957, 58.216317852005396, 0.0 ], [ 53.843370983064631, 58.216463127176645, 0.0 ], [ 53.843393359605365, 58.2165202559272, 0.0 ], [ 53.843625056175924, 58.216605114806605, 0.0 ], [ 53.843868878758684, 58.216679752980561, 0.0 ] ] } },
{ "type": "Feature", "properties": { "fid": 336, "handle": 369, "block": -1, "etype": 18, "space": 0, "layer": "0", "olinetype": "ByLayer", "linetype": "", "color": "0,0,0,187", "ocolor": 256, "color24": -1, "transparency": 0, "lweight": -1, "linewidth": 0.0, "ltscale": 1.0, "visible": 0, "width": 0.0, "thickness": 0.0, "ext": "(3:0,0,1)" }, "geometry": { "type": "LineString", "coordinates": [ [ 53.844050457159312, 58.216554729498874, 0.0 ], [ 53.844230839377033, 58.216430602114762, 0.0 ], [ 53.843965231392275, 58.216164343468812, 0.0 ], [ 53.843851420426063, 58.216200476015558, 0.0 ], [ 53.843583786698957, 58.216317852005396, 0.0 ], [ 53.844050457159312, 58.216554729498874, 0.0 ] ] } },
{ "type": "Feature", "properties": { "fid": 337, "handle": 370, "block": -1, "etype": 18, "space": 0, "layer": "0", "olinetype": "ByLayer", "linetype": "", "color": "0,0,0,187", "ocolor": 256, "color24": -1, "transparency": 0, "lweight": -1, "linewidth": 0.0, "ltscale": 1.0, "visible": 0, "width": 0.0, "thickness": 0.0, "ext": "(3:0,0,1)" }, "geometry": { "type": "LineString", "coordinates": [ [ 53.845288929457332, 58.216509821024346, 0.0 ], [ 53.845773584433211, 58.216526479130664, 0.0 ], [ 53.846125040304798, 58.21653857540629, 0.0 ], [ 53.846045488567192, 58.216482365714057, 0.0 ], [ 53.845905609091083, 58.216370508104909, 0.0 ], [ 53.84588560569388, 58.216353694720119, 0.0 ], [ 53.845283663563734, 58.216351708777985, 0.0 ], [ 53.845288929457332, 58.216509821024346, 0.0 ] ] } },
{ "type": "Feature", "properties": { "fid": 338, "handle": 371, "block": -1, "etype": 18, "space": 0, "layer": "0", "olinetype": "ByLayer", "linetype": "", "color": "0,0,0,187", "ocolor": 256, "color24": -1, "transparency": 0, "lweight": -1, "linewidth": 0.0, "ltscale": 1.0, "visible": 0, "width": 0.0, "thickness": 0.0, "ext": "(3:0,0,1)" }, "geometry": { "type": "LineString", "coordinates": [ [ 53.845283663563734, 58.216351708777985, 0.0 ], [ 53.84588560569388, 58.216353694720119, 0.0 ], [ 53.845770842415419, 58.216256860887363, 0.0 ], [ 53.845618854983812, 58.216112756622991, 0.0 ], [ 53.845523194990619, 58.216083461654954, 0.0 ], [ 53.845274611439805, 58.216086392386302, 0.0 ], [ 53.845283663563734, 58.216351708777985, 0.0 ] ] } },
{ "type": "Feature", "properties": { "fid": 339, "handle": 372, "block": -1, "etype": 18, "space": 0, "layer": "0", "olinetype": "ByLayer", "linetype": "", "color": "0,0,0,187", "ocolor": 256, "color24": -1, "transparency": 0, "lweight": -1, "linewidth": 0.0, "ltscale": 1.0, "visible": 0, "width": 0.0, "thickness": 0.0, "ext": "(3:0,0,1)" }, "geometry": { "type": "LineString", "coordinates": [ [ 53.845894938735476, 58.216947343635482, 0.0 ], [ 53.846240020556195, 58.216939320752047, 0.0 ], [ 53.84658245019375, 58.216915043230109, 0.0 ], [ 53.846616888529539, 58.216859509697159, 0.0 ], [ 53.846447878878102, 58.216755249102086, 0.0 ], [ 53.845849179517081, 58.216788554004381, 0.0 ], [ 53.845894938735476, 58.216947343635482, 0.0 ] ] } },
{ "type": "Feature", "properties": { "fid": 340, "handle": 373, "block": -1, "etype": 18, "space": 0, "layer": "0", "olinetype": "ByLayer", "linetype": "", "color": "0,0,0,187", "ocolor": 256, "color24": -1, "transparency": 0, "lweight": -1, "linewidth": 0.0, "ltscale": 1.0, "visible": 0, "width": 0.0, "thickness": 0.0, "ext": "(3:0,0,1)" }, "geometry": { "type": "LineString", "coordinates": [ [ 53.847865754566691, 58.217011300769016, 0.0 ], [ 53.848474047675722, 58.216923141107749, 0.0 ], [ 53.848223118739895, 58.216637605708961, 0.0 ], [ 53.847903034239877, 58.216768664907093, 0.0 ], [ 53.84774798638685, 58.216819924854832, 0.0 ], [ 53.847865754566691, 58.217011300769016, 0.0 ] ] } },
{ "type": "Feature", "properties": { "fid": 341, "handle": 374, "block": -1, "etype": 18, "space": 0, "layer": "0", "olinetype": "ByLayer", "linetype": "", "color": "0,0,0,187", "ocolor": 256, "color24": -1, "transparency": 0, "lweight": -1, "linewidth": 0.0, "ltscale": 1.0, "visible": 0, "width": 0.0, "thickness": 0.0, "ext": "(3:0,0,1)" }, "geometry": { "type": "LineString", "coordinates": [ [ 53.84622440390504, 58.211077621673944, 0.0 ], [ 53.84660871528591, 58.210993061150731, 0.0 ], [ 53.846496957128323, 58.21079486768533, 0.0 ], [ 53.846052441723941, 58.210876212821937, 0.0 ], [ 53.84622440390504, 58.211077621673944, 0.0 ] ] } },
{ "type": "Feature", "properties": { "fid": 342, "handle": 375, "block": -1, "etype": 18, "space": 0, "layer": "0", "olinetype": "ByLayer", "linetype": "", "color": "0,0,0,187", "ocolor": 256, "color24": -1, "transparency": 0, "lweight": -1, "linewidth": 0.0, "ltscale": 1.0, "visible": 0, "width": 0.0, "thickness": 0.0, "ext": "(3:0,0,1)" }, "geometry": { "type": "LineString", "coordinates": [ [ 53.846167124959003, 58.211458946220318, 0.0 ], [ 53.846276250191991, 58.211479458343874, 0.0 ], [ 53.846637050084915, 58.21156168420891, 0.0 ], [ 53.846785004492297, 58.211414709522955, 0.0 ], [ 53.846536184520048, 58.211243734803823, 0.0 ], [ 53.846167124959003, 58.211458946220318, 0.0 ] ] } },
{ "type": "Feature", "properties": { "fid": 343, "handle": 376, "block": -1, "etype": 18, "space": 0, "layer": "0", "olinetype": "ByLayer", "linetype": "", "color": "0,0,0,187", "ocolor": 256, "color24": -1, "transparency": 0, "lweight": -1, "linewidth": 0.0, "ltscale": 1.0, "visible": 0, "width": 0.0, "thickness": 0.0, "ext": "(3:0,0,1)" }, "geometry": { "type": "LineString", "coordinates": [ [ 53.841646613037845, 58.212955283780445, 0.0 ], [ 53.841869999617792, 58.212989947500148, 0.0 ], [ 53.841977300068677, 58.213000495234297, 0.0 ], [ 53.842181280625084, 58.212731761258844, 0.0 ], [ 53.841830354152783, 58.212647739433471, 0.0 ], [ 53.841709177955281, 58.212773463303463, 0.0 ], [ 53.841600406137168, 58.212902255052931, 0.0 ], [ 53.841646613037845, 58.212955283780445, 0.0 ] ] } },
{ "type": "Feature", "properties": { "fid": 344, "handle": 377, "block": -1, "etype": 18, "space": 0, "layer": "0", "olinetype": "ByLayer", "linetype": "", "color": "0,0,0,187", "ocolor": 256, "color24": -1, "transparency": 0, "lweight": -1, "linewidth": 0.0, "ltscale": 1.0, "visible": 0, "width": 0.0, "thickness": 0.0, "ext": "(3:0,0,1)" }, "geometry": { "type": "LineString", "coordinates": [ [ 53.841977300068677, 58.213000495234297, 0.0 ], [ 53.842098884826846, 58.213012407297974, 0.0 ], [ 53.842365106336757, 58.213017046250584, 0.0 ], [ 53.842630553699379, 58.213004445565218, 0.0 ], [ 53.842548353122311, 58.212819662680175, 0.0 ], [ 53.842181280625084, 58.212731761258844, 0.0 ], [ 53.841977300068677, 58.213000495234297, 0.0 ] ] } },
{ "type": "Feature", "properties": { "fid": 345, "handle": 378, "block": -1, "etype": 18, "space": 0, "layer": "0", "olinetype": "ByLayer", "linetype": "", "color": "0,0,0,187", "ocolor": 256, "color24": -1, "transparency": 0, "lweight": -1, "linewidth": 0.0, "ltscale": 1.0, "visible": 0, "width": 0.0, "thickness": 0.0, "ext": "(3:0,0,1)" }, "geometry": { "type": "LineString", "coordinates": [ [ 53.844416152296432, 58.211686393863737, 0.0 ], [ 53.844881942549975, 58.211722694635441, 0.0 ], [ 53.844865321653707, 58.211477479961623, 0.0 ], [ 53.844817520265295, 58.211477242223687, 0.0 ], [ 53.844320918764211, 58.211523951881823, 0.0 ], [ 53.844416152296432, 58.211686393863737, 0.0 ] ] } },
{ "type": "Feature", "properties": { "fid": 346, "handle": 379, "block": -1, "etype": 18, "space": 0, "layer": "0", "olinetype": "ByLayer", "linetype": "", "color": "0,0,0,187", "ocolor": 256, "color24": -1, "transparency": 0, "lweight": -1, "linewidth": 0.0, "ltscale": 1.0, "visible": 0, "width": 0.0, "thickness": 0.0, "ext": "(3:0,0,1)" }, "geometry": { "type": "LineString", "coordinates": [ [ 53.844881942549975, 58.211722694635441, 0.0 ], [ 53.845153866681436, 58.211743854595909, 0.0 ], [ 53.845258272580772, 58.21163723064651, 0.0 ], [ 53.845369304119558, 58.211532500067129, 0.0 ], [ 53.845321731031696, 58.211479830147532, 0.0 ], [ 53.844865321653707, 58.211477479961623, 0.0 ], [ 53.844881942549975, 58.211722694635441, 0.0 ] ] } },
{ "type": "Feature", "properties": { "fid": 347, "handle": 380, "block": -1, "etype": 18, "space": 0, "layer": "0", "olinetype": "ByLayer", "linetype": "", "color": "0,0,0,187", "ocolor": 256, "color24": -1, "transparency": 0, "lweight": -1, "linewidth": 0.0, "ltscale": 1.0, "visible": 0, "width": 0.0, "thickness": 0.0, "ext": "(3:0,0,1)" }, "geometry": { "type": "LineString", "coordinates": [ [ 53.843717771076314, 58.213128784079331, 0.0 ], [ 53.84419931718724, 58.213029087036865, 0.0 ], [ 53.843990928577739, 58.21279405251569, 0.0 ], [ 53.843724326052971, 58.212876325376918, 0.0 ], [ 53.843558534332608, 58.212936006592919, 0.0 ], [ 53.843717771076314, 58.213128784079331, 0.0 ] ] } },
{ "type": "Feature", "properties": { "fid": 348, "handle": 381, "block": -1, "etype": 18, "space": 0, "layer": "0", "olinetype": "ByLayer", "linetype": "", "color": "0,0,0,187", "ocolor": 256, "color24": -1, "transparency": 0, "lweight": -1, "linewidth": 0.0, "ltscale": 1.0, "visible": 0, "width": 0.0, "thickness": 0.0, "ext": "(3:0,0,1)" }, "geometry": { "type": "LineString", "coordinates": [ [ 53.844516745244299, 58.211324336266586, 0.0 ], [ 53.844611537118801, 58.211354528781897, 0.0 ], [ 53.844776763243921, 58.211344315348015, 0.0 ], [ 53.844942989180787, 58.211338861358875, 0.0 ], [ 53.844892125667037, 58.211066041968472, 0.0 ], [ 53.844364351233907, 58.211084881464338, 0.0 ], [ 53.844371609813017, 58.211097729142104, 0.0 ], [ 53.844516745244299, 58.211324336266586, 0.0 ] ] } },
{ "type": "Feature", "properties": { "fid": 349, "handle": 382, "block": -1, "etype": 18, "space": 0, "layer": "0", "olinetype": "ByLayer", "linetype": "", "color": "0,0,0,187", "ocolor": 256, "color24": -1, "transparency": 0, "lweight": -1, "linewidth": 0.0, "ltscale": 1.0, "visible": 0, "width": 0.0, "thickness": 0.0, "ext": "(3:0,0,1)" }, "geometry": { "type": "LineString", "coordinates": [ [ 53.841930345353205, 58.212236303100404, 0.0 ], [ 53.842040756792805, 58.212235362554559, 0.0 ], [ 53.842203336523973, 58.212132673784311, 0.0 ], [ 53.842376271738566, 58.212034666269204, 0.0 ], [ 53.842100105060496, 58.211857992838965, 0.0 ], [ 53.841650132119156, 58.212089790413657, 0.0 ], [ 53.841663042227196, 58.212094026197633, 0.0 ], [ 53.841930345353205, 58.212236303100404, 0.0 ] ] } },
{ "type": "Feature", "properties": { "fid": 350, "handle": 383, "block": -1, "etype": 18, "space": 0, "layer": "0", "olinetype": "ByLayer", "linetype": "", "color": "0,0,0,187", "ocolor": 256, "color24": -1, "transparency": 0, "lweight": -1, "linewidth": 0.0, "ltscale": 1.0, "visible": 0, "width": 0.0, "thickness": 0.0, "ext": "(3:0,0,1)" }, "geometry": { "type": "LineString", "coordinates": [ [ 53.841221629743956, 58.212426478428021, 0.0 ], [ 53.841663994373071, 58.212529110593081, 0.0 ], [ 53.841749902555335, 58.212453351524225, 0.0 ], [ 53.841840396381009, 58.212379214160066, 0.0 ], [ 53.841838953103569, 58.212321303028055, 0.0 ], [ 53.841509707759769, 58.212145101165859, 0.0 ], [ 53.841402666752465, 58.212115160461408, 0.0 ], [ 53.841221629743956, 58.212426478428021, 0.0 ] ] } },
{ "type": "Feature", "properties": { "fid": 351, "handle": 384, "block": -1, "etype": 18, "space": 0, "layer": "0", "olinetype": "ByLayer", "linetype": "", "color": "0,0,0,187", "ocolor": 256, "color24": -1, "transparency": 0, "lweight": -1, "linewidth": 0.0, "ltscale": 1.0, "visible": 0, "width": 0.0, "thickness": 0.0, "ext": "(3:0,0,1)" }, "geometry": { "type": "LineString", "coordinates": [ [ 53.840708885043512, 58.212692670748218, 0.0 ], [ 53.840999906727333, 58.21278111006211, 0.0 ], [ 53.841221629743956, 58.212426478428021, 0.0 ], [ 53.840779267669433, 58.21232384473042, 0.0 ], [ 53.840708885043512, 58.212692670748218, 0.0 ] ] } },
{ "type": "Feature", "properties": { "fid": 352, "handle": 385, "block": -1, "etype": 18, "space": 0, "layer": "0", "olinetype": "ByLayer", "linetype": "", "color": "0,0,0,187", "ocolor": 256, "color24": -1, "transparency": 0, "lweight": -1, "linewidth": 0.0, "ltscale": 1.0, "visible": 0, "width": 0.0, "thickness": 0.0, "ext": "(3:0,0,1)" }, "geometry": { "type": "LineString", "coordinates": [ [ 53.842008209847656, 58.216491881926693, 0.0 ], [ 53.842356627679187, 58.216613069773388, 0.0 ], [ 53.842711010321693, 58.216386897992898, 0.0 ], [ 53.842439305513338, 58.216231958160584, 0.0 ], [ 53.842008209847656, 58.216491881926693, 0.0 ] ] } },
{ "type": "Feature", "properties": { "fid": 353, "handle": 386, "block": -1, "etype": 18, "space": 0, "layer": "0", "olinetype": "ByLayer", "linetype": "", "color": "0,0,0,187", "ocolor": 256, "color24": -1, "transparency": 0, "lweight": -1, "linewidth": 0.0, "ltscale": 1.0, "visible": 0, "width": 0.0, "thickness": 0.0, "ext": "(3:0,0,1)" }, "geometry": { "type": "LineString", "coordinates": [ [ 53.84148498756231, 58.214748566266366, 0.0 ], [ 53.841493830517145, 58.214711317774466, 0.0 ], [ 53.841516321728832, 58.214703714271259, 0.0 ], [ 53.841755243954914, 58.214614229126056, 0.0 ], [ 53.842010928661537, 58.21454254111989, 0.0 ], [ 53.841981179202257, 58.214346151249536, 0.0 ], [ 53.841344816395122, 58.214402103161021, 0.0 ], [ 53.841354715589176, 58.214433090232667, 0.0 ], [ 53.841468296597242, 58.214714518177935, 0.0 ], [ 53.84148498756231, 58.214748566266366, 0.0 ] ] } },
{ "type": "Feature", "properties": { "fid": 354, "handle": 387, "block": -1, "etype": 18, "space": 0, "layer": "0", "olinetype": "ByLayer", "linetype": "", "color": "0,0,0,187", "ocolor": 256, "color24": -1, "transparency": 0, "lweight": -1, "linewidth": 0.0, "ltscale": 1.0, "visible": 0, "width": 0.0, "thickness": 0.0, "ext": "(3:0,0,1)" }, "geometry": { "type": "LineString", "coordinates": [ [ 53.842595307248629, 58.216120192845601, 0.0 ], [ 53.843049893842341, 58.215855537568004, 0.0 ], [ 53.842838327886923, 58.215721322413572, 0.0 ], [ 53.842343118475632, 58.215938701456565, 0.0 ], [ 53.84237295117763, 58.215963787482572, 0.0 ], [ 53.842595307248629, 58.216120192845601, 0.0 ] ] } },
{ "type": "Feature", "properties": { "fid": 355, "handle": 388, "block": -1, "etype": 18, "space": 0, "layer": "0", "olinetype": "ByLayer", "linetype": "", "color": "0,0,0,187", "ocolor": 256, "color24": -1, "transparency": 0, "lweight": -1, "linewidth": 0.0, "ltscale": 1.0, "visible": 0, "width": 0.0, "thickness": 0.0, "ext": "(3:0,0,1)" }, "geometry": { "type": "LineString", "coordinates": [ [ 53.843586096061728, 58.217145374238733, 0.0 ], [ 53.843926674270385, 58.217272204420908, 0.0 ], [ 53.844249787720486, 58.216920475085686, 0.0 ], [ 53.843921574351221, 58.21684546502447, 0.0 ], [ 53.843586096061728, 58.217145374238733, 0.0 ] ] } },
{ "type": "Feature", "properties": { "fid": 356, "handle": 389, "block": -1, "etype": 18, "space": 0, "layer": "0", "olinetype": "ByLayer", "linetype": "", "color": "0,0,0,187", "ocolor": 256, "color24": -1, "transparency": 0, "lweight": -1, "linewidth": 0.0, "ltscale": 1.0, "visible": 0, "width": 0.0, "thickness": 0.0, "ext": "(3:0,0,1)" }, "geometry": { "type": "LineString", "coordinates": [ [ 53.842890335917083, 58.216886934705258, 0.0 ], [ 53.843243140290951, 58.217018091311871, 0.0 ], [ 53.84356863864803, 58.216743938141335, 0.0 ], [ 53.84342626867091, 58.216696807482791, 0.0 ], [ 53.843269650179039, 58.216639962710566, 0.0 ], [ 53.843161218780224, 58.216651770369218, 0.0 ], [ 53.842890335917083, 58.216886934705258, 0.0 ] ] } },
{ "type": "Feature", "properties": { "fid": 357, "handle": 390, "block": -1, "etype": 18, "space": 0, "layer": "0", "olinetype": "ByLayer", "linetype": "", "color": "0,0,0,187", "ocolor": 256, "color24": -1, "transparency": 0, "lweight": -1, "linewidth": 0.0, "ltscale": 1.0, "visible": 0, "width": 0.0, "thickness": 0.0, "ext": "(3:0,0,1)" }, "geometry": { "type": "LineString", "coordinates": [ [ 53.841636659994172, 58.214004552594112, 0.0 ], [ 53.841671686449196, 58.214008995406495, 0.0 ], [ 53.842047048778106, 58.214033522513823, 0.0 ], [ 53.842105892893173, 58.213693681112368, 0.0 ], [ 53.841700612929742, 58.213664448374395, 0.0 ], [ 53.841636659994172, 58.214004552594112, 0.0 ] ] } },
{ "type": "Feature", "properties": { "fid": 358, "handle": 391, "block": -1, "etype": 18, "space": 0, "layer": "0", "olinetype": "ByLayer", "linetype": "", "color": "0,0,0,187", "ocolor": 256, "color24": -1, "transparency": 0, "lweight": -1, "linewidth": 0.0, "ltscale": 1.0, "visible": 0, "width": 0.0, "thickness": 0.0, "ext": "(3:0,0,1)" }, "geometry": { "type": "LineString", "coordinates": [ [ 53.84173311162035, 58.213434377687811, 0.0 ], [ 53.84215328088046, 58.213481405577376, 0.0 ], [ 53.842228017441627, 58.213125153675406, 0.0 ], [ 53.84189569470319, 58.213103104578288, 0.0 ], [ 53.841862371533551, 58.213098394592862, 0.0 ], [ 53.84173311162035, 58.213434377687811, 0.0 ] ] } },
{ "type": "Feature", "properties": { "fid": 359, "handle": 392, "block": -1, "etype": 18, "space": 0, "layer": "0", "olinetype": "ByLayer", "linetype": "", "color": "0,0,0,187", "ocolor": 256, "color24": -1, "transparency": 0, "lweight": -1, "linewidth": 0.0, "ltscale": 1.0, "visible": 0, "width": 0.0, "thickness": 0.0, "ext": "(3:0,0,1)" }, "geometry": { "type": "LineString", "coordinates": [ [ 53.843970106790131, 58.208976139746873, 0.0 ], [ 53.844597161684661, 58.209119389622764, 0.0 ], [ 53.844826730279991, 58.209174795377287, 0.0 ], [ 53.8451170287887, 58.208839722961521, 0.0 ], [ 53.844997870044907, 58.208820634145312, 0.0 ], [ 53.844842504869419, 58.208795755112021, 0.0 ], [ 53.844312837230291, 58.208710893895777, 0.0 ], [ 53.843970106790131, 58.208976139746873, 0.0 ] ] } },
{ "type": "Feature", "properties": { "fid": 360, "handle": 393, "block": -1, "etype": 18, "space": 0, "layer": "0", "olinetype": "ByLayer", "linetype": "", "color": "0,0,0,187", "ocolor": 256, "color24": -1, "transparency": 0, "lweight": -1, "linewidth": 0.0, "ltscale": 1.0, "visible": 0, "width": 0.0, "thickness": 0.0, "ext": "(3:0,0,1)" }, "geometry": { "type": "LineString", "coordinates": [ [ 53.843310574873612, 58.20948663916041, 0.0 ], [ 53.844071815562636, 58.209637777694482, 0.0 ], [ 53.844143595643864, 58.209561371236177, 0.0 ], [ 53.84422302068868, 58.209487128845325, 0.0 ], [ 53.844312472915767, 58.209414873853014, 0.0 ], [ 53.84361098513542, 58.209254113604423, 0.0 ], [ 53.843387384594855, 58.209427208096855, 0.0 ], [ 53.843310574873612, 58.20948663916041, 0.0 ] ] } },
{ "type": "Feature", "properties": { "fid": 361, "handle": 394, "block": -1, "etype": 18, "space": 0, "layer": "0", "olinetype": "ByLayer", "linetype": "", "color": "0,0,0,187", "ocolor": 256, "color24": -1, "transparency": 0, "lweight": -1, "linewidth": 0.0, "ltscale": 1.0, "visible": 0, "width": 0.0, "thickness": 0.0, "ext": "(3:0,0,1)" }, "geometry": { "type": "LineString", "coordinates": [ [ 53.844567216583485, 58.218098979827552, 0.0 ], [ 53.844823716391538, 58.218156662837856, 0.0 ], [ 53.844840544409429, 58.218160454153498, 0.0 ], [ 53.844979833605024, 58.218213505074701, 0.0 ], [ 53.845068949058813, 58.218262095578545, 0.0 ], [ 53.845240575573328, 58.218469340909273, 0.0 ], [ 53.84463915142252, 58.218574103184572, 0.0 ], [ 53.844398500382283, 58.218354831849787, 0.0 ], [ 53.844460334625282, 58.218261085273923, 0.0 ], [ 53.844506068209732, 58.218191649911532, 0.0 ], [ 53.844567216583485, 58.218098979827552, 0.0 ] ] } },
{ "type": "Feature", "properties": { "fid": 362, "handle": 395, "block": -1, "etype": 18, "space": 0, "layer": "0", "olinetype": "ByLayer", "linetype": "", "color": "0,0,0,187", "ocolor": 256, "color24": -1, "transparency": 0, "lweight": -1, "linewidth": 0.0, "ltscale": 1.0, "visible": 0, "width": 0.0, "thickness": 0.0, "ext": "(3:0,0,1)" }, "geometry": { "type": "LineString", "coordinates": [ [ 53.842651333566167, 58.217106874890469, 0.0 ], [ 53.84315483031498, 58.217443189571625, 0.0 ], [ 53.843122641549463, 58.217450332521089, 0.0 ], [ 53.842844824294914, 58.217520918075344, 0.0 ], [ 53.842384404619551, 58.217637964002598, 0.0 ], [ 53.842092787177357, 58.217712032354299, 0.0 ], [ 53.841986175833313, 58.217696368024441, 0.0 ], [ 53.841977027689012, 58.217649221216618, 0.0 ], [ 53.841951251662536, 58.217515234748774, 0.0 ], [ 53.841910236721823, 58.217517518232569, 0.0 ], [ 53.841916198032457, 58.217439684757423, 0.0 ], [ 53.841958399294064, 58.217361985985391, 0.0 ], [ 53.842015986638486, 58.217306033471544, 0.0 ], [ 53.842092769909598, 58.217256838344021, 0.0 ], [ 53.842198288191469, 58.217211898482098, 0.0 ], [ 53.84231957196743, 58.217179906616977, 0.0 ], [ 53.842453042376995, 58.217162205009821, 0.0 ], [ 53.84258644418955, 58.217159945657762, 0.0 ], [ 53.842651333566167, 58.217106874890469, 0.0 ] ] } },
{ "type": "Feature", "properties": { "fid": 363, "handle": 396, "block": -1, "etype": 18, "space": 0, "layer": "0", "olinetype": "ByLayer", "linetype": "", "color": "0,0,0,187", "ocolor": 256, "color24": -1, "transparency": 0, "lweight": -1, "linewidth": 0.0, "ltscale": 1.0, "visible": 0, "width": 0.0, "thickness": 0.0, "ext": "(3:0,0,1)" }, "geometry": { "type": "LineString", "coordinates": [ [ 53.845849179517081, 58.216788554004381, 0.0 ], [ 53.846447878878102, 58.216755249102086, 0.0 ], [ 53.846319425850815, 58.216675906744818, 0.0 ], [ 53.846125040304798, 58.21653857540629, 0.0 ], [ 53.845773584433211, 58.216526479130664, 0.0 ], [ 53.845849179517081, 58.216788554004381, 0.0 ] ] } },
{ "type": "Feature", "properties": { "fid": 364, "handle": 397, "block": -1, "etype": 18, "space": 0, "layer": "0", "olinetype": "ByLayer", "linetype": "", "color": "0,0,0,187", "ocolor": 256, "color24": -1, "transparency": 0, "lweight": -1, "linewidth": 0.0, "ltscale": 1.0, "visible": 0, "width": 0.0, "thickness": 0.0, "ext": "(3:0,0,1)" }, "geometry": { "type": "LineString", "coordinates": [ [ 53.846095362713747, 58.215927484234243, 0.0 ], [ 53.846127194447874, 58.215923751815446, 0.0 ], [ 53.846418328951522, 58.215877326482662, 0.0 ], [ 53.846224483597958, 58.215616186727758, 0.0 ], [ 53.846206553584047, 58.215592103560134, 0.0 ], [ 53.845902435594219, 58.215651261745244, 0.0 ], [ 53.846095362713747, 58.215927484234243, 0.0 ] ] } },
{ "type": "Feature", "properties": { "fid": 365, "handle": 398, "block": -1, "etype": 18, "space": 0, "layer": "0", "olinetype": "ByLayer", "linetype": "", "color": "0,0,0,187", "ocolor": 256, "color24": -1, "transparency": 0, "lweight": -1, "linewidth": 0.0, "ltscale": 1.0, "visible": 0, "width": 0.0, "thickness": 0.0, "ext": "(3:0,0,1)" }, "geometry": { "type": "LineString", "coordinates": [ [ 53.845289275052529, 58.21846087073358, 0.0 ], [ 53.845059931469812, 58.218184064205985, 0.0 ], [ 53.845349734038784, 58.218057374729781, 0.0 ], [ 53.845671249475252, 58.217954245824771, 0.0 ], [ 53.845984969036934, 58.217882799682918, 0.0 ], [ 53.846314073742441, 58.217833726993732, 0.0 ], [ 53.846497393564626, 58.217816889273998, 0.0 ], [ 53.846682725096365, 58.217806966911773, 0.0 ], [ 53.846758948409011, 58.217807417670805, 0.0 ], [ 53.846833951272565, 58.217814690337953, 0.0 ], [ 53.846824558444979, 58.217822759419803, 0.0 ], [ 53.847040853844589, 58.217892420440094, 0.0 ], [ 53.847118964374125, 58.217849777966435, 0.0 ], [ 53.847220447915468, 58.217792439231985, 0.0 ], [ 53.84695759745653, 58.217707818857818, 0.0 ], [ 53.846943593370192, 58.217719922596316, 0.0 ], [ 53.846853645092658, 58.217706347314326, 0.0 ], [ 53.846760945512138, 58.217699502300306, 0.0 ], [ 53.846669407508038, 58.217699482035684, 0.0 ], [ 53.846581596771159, 58.217703147245786, 0.0 ], [ 53.846494119317427, 58.217708428869898, 0.0 ], [ 53.846394182063172, 58.217683438944043, 0.0 ], [ 53.846267372310088, 58.217538198655554, 0.0 ], [ 53.84618449777485, 58.217384392188947, 0.0 ], [ 53.846151047746744, 58.2172508462262, 0.0 ], [ 53.846151630933392, 58.217116263939133, 0.0 ], [ 53.8462287168636, 58.217074339023604, 0.0 ], [ 53.846510205057655, 58.217057440077532, 0.0 ], [ 53.846789181549489, 58.217031110398985, 0.0 ], [ 53.846873273834085, 58.217021335415588, 0.0 ], [ 53.846979378373504, 58.217036187023183, 0.0 ], [ 53.847112860679459, 58.217094076879313, 0.0 ], [ 53.847255546906069, 58.217148296565746, 0.0 ], [ 53.847410356088503, 58.217192654597817, 0.0 ], [ 53.847565184160452, 58.217232702935711, 0.0 ], [ 53.847755084211975, 58.217267585621371, 0.0 ], [ 53.84795064393812, 58.217292060079885, 0.0 ], [ 53.848033849583537, 58.217330496125051, 0.0 ], [ 53.84814441964383, 58.217495018414901, 0.0 ], [ 53.848266313863256, 58.217637647312429, 0.0 ], [ 53.848408819949448, 58.217774823905486, 0.0 ], [ 53.848527164521613, 58.217872557409017, 0.0 ], [ 53.848656074844889, 58.217966532505869, 0.0 ], [ 53.848779262838448, 58.218045956027396, 0.0 ], [ 53.848907399763462, 58.218122063365655, 0.0 ], [ 53.849002459067137, 58.218174518784316, 0.0 ], [ 53.849209716082008, 58.218290582623943, 0.0 ], [ 53.849394982741067, 58.218416675715474, 0.0 ], [ 53.848729560102676, 58.218649590074435, 0.0 ], [ 53.849078701361684, 58.218811072406901, 0.0 ], [ 53.849091437392957, 58.218817013081619, 0.0 ], [ 53.84904988537896, 58.218825313604462, 0.0 ], [ 53.848814193674905, 58.21887306762693, 0.0 ], [ 53.848155764946561, 58.218740934401531, 0.0 ], [ 53.847702364727176, 58.218649983348243, 0.0 ], [ 53.847614203547039, 58.218615850702349, 0.0 ], [ 53.847158266304298, 58.218443013654394, 0.0 ], [ 53.846996718836024, 58.218381768259754, 0.0 ], [ 53.846173397471169, 58.218571923156944, 0.0 ], [ 53.846071545937676, 58.218595502643687, 0.0 ], [ 53.846049391586597, 58.218603556261321, 0.0 ], [ 53.84591476105355, 58.218652504299278, 0.0 ], [ 53.84569253500414, 58.218733218767831, 0.0 ], [ 53.845452243167742, 58.218820554809163, 0.0 ], [ 53.845317007832222, 58.218890779776366, 0.0 ], [ 53.844977638673733, 58.219066878700147, 0.0 ], [ 53.844717225827019, 58.219202042604742, 0.0 ], [ 53.844592640363153, 58.219248667152826, 0.0 ], [ 53.844170309781497, 58.219406437079265, 0.0 ], [ 53.843497606859877, 58.219657720561607, 0.0 ], [ 53.843211718968327, 58.219895291175249, 0.0 ], [ 53.843108379306408, 58.220023282719445, 0.0 ], [ 53.842929929298961, 58.220244105856253, 0.0 ], [ 53.842920081015848, 58.22027785168595, 0.0 ], [ 53.842844910713296, 58.220538036529632, 0.0 ], [ 53.842774579311133, 58.220781168742931, 0.0 ], [ 53.842756609176512, 58.220842916465649, 0.0 ], [ 53.842701576788222, 58.221050873026876, 0.0 ], [ 53.842628897159472, 58.221324258710617, 0.0 ], [ 53.8425366574617, 58.221672139077882, 0.0 ], [ 53.842786433183768, 58.221831540594074, 0.0 ], [ 53.843431283729082, 58.221771282362482, 0.0 ], [ 53.84437404171058, 58.221683193319947, 0.0 ], [ 53.844616548800104, 58.221600171555053, 0.0 ], [ 53.844859369444691, 58.22144514471546, 0.0 ], [ 53.844844191062066, 58.221297165855361, 0.0 ], [ 53.844817589401224, 58.221037574316696, 0.0 ], [ 53.844811390206978, 58.220976515150454, 0.0 ], [ 53.844889153774325, 58.220781783264641, 0.0 ], [ 53.844988079193854, 58.220533656880747, 0.0 ], [ 53.845088206863586, 58.22028265885433, 0.0 ], [ 53.845132247927445, 58.220172460291934, 0.0 ], [ 53.845178399497414, 58.220046462676684, 0.0 ], [ 53.845284306614154, 58.219757134662188, 0.0 ], [ 53.845276504418699, 58.219595248583154, 0.0 ], [ 53.845468363839103, 58.219495105173991, 0.0 ], [ 53.84553601452383, 58.219472202997927, 0.0 ], [ 53.845979916029655, 58.219322086074037, 0.0 ], [ 53.846285791452011, 58.219335832670474, 0.0 ], [ 53.846693512766912, 58.219564189783661, 0.0 ], [ 53.84679620786072, 58.219621683793768, 0.0 ], [ 53.847020867220806, 58.219845689800927, 0.0 ], [ 53.847030635597584, 58.219869044790549, 0.0 ], [ 53.847057918285088, 58.219934618238085, 0.0 ], [ 53.84709681920134, 58.220028666444371, 0.0 ], [ 53.847164690271434, 58.220191701790618, 0.0 ], [ 53.847420798093708, 58.220226305159343, 0.0 ], [ 53.847847019303146, 58.219953698223833, 0.0 ], [ 53.847890169710688, 58.219930137092334, 0.0 ], [ 53.848329858355321, 58.219689776273093, 0.0 ], [ 53.848344526102053, 58.219681713356906, 0.0 ], [ 53.84880772254435, 58.219473610516133, 0.0 ], [ 53.848931149652074, 58.219418181872179, 0.0 ], [ 53.849194925135549, 58.219249075843898, 0.0 ], [ 53.849002918099366, 58.219066681300589, 0.0 ], [ 53.849268836501757, 58.218873067213735, 0.0 ], [ 53.849618733802366, 58.219138336733039, 0.0 ], [ 53.850244108603057, 58.219082330683733, 0.0 ], [ 53.85027355569234, 58.219079761594472, 0.0 ], [ 53.850397308100455, 58.219027025369464, 0.0 ], [ 53.850559413145817, 58.218957903910109, 0.0 ], [ 53.851302086776791, 58.218641573062548, 0.0 ], [ 53.851395682464705, 58.218516436548157, 0.0 ], [ 53.851610417898947, 58.218229743947759, 0.0 ], [ 53.851818820008155, 58.217951303543352, 0.0 ], [ 53.851858857352298, 58.217897840100704, 0.0 ], [ 53.852136840676685, 58.217906332939222, 0.0 ], [ 53.852416355069622, 58.217914916726812, 0.0 ], [ 53.852869049592293, 58.217560981286269, 0.0 ], [ 53.852884413121309, 58.217548788686166, 0.0 ], [ 53.852964550011428, 58.217549060694608, 0.0 ], [ 53.853589994558952, 58.217550588507564, 0.0 ], [ 53.854212376579831, 58.217552109756063, 0.0 ], [ 53.854258144845566, 58.217552251865818, 0.0 ], [ 53.854353901114848, 58.217519321580355, 0.0 ], [ 53.854498041568284, 58.21747091419509, 0.0 ], [ 53.85471323157433, 58.217398077194332, 0.0 ], [ 53.854768775289358, 58.217379286294801, 0.0 ], [ 53.855468689859798, 58.217142339398464, 0.0 ], [ 53.855330019605425, 58.216934606516489, 0.0 ], [ 53.855672654825845, 58.216941908068804, 0.0 ], [ 53.856008193150259, 58.216979098037079, 0.0 ], [ 53.856795110855636, 58.217102536600933, 0.0 ], [ 53.85685633208324, 58.217194362385328, 0.0 ], [ 53.857085443416324, 58.2175500656775, 0.0 ], [ 53.857360580189798, 58.217970193602532, 0.0 ], [ 53.857528697356962, 58.217924682644615, 0.0 ], [ 53.857104516318493, 58.21725003619612, 0.0 ], [ 53.856607419851414, 58.216897892399622, 0.0 ], [ 53.856490017983703, 58.216814801881192, 0.0 ], [ 53.855382873653518, 58.216030473556472, 0.0 ], [ 53.855043241671623, 58.215789831605491, 0.0 ], [ 53.854931864746398, 58.215608076228193, 0.0 ], [ 53.854594698277495, 58.215057957794556, 0.0 ], [ 53.854540786017445, 58.214970089630221, 0.0 ], [ 53.854279680260674, 58.214544135610211, 0.0 ], [ 53.85402449533543, 58.214127884245883, 0.0 ], [ 53.85379348346224, 58.21375071518483, 0.0 ], [ 53.853527495338795, 58.213316673563021, 0.0 ], [ 53.853382336278472, 58.213079931415699, 0.0 ], [ 53.853123388092023, 58.212673729384662, 0.0 ], [ 53.854112880838549, 58.212491441153105, 0.0 ], [ 53.854186939195806, 58.212477789252027, 0.0 ], [ 53.854427841389679, 58.212433353183286, 0.0 ], [ 53.854488449796136, 58.212422199641196, 0.0 ], [ 53.854238901266648, 58.212045010119901, 0.0 ], [ 53.853575662251821, 58.211042463442823, 0.0 ], [ 53.852663951538823, 58.209666223110908, 0.0 ], [ 53.852637054315942, 58.209671130027537, 0.0 ], [ 53.852488438101091, 58.209698341634073, 0.0 ], [ 53.850068669343159, 58.210141196225941, 0.0 ], [ 53.850194618949665, 58.210326474651524, 0.0 ], [ 53.85033747415406, 58.210537091300168, 0.0 ], [ 53.850467145559747, 58.210727940292408, 0.0 ], [ 53.850590394146053, 58.210909264734433, 0.0 ], [ 53.850732409503003, 58.21111844342348, 0.0 ], [ 53.850520964976269, 58.211157250810352, 0.0 ], [ 53.850317809364874, 58.211207020974683, 0.0 ], [ 53.850221618425756, 58.211184821644721, 0.0 ], [ 53.850161890121782, 58.211108526601826, 0.0 ], [ 53.850096542300307, 58.211033661433092, 0.0 ], [ 53.850016089288168, 58.210950608304039, 0.0 ], [ 53.849928823839377, 58.210869522306183, 0.0 ], [ 53.849836102320261, 58.210791482406421, 0.0 ], [ 53.849737077607585, 58.210715679557183, 0.0 ], [ 53.849496534249873, 58.210556392000264, 0.0 ], [ 53.84953248531032, 58.210542787583563, 0.0 ], [ 53.849383762210394, 58.21043334734366, 0.0 ], [ 53.849202311159772, 58.210299806659243, 0.0 ], [ 53.849152089753325, 58.210308994783503, 0.0 ], [ 53.849342019478456, 58.210448830295064, 0.0 ], [ 53.849176404491047, 58.210511840951561, 0.0 ], [ 53.849324957169998, 58.210621281230374, 0.0 ], [ 53.849357500441258, 58.210609019564224, 0.0 ], [ 53.849424690556383, 58.210650039504465, 0.0 ], [ 53.849489665200601, 58.210692044394648, 0.0 ], [ 53.849625179954231, 58.210787552726934, 0.0 ], [ 53.849749961304397, 58.210887088450683, 0.0 ], [ 53.849852487506823, 58.210979774414263, 0.0 ], [ 53.849945646289392, 58.211075232508108, 0.0 ], [ 53.850016068818093, 58.211156837368662, 0.0 ], [ 53.850079680311033, 58.211240050254247, 0.0 ], [ 53.850047806434333, 58.211295138868941, 0.0 ], [ 53.849876025176044, 58.211367480493145, 0.0 ], [ 53.849718497108633, 58.211448278189373, 0.0 ], [ 53.849581021713249, 58.21153385779408, 0.0 ], [ 53.84945933934705, 58.211625830416494, 0.0 ], [ 53.849349749709098, 58.211634050680743, 0.0 ], [ 53.849177793964678, 58.211546489555872, 0.0 ], [ 53.849002257501063, 58.211461078722841, 0.0 ], [ 53.848648763802004, 58.211300039683827, 0.0 ], [ 53.848405428986041, 58.211197129823596, 0.0 ], [ 53.848156465735698, 58.211097983634531, 0.0 ], [ 53.848119786664583, 58.211042903618846, 0.0 ], [ 53.848170549973808, 58.210986850377438, 0.0 ], [ 53.84823439562453, 58.210934583531085, 0.0 ], [ 53.848265801115517, 58.210949883842204, 0.0 ], [ 53.848438718485049, 58.210850790712463, 0.0 ], [ 53.848349254896569, 58.210807319648715, 0.0 ], [ 53.848250963780814, 58.210759618263651, 0.0 ], [ 53.84807804671641, 58.210858621359051, 0.0 ], [ 53.848108603435001, 58.210873471788005, 0.0 ], [ 53.848031622210257, 58.210934341980334, 0.0 ], [ 53.847969591378401, 58.210999719051912, 0.0 ], [ 53.847868447401183, 58.211022313225271, 0.0 ], [ 53.847746404512399, 58.210999362921697, 0.0 ], [ 53.84762162111025, 58.210980808540512, 0.0 ], [ 53.847321993915763, 58.210954772430057, 0.0 ], [ 53.847018516791323, 58.210953780156458, 0.0 ], [ 53.84660871528591, 58.210993061150731, 0.0 ], [ 53.84622440390504, 58.211077621673944, 0.0 ], [ 53.846052441723941, 58.210876212821937, 0.0 ], [ 53.845816937687182, 58.210852764487313, 0.0 ], [ 53.845415306251013, 58.210812774081006, 0.0 ], [ 53.845379296770083, 58.211347292062435, 0.0 ], [ 53.845161415735774, 58.211339037041284, 0.0 ], [ 53.844942989180787, 58.211338861358875, 0.0 ], [ 53.844776763243921, 58.211344315348015, 0.0 ], [ 53.844611537118801, 58.211354528781897, 0.0 ], [ 53.844516745244299, 58.211324336266586, 0.0 ], [ 53.844371609813017, 58.211097729142104, 0.0 ], [ 53.844364351233907, 58.211084881464338, 0.0 ], [ 53.844242819148121, 58.210868358572391, 0.0 ], [ 53.844152275353991, 58.210684554068209, 0.0 ], [ 53.844072285215624, 58.210499415672537, 0.0 ], [ 53.844963478403223, 58.210503285767146, 0.0 ], [ 53.844405277480099, 58.210402229524405, 0.0 ], [ 53.844116149653473, 58.210349892587644, 0.0 ], [ 53.844132930539011, 58.209975971275981, 0.0 ], [ 53.844826730279991, 58.209174795377287, 0.0 ], [ 53.844597161684661, 58.209119389622764, 0.0 ], [ 53.844512308479771, 58.209112821860536, 0.0 ], [ 53.84442908004263, 58.209123673725941, 0.0 ], [ 53.844359900487234, 58.209150434096955, 0.0 ], [ 53.844314994070395, 58.209188985511688, 0.0 ], [ 53.844301037382763, 58.20922963969754, 0.0 ], [ 53.844314637500993, 58.209270327536075, 0.0 ], [ 53.844354285616582, 58.20930601938646, 0.0 ], [ 53.84441472822509, 58.209332219715108, 0.0 ], [ 53.844312472915767, 58.209414873853014, 0.0 ], [ 53.84422302068868, 58.209487128845325, 0.0 ], [ 53.844143595643864, 58.209561371236177, 0.0 ], [ 53.844071815562636, 58.209637777694482, 0.0 ], [ 53.843954766618637, 58.209796189421226, 0.0 ], [ 53.843873582018098, 58.20996083991713, 0.0 ], [ 53.843839222206711, 58.210076436992324, 0.0 ], [ 53.843822721573062, 58.210192504844812, 0.0 ], [ 53.843825705180905, 58.210326373388391, 0.0 ], [ 53.843851996986686, 58.210459552222652, 0.0 ], [ 53.843779676200704, 58.210503636344548, 0.0 ], [ 53.843052251778644, 58.210472127293762, 0.0 ], [ 53.842285703862082, 58.210440475925914, 0.0 ], [ 53.842266765964538, 58.21052960597477, 0.0 ], [ 53.842958306758959, 58.210559010318931, 0.0 ], [ 53.842941481465232, 58.2106708578997, 0.0 ], [ 53.843162625276683, 58.210671130132802, 0.0 ], [ 53.84317804934927, 58.210568258994677, 0.0 ], [ 53.843835242013334, 58.210594743312882, 0.0 ], [ 53.843919109181371, 58.21063291355857, 0.0 ], [ 53.843987017643265, 58.210780059501012, 0.0 ], [ 53.844061394858819, 58.21092631549633, 0.0 ], [ 53.844179728952803, 58.211134844058655, 0.0 ], [ 53.844311343152562, 58.211341144172778, 0.0 ], [ 53.844260761484776, 58.21139306613496, 0.0 ], [ 53.84406107100618, 58.211426220927684, 0.0 ], [ 53.843869664052896, 58.211471146985936, 0.0 ], [ 53.843654727036004, 58.211528254247895, 0.0 ], [ 53.843444361457259, 58.211590125204005, 0.0 ], [ 53.843222549858027, 58.211662755571247, 0.0 ], [ 53.843009382296891, 58.211742399187713, 0.0 ], [ 53.842898650847303, 58.211739120424689, 0.0 ], [ 53.842758493827262, 58.21165796434304, 0.0 ], [ 53.842654633588914, 58.211562936705754, 0.0 ], [ 53.842683228798499, 58.211559380714974, 0.0 ], [ 53.842599017761067, 58.211368310601785, 0.0 ], [ 53.842487902368084, 58.211413513253738, 0.0 ], [ 53.842375777164257, 58.211456200666241, 0.0 ], [ 53.842434724061427, 58.211589958830885, 0.0 ], [ 53.84248646769705, 58.211583558467801, 0.0 ], [ 53.842600459661817, 58.211695477753601, 0.0 ], [ 53.842756538590365, 58.211792185920167, 0.0 ], [ 53.84274896439684, 58.211850714397457, 0.0 ], [ 53.842558036941675, 58.211940081136639, 0.0 ], [ 53.842376271738566, 58.212034666269204, 0.0 ], [ 53.842203336523973, 58.212132673784311, 0.0 ], [ 53.842040756792805, 58.212235362554559, 0.0 ], [ 53.841930345353205, 58.212236303100404, 0.0 ], [ 53.841663042227196, 58.212094026197633, 0.0 ], [ 53.841650132119156, 58.212089790413657, 0.0 ], [ 53.841342679706415, 58.211986428323065, 0.0 ], [ 53.841182929344534, 58.211912518467109, 0.0 ], [ 53.841048736456159, 58.211829841645056, 0.0 ], [ 53.840853084747742, 58.211643838754661, 0.0 ], [ 53.840756874467615, 58.211437309950064, 0.0 ], [ 53.840587630517774, 58.211432699141049, 0.0 ], [ 53.84060917714072, 58.211521430635543, 0.0 ], [ 53.840649786026994, 58.211608120966154, 0.0 ], [ 53.840721794400523, 58.211710921478662, 0.0 ], [ 53.840904428471454, 58.211878682593074, 0.0 ], [ 53.840863213511916, 58.21196500137745, 0.0 ], [ 53.840837802442792, 58.212017132961044, 0.0 ], [ 53.841085003975117, 58.21205066062555, 0.0 ], [ 53.841095477540414, 58.212029126015906, 0.0 ], [ 53.841402666752465, 58.212115160461408, 0.0 ], [ 53.841509707759769, 58.212145101165859, 0.0 ], [ 53.841838953103569, 58.212321303028055, 0.0 ], [ 53.841840396381009, 58.212379214160066, 0.0 ], [ 53.841749902555335, 58.212453351524225, 0.0 ], [ 53.841663994373071, 58.212529110593081, 0.0 ], [ 53.841501661567371, 58.2126900674468, 0.0 ], [ 53.841360228114496, 58.21285643701151, 0.0 ], [ 53.841256363565222, 58.212876598452397, 0.0 ], [ 53.841116689070773, 58.212839524107558, 0.0 ], [ 53.840978894639264, 58.212800566534099, 0.0 ], [ 53.840999906727333, 58.21278111006211, 0.0 ], [ 53.840708885043512, 58.212692670748218, 0.0 ], [ 53.8406859795207, 58.212754950783555, 0.0 ], [ 53.839928311595905, 58.212667631617109, 0.0 ], [ 53.839927957596203, 58.21267068375812, 0.0 ], [ 53.839925296930716, 58.212694831755336, 0.0 ], [ 53.840672082939044, 58.212780970176176, 0.0 ], [ 53.840651616195416, 58.212830504219404, 0.0 ], [ 53.840874351861522, 58.21289614363117, 0.0 ], [ 53.84089399625573, 58.212878211762536, 0.0 ], [ 53.841047931525829, 58.212921858209974, 0.0 ], [ 53.841204429837312, 58.212963083551664, 0.0 ], [ 53.841247230177572, 58.213016916218074, 0.0 ], [ 53.841174714508803, 58.213140724952076, 0.0 ], [ 53.841113418820875, 58.213266253481436, 0.0 ], [ 53.841066614147849, 58.21338488683606, 0.0 ], [ 53.841030011788099, 58.213504610275031, 0.0 ], [ 53.841002680417311, 58.213643468809252, 0.0 ], [ 53.840984704125781, 58.21378269812984, 0.0 ], [ 53.840981359345889, 58.213921766129872, 0.0 ], [ 53.840994007263795, 58.214060674507905, 0.0 ], [ 53.840055402163664, 58.214100710453231, 0.0 ], [ 53.840059024047918, 58.214127559785652, 0.0 ], [ 53.840997799979455, 58.214087524026368, 0.0 ], [ 53.841031800899337, 58.214245043876254, 0.0 ], [ 53.841080607714424, 58.214401594566702, 0.0 ], [ 53.84113692835767, 58.214551959645441, 0.0 ], [ 53.841200738403153, 58.21470161576805, 0.0 ], [ 53.841264924163035, 58.214843461298038, 0.0 ], [ 53.841334727573127, 58.214984685309609, 0.0 ], [ 53.841404222951866, 58.21511881612728, 0.0 ], [ 53.84147916670198, 58.215252145640676, 0.0 ], [ 53.84156107245132, 58.21538862612389, 0.0 ], [ 53.841648597648941, 58.215524125929406, 0.0 ], [ 53.841756706582622, 58.215660369473859, 0.0 ], [ 53.841881677712635, 58.215792593650306, 0.0 ], [ 53.84098744437231, 58.216020156041886, 0.0 ], [ 53.841007238947661, 58.216045050304835, 0.0 ], [ 53.841903857479139, 58.215816862259494, 0.0 ], [ 53.84202704449028, 58.215929691192748, 0.0 ], [ 53.842161136571178, 58.216039032011203, 0.0 ], [ 53.842295789333676, 58.216137240427933, 0.0 ], [ 53.842439305513338, 58.216231958160584, 0.0 ], [ 53.842711010321693, 58.216386897992898, 0.0 ], [ 53.842745122559357, 58.216406243169374, 0.0 ], [ 53.842864295640155, 58.216466005248741, 0.0 ], [ 53.842987562771114, 58.216523437929119, 0.0 ], [ 53.843004151232634, 58.216581188093194, 0.0 ], [ 53.842896729464449, 58.216672453718694, 0.0 ], [ 53.842791176296963, 58.216764260247992, 0.0 ], [ 53.842656573421991, 58.216884312131242, 0.0 ], [ 53.842525027794082, 58.217005355247288, 0.0 ], [ 53.842474796446403, 58.217052608239989, 0.0 ], [ 53.842304410997436, 58.217069097056772, 0.0 ], [ 53.842144323378811, 58.217103734330571, 0.0 ], [ 53.84200100475033, 58.217155181390773, 0.0 ], [ 53.84188076102901, 58.217221022003216, 0.0 ], [ 53.841800501492479, 58.217286642770354, 0.0 ], [ 53.841743352235881, 58.217358756464947, 0.0 ], [ 53.84171119534787, 58.217435031125952, 0.0 ], [ 53.841705062645516, 58.217513043942866, 0.0 ], [ 53.841688922654846, 58.217545884063142, 0.0 ], [ 53.841637244139484, 58.217650146402384, 0.0 ], [ 53.841986175833313, 58.217696368024441, 0.0 ], [ 53.841977027689012, 58.217649221216618, 0.0 ], [ 53.841951251662536, 58.217515234748774, 0.0 ], [ 53.841910236721823, 58.217517518232569, 0.0 ], [ 53.841916198032457, 58.217439684757423, 0.0 ], [ 53.841958399294064, 58.217361985985391, 0.0 ], [ 53.842015986638486, 58.217306033471544, 0.0 ], [ 53.842092769909598, 58.217256838344021, 0.0 ], [ 53.842198288191469, 58.217211898482098, 0.0 ], [ 53.84231957196743, 58.217179906616977, 0.0 ], [ 53.842453042376995, 58.217162205009821, 0.0 ], [ 53.84258644418955, 58.217159945657762, 0.0 ], [ 53.842651333566167, 58.217106874890469, 0.0 ], [ 53.842890335917083, 58.216886934705258, 0.0 ], [ 53.843161218780224, 58.216651770369218, 0.0 ], [ 53.843269650179039, 58.216639962710566, 0.0 ], [ 53.84342626867091, 58.216696807482791, 0.0 ], [ 53.84356863864803, 58.216743938141335, 0.0 ], [ 53.843587327116886, 58.216750066234304, 0.0 ], [ 53.843752485603503, 58.216799648750019, 0.0 ], [ 53.843921574351221, 58.21684546502447, 0.0 ], [ 53.844249787720486, 58.216920475085686, 0.0 ], [ 53.844650155959428, 58.216992429868853, 0.0 ], [ 53.844985997986683, 58.217035484989296, 0.0 ], [ 53.845327175833333, 58.217064629511675, 0.0 ], [ 53.845597644933449, 58.217077706347176, 0.0 ], [ 53.845869172888349, 58.217082075050293, 0.0 ], [ 53.845946064194223, 58.217124275663302, 0.0 ], [ 53.845950988961057, 58.217283285267129, 0.0 ], [ 53.845998628628983, 58.217440281482887, 0.0 ], [ 53.846071570664961, 58.217569475853786, 0.0 ], [ 53.846173461872539, 58.217693138634431, 0.0 ], [ 53.846128652559592, 58.217746504762381, 0.0 ], [ 53.845890786507695, 58.217786349970503, 0.0 ], [ 53.845656975688399, 58.217832574155302, 0.0 ], [ 53.845476553487416, 58.217887212335505, 0.0 ], [ 53.845131135850558, 58.218009076126684, 0.0 ], [ 53.844823716391538, 58.218156662837856, 0.0 ], [ 53.844840544409429, 58.218160454153498, 0.0 ], [ 53.844979833605024, 58.218213505074701, 0.0 ], [ 53.845068949058813, 58.218262095578545, 0.0 ], [ 53.845240575573328, 58.218469340909273, 0.0 ], [ 53.84527054469703, 58.218464080151875, 0.0 ], [ 53.845289275052529, 58.21846087073358, 0.0 ] ] } },
{ "type": "Feature", "properties": { "fid": 366, "handle": 399, "block": -1, "etype": 18, "space": 0, "layer": "0", "olinetype": "ByLayer", "linetype": "", "color": "0,0,0,187", "ocolor": 256, "color24": -1, "transparency": 0, "lweight": -1, "linewidth": 0.0, "ltscale": 1.0, "visible": 0, "width": 0.0, "thickness": 0.0, "ext": "(3:0,0,1)" }, "geometry": { "type": "LineString", "coordinates": [ [ 53.845171553949335, 58.215022441866985, 0.0 ], [ 53.845183002460551, 58.214815957439548, 0.0 ], [ 53.844976343213155, 58.214375775088776, 0.0 ], [ 53.844717221235477, 58.213873489193638, 0.0 ], [ 53.844546052255843, 58.213800647053169, 0.0 ], [ 53.843996534590602, 58.213880151103361, 0.0 ], [ 53.843813789202933, 58.213925446795727, 0.0 ], [ 53.843605523480413, 58.214086798919425, 0.0 ], [ 53.843575984790121, 58.214149610011034, 0.0 ], [ 53.843528214264886, 58.214257379451588, 0.0 ], [ 53.843510374961781, 58.214329093291198, 0.0 ], [ 53.843720591831556, 58.2146525659372, 0.0 ], [ 53.843803898717617, 58.214742898817022, 0.0 ], [ 53.844172937940819, 58.214814726974595, 0.0 ], [ 53.844637629188, 58.214994857822575, 0.0 ], [ 53.845171553949335, 58.215022441866985, 0.0 ] ] } },
{ "type": "Feature", "properties": { "fid": 367, "handle": 400, "block": -1, "etype": 18, "space": 0, "layer": "0", "olinetype": "ByLayer", "linetype": "", "color": "0,0,0,187", "ocolor": 256, "color24": -1, "transparency": 0, "lweight": -1, "linewidth": 0.0, "ltscale": 1.0, "visible": 0, "width": 0.0, "thickness": 0.0, "ext": "(3:0,0,1)" }, "geometry": { "type": "LineString", "coordinates": [ [ 53.851500092504594, 58.213121207232518, 0.0 ], [ 53.851708477415336, 58.213002847909614, 0.0 ], [ 53.851907047569661, 58.212912399015046, 0.0 ], [ 53.851713252750478, 58.21259263996189, 0.0 ], [ 53.85151371347834, 58.212671056655154, 0.0 ], [ 53.851315022050109, 58.212749922934641, 0.0 ], [ 53.851162766378238, 58.212830369418015, 0.0 ], [ 53.851023753118575, 58.212917115927603, 0.0 ], [ 53.850902075397869, 58.213007743182132, 0.0 ], [ 53.850795516436847, 58.213103505583092, 0.0 ], [ 53.850704758690014, 58.213203955057757, 0.0 ], [ 53.850629297173015, 58.213307834101357, 0.0 ], [ 53.85056755932046, 58.213425016905752, 0.0 ], [ 53.85052588591455, 58.21354455753368, 0.0 ], [ 53.850773852994827, 58.213562535053562, 0.0 ], [ 53.851154938300986, 58.213520872840228, 0.0 ], [ 53.851219421571592, 58.213397677572118, 0.0 ], [ 53.85133859286163, 58.213255691854357, 0.0 ], [ 53.851500092504594, 58.213121207232518, 0.0 ] ] } },
{ "type": "Feature", "properties": { "fid": 368, "handle": 401, "block": -1, "etype": 18, "space": 0, "layer": "0", "olinetype": "ByLayer", "linetype": "", "color": "0,0,0,187", "ocolor": 256, "color24": -1, "transparency": 0, "lweight": -1, "linewidth": 0.0, "ltscale": 1.0, "visible": 0, "width": 0.0, "thickness": 0.0, "ext": "(3:0,0,1)" }, "geometry": { "type": "LineString", "coordinates": [ [ 53.851414876871516, 58.21421501047179, 0.0 ], [ 53.851030958931815, 58.214240778758509, 0.0 ], [ 53.850811374906449, 58.2143093846935, 0.0 ], [ 53.850923934345047, 58.21440612166284, 0.0 ], [ 53.851051658476173, 58.214497489336416, 0.0 ], [ 53.85119692465527, 58.214584567826186, 0.0 ], [ 53.851355318980858, 58.214665107379375, 0.0 ], [ 53.851521752944336, 58.214735420964487, 0.0 ], [ 53.851698767530877, 58.214798115180614, 0.0 ], [ 53.851878039013876, 58.214850127729825, 0.0 ], [ 53.85206397568097, 58.214895054993235, 0.0 ], [ 53.852254370599354, 58.214931727220026, 0.0 ], [ 53.852449732924583, 58.214960414325375, 0.0 ], [ 53.852693773246799, 58.214984309164691, 0.0 ], [ 53.852941099945753, 58.214995278739494, 0.0 ], [ 53.852823200014299, 58.214666541044366, 0.0 ], [ 53.852589528140129, 58.214645441676851, 0.0 ], [ 53.852282151034345, 58.214592832846726, 0.0 ], [ 53.85199546938145, 58.214514120777551, 0.0 ], [ 53.85176786376234, 58.214425870103803, 0.0 ], [ 53.851548209799368, 58.214307820697975, 0.0 ], [ 53.851414876871516, 58.21421501047179, 0.0 ] ] } },
{ "type": "Feature", "properties": { "fid": 369, "handle": 402, "block": -1, "etype": 18, "space": 0, "layer": "0", "olinetype": "ByLayer", "linetype": "", "color": "0,0,0,187", "ocolor": 256, "color24": -1, "transparency": 0, "lweight": -1, "linewidth": 0.0, "ltscale": 1.0, "visible": 0, "width": 0.0, "thickness": 0.0, "ext": "(3:0,0,1)" }, "geometry": { "type": "LineString", "coordinates": [ [ 53.851172084888134, 58.212636541170063, 0.0 ], [ 53.851297185397591, 58.212581201935322, 0.0 ], [ 53.851406073062016, 58.212538054020513, 0.0 ], [ 53.851519031314425, 58.212497783774857, 0.0 ], [ 53.85155736551954, 58.212443420582098, 0.0 ], [ 53.851496778244396, 58.212327262015251, 0.0 ], [ 53.851444361538405, 58.212210035555643, 0.0 ], [ 53.851431735288642, 58.212178327827878, 0.0 ], [ 53.851419789908007, 58.212146531110335, 0.0 ], [ 53.851312782456887, 58.211984709128586, 0.0 ], [ 53.851362003762453, 58.211971029894137, 0.0 ], [ 53.851305809953885, 58.211740404407593, 0.0 ], [ 53.851266175808441, 58.211577224429561, 0.0 ], [ 53.851263231446289, 58.211549119253881, 0.0 ], [ 53.851240975942474, 58.211339003592663, 0.0 ], [ 53.85122428674277, 58.211180878150806, 0.0 ], [ 53.851010906118603, 58.211194634932028, 0.0 ], [ 53.850801559008943, 58.211220067727581, 0.0 ], [ 53.850512807969764, 58.211276471641924, 0.0 ], [ 53.850243185736218, 58.211354983728903, 0.0 ], [ 53.8500344461795, 58.211437607066173, 0.0 ], [ 53.849847254038977, 58.211533543166681, 0.0 ], [ 53.849744741137584, 58.211598155151044, 0.0 ], [ 53.849652077452134, 58.211666818854965, 0.0 ], [ 53.849594540537709, 58.211715861697343, 0.0 ], [ 53.849607059277588, 58.211772528856919, 0.0 ], [ 53.84978813623168, 58.211875991545924, 0.0 ], [ 53.849964100867822, 58.211981782289051, 0.0 ], [ 53.850079136153049, 58.212053922714823, 0.0 ], [ 53.850191786470049, 58.212126958052423, 0.0 ], [ 53.850307140970038, 58.212204305996437, 0.0 ], [ 53.850419769917146, 58.212282638238136, 0.0 ], [ 53.850539000358509, 58.212368968708589, 0.0 ], [ 53.850655334820381, 58.212456373056533, 0.0 ], [ 53.850802341923007, 58.212572274060825, 0.0 ], [ 53.850943898217935, 58.212690053940165, 0.0 ], [ 53.851053602865584, 58.212695658854791, 0.0 ], [ 53.851172084888134, 58.212636541170063, 0.0 ] ] } },
{ "type": "Feature", "properties": { "fid": 370, "handle": 403, "block": -1, "etype": 18, "space": 0, "layer": "0", "olinetype": "ByLayer", "linetype": "", "color": "0,0,0,187", "ocolor": 256, "color24": -1, "transparency": 0, "lweight": -1, "linewidth": 0.0, "ltscale": 1.0, "visible": 0, "width": 0.0, "thickness": 0.0, "ext": "(3:0,0,1)" }, "geometry": { "type": "LineString", "coordinates": [ [ 53.850011936062941, 58.213303248662072, 0.0 ], [ 53.849904004370224, 58.21319978267401, 0.0 ], [ 53.849806045959269, 58.213111591265275, 0.0 ], [ 53.849703999787259, 58.21302465190746, 0.0 ], [ 53.849596000621382, 58.212937525879937, 0.0 ], [ 53.849483742487116, 58.212851921023706, 0.0 ], [ 53.849264434489605, 58.212696518784156, 0.0 ], [ 53.84900078292948, 58.212527955491055, 0.0 ], [ 53.848706004050172, 58.212358905802205, 0.0 ], [ 53.848416926132266, 58.212209973353879, 0.0 ], [ 53.848114885237507, 58.212069554085303, 0.0 ], [ 53.847791223437319, 58.211933417818543, 0.0 ], [ 53.847476671713885, 58.211815607138199, 0.0 ], [ 53.847145423696766, 58.211704060397182, 0.0 ], [ 53.846908075276239, 58.21163347636012, 0.0 ], [ 53.846637050084915, 58.21156168420891, 0.0 ], [ 53.846276250191991, 58.211479458343874, 0.0 ], [ 53.846167124959003, 58.211458946220318, 0.0 ], [ 53.845905871036059, 58.211409789349794, 0.0 ], [ 53.845886559996742, 58.211351677098442, 0.0 ], [ 53.846125722310994, 58.211238302051861, 0.0 ], [ 53.846400835957134, 58.211150647508504, 0.0 ], [ 53.846692832371012, 58.21109246114942, 0.0 ], [ 53.846999675487254, 58.211062663032493, 0.0 ], [ 53.847250603441395, 58.211060180686189, 0.0 ], [ 53.847499578000452, 58.211076819061908, 0.0 ], [ 53.847761899705432, 58.211114930772744, 0.0 ], [ 53.848007791601226, 58.211176275877307, 0.0 ], [ 53.848187140077911, 58.211244544274827, 0.0 ], [ 53.848361881987067, 58.211316128871374, 0.0 ], [ 53.848702497483096, 58.21146503286225, 0.0 ], [ 53.849030835475183, 58.21162146308226, 0.0 ], [ 53.849192437805968, 58.211703445678019, 0.0 ], [ 53.849350800678756, 58.21178730966006, 0.0 ], [ 53.849501341606725, 58.211870535737027, 0.0 ], [ 53.849648814293843, 58.211955374090977, 0.0 ], [ 53.84979474447637, 58.212043083476935, 0.0 ], [ 53.849936584966173, 58.212132583518773, 0.0 ], [ 53.850076039588259, 58.212223247760406, 0.0 ], [ 53.850211404880305, 58.212315612899644, 0.0 ], [ 53.850343869392375, 58.212410219036101, 0.0 ], [ 53.850472416190307, 58.212506167166865, 0.0 ], [ 53.850592806236335, 58.21260013040542, 0.0 ], [ 53.850709448985519, 58.212695346087159, 0.0 ], [ 53.850814887017513, 58.212785161635111, 0.0 ], [ 53.850809197953566, 58.212843513213755, 0.0 ], [ 53.850667719766022, 58.212949828905934, 0.0 ], [ 53.850547816762337, 58.213063172722428, 0.0 ], [ 53.850450193769213, 58.213177799508863, 0.0 ], [ 53.850368717096636, 58.213295946664665, 0.0 ], [ 53.85030923185171, 58.213362854127965, 0.0 ], [ 53.850222733801303, 58.213420931204993, 0.0 ], [ 53.850114417600942, 58.213408324223515, 0.0 ], [ 53.850011936062941, 58.213303248662072, 0.0 ] ] } },
{ "type": "Feature", "properties": { "fid": 371, "handle": 404, "block": -1, "etype": 18, "space": 0, "layer": "0", "olinetype": "ByLayer", "linetype": "", "color": "0,0,0,187", "ocolor": 256, "color24": -1, "transparency": 0, "lweight": -1, "linewidth": 0.0, "ltscale": 1.0, "visible": 0, "width": 0.0, "thickness": 0.0, "ext": "(3:0,0,1)" }, "geometry": { "type": "LineString", "coordinates": [ [ 53.845754134915417, 58.211525783679413, 0.0 ], [ 53.846087642425523, 58.211585622373946, 0.0 ], [ 53.84641396117253, 58.211655866239738, 0.0 ], [ 53.846817194902869, 58.211760677967028, 0.0 ], [ 53.847183475576749, 58.211874781449204, 0.0 ], [ 53.847534564224418, 58.212001435178635, 0.0 ], [ 53.847871832381372, 58.212138216804597, 0.0 ], [ 53.848193921147946, 58.212284675908087, 0.0 ], [ 53.848347043159698, 58.212360903423694, 0.0 ], [ 53.848497096788599, 58.212438743182453, 0.0 ], [ 53.848656804262511, 58.212526829361636, 0.0 ], [ 53.84881054647812, 58.212617691504427, 0.0 ], [ 53.848968336472907, 58.212716997754818, 0.0 ], [ 53.849120673941457, 58.212818541902912, 0.0 ], [ 53.849296381962112, 58.212945342209885, 0.0 ], [ 53.84946271967177, 58.213075632701837, 0.0 ], [ 53.849433050213811, 58.213131801134772, 0.0 ], [ 53.849234308422822, 58.213180766744976, 0.0 ], [ 53.849033872108627, 58.213228024183394, 0.0 ], [ 53.848803993639883, 58.213277670505519, 0.0 ], [ 53.848571069922095, 58.213323182829726, 0.0 ], [ 53.848372040454464, 58.213359307945275, 0.0 ], [ 53.848170983302893, 58.213392108405777, 0.0 ], [ 53.848070373422466, 58.213367837220474, 0.0 ], [ 53.847946751072797, 58.213235081976705, 0.0 ], [ 53.847797237961515, 58.213110016947191, 0.0 ], [ 53.847583141305016, 58.212970509441497, 0.0 ], [ 53.847419512068818, 58.212884661779704, 0.0 ], [ 53.847242239967429, 58.212806698368723, 0.0 ], [ 53.84707510743565, 58.212744638270763, 0.0 ], [ 53.846899438893004, 58.212689660473785, 0.0 ], [ 53.846716083712032, 58.212642035309734, 0.0 ], [ 53.846526401604955, 58.21260203372826, 0.0 ], [ 53.846331412412596, 58.212569836494374, 0.0 ], [ 53.846132304913255, 58.212545893928358, 0.0 ], [ 53.845905447944986, 58.212526586175024, 0.0 ], [ 53.84567685998573, 58.212514189130765, 0.0 ], [ 53.845327967661156, 58.212508558992532, 0.0 ], [ 53.844979515650074, 58.212518999399578, 0.0 ], [ 53.844911158261368, 58.212472947924525, 0.0 ], [ 53.844982182582555, 58.212336745348836, 0.0 ], [ 53.845065616352016, 58.212202533014299, 0.0 ], [ 53.845155319951452, 58.212073804935194, 0.0 ], [ 53.845255391023464, 58.211947154359066, 0.0 ], [ 53.845360542190548, 58.211825717216122, 0.0 ], [ 53.845476737650742, 58.211707166392841, 0.0 ], [ 53.845562147640074, 58.211626286583865, 0.0 ], [ 53.845650615405425, 58.21154630823829, 0.0 ], [ 53.845754134915417, 58.211525783679413, 0.0 ] ] } },
{ "type": "Feature", "properties": { "fid": 372, "handle": 405, "block": -1, "etype": 18, "space": 0, "layer": "0", "olinetype": "ByLayer", "linetype": "", "color": "0,0,0,187", "ocolor": 256, "color24": -1, "transparency": 0, "lweight": -1, "linewidth": 0.0, "ltscale": 1.0, "visible": 0, "width": 0.0, "thickness": 0.0, "ext": "(3:0,0,1)" }, "geometry": { "type": "LineString", "coordinates": [ [ 53.842083456181626, 58.215601967440655, 0.0 ], [ 53.842373315245325, 58.215460201387891, 0.0 ], [ 53.842692522248612, 58.215337145518269, 0.0 ], [ 53.842987597048378, 58.21524602148537, 0.0 ], [ 53.843297914073126, 58.215170357988022, 0.0 ], [ 53.843591975903621, 58.215115413412533, 0.0 ], [ 53.84389397222666, 58.215074304284904, 0.0 ], [ 53.843937769410658, 58.215018962478212, 0.0 ], [ 53.843615248465049, 58.214853099292831, 0.0 ], [ 53.843398738968617, 58.21464480892061, 0.0 ], [ 53.84317811972263, 58.214674255565875, 0.0 ], [ 53.842961719609306, 58.214711338487369, 0.0 ], [ 53.842745450209662, 58.214757219828719, 0.0 ], [ 53.842737134166832, 58.214714204046899, 0.0 ], [ 53.842695150749194, 58.214667016765198, 0.0 ], [ 53.842796930461461, 58.214657625413075, 0.0 ], [ 53.843079679341756, 58.214620983572267, 0.0 ], [ 53.843354155466336, 58.214569786276044, 0.0 ], [ 53.843305862736948, 58.214332972085266, 0.0 ], [ 53.843391107676716, 58.214099194981074, 0.0 ], [ 53.843301096854034, 58.214063620539925, 0.0 ], [ 53.842998049163072, 58.214113435815818, 0.0 ], [ 53.842686909289768, 58.214146361392203, 0.0 ], [ 53.842320886663451, 58.214163686082337, 0.0 ], [ 53.841953584181574, 58.214162692629955, 0.0 ], [ 53.841647271776012, 58.214142829901377, 0.0 ], [ 53.841345446397995, 58.214108786480871, 0.0 ], [ 53.841265135554963, 58.214149178161314, 0.0 ], [ 53.841344816395122, 58.214402103161021, 0.0 ], [ 53.841354715589176, 58.214433090232667, 0.0 ], [ 53.841468296597242, 58.214714518177935, 0.0 ], [ 53.84148498756231, 58.214748566266366, 0.0 ], [ 53.841515921015905, 58.214793495664921, 0.0 ], [ 53.841887123379841, 58.215066354765035, 0.0 ], [ 53.841666403389802, 58.215117525891721, 0.0 ], [ 53.841766199964724, 58.215286260157377, 0.0 ], [ 53.841871275621784, 58.215454103068083, 0.0 ], [ 53.841921334159487, 58.215521770895059, 0.0 ], [ 53.841975309568731, 58.215588635519097, 0.0 ], [ 53.842083456181626, 58.215601967440655, 0.0 ] ] } },
{ "type": "Feature", "properties": { "fid": 373, "handle": 406, "block": -1, "etype": 18, "space": 0, "layer": "0", "olinetype": "ByLayer", "linetype": "", "color": "0,0,0,187", "ocolor": 256, "color24": -1, "transparency": 0, "lweight": -1, "linewidth": 0.0, "ltscale": 1.0, "visible": 0, "width": 0.0, "thickness": 0.0, "ext": "(3:0,0,1)" }, "geometry": { "type": "LineString", "coordinates": [ [ 53.846935470816469, 58.216841397486938, 0.0 ], [ 53.846716018763381, 58.21671624729138, 0.0 ], [ 53.846676312340009, 58.216691599321763, 0.0 ], [ 53.84657229581736, 58.216626921043712, 0.0 ], [ 53.846434198655317, 58.216535177298383, 0.0 ], [ 53.846295624050796, 58.216435980932033, 0.0 ], [ 53.84619269280239, 58.216356758988205, 0.0 ], [ 53.846163525956506, 58.216334368117359, 0.0 ], [ 53.846030788948454, 58.216223327296767, 0.0 ], [ 53.845905890355603, 58.216109692135085, 0.0 ], [ 53.845949168656581, 58.216055875313714, 0.0 ], [ 53.846186300905615, 58.216025635768922, 0.0 ], [ 53.846268352452974, 58.216015140467071, 0.0 ], [ 53.846580615419569, 58.215961557688878, 0.0 ], [ 53.846786162845127, 58.215917003704902, 0.0 ], [ 53.846987138538289, 58.215867236555518, 0.0 ], [ 53.847177753580652, 58.215813236924305, 0.0 ], [ 53.847364809490486, 58.215755910818743, 0.0 ], [ 53.847548156529378, 58.215690499636437, 0.0 ], [ 53.847719290957507, 58.21561627498194, 0.0 ], [ 53.847874120662354, 58.215535297004429, 0.0 ], [ 53.848011292285491, 58.215445768512261, 0.0 ], [ 53.848132978420367, 58.215356849900637, 0.0 ], [ 53.848235634034367, 58.215262072699211, 0.0 ], [ 53.848308117787184, 58.215180816582865, 0.0 ], [ 53.848369383242584, 58.215097033190773, 0.0 ], [ 53.848444161628905, 58.214956344123138, 0.0 ], [ 53.848487310476763, 58.214812026149957, 0.0 ], [ 53.848571347151491, 58.214774058473708, 0.0 ], [ 53.848776507457799, 58.214778252385187, 0.0 ], [ 53.848981482025984, 58.214786126804086, 0.0 ], [ 53.849234237401333, 58.21480016257285, 0.0 ], [ 53.849486299514695, 58.214817249606618, 0.0 ], [ 53.849691569878289, 58.214835717496115, 0.0 ], [ 53.849895809043659, 58.214856697733914, 0.0 ], [ 53.849951910965615, 58.214906772277089, 0.0 ], [ 53.849859238379786, 58.21505606021222, 0.0 ], [ 53.849755174885139, 58.215203269671072, 0.0 ], [ 53.849657677090455, 58.215326515026071, 0.0 ], [ 53.849552019818944, 58.215447955039252, 0.0 ], [ 53.849441963085638, 58.215563553946758, 0.0 ], [ 53.849324598230076, 58.215677168920259, 0.0 ], [ 53.849218027397001, 58.21577284017782, 0.0 ], [ 53.849106188657267, 58.215866889037407, 0.0 ], [ 53.848987034624777, 58.21596065978818, 0.0 ], [ 53.848862783897289, 58.216052538966231, 0.0 ], [ 53.848734802140051, 58.216141450794709, 0.0 ], [ 53.84860189456797, 58.216228291662411, 0.0 ], [ 53.848463378318421, 58.216313599433526, 0.0 ], [ 53.848320107127783, 58.216396656850698, 0.0 ], [ 53.848171570574678, 58.216477463290289, 0.0 ], [ 53.848014206497993, 58.216553500595793, 0.0 ], [ 53.847847338195535, 58.216623870108691, 0.0 ], [ 53.847670800173901, 58.216687494212024, 0.0 ], [ 53.847357504984188, 58.216782198505243, 0.0 ], [ 53.847043626971541, 58.216853827394907, 0.0 ], [ 53.846935470816469, 58.216841397486938, 0.0 ] ] } },
{ "type": "Feature", "properties": { "fid": 374, "handle": 407, "block": -1, "etype": 18, "space": 0, "layer": "0", "olinetype": "ByLayer", "linetype": "", "color": "0,0,0,187", "ocolor": 256, "color24": -1, "transparency": 0, "lweight": -1, "linewidth": 0.0, "ltscale": 1.0, "visible": 0, "width": 0.0, "thickness": 0.0, "ext": "(3:0,0,1)" }, "geometry": { "type": "LineString", "coordinates": [ [ 53.84658245019375, 58.216915043230109, 0.0 ], [ 53.846240020556195, 58.216939320752047, 0.0 ], [ 53.845894938735476, 58.216947343635482, 0.0 ], [ 53.845576116612747, 58.216942019897246, 0.0 ], [ 53.845259221697901, 58.216923948678819, 0.0 ], [ 53.844927591941655, 58.216890506056998, 0.0 ], [ 53.844592794594888, 58.216842334488391, 0.0 ], [ 53.844223223859736, 58.216770327370263, 0.0 ], [ 53.843868878758684, 58.216679752980561, 0.0 ], [ 53.843625056175924, 58.216605114806605, 0.0 ], [ 53.843393359605365, 58.2165202559272, 0.0 ], [ 53.843370983064631, 58.216463127176645, 0.0 ], [ 53.843583786698957, 58.216317852005396, 0.0 ], [ 53.843851420426063, 58.216200476015558, 0.0 ], [ 53.843965231392275, 58.216164343468812, 0.0 ], [ 53.844326553987386, 58.216098166983215, 0.0 ], [ 53.844706737696796, 58.216076095345905, 0.0 ], [ 53.844990493611157, 58.216083712963076, 0.0 ], [ 53.845274611439805, 58.216086392386302, 0.0 ], [ 53.845523194990619, 58.216083461654954, 0.0 ], [ 53.845618854983812, 58.216112756622991, 0.0 ], [ 53.845770842415419, 58.216256860887363, 0.0 ], [ 53.84588560569388, 58.216353694720119, 0.0 ], [ 53.845905609091083, 58.216370508104909, 0.0 ], [ 53.846045488567192, 58.216482365714057, 0.0 ], [ 53.846125040304798, 58.21653857540629, 0.0 ], [ 53.846319425850815, 58.216675906744818, 0.0 ], [ 53.846447878878102, 58.216755249102086, 0.0 ], [ 53.846616888529539, 58.216859509697159, 0.0 ], [ 53.84658245019375, 58.216915043230109, 0.0 ] ] } },
{ "type": "Feature", "properties": { "fid": 375, "handle": 408, "block": -1, "etype": 18, "space": 0, "layer": "0", "olinetype": "ByLayer", "linetype": "", "color": "0,0,0,187", "ocolor": 256, "color24": -1, "transparency": 0, "lweight": -1, "linewidth": 0.0, "ltscale": 1.0, "visible": 0, "width": 0.0, "thickness": 0.0, "ext": "(3:0,0,1)" }, "geometry": { "type": "LineString", "coordinates": [ [ 53.85121404887731, 58.216019571371433, 0.0 ], [ 53.851346279031588, 58.21609280804639, 0.0 ], [ 53.851506904579665, 58.216170387187738, 0.0 ], [ 53.851681349087656, 58.216239093799331, 0.0 ], [ 53.851870459447284, 58.216299826627292, 0.0 ], [ 53.852069818755915, 58.216350964408669, 0.0 ], [ 53.852263957409399, 58.216389346806096, 0.0 ], [ 53.852464435249928, 58.216417231767664, 0.0 ], [ 53.85264318265525, 58.216433778787142, 0.0 ], [ 53.852823662875245, 58.216442785881519, 0.0 ], [ 53.853014213317259, 58.216444083092512, 0.0 ], [ 53.853203948720804, 58.216436760023484, 0.0 ], [ 53.853395591530429, 58.216420730027053, 0.0 ], [ 53.85358369681375, 58.216396076623305, 0.0 ], [ 53.853726716754295, 58.216371012095557, 0.0 ], [ 53.853866183924694, 58.216341005333852, 0.0 ], [ 53.853971939486243, 58.2163581850618, 0.0 ], [ 53.854160841696405, 58.21651210780999, 0.0 ], [ 53.854372338723053, 58.216674675142002, 0.0 ], [ 53.854025348712753, 58.216734073020994, 0.0 ], [ 53.853753448826758, 58.216779101240164, 0.0 ], [ 53.85368516758475, 58.216792400389892, 0.0 ], [ 53.853485173070574, 58.216811563588017, 0.0 ], [ 53.853282836080766, 58.216821117120467, 0.0 ], [ 53.853073906990282, 58.216820158260354, 0.0 ], [ 53.852865121260656, 58.216825663516488, 0.0 ], [ 53.85262498867985, 58.216841008202529, 0.0 ], [ 53.852389057137493, 58.216868926759084, 0.0 ], [ 53.85214151155018, 58.216907425668644, 0.0 ], [ 53.85190241815603, 58.216958952283925, 0.0 ], [ 53.85176155728989, 58.216995778700856, 0.0 ], [ 53.851604324681389, 58.2170416538738, 0.0 ], [ 53.851455397415243, 58.217094990422659, 0.0 ], [ 53.851245956929823, 58.217175100979141, 0.0 ], [ 53.85106213992529, 58.217271222294272, 0.0 ], [ 53.850883249277942, 58.21736896517907, 0.0 ], [ 53.850735430055785, 58.217481917322594, 0.0 ], [ 53.850619169608507, 58.217575154269369, 0.0 ], [ 53.850525339983996, 58.217674971482339, 0.0 ], [ 53.850495935291228, 58.217708156284175, 0.0 ], [ 53.850433840415832, 58.217787001687711, 0.0 ], [ 53.85035284159099, 58.217910356661854, 0.0 ], [ 53.850264758936923, 58.218018799480028, 0.0 ], [ 53.850176997452643, 58.218091329882249, 0.0 ], [ 53.850062330467516, 58.218169035932107, 0.0 ], [ 53.849934077794494, 58.218240441161129, 0.0 ], [ 53.849767029140139, 58.218312249463153, 0.0 ], [ 53.849583017931174, 58.218371557862575, 0.0 ], [ 53.849464942088318, 58.21828962726709, 0.0 ], [ 53.849346866408347, 58.218207786343015, 0.0 ], [ 53.849189159763249, 58.218122935637915, 0.0 ], [ 53.849035034570328, 58.218036293340404, 0.0 ], [ 53.84887924268714, 58.21794165829666, 0.0 ], [ 53.848734701476836, 58.217842277971748, 0.0 ], [ 53.848590915934814, 58.217725480702299, 0.0 ], [ 53.848461954545627, 58.217603852668589, 0.0 ], [ 53.84835494520069, 58.217481622139594, 0.0 ], [ 53.848263945348961, 58.217355819297886, 0.0 ], [ 53.84832931172906, 58.217308671823119, 0.0 ], [ 53.84862338174964, 58.217294027732521, 0.0 ], [ 53.848910399547051, 58.217257288275079, 0.0 ], [ 53.849065524261427, 58.217228023562122, 0.0 ], [ 53.84921303275577, 58.217189232778459, 0.0 ], [ 53.849320160770723, 58.217203814305009, 0.0 ], [ 53.849464552202413, 58.217298166018217, 0.0 ], [ 53.849629232465617, 58.217382845057628, 0.0 ], [ 53.849807408000068, 58.217454970323764, 0.0 ], [ 53.850000777478151, 58.217515172231934, 0.0 ], [ 53.84997993310126, 58.217535707747892, 0.0 ], [ 53.850209379478422, 58.21759460505578, 0.0 ], [ 53.850320994393485, 58.217473530658538, 0.0 ], [ 53.850246212045661, 58.217454319313227, 0.0 ], [ 53.850091548611907, 58.217414633550305, 0.0 ], [ 53.850073259525111, 58.217434453831423, 0.0 ], [ 53.849940887738988, 58.217394165623944, 0.0 ], [ 53.849816199257795, 58.217347601600594, 0.0 ], [ 53.849628226342666, 58.217258855149979, 0.0 ], [ 53.849466001350862, 58.217157030674159, 0.0 ], [ 53.849480709292152, 58.217099048967945, 0.0 ], [ 53.849679142031299, 58.217007615812292, 0.0 ], [ 53.849748410014143, 58.216962626974798, 0.0 ], [ 53.849895479801766, 58.216866194940884, 0.0 ], [ 53.850034226350502, 58.216766341236777, 0.0 ], [ 53.850175198329239, 58.216663078285933, 0.0 ], [ 53.850311922831793, 58.216558194118356, 0.0 ], [ 53.850422198142311, 58.216552308156601, 0.0 ], [ 53.850565973921007, 58.216631305215955, 0.0 ], [ 53.850726463652968, 58.216700894588072, 0.0 ], [ 53.8509536394142, 58.216772806278932, 0.0 ], [ 53.851197903872027, 58.216827140268492, 0.0 ], [ 53.851303493958504, 58.216843244629096, 0.0 ], [ 53.851410627427953, 58.21685647768205, 0.0 ], [ 53.851399123181743, 58.21688151340814, 0.0 ], [ 53.851681413328038, 58.216916048998883, 0.0 ], [ 53.851752227245868, 58.216785408996103, 0.0 ], [ 53.851454118825366, 58.216749957312913, 0.0 ], [ 53.85144621387942, 58.216768712508085, 0.0 ], [ 53.851370025429731, 58.216760453564611, 0.0 ], [ 53.851295212423949, 58.216748784469829, 0.0 ], [ 53.851220569607008, 58.216737115529774, 0.0 ], [ 53.851148152958856, 58.216722037435034, 0.0 ], [ 53.851043778764591, 58.216700098545957, 0.0 ], [ 53.850946924757913, 58.216670087997187, 0.0 ], [ 53.850850070914774, 58.216640077374905, 0.0 ], [ 53.850762946110102, 58.216602715955879, 0.0 ], [ 53.850626261438094, 58.216536656012558, 0.0 ], [ 53.850504411450764, 58.216462981859934, 0.0 ], [ 53.850498868707653, 58.216405514976039, 0.0 ], [ 53.850628994427275, 58.216291464979356, 0.0 ], [ 53.850754531651177, 58.216175972967775, 0.0 ], [ 53.850875140512933, 58.216058948775341, 0.0 ], [ 53.850990310261082, 58.215940481600803, 0.0 ], [ 53.851100910261351, 58.215937827580284, 0.0 ], [ 53.85121404887731, 58.216019571371433, 0.0 ] ] } },
{ "type": "Feature", "properties": { "fid": 376, "handle": 409, "block": -1, "etype": 18, "space": 0, "layer": "0", "olinetype": "ByLayer", "linetype": "", "color": "0,0,0,187", "ocolor": 256, "color24": -1, "transparency": 0, "lweight": -1, "linewidth": 0.0, "ltscale": 1.0, "visible": 0, "width": 0.0, "thickness": 0.0, "ext": "(3:0,0,1)" }, "geometry": { "type": "LineString", "coordinates": [ [ 53.851788864985899, 58.214978412167696, 0.0 ], [ 53.852018166660564, 58.215027968777399, 0.0 ], [ 53.852251404796363, 58.21507205284275, 0.0 ], [ 53.852523134729026, 58.215106215226577, 0.0 ], [ 53.852800028704813, 58.215126017895891, 0.0 ], [ 53.852933054454908, 58.215130391167001, 0.0 ], [ 53.853019671257691, 58.215166852711114, 0.0 ], [ 53.853148642908046, 58.215411028437963, 0.0 ], [ 53.853292527848367, 58.215628645756411, 0.0 ], [ 53.853365942340631, 58.215731350878457, 0.0 ], [ 53.853443443841613, 58.215833252618005, 0.0 ], [ 53.853514029486668, 58.215920781265957, 0.0 ], [ 53.853610592272538, 58.216021447854565, 0.0 ], [ 53.853787676245766, 58.216193673091553, 0.0 ], [ 53.85375427020363, 58.21624929952111, 0.0 ], [ 53.853544493165643, 58.216289729887393, 0.0 ], [ 53.853327790448198, 58.216317941610512, 0.0 ], [ 53.853046648625643, 58.216335574230193, 0.0 ], [ 53.852763720648532, 58.21633255434341, 0.0 ], [ 53.852520842972901, 58.216313239868647, 0.0 ], [ 53.852283983508507, 58.216278758772205, 0.0 ], [ 53.852244738414058, 58.216224215712622, 0.0 ], [ 53.852342897564384, 58.216104021753956, 0.0 ], [ 53.852419126034036, 58.215979582586407, 0.0 ], [ 53.852467231992904, 58.215867051817796, 0.0 ], [ 53.852498330860001, 58.215752885280537, 0.0 ], [ 53.852540521730297, 58.215753562559662, 0.0 ], [ 53.85254737605193, 58.215618897700601, 0.0 ], [ 53.852292358466798, 58.215615280569764, 0.0 ], [ 53.852285333418962, 58.215749855436215, 0.0 ], [ 53.852327694416488, 58.215750532982739, 0.0 ], [ 53.852298503099135, 58.215855903066981, 0.0 ], [ 53.852252984904339, 58.215959727931612, 0.0 ], [ 53.85217984564342, 58.216077616507349, 0.0 ], [ 53.852085796612478, 58.216191261034901, 0.0 ], [ 53.851980576649012, 58.216209185069722, 0.0 ], [ 53.851771589430115, 58.216141516092961, 0.0 ], [ 53.851579499445087, 58.216061207203481, 0.0 ], [ 53.851357474037322, 58.215938396307749, 0.0 ], [ 53.851174481522094, 58.215798841384974, 0.0 ], [ 53.85117013250629, 58.215740478099725, 0.0 ], [ 53.851220060973958, 58.215681100783065, 0.0 ], [ 53.851268629704336, 58.21562136273279, 0.0 ], [ 53.85134577380947, 58.215522692657096, 0.0 ], [ 53.851419177556835, 58.215423299919664, 0.0 ], [ 53.851498256491503, 58.215309279305366, 0.0 ], [ 53.851573084988495, 58.215194445655285, 0.0 ], [ 53.851632183215244, 58.215098178501101, 0.0 ], [ 53.851687030836999, 58.215001188118649, 0.0 ], [ 53.851788864985899, 58.214978412167696, 0.0 ] ] } },
{ "type": "Feature", "properties": { "fid": 377, "handle": 410, "block": -1, "etype": 18, "space": 0, "layer": "0", "olinetype": "ByLayer", "linetype": "", "color": "0,0,0,187", "ocolor": 256, "color24": -1, "transparency": 0, "lweight": -1, "linewidth": 0.0, "ltscale": 1.0, "visible": 0, "width": 0.0, "thickness": 0.0, "ext": "(3:0,0,1)" }, "geometry": { "type": "LineString", "coordinates": [ [ 53.844755446437645, 58.215169806652355, 0.0 ], [ 53.844466727459135, 58.215170532167221, 0.0 ], [ 53.844121957739311, 58.215188785765513, 0.0 ], [ 53.843783056188883, 58.215226618073231, 0.0 ], [ 53.843474545516315, 58.215278582549274, 0.0 ], [ 53.843177193322823, 58.215346271834193, 0.0 ], [ 53.842862203824971, 58.215439346963819, 0.0 ], [ 53.842568910201258, 58.215550404481981, 0.0 ], [ 53.842370980931804, 58.215641108987668, 0.0 ], [ 53.842187815671274, 58.215740091392775, 0.0 ], [ 53.84217615884134, 58.215798076056672, 0.0 ], [ 53.842343118475632, 58.215938701456565, 0.0 ], [ 53.84237295117763, 58.215963787482572, 0.0 ], [ 53.842595307248629, 58.216120192845601, 0.0 ], [ 53.842830515796031, 58.216256233175301, 0.0 ], [ 53.842924022760222, 58.21631030730348, 0.0 ], [ 53.843102790832553, 58.216398064722746, 0.0 ], [ 53.843213745398295, 58.216392634728848, 0.0 ], [ 53.843358652013215, 58.216288665864639, 0.0 ], [ 53.843528857549444, 58.216196219962647, 0.0 ], [ 53.843693515857929, 58.21612693075501, 0.0 ], [ 53.843872247866024, 58.216068342611024, 0.0 ], [ 53.84391823561819, 58.216056817053065, 0.0 ], [ 53.844124622625266, 58.216015680088631, 0.0 ], [ 53.844338271866199, 58.21598667220934, 0.0 ], [ 53.844554072780483, 58.215971313440065, 0.0 ], [ 53.844771687696948, 58.215969064667568, 0.0 ], [ 53.845078407999679, 58.215977428300924, 0.0 ], [ 53.845385672869988, 58.215977980835582, 0.0 ], [ 53.845447473538023, 58.215929483772392, 0.0 ], [ 53.845344417722188, 58.21580150943025, 0.0 ], [ 53.845298728841925, 58.215744622079342, 0.0 ], [ 53.845169738854686, 58.215555744012626, 0.0 ], [ 53.845070121364913, 58.215381087039958, 0.0 ], [ 53.844987528667922, 58.215204026572778, 0.0 ], [ 53.84489989530293, 58.215168456158253, 0.0 ], [ 53.844755446437645, 58.215169806652355, 0.0 ] ] } },
{ "type": "Feature", "properties": { "fid": 378, "handle": 411, "block": -1, "etype": 18, "space": 0, "layer": "0", "olinetype": "ByLayer", "linetype": "", "color": "0,0,0,187", "ocolor": 256, "color24": -1, "transparency": 0, "lweight": -1, "linewidth": 0.0, "ltscale": 1.0, "visible": 0, "width": 0.0, "thickness": 0.0, "ext": "(3:0,0,1)" }, "geometry": { "type": "LineString", "coordinates": [ [ 53.845303290060023, 58.213565262117633, 0.0 ], [ 53.845049518007755, 58.213552653834469, 0.0 ], [ 53.844794821739676, 58.213556922919508, 0.0 ], [ 53.844715886235356, 58.213517412550338, 0.0 ], [ 53.844706951771386, 58.213381920775305, 0.0 ], [ 53.844707884898511, 58.213246351233948, 0.0 ], [ 53.844720787431868, 58.213096880071966, 0.0 ], [ 53.844746106764298, 58.212947872935459, 0.0 ], [ 53.844780735827555, 58.212809561172648, 0.0 ], [ 53.844827779079957, 58.212672252108341, 0.0 ], [ 53.844907402456407, 58.212631767565746, 0.0 ], [ 53.845172335692247, 58.212619160974505, 0.0 ], [ 53.845438246865506, 58.212616341247987, 0.0 ], [ 53.845717381713463, 58.212624041454674, 0.0 ], [ 53.845994769147218, 58.21264242298809, 0.0 ], [ 53.846060565562588, 58.212690984682077, 0.0 ], [ 53.846004682310216, 58.212827924391718, 0.0 ], [ 53.84592202728625, 58.212822347832805, 0.0 ], [ 53.845889805000965, 58.212955904369537, 0.0 ], [ 53.846016339244706, 58.212964406973363, 0.0 ], [ 53.8461430436708, 58.21297290965714, 0.0 ], [ 53.84615517118079, 58.212922377077284, 0.0 ], [ 53.846179422596826, 58.212822119945869, 0.0 ], [ 53.846227716845881, 58.212708963213771, 0.0 ], [ 53.846325145772354, 58.212681338076457, 0.0 ], [ 53.8466479354611, 58.212743945608317, 0.0 ], [ 53.846950378970575, 58.212830409887623, 0.0 ], [ 53.847237738553673, 58.212943520601968, 0.0 ], [ 53.847490475338148, 58.213077508438353, 0.0 ], [ 53.847701122837897, 58.213227965368617, 0.0 ], [ 53.847868328283731, 58.213392914784123, 0.0 ], [ 53.847814349098023, 58.213444205607715, 0.0 ], [ 53.847412142563876, 58.213491129711983, 0.0 ], [ 53.847134559157141, 58.213516564596347, 0.0 ], [ 53.846856139446743, 58.213538586160901, 0.0 ], [ 53.846608203863838, 58.213553191900758, 0.0 ], [ 53.846359436879126, 58.213563307062628, 0.0 ], [ 53.846108811613441, 58.213570366912492, 0.0 ], [ 53.845857865486842, 58.213572936787706, 0.0 ], [ 53.845580909792872, 58.213570985575728, 0.0 ], [ 53.845303290060023, 58.213565262117633, 0.0 ] ] } },
{ "type": "Feature", "properties": { "fid": 379, "handle": 412, "block": -1, "etype": 18, "space": 0, "layer": "0", "olinetype": "ByLayer", "linetype": "", "color": "0,0,0,187", "ocolor": 256, "color24": -1, "transparency": 0, "lweight": -1, "linewidth": 0.0, "ltscale": 1.0, "visible": 0, "width": 0.0, "thickness": 0.0, "ext": "(3:0,0,1)" }, "geometry": { "type": "LineString", "coordinates": [ [ 53.844400470712337, 58.213595856516122, 0.0 ], [ 53.844258819134097, 58.213620283806904, 0.0 ], [ 53.844102309344926, 58.213657711149636, 0.0 ], [ 53.843957488935771, 58.213706285563269, 0.0 ], [ 53.843846875176645, 58.213752208254178, 0.0 ], [ 53.843745423419058, 58.21380370855568, 0.0 ], [ 53.843550889186609, 58.213860391725639, 0.0 ], [ 53.843348902054181, 58.213909523763064, 0.0 ], [ 53.843016543603078, 58.213970705368894, 0.0 ], [ 53.842673046342483, 58.214011402093128, 0.0 ], [ 53.842360950471544, 58.214029870810002, 0.0 ], [ 53.842047048778106, 58.214033522513823, 0.0 ], [ 53.841671686449196, 58.214008995406495, 0.0 ], [ 53.841636659994172, 58.214004552594112, 0.0 ], [ 53.841303737577931, 58.213962659420453, 0.0 ], [ 53.841237597031146, 58.21391589049221, 0.0 ], [ 53.84124070204507, 58.213792174893463, 0.0 ], [ 53.841252652730986, 58.213668649869625, 0.0 ], [ 53.841259959318336, 58.213632566639561, 0.0 ], [ 53.841284662374676, 58.213510583778145, 0.0 ], [ 53.841326206695491, 58.213388801433261, 0.0 ], [ 53.841338100064746, 58.213354160415868, 0.0 ], [ 53.841400124924157, 58.213217589512553, 0.0 ], [ 53.841474730328684, 58.213082829857129, 0.0 ], [ 53.841573011770514, 58.213055837876226, 0.0 ], [ 53.841862371533551, 58.213098394592862, 0.0 ], [ 53.84189569470319, 58.213103104578288, 0.0 ], [ 53.842228017441627, 58.213125153675406, 0.0 ], [ 53.842436597009005, 58.213123256840134, 0.0 ], [ 53.842644196002567, 58.213112290480865, 0.0 ], [ 53.84286324351455, 58.213089935591611, 0.0 ], [ 53.843077404820939, 58.213056800483621, 0.0 ], [ 53.843324319048989, 58.213003324774739, 0.0 ], [ 53.843558534332608, 58.212936006592919, 0.0 ], [ 53.843724326052971, 58.212876325376918, 0.0 ], [ 53.843990928577739, 58.21279405251569, 0.0 ], [ 53.844079682135529, 58.212766687820164, 0.0 ], [ 53.844460942895374, 58.212684823491387, 0.0 ], [ 53.844549761335898, 58.212720216106995, 0.0 ], [ 53.844510429006128, 58.212844605877429, 0.0 ], [ 53.844484701805435, 58.212969999830243, 0.0 ], [ 53.844457456371529, 58.21317009047155, 0.0 ], [ 53.844451303982133, 58.213370655745948, 0.0 ], [ 53.844455508764156, 58.213459365397853, 0.0 ], [ 53.844463796945483, 58.213547990247896, 0.0 ], [ 53.844400470712337, 58.213595856516122, 0.0 ] ] } },
{ "type": "Feature", "properties": { "fid": 380, "handle": 413, "block": -1, "etype": 18, "space": 0, "layer": "0", "olinetype": "ByLayer", "linetype": "", "color": "0,0,0,187", "ocolor": 256, "color24": -1, "transparency": 0, "lweight": -1, "linewidth": 0.0, "ltscale": 1.0, "visible": 0, "width": 0.0, "thickness": 0.0, "ext": "(3:0,0,1)" }, "geometry": { "type": "LineString", "coordinates": [ [ 53.847677674345029, 58.213935149354782, 0.0 ], [ 53.847938759933534, 58.213909334486317, 0.0 ], [ 53.84819833166604, 58.213879387314854, 0.0 ], [ 53.8481314095012, 58.213734848550551, 0.0 ], [ 53.848051720464262, 58.213592179952222, 0.0 ], [ 53.847955211156957, 58.213563693815225, 0.0 ], [ 53.847750946660398, 58.213590294838767, 0.0 ], [ 53.847545502164444, 58.21361429044974, 0.0 ], [ 53.847324071446714, 58.213636919859219, 0.0 ], [ 53.847101633229109, 58.213656405310346, 0.0 ], [ 53.846874103020092, 58.21367310101985, 0.0 ], [ 53.846645735931688, 58.213686563169226, 0.0 ], [ 53.846341325455114, 58.213699304811854, 0.0 ], [ 53.846036259175357, 58.213706298895723, 0.0 ], [ 53.845997055977818, 58.213762634579851, 0.0 ], [ 53.846181512894283, 58.213871224000492, 0.0 ], [ 53.846326945530812, 58.213995118825345, 0.0 ], [ 53.846520215498558, 58.213993915119353, 0.0 ], [ 53.846713325791931, 58.213990286817832, 0.0 ], [ 53.846945922811841, 58.213982665447801, 0.0 ], [ 53.847177854683387, 58.213971451581244, 0.0 ], [ 53.847428351403565, 58.213955321507335, 0.0 ], [ 53.847677674345029, 58.213935149354782, 0.0 ] ] } },
{ "type": "Feature", "properties": { "fid": 381, "handle": 414, "block": -1, "etype": 18, "space": 0, "layer": "0", "olinetype": "ByLayer", "linetype": "", "color": "0,0,0,187", "ocolor": 256, "color24": -1, "transparency": 0, "lweight": -1, "linewidth": 0.0, "ltscale": 1.0, "visible": 0, "width": 0.0, "thickness": 0.0, "ext": "(3:0,0,1)" }, "geometry": { "type": "LineString", "coordinates": [ [ 53.84995224040437, 58.213540561747124, 0.0 ], [ 53.849820306642378, 58.21340016708249, 0.0 ], [ 53.849678154374836, 58.213262633250324, 0.0 ], [ 53.849572238449056, 58.213245808889134, 0.0 ], [ 53.84943684372395, 58.213280304875198, 0.0 ], [ 53.84930026320783, 58.213313542369505, 0.0 ], [ 53.849120095349335, 58.213355077857933, 0.0 ], [ 53.848938235764344, 58.21339427675845, 0.0 ], [ 53.848752640319688, 58.213431765112091, 0.0 ], [ 53.848565523706121, 58.213466827278133, 0.0 ], [ 53.848392888365005, 58.21349696838697, 0.0 ], [ 53.848218900947728, 58.213524952887369, 0.0 ], [ 53.848167302658666, 58.213576516039005, 0.0 ], [ 53.848246652641215, 58.213719004597927, 0.0 ], [ 53.848313576395363, 58.213863273958083, 0.0 ], [ 53.8485541090892, 58.213829622352954, 0.0 ], [ 53.848791938435532, 58.21379147799427, 0.0 ], [ 53.848993179617878, 58.213755803754559, 0.0 ], [ 53.849192560840237, 58.2137173437591, 0.0 ], [ 53.849384973740378, 58.213677169364537, 0.0 ], [ 53.849575525863138, 58.213634388809808, 0.0 ], [ 53.849765068936087, 58.213588733761171, 0.0 ], [ 53.84995224040437, 58.213540561747124, 0.0 ] ] } },
{ "type": "Feature", "properties": { "fid": 382, "handle": 415, "block": -1, "etype": 18, "space": 0, "layer": "0", "olinetype": "ByLayer", "linetype": "", "color": "0,0,0,187", "ocolor": 256, "color24": -1, "transparency": 0, "lweight": -1, "linewidth": 0.0, "ltscale": 1.0, "visible": 0, "width": 0.0, "thickness": 0.0, "ext": "(3:0,0,1)" }, "geometry": { "type": "LineString", "coordinates": [ [ 53.848440296941227, 58.214307306316584, 0.0 ], [ 53.848456521918123, 58.214452053999878, 0.0 ], [ 53.848460666686229, 58.214597056665426, 0.0 ], [ 53.848537727363876, 58.214638896810314, 0.0 ], [ 53.848702401382432, 58.214641785791514, 0.0 ], [ 53.848866894597982, 58.214647188238644, 0.0 ], [ 53.849065404264991, 58.214654875296098, 0.0 ], [ 53.849263560037109, 58.214665793774103, 0.0 ], [ 53.849455411230117, 58.214679038829111, 0.0 ], [ 53.849646571401493, 58.21469479667347, 0.0 ], [ 53.849791464739972, 58.214708524528383, 0.0 ], [ 53.849936012238523, 58.214723598539877, 0.0 ], [ 53.850030901720991, 58.214693633264794, 0.0 ], [ 53.850104168434882, 58.21454656693021, 0.0 ], [ 53.850167402642938, 58.214398142032302, 0.0 ], [ 53.849750068767875, 58.214359493585462, 0.0 ], [ 53.849327931448364, 58.214330444758957, 0.0 ], [ 53.848906422609375, 58.214313785181432, 0.0 ], [ 53.848440296941227, 58.214307306316584, 0.0 ] ] } },
{ "type": "Feature", "properties": { "fid": 383, "handle": 416, "block": -1, "etype": 18, "space": 0, "layer": "0", "olinetype": "ByLayer", "linetype": "", "color": "0,0,0,187", "ocolor": 256, "color24": -1, "transparency": 0, "lweight": -1, "linewidth": 0.0, "ltscale": 1.0, "visible": 0, "width": 0.0, "thickness": 0.0, "ext": "(3:0,0,1)" }, "geometry": { "type": "LineString", "coordinates": [ [ 53.846846038115153, 58.214381715781734, 0.0 ], [ 53.846492172332603, 58.214420345335, 0.0 ], [ 53.846445737597243, 58.214575252953757, 0.0 ], [ 53.846344892306895, 58.214722822658054, 0.0 ], [ 53.846409336662234, 58.214770305141165, 0.0 ], [ 53.846687654308532, 58.214734817142471, 0.0 ], [ 53.846968327293595, 58.214705346750698, 0.0 ], [ 53.847188733677015, 58.214685140839805, 0.0 ], [ 53.847410484257836, 58.214668796778327, 0.0 ], [ 53.847641918929973, 58.214655516488826, 0.0 ], [ 53.847873848047676, 58.214645917427191, 0.0 ], [ 53.848069180346656, 58.214640673651004, 0.0 ], [ 53.848264841721125, 58.214638033642316, 0.0 ], [ 53.848341579911846, 58.21459601724532, 0.0 ], [ 53.848337265884055, 58.214450924592299, 0.0 ], [ 53.84832070190393, 58.214305996926434, 0.0 ], [ 53.847830177344392, 58.214316006672327, 0.0 ], [ 53.847331078163833, 58.214341805879229, 0.0 ], [ 53.846846038115153, 58.214381715781734, 0.0 ] ] } },
{ "type": "Feature", "properties": { "fid": 384, "handle": 417, "block": -1, "etype": 18, "space": 0, "layer": "0", "olinetype": "ByLayer", "linetype": "", "color": "0,0,0,187", "ocolor": 256, "color24": -1, "transparency": 0, "lweight": -1, "linewidth": 0.0, "ltscale": 1.0, "visible": 0, "width": 0.0, "thickness": 0.0, "ext": "(3:0,0,1)" }, "geometry": { "type": "LineString", "coordinates": [ [ 53.851471637004636, 58.214880719439549, 0.0 ], [ 53.851510195530516, 58.21493606998731, 0.0 ], [ 53.8514743662125, 58.215001030325354, 0.0 ], [ 53.851437005953727, 58.215065899086902, 0.0 ], [ 53.851302390142557, 58.215278794521943, 0.0 ], [ 53.851151622433939, 58.215488708151199, 0.0 ], [ 53.850984874598836, 58.21569519120942, 0.0 ], [ 53.850802488187945, 58.215897884906802, 0.0 ], [ 53.850604633884608, 58.216096609813093, 0.0 ], [ 53.850391653662825, 58.216290917349035, 0.0 ], [ 53.850163888767931, 58.216480538494935, 0.0 ], [ 53.849921850989887, 58.216665114647292, 0.0 ], [ 53.849665882010839, 58.216844287000974, 0.0 ], [ 53.84950159437377, 58.216948509469098, 0.0 ], [ 53.849303527324047, 58.217033927398539, 0.0 ], [ 53.849013913262517, 58.217121570970235, 0.0 ], [ 53.848697212043731, 58.217177039844017, 0.0 ], [ 53.8483358994024, 58.217200402756362, 0.0 ], [ 53.847972878887461, 58.217185425762871, 0.0 ], [ 53.847589143612204, 58.217120953180128, 0.0 ], [ 53.847243030462863, 58.217012441634978, 0.0 ], [ 53.847263353907088, 58.21695509538079, 0.0 ], [ 53.847592938087111, 58.216871184613716, 0.0 ], [ 53.84774798638685, 58.216819924854832, 0.0 ], [ 53.847903034239877, 58.216768664907093, 0.0 ], [ 53.848223118739895, 58.216637605708961, 0.0 ], [ 53.848460315803877, 58.216512911511707, 0.0 ], [ 53.848781148040509, 58.216325109669306, 0.0 ], [ 53.849058412703684, 58.216139410211106, 0.0 ], [ 53.849301640424109, 58.215955285994717, 0.0 ], [ 53.849524309343266, 58.215764044281819, 0.0 ], [ 53.849726076350542, 58.215566403029705, 0.0 ], [ 53.84990591785008, 58.215363079386485, 0.0 ], [ 53.85006349197139, 58.215154521951355, 0.0 ], [ 53.850198114723923, 58.214941627820998, 0.0 ], [ 53.850312032984199, 58.214716139772811, 0.0 ], [ 53.850355006708597, 58.214611504553083, 0.0 ], [ 53.850391858561231, 58.214506143878609, 0.0 ], [ 53.850483186471813, 58.214473301067599, 0.0 ], [ 53.850700410320208, 58.214521319593757, 0.0 ], [ 53.850879388152649, 58.214602063405501, 0.0 ], [ 53.85097934533816, 58.214661526101771, 0.0 ], [ 53.851213805448083, 58.214778516376747, 0.0 ], [ 53.851471637004636, 58.214880719439549, 0.0 ] ] } },
{ "type": "Feature", "properties": { "fid": 385, "handle": 418, "block": -1, "etype": 18, "space": 0, "layer": "0", "olinetype": "ByLayer", "linetype": "", "color": "0,0,0,187", "ocolor": 256, "color24": -1, "transparency": 0, "lweight": -1, "linewidth": 0.0, "ltscale": 1.0, "visible": 0, "width": 0.0, "thickness": 0.0, "ext": "(3:0,0,1)" }, "geometry": { "type": "LineString", "coordinates": [ [ 53.841646613037845, 58.212955283780445, 0.0 ], [ 53.841869999617792, 58.212989947500148, 0.0 ], [ 53.841977300068677, 58.213000495234297, 0.0 ], [ 53.842098884826846, 58.213012407297974, 0.0 ], [ 53.842365106336757, 58.213017046250584, 0.0 ], [ 53.842630553699379, 58.213004445565218, 0.0 ], [ 53.843008100926546, 58.212955800296676, 0.0 ], [ 53.843362495743591, 58.212871930960347, 0.0 ], [ 53.843587558760134, 58.212796610889832, 0.0 ], [ 53.843809399197887, 58.212718862363054, 0.0 ], [ 53.844039672115734, 58.212657643638686, 0.0 ], [ 53.844277053447144, 58.21260460333594, 0.0 ], [ 53.84454723532432, 58.21255887492449, 0.0 ], [ 53.844627712898536, 58.212517583559759, 0.0 ], [ 53.844686432508816, 58.212394474313072, 0.0 ], [ 53.844789470949479, 58.21221225271222, 0.0 ], [ 53.844911717061983, 58.212033376321259, 0.0 ], [ 53.845028883604179, 58.211887712947501, 0.0 ], [ 53.845153866681436, 58.211743854595909, 0.0 ], [ 53.845258272580772, 58.21163723064651, 0.0 ], [ 53.845369304119558, 58.211532500067129, 0.0 ], [ 53.845321731031696, 58.211479830147532, 0.0 ], [ 53.844865321653707, 58.211477479961623, 0.0 ], [ 53.844817520265295, 58.211477242223687, 0.0 ], [ 53.844320918764211, 58.211523951881823, 0.0 ], [ 53.843966243587616, 58.211597767964022, 0.0 ], [ 53.843627137700437, 58.211689738108326, 0.0 ], [ 53.843370232885817, 58.211773458643869, 0.0 ], [ 53.843123498145367, 58.211865271550202, 0.0 ], [ 53.842869033384815, 58.211973684109815, 0.0 ], [ 53.842628988457257, 58.212090822808008, 0.0 ], [ 53.84239432675232, 58.21222125543364, 0.0 ], [ 53.842178847233136, 58.212360599782883, 0.0 ], [ 53.842107510482968, 58.2124115973754, 0.0 ], [ 53.841962902325797, 58.21252768580397, 0.0 ], [ 53.841830354152783, 58.212647739433471, 0.0 ], [ 53.841709177955281, 58.212773463303463, 0.0 ], [ 53.841600406137168, 58.212902255052931, 0.0 ], [ 53.841646613037845, 58.212955283780445, 0.0 ] ] } },
{ "type": "Feature", "properties": { "fid": 386, "handle": 419, "block": -1, "etype": 18, "space": 0, "layer": "0", "olinetype": "ByLayer", "linetype": "", "color": "0,0,0,187", "ocolor": 256, "color24": -1, "transparency": 0, "lweight": -1, "linewidth": 0.0, "ltscale": 1.0, "visible": 0, "width": 0.0, "thickness": 0.0, "ext": "(3:0,0,1)" }, "geometry": { "type": "LineString", "coordinates": [ [ 53.846272880431535, 58.214930042216693, 0.0 ], [ 53.84594190305075, 58.214985576834898, 0.0 ], [ 53.845791807613779, 58.215033698036969, 0.0 ], [ 53.845552174441337, 58.215092753803226, 0.0 ], [ 53.845300701247687, 58.21513572379839, 0.0 ], [ 53.845240770867136, 58.215184761757165, 0.0 ], [ 53.845303976281812, 58.21532121713129, 0.0 ], [ 53.845377396839275, 58.215456158567456, 0.0 ], [ 53.845468980499454, 58.215600728633348, 0.0 ], [ 53.845554895133255, 58.215718895892998, 0.0 ], [ 53.845572484109269, 58.215743068520716, 0.0 ], [ 53.845649482946996, 58.215838061192663, 0.0 ], [ 53.845730909627655, 58.215932161355276, 0.0 ], [ 53.845829986528635, 58.215958138371214, 0.0 ], [ 53.846095362713747, 58.215927484234243, 0.0 ], [ 53.846127194447874, 58.215923751815446, 0.0 ], [ 53.846418328951522, 58.215877326482662, 0.0 ], [ 53.846693002599736, 58.215820914907738, 0.0 ], [ 53.84695870427371, 58.215753807931122, 0.0 ], [ 53.846994503133182, 58.215698006574947, 0.0 ], [ 53.846935695526007, 58.215644785123338, 0.0 ], [ 53.846881998315247, 58.215590133271462, 0.0 ], [ 53.846806540552848, 58.2156105128958, 0.0 ], [ 53.846694603192596, 58.215489621735621, 0.0 ], [ 53.846819969170106, 58.215455565521346, 0.0 ], [ 53.846923689648882, 58.215430371603389, 0.0 ], [ 53.846955357926774, 58.215464436949979, 0.0 ], [ 53.847043417022178, 58.215559801186792, 0.0 ], [ 53.847141185851399, 58.215652483546435, 0.0 ], [ 53.847248307614237, 58.215667246374466, 0.0 ], [ 53.847526420234416, 58.21556208557314, 0.0 ], [ 53.84776957685478, 58.215435155220987, 0.0 ], [ 53.847962246882595, 58.215297749513255, 0.0 ], [ 53.848113631307015, 58.215146737273287, 0.0 ], [ 53.848221339046866, 58.214984360347096, 0.0 ], [ 53.848281437646776, 58.214815282822059, 0.0 ], [ 53.848201655188355, 58.214773349501307, 0.0 ], [ 53.847978594399549, 58.21477775238413, 0.0 ], [ 53.847755690982645, 58.214785117867393, 0.0 ], [ 53.847501286363205, 58.214798730018565, 0.0 ], [ 53.847247545463084, 58.214816203079181, 0.0 ], [ 53.846997009326678, 58.214840053995218, 0.0 ], [ 53.846747145240144, 58.214865790647302, 0.0 ], [ 53.846509169769476, 58.214896209781386, 0.0 ], [ 53.846272880431535, 58.214930042216693, 0.0 ] ] } }
]
}
