{
"type": "FeatureCollection",
"name": "plan_new_gws2",
"crs": { "type": "name", "properties": { "name": "urn:ogc:def:crs:OGC:1.3:CRS84" } },
"features": [
{ "type": "Feature", "properties": { "fid": 1, "handle": 34, "block": -1, "etype": 18, "space": 0, "layer": "0", "olinetype": "ByLayer", "linetype": "", "color": "0,0,0,187", "ocolor": 256, "color24": -1, "transparency": 0, "lweight": -1, "linewidth": 0.0, "ltscale": 1.0, "visible": 0, "width": 0.0, "thickness": 0.0, "ext": "(3:0,0,1)" }, "geometry": { "type": "LineString", "coordinates": [ [ 56.401370250689617, 58.2126233617835, 0.0 ], [ 56.401245150128609, 58.212678701108224, 0.0 ], [ 56.401126668072287, 58.212737818879575, 0.0 ], [ 56.401016963257874, 58.212732214032364, 0.0 ], [ 56.400875406499608, 58.212614434216576, 0.0 ], [ 56.400728398930184, 58.212498533279607, 0.0 ], [ 56.401120558617464, 58.212369077382156, 0.0 ], [ 56.401370250689617, 58.2126233617835, 0.0 ] ] } },
{ "type": "Feature", "properties": { "fid": 2, "handle": 35, "block": -1, "etype": 18, "space": 0, "layer": "0", "olinetype": "ByLayer", "linetype": "", "color": "0,0,0,187", "ocolor": 256, "color24": -1, "transparency": 0, "lweight": -1, "linewidth": 0.0, "ltscale": 1.0, "visible": 0, "width": 0.0, "thickness": 0.0, "ext": "(3:0,0,1)" }, "geometry": { "type": "LineString", "coordinates": [ [ 56.401630430867861, 58.212485580238386, 0.0 ], [ 56.401592096730923, 58.212539943466645, 0.0 ], [ 56.401479138410181, 58.212580213791533, 0.0 ], [ 56.401370250689617, 58.2126233617835, 0.0 ], [ 56.401120558617464, 58.212369077382156, 0.0 ], [ 56.401517426203981, 58.21225219523307, 0.0 ], [ 56.401569843246797, 58.212369421684805, 0.0 ], [ 56.401630430867861, 58.212485580238386, 0.0 ] ] } },
{ "type": "Feature", "properties": { "fid": 3, "handle": 36, "block": -1, "etype": 18, "space": 0, "layer": "0", "olinetype": "ByLayer", "linetype": "", "color": "0,0,0,187", "ocolor": 256, "color24": -1, "transparency": 0, "lweight": -1, "linewidth": 0.0, "ltscale": 1.0, "visible": 0, "width": 0.0, "thickness": 0.0, "ext": "(3:0,0,1)" }, "geometry": { "type": "LineString", "coordinates": [ [ 56.401120558617464, 58.212369077382156, 0.0 ], [ 56.400728398930184, 58.212498533279607, 0.0 ], [ 56.400612064108614, 58.212411128985863, 0.0 ], [ 56.40049283330589, 58.212324798571629, 0.0 ], [ 56.400932801738278, 58.212153291578019, 0.0 ], [ 56.401120558617464, 58.212369077382156, 0.0 ] ] } },
{ "type": "Feature", "properties": { "fid": 4, "handle": 37, "block": -1, "etype": 18, "space": 0, "layer": "0", "olinetype": "ByLayer", "linetype": "", "color": "0,0,0,187", "ocolor": 256, "color24": -1, "transparency": 0, "lweight": -1, "linewidth": 0.0, "ltscale": 1.0, "visible": 0, "width": 0.0, "thickness": 0.0, "ext": "(3:0,0,1)" }, "geometry": { "type": "LineString", "coordinates": [ [ 56.401517426203981, 58.21225219523307, 0.0 ], [ 56.401120558617464, 58.212369077382156, 0.0 ], [ 56.400932801738278, 58.212153291578019, 0.0 ], [ 56.401385846431701, 58.212026868840482, 0.0 ], [ 56.40149285439648, 58.212188690789667, 0.0 ], [ 56.401504799865286, 58.212220487506485, 0.0 ], [ 56.401517426203981, 58.21225219523307, 0.0 ] ] } },
{ "type": "Feature", "properties": { "fid": 5, "handle": 38, "block": -1, "etype": 18, "space": 0, "layer": "0", "olinetype": "ByLayer", "linetype": "", "color": "0,0,0,187", "ocolor": 256, "color24": -1, "transparency": 0, "lweight": -1, "linewidth": 0.0, "ltscale": 1.0, "visible": 0, "width": 0.0, "thickness": 0.0, "ext": "(3:0,0,1)" }, "geometry": { "type": "LineString", "coordinates": [ [ 56.40049283330589, 58.212324798571629, 0.0 ], [ 56.400380204024664, 58.21224646638376, 0.0 ], [ 56.400264849188922, 58.212169118495439, 0.0 ], [ 56.400768127553697, 58.211950730454198, 0.0 ], [ 56.400932801738278, 58.212153291578019, 0.0 ], [ 56.40049283330589, 58.212324798571629, 0.0 ] ] } },
{ "type": "Feature", "properties": { "fid": 6, "handle": 39, "block": -1, "etype": 18, "space": 0, "layer": "0", "olinetype": "ByLayer", "linetype": "", "color": "0,0,0,187", "ocolor": 256, "color24": -1, "transparency": 0, "lweight": -1, "linewidth": 0.0, "ltscale": 1.0, "visible": 0, "width": 0.0, "thickness": 0.0, "ext": "(3:0,0,1)" }, "geometry": { "type": "LineString", "coordinates": [ [ 56.401385846431701, 58.212026868840482, 0.0 ], [ 56.400932801738278, 58.212153291578019, 0.0 ], [ 56.400768127553697, 58.211950730454198, 0.0 ], [ 56.401378873370447, 58.211782564072038, 0.0 ], [ 56.401435067775715, 58.21201318957236, 0.0 ], [ 56.401385846431701, 58.212026868840482, 0.0 ] ] } },
{ "type": "Feature", "properties": { "fid": 7, "handle": 40, "block": -1, "etype": 18, "space": 0, "layer": "0", "olinetype": "ByLayer", "linetype": "", "color": "0,0,0,187", "ocolor": 256, "color24": -1, "transparency": 0, "lweight": -1, "linewidth": 0.0, "ltscale": 1.0, "visible": 0, "width": 0.0, "thickness": 0.0, "ext": "(3:0,0,1)" }, "geometry": { "type": "LineString", "coordinates": [ [ 56.400264849188922, 58.212169118495439, 0.0 ], [ 56.400152198549662, 58.212096083212785, 0.0 ], [ 56.400037162940833, 58.212023942843679, 0.0 ], [ 56.400355535850331, 58.211883359296202, 0.0 ], [ 56.40061595921631, 58.211768294918002, 0.0 ], [ 56.400768127553697, 58.211950730454198, 0.0 ], [ 56.400264849188922, 58.212169118495439, 0.0 ] ] } },
{ "type": "Feature", "properties": { "fid": 8, "handle": 41, "block": -1, "etype": 18, "space": 0, "layer": "0", "olinetype": "ByLayer", "linetype": "", "color": "0,0,0,187", "ocolor": 256, "color24": -1, "transparency": 0, "lweight": -1, "linewidth": 0.0, "ltscale": 1.0, "visible": 0, "width": 0.0, "thickness": 0.0, "ext": "(3:0,0,1)" }, "geometry": { "type": "LineString", "coordinates": [ [ 56.401378873370447, 58.211782564072038, 0.0 ], [ 56.400768127553697, 58.211950730454198, 0.0 ], [ 56.40061595921631, 58.211768294918002, 0.0 ], [ 56.4013362943736, 58.211591278904351, 0.0 ], [ 56.40133923880299, 58.211619384084173, 0.0 ], [ 56.401378873370447, 58.211782564072038, 0.0 ] ] } },
{ "type": "Feature", "properties": { "fid": 9, "handle": 42, "block": -1, "etype": 18, "space": 0, "layer": "0", "olinetype": "ByLayer", "linetype": "", "color": "0,0,0,187", "ocolor": 256, "color24": -1, "transparency": 0, "lweight": -1, "linewidth": 0.0, "ltscale": 1.0, "visible": 0, "width": 0.0, "thickness": 0.0, "ext": "(3:0,0,1)" }, "geometry": { "type": "LineString", "coordinates": [ [ 56.4013362943736, 58.211591278904351, 0.0 ], [ 56.40061595921631, 58.211768294918002, 0.0 ], [ 56.400468056657388, 58.211583170739331, 0.0 ], [ 56.40131403836682, 58.211381163212472, 0.0 ], [ 56.4013362943736, 58.211591278904351, 0.0 ] ] } },
{ "type": "Feature", "properties": { "fid": 10, "handle": 43, "block": -1, "etype": 18, "space": 0, "layer": "0", "olinetype": "ByLayer", "linetype": "", "color": "0,0,0,187", "ocolor": 256, "color24": -1, "transparency": 0, "lweight": -1, "linewidth": 0.0, "ltscale": 1.0, "visible": 0, "width": 0.0, "thickness": 0.0, "ext": "(3:0,0,1)" }, "geometry": { "type": "LineString", "coordinates": [ [ 56.40131403836682, 58.211381163212472, 0.0 ], [ 56.400468056657388, 58.211583170739331, 0.0 ], [ 56.400316246794318, 58.211397143976008, 0.0 ], [ 56.400585869230511, 58.211318631703783, 0.0 ], [ 56.400874620548834, 58.21126222759694, 0.0 ], [ 56.40108396789558, 58.211236794665055, 0.0 ], [ 56.401297348788695, 58.21122303774753, 0.0 ], [ 56.40131403836682, 58.211381163212472, 0.0 ] ] } },
{ "type": "Feature", "properties": { "fid": 11, "handle": 44, "block": -1, "etype": 18, "space": 0, "layer": "0", "olinetype": "ByLayer", "linetype": "", "color": "0,0,0,187", "ocolor": 256, "color24": -1, "transparency": 0, "lweight": -1, "linewidth": 0.0, "ltscale": 1.0, "visible": 0, "width": 0.0, "thickness": 0.0, "ext": "(3:0,0,1)" }, "geometry": { "type": "LineString", "coordinates": [ [ 56.40061595921631, 58.211768294918002, 0.0 ], [ 56.400355535850331, 58.211883359296202, 0.0 ], [ 56.399920314941532, 58.211575703699246, 0.0 ], [ 56.400107507129746, 58.211479767461306, 0.0 ], [ 56.400316246794318, 58.211397143976008, 0.0 ], [ 56.400468056657388, 58.211583170739331, 0.0 ], [ 56.40061595921631, 58.211768294918002, 0.0 ] ] } },
{ "type": "Feature", "properties": { "fid": 12, "handle": 45, "block": -1, "etype": 18, "space": 0, "layer": "0", "olinetype": "ByLayer", "linetype": "", "color": "0,0,0,187", "ocolor": 256, "color24": -1, "transparency": 0, "lweight": -1, "linewidth": 0.0, "ltscale": 1.0, "visible": 0, "width": 0.0, "thickness": 0.0, "ext": "(3:0,0,1)" }, "geometry": { "type": "LineString", "coordinates": [ [ 56.400355535850331, 58.211883359296202, 0.0 ], [ 56.400037162940833, 58.212023942843679, 0.0 ], [ 56.399861197819931, 58.211918152188098, 0.0 ], [ 56.399680120379088, 58.211814689590376, 0.0 ], [ 56.399667601494421, 58.211758022426586, 0.0 ], [ 56.399725138379608, 58.211708979537818, 0.0 ], [ 56.399817802041134, 58.211640315761414, 0.0 ], [ 56.399920314941532, 58.211575703699246, 0.0 ], [ 56.400355535850331, 58.211883359296202, 0.0 ] ] } },
{ "type": "Feature", "properties": { "fid": 13, "handle": 46, "block": -1, "etype": 18, "space": 0, "layer": "0", "olinetype": "ByLayer", "linetype": "", "color": "0,0,0,187", "ocolor": 256, "color24": -1, "transparency": 0, "lweight": -1, "linewidth": 0.0, "ltscale": 1.0, "visible": 0, "width": 0.0, "thickness": 0.0, "ext": "(3:0,0,1)" }, "geometry": { "type": "LineString", "coordinates": [ [ 56.400805470717593, 58.211160603314504, 0.0 ], [ 56.400594025980851, 58.211199410841843, 0.0 ], [ 56.400390870195693, 58.2112491811437, 0.0 ], [ 56.400294679071571, 58.211226981869231, 0.0 ], [ 56.400234950512399, 58.211150686847461, 0.0 ], [ 56.400169602431042, 58.211075821703716, 0.0 ], [ 56.400663454691525, 58.210951424669858, 0.0 ], [ 56.400805470717593, 58.211160603314504, 0.0 ] ] } },
{ "type": "Feature", "properties": { "fid": 14, "handle": 47, "block": -1, "etype": 18, "space": 0, "layer": "0", "olinetype": "ByLayer", "linetype": "", "color": "0,0,0,187", "ocolor": 256, "color24": -1, "transparency": 0, "lweight": -1, "linewidth": 0.0, "ltscale": 1.0, "visible": 0, "width": 0.0, "thickness": 0.0, "ext": "(3:0,0,1)" }, "geometry": { "type": "LineString", "coordinates": [ [ 56.400663454691525, 58.210951424669858, 0.0 ], [ 56.400169602431042, 58.211075821703716, 0.0 ], [ 56.40008914911941, 58.210992768607319, 0.0 ], [ 56.400001883365995, 58.21091168264681, 0.0 ], [ 56.400540205524997, 58.210770100266423, 0.0 ], [ 56.400663454691525, 58.210951424669858, 0.0 ] ] } },
{ "type": "Feature", "properties": { "fid": 15, "handle": 48, "block": -1, "etype": 18, "space": 0, "layer": "0", "olinetype": "ByLayer", "linetype": "", "color": "0,0,0,187", "ocolor": 256, "color24": -1, "transparency": 0, "lweight": -1, "linewidth": 0.0, "ltscale": 1.0, "visible": 0, "width": 0.0, "thickness": 0.0, "ext": "(3:0,0,1)" }, "geometry": { "type": "LineString", "coordinates": [ [ 56.400540205524997, 58.210770100266423, 0.0 ], [ 56.400001883365995, 58.21091168264681, 0.0 ], [ 56.399909161541395, 58.210833642788515, 0.0 ], [ 56.399810136519413, 58.210757839985099, 0.0 ], [ 56.400410533508683, 58.210579251314776, 0.0 ], [ 56.400540205524997, 58.210770100266423, 0.0 ] ] } },
{ "type": "Feature", "properties": { "fid": 16, "handle": 49, "block": -1, "etype": 18, "space": 0, "layer": "0", "olinetype": "ByLayer", "linetype": "", "color": "0,0,0,187", "ocolor": 256, "color24": -1, "transparency": 0, "lweight": -1, "linewidth": 0.0, "ltscale": 1.0, "visible": 0, "width": 0.0, "thickness": 0.0, "ext": "(3:0,0,1)" }, "geometry": { "type": "LineString", "coordinates": [ [ 56.400410533508683, 58.210579251314776, 0.0 ], [ 56.399810136519413, 58.210757839985099, 0.0 ], [ 56.399569592466129, 58.210598552544802, 0.0 ], [ 56.399605543546564, 58.210584948102714, 0.0 ], [ 56.400267677630794, 58.210368634710754, 0.0 ], [ 56.400410533508683, 58.210579251314776, 0.0 ] ] } },
{ "type": "Feature", "properties": { "fid": 17, "handle": 50, "block": -1, "etype": 18, "space": 0, "layer": "0", "olinetype": "ByLayer", "linetype": "", "color": "0,0,0,187", "ocolor": 256, "color24": -1, "transparency": 0, "lweight": -1, "linewidth": 0.0, "ltscale": 1.0, "visible": 0, "width": 0.0, "thickness": 0.0, "ext": "(3:0,0,1)" }, "geometry": { "type": "LineString", "coordinates": [ [ 56.399605543546564, 58.210584948102714, 0.0 ], [ 56.399456819991975, 58.210475507932571, 0.0 ], [ 56.399275368386633, 58.210341967333271, 0.0 ], [ 56.400141727431397, 58.210183356324642, 0.0 ], [ 56.400267677630794, 58.210368634710754, 0.0 ], [ 56.399605543546564, 58.210584948102714, 0.0 ] ] } },
{ "type": "Feature", "properties": { "fid": 18, "handle": 51, "block": -1, "etype": 18, "space": 0, "layer": "0", "olinetype": "ByLayer", "linetype": "", "color": "0,0,0,187", "ocolor": 256, "color24": -1, "transparency": 0, "lweight": -1, "linewidth": 0.0, "ltscale": 1.0, "visible": 0, "width": 0.0, "thickness": 0.0, "ext": "(3:0,0,1)" }, "geometry": { "type": "LineString", "coordinates": [ [ 56.399415077236156, 58.210490990913371, 0.0 ], [ 56.399249462157428, 58.210554001686809, 0.0 ], [ 56.398885036485936, 58.210685190599868, 0.0 ], [ 56.398575500021174, 58.210470064890671, 0.0 ], [ 56.399225146930235, 58.210351155490876, 0.0 ], [ 56.399415077236156, 58.210490990913371, 0.0 ] ] } },
{ "type": "Feature", "properties": { "fid": 19, "handle": 52, "block": -1, "etype": 18, "space": 0, "layer": "0", "olinetype": "ByLayer", "linetype": "", "color": "0,0,0,187", "ocolor": 256, "color24": -1, "transparency": 0, "lweight": -1, "linewidth": 0.0, "ltscale": 1.0, "visible": 0, "width": 0.0, "thickness": 0.0, "ext": "(3:0,0,1)" }, "geometry": { "type": "LineString", "coordinates": [ [ 56.399562723711696, 58.21073420497224, 0.0 ], [ 56.399133821223693, 58.210906259063712, 0.0 ], [ 56.398885036485936, 58.210685190599868, 0.0 ], [ 56.399249462157428, 58.210554001686809, 0.0 ], [ 56.399398015290807, 58.210663441895932, 0.0 ], [ 56.399430558580271, 58.210651180206867, 0.0 ], [ 56.399497748881892, 58.210692200113776, 0.0 ], [ 56.399562723711696, 58.21073420497224, 0.0 ] ] } },
{ "type": "Feature", "properties": { "fid": 20, "handle": 53, "block": -1, "etype": 18, "space": 0, "layer": "0", "olinetype": "ByLayer", "linetype": "", "color": "0,0,0,187", "ocolor": 256, "color24": -1, "transparency": 0, "lweight": -1, "linewidth": 0.0, "ltscale": 1.0, "visible": 0, "width": 0.0, "thickness": 0.0, "ext": "(3:0,0,1)" }, "geometry": { "type": "LineString", "coordinates": [ [ 56.399823020619102, 58.210929248906901, 0.0 ], [ 56.399335834252156, 58.211085702726685, 0.0 ], [ 56.399286347668671, 58.211041740862861, 0.0 ], [ 56.399133821223693, 58.210906259063712, 0.0 ], [ 56.399562723711696, 58.21073420497224, 0.0 ], [ 56.399698238870151, 58.210829713240052, 0.0 ], [ 56.399823020619102, 58.210929248906901, 0.0 ] ] } },
{ "type": "Feature", "properties": { "fid": 21, "handle": 54, "block": -1, "etype": 18, "space": 0, "layer": "0", "olinetype": "ByLayer", "linetype": "", "color": "0,0,0,187", "ocolor": 256, "color24": -1, "transparency": 0, "lweight": -1, "linewidth": 0.0, "ltscale": 1.0, "visible": 0, "width": 0.0, "thickness": 0.0, "ext": "(3:0,0,1)" }, "geometry": { "type": "LineString", "coordinates": [ [ 56.399542764352169, 58.211269461399858, 0.0 ], [ 56.399335834252156, 58.211085702726685, 0.0 ], [ 56.399823020619102, 58.210929248906901, 0.0 ], [ 56.39992554717363, 58.211021934826043, 0.0 ], [ 56.40001870630141, 58.211117392881917, 0.0 ], [ 56.399542764352169, 58.211269461399858, 0.0 ] ] } },
{ "type": "Feature", "properties": { "fid": 22, "handle": 55, "block": -1, "etype": 18, "space": 0, "layer": "0", "olinetype": "ByLayer", "linetype": "", "color": "0,0,0,187", "ocolor": 256, "color24": -1, "transparency": 0, "lweight": -1, "linewidth": 0.0, "ltscale": 1.0, "visible": 0, "width": 0.0, "thickness": 0.0, "ext": "(3:0,0,1)" }, "geometry": { "type": "LineString", "coordinates": [ [ 56.400152740881381, 58.211282210579206, 0.0 ], [ 56.400120867083551, 58.211337299225526, 0.0 ], [ 56.399949085746265, 58.21140964097247, 0.0 ], [ 56.399791557638849, 58.211490438784331, 0.0 ], [ 56.399542764352169, 58.211269461399858, 0.0 ], [ 56.40001870630141, 58.211117392881917, 0.0 ], [ 56.400089129112253, 58.211198997715726, 0.0 ], [ 56.400152740881381, 58.211282210579206, 0.0 ] ] } },
{ "type": "Feature", "properties": { "fid": 23, "handle": 56, "block": -1, "etype": 18, "space": 0, "layer": "0", "olinetype": "ByLayer", "linetype": "", "color": "0,0,0,187", "ocolor": 256, "color24": -1, "transparency": 0, "lweight": -1, "linewidth": 0.0, "ltscale": 1.0, "visible": 0, "width": 0.0, "thickness": 0.0, "ext": "(3:0,0,1)" }, "geometry": { "type": "LineString", "coordinates": [ [ 56.399791557638849, 58.211490438784331, 0.0 ], [ 56.399654082242392, 58.211576018493162, 0.0 ], [ 56.399532399911664, 58.211667991211172, 0.0 ], [ 56.399422810138169, 58.211676211545708, 0.0 ], [ 56.399250853955536, 58.211588650509789, 0.0 ], [ 56.399075317053516, 58.211503239768376, 0.0 ], [ 56.399542764352169, 58.211269461399858, 0.0 ], [ 56.399791557638849, 58.211490438784331, 0.0 ] ] } },
{ "type": "Feature", "properties": { "fid": 24, "handle": 57, "block": -1, "etype": 18, "space": 0, "layer": "0", "olinetype": "ByLayer", "linetype": "", "color": "0,0,0,187", "ocolor": 256, "color24": -1, "transparency": 0, "lweight": -1, "linewidth": 0.0, "ltscale": 1.0, "visible": 0, "width": 0.0, "thickness": 0.0, "ext": "(3:0,0,1)" }, "geometry": { "type": "LineString", "coordinates": [ [ 56.399075317053516, 58.211503239768376, 0.0 ], [ 56.398721822496199, 58.211342200916206, 0.0 ], [ 56.399053957725855, 58.211165365021145, 0.0 ], [ 56.399286347668671, 58.211041740862861, 0.0 ], [ 56.399335834252156, 58.211085702726685, 0.0 ], [ 56.399542764352169, 58.211269461399858, 0.0 ], [ 56.399075317053516, 58.211503239768376, 0.0 ] ] } },
{ "type": "Feature", "properties": { "fid": 25, "handle": 58, "block": -1, "etype": 18, "space": 0, "layer": "0", "olinetype": "ByLayer", "linetype": "", "color": "0,0,0,187", "ocolor": 256, "color24": -1, "transparency": 0, "lweight": -1, "linewidth": 0.0, "ltscale": 1.0, "visible": 0, "width": 0.0, "thickness": 0.0, "ext": "(3:0,0,1)" }, "geometry": { "type": "LineString", "coordinates": [ [ 56.399286347668671, 58.211041740862861, 0.0 ], [ 56.399053957725855, 58.211165365021145, 0.0 ], [ 56.39851177587564, 58.21089295198086, 0.0 ], [ 56.398422312063872, 58.210849480963851, 0.0 ], [ 56.398885036485936, 58.210685190599868, 0.0 ], [ 56.399133821223693, 58.210906259063712, 0.0 ], [ 56.399286347668671, 58.211041740862861, 0.0 ] ] } },
{ "type": "Feature", "properties": { "fid": 26, "handle": 59, "block": -1, "etype": 18, "space": 0, "layer": "0", "olinetype": "ByLayer", "linetype": "", "color": "0,0,0,187", "ocolor": 256, "color24": -1, "transparency": 0, "lweight": -1, "linewidth": 0.0, "ltscale": 1.0, "visible": 0, "width": 0.0, "thickness": 0.0, "ext": "(3:0,0,1)" }, "geometry": { "type": "LineString", "coordinates": [ [ 56.398885036485936, 58.210685190599868, 0.0 ], [ 56.398422312063872, 58.210849480963851, 0.0 ], [ 56.398324020702916, 58.210801779630103, 0.0 ], [ 56.397985945366919, 58.210577909688695, 0.0 ], [ 56.398575500021174, 58.210470064890671, 0.0 ], [ 56.398885036485936, 58.210685190599868, 0.0 ] ] } },
{ "type": "Feature", "properties": { "fid": 27, "handle": 60, "block": -1, "etype": 18, "space": 0, "layer": "0", "olinetype": "ByLayer", "linetype": "", "color": "0,0,0,187", "ocolor": 256, "color24": -1, "transparency": 0, "lweight": -1, "linewidth": 0.0, "ltscale": 1.0, "visible": 0, "width": 0.0, "thickness": 0.0, "ext": "(3:0,0,1)" }, "geometry": { "type": "LineString", "coordinates": [ [ 56.398324020702916, 58.210801779630103, 0.0 ], [ 56.398151103617742, 58.210900782854644, 0.0 ], [ 56.398181660412604, 58.210915633267618, 0.0 ], [ 56.39810467921631, 58.210976503520975, 0.0 ], [ 56.39804264844404, 58.211041880645212, 0.0 ], [ 56.397941504375403, 58.211064474886633, 0.0 ], [ 56.397819461263609, 58.211041524654505, 0.0 ], [ 56.397694677644438, 58.211022970347386, 0.0 ], [ 56.397715085899719, 58.210627505213672, 0.0 ], [ 56.397985945366919, 58.210577909688695, 0.0 ], [ 56.398324020702916, 58.210801779630103, 0.0 ] ] } },
{ "type": "Feature", "properties": { "fid": 28, "handle": 61, "block": -1, "etype": 18, "space": 0, "layer": "0", "olinetype": "ByLayer", "linetype": "", "color": "0,0,0,187", "ocolor": 256, "color24": -1, "transparency": 0, "lweight": -1, "linewidth": 0.0, "ltscale": 1.0, "visible": 0, "width": 0.0, "thickness": 0.0, "ext": "(3:0,0,1)" }, "geometry": { "type": "LineString", "coordinates": [ [ 56.397694677644438, 58.211022970347386, 0.0 ], [ 56.397395049970449, 58.210996934418745, 0.0 ], [ 56.397091572417324, 58.210995942334712, 0.0 ], [ 56.397014695591722, 58.210755683379219, 0.0 ], [ 56.397715085899719, 58.210627505213672, 0.0 ], [ 56.397694677644438, 58.211022970347386, 0.0 ] ] } },
{ "type": "Feature", "properties": { "fid": 29, "handle": 62, "block": -1, "etype": 18, "space": 0, "layer": "0", "olinetype": "ByLayer", "linetype": "", "color": "0,0,0,187", "ocolor": 256, "color24": -1, "transparency": 0, "lweight": -1, "linewidth": 0.0, "ltscale": 1.0, "visible": 0, "width": 0.0, "thickness": 0.0, "ext": "(3:0,0,1)" }, "geometry": { "type": "LineString", "coordinates": [ [ 56.399053957725855, 58.211165365021145, 0.0 ], [ 56.398721822496199, 58.211342200916206, 0.0 ], [ 56.398478487107276, 58.211239291186303, 0.0 ], [ 56.398229523284513, 58.211140145131836, 0.0 ], [ 56.398192844038228, 58.211085065127428, 0.0 ], [ 56.398243607292962, 58.211029011842378, 0.0 ], [ 56.398307452916086, 58.210976744945008, 0.0 ], [ 56.398338858485552, 58.210992045239735, 0.0 ], [ 56.39851177587564, 58.21089295198086, 0.0 ], [ 56.399053957725855, 58.211165365021145, 0.0 ] ] } },
{ "type": "Feature", "properties": { "fid": 30, "handle": 63, "block": -1, "etype": 18, "space": 0, "layer": "0", "olinetype": "ByLayer", "linetype": "", "color": "0,0,0,187", "ocolor": 256, "color24": -1, "transparency": 0, "lweight": -1, "linewidth": 0.0, "ltscale": 1.0, "visible": 0, "width": 0.0, "thickness": 0.0, "ext": "(3:0,0,1)" }, "geometry": { "type": "LineString", "coordinates": [ [ 56.396609240119055, 58.211285897345185, 0.0 ], [ 56.396240180522433, 58.211501109038039, 0.0 ], [ 56.395978926121977, 58.211451952320466, 0.0 ], [ 56.395959614925076, 58.211393840068816, 0.0 ], [ 56.396198777320969, 58.211280464848656, 0.0 ], [ 56.39647389115698, 58.211192810114717, 0.0 ], [ 56.396609240119055, 58.211285897345185, 0.0 ] ] } },
{ "type": "Feature", "properties": { "fid": 31, "handle": 64, "block": -1, "etype": 18, "space": 0, "layer": "0", "olinetype": "ByLayer", "linetype": "", "color": "0,0,0,187", "ocolor": 256, "color24": -1, "transparency": 0, "lweight": -1, "linewidth": 0.0, "ltscale": 1.0, "visible": 0, "width": 0.0, "thickness": 0.0, "ext": "(3:0,0,1)" }, "geometry": { "type": "LineString", "coordinates": [ [ 56.397135187244359, 58.211415366127923, 0.0 ], [ 56.396858060824762, 58.211456871944982, 0.0 ], [ 56.396609240119055, 58.211285897345185, 0.0 ], [ 56.39647389115698, 58.211192810114717, 0.0 ], [ 56.396765887850606, 58.21113462356071, 0.0 ], [ 56.397072731331171, 58.21110482524562, 0.0 ], [ 56.397135187244359, 58.211415366127923, 0.0 ] ] } },
{ "type": "Feature", "properties": { "fid": 32, "handle": 65, "block": -1, "etype": 18, "space": 0, "layer": "0", "olinetype": "ByLayer", "linetype": "", "color": "0,0,0,187", "ocolor": 256, "color24": -1, "transparency": 0, "lweight": -1, "linewidth": 0.0, "ltscale": 1.0, "visible": 0, "width": 0.0, "thickness": 0.0, "ext": "(3:0,0,1)" }, "geometry": { "type": "LineString", "coordinates": [ [ 56.397762603261747, 58.211487403713654, 0.0 ], [ 56.397485908473918, 58.211428445409958, 0.0 ], [ 56.397572634578651, 58.211118980965473, 0.0 ], [ 56.39783495673781, 58.211157092520367, 0.0 ], [ 56.398080849116859, 58.211218437484192, 0.0 ], [ 56.397762603261747, 58.211487403713654, 0.0 ] ] } },
{ "type": "Feature", "properties": { "fid": 33, "handle": 66, "block": -1, "etype": 18, "space": 0, "layer": "0", "olinetype": "ByLayer", "linetype": "", "color": "0,0,0,187", "ocolor": 256, "color24": -1, "transparency": 0, "lweight": -1, "linewidth": 0.0, "ltscale": 1.0, "visible": 0, "width": 0.0, "thickness": 0.0, "ext": "(3:0,0,1)" }, "geometry": { "type": "LineString", "coordinates": [ [ 56.398067126700916, 58.211602777643371, 0.0 ], [ 56.397914949599553, 58.211545135761625, 0.0 ], [ 56.397762603261747, 58.211487403713654, 0.0 ], [ 56.398080849116859, 58.211218437484192, 0.0 ], [ 56.398260197998816, 58.21128670578404, 0.0 ], [ 56.398434940314225, 58.211358290286576, 0.0 ], [ 56.398067126700916, 58.211602777643371, 0.0 ] ] } },
{ "type": "Feature", "properties": { "fid": 34, "handle": 67, "block": -1, "etype": 18, "space": 0, "layer": "0", "olinetype": "ByLayer", "linetype": "", "color": "0,0,0,187", "ocolor": 256, "color24": -1, "transparency": 0, "lweight": -1, "linewidth": 0.0, "ltscale": 1.0, "visible": 0, "width": 0.0, "thickness": 0.0, "ext": "(3:0,0,1)" }, "geometry": { "type": "LineString", "coordinates": [ [ 56.398700766696862, 58.21189218010727, 0.0 ], [ 56.398606882476905, 58.211847447035389, 0.0 ], [ 56.398388555978421, 58.211743399673836, 0.0 ], [ 56.398775556623185, 58.211507194096043, 0.0 ], [ 56.399103895427821, 58.211663624143959, 0.0 ], [ 56.398700766696862, 58.21189218010727, 0.0 ] ] } },
{ "type": "Feature", "properties": { "fid": 35, "handle": 68, "block": -1, "etype": 18, "space": 0, "layer": "0", "olinetype": "ByLayer", "linetype": "", "color": "0,0,0,187", "ocolor": 256, "color24": -1, "transparency": 0, "lweight": -1, "linewidth": 0.0, "ltscale": 1.0, "visible": 0, "width": 0.0, "thickness": 0.0, "ext": "(3:0,0,1)" }, "geometry": { "type": "LineString", "coordinates": [ [ 56.398995101679986, 58.212044709442502, 0.0 ], [ 56.398921602851622, 58.212006554827951, 0.0 ], [ 56.398700766696862, 58.21189218010727, 0.0 ], [ 56.399103895427821, 58.211663624143959, 0.0 ], [ 56.39926549816974, 58.211745606656059, 0.0 ], [ 56.399423861453336, 58.211829470556864, 0.0 ], [ 56.398995101679986, 58.212044709442502, 0.0 ] ] } },
{ "type": "Feature", "properties": { "fid": 36, "handle": 69, "block": -1, "etype": 18, "space": 0, "layer": "0", "olinetype": "ByLayer", "linetype": "", "color": "0,0,0,187", "ocolor": 256, "color24": -1, "transparency": 0, "lweight": -1, "linewidth": 0.0, "ltscale": 1.0, "visible": 0, "width": 0.0, "thickness": 0.0, "ext": "(3:0,0,1)" }, "geometry": { "type": "LineString", "coordinates": [ [ 56.399278521911405, 58.212204228181875, 0.0 ], [ 56.399219969185985, 58.212171657888504, 0.0 ], [ 56.398995101679986, 58.212044709442502, 0.0 ], [ 56.399423861453336, 58.211829470556864, 0.0 ], [ 56.399574402779677, 58.21191269655737, 0.0 ], [ 56.399721875864493, 58.211997534837117, 0.0 ], [ 56.399278521911405, 58.212204228181875, 0.0 ] ] } },
{ "type": "Feature", "properties": { "fid": 37, "handle": 70, "block": -1, "etype": 18, "space": 0, "layer": "0", "olinetype": "ByLayer", "linetype": "", "color": "0,0,0,187", "ocolor": 256, "color24": -1, "transparency": 0, "lweight": -1, "linewidth": 0.0, "ltscale": 1.0, "visible": 0, "width": 0.0, "thickness": 0.0, "ext": "(3:0,0,1)" }, "geometry": { "type": "LineString", "coordinates": [ [ 56.40000964733904, 58.212174744122564, 0.0 ], [ 56.399536942925941, 58.21236237005688, 0.0 ], [ 56.399394400301084, 58.212277986303278, 0.0 ], [ 56.399278521911405, 58.212204228181875, 0.0 ], [ 56.399721875864493, 58.211997534837117, 0.0 ], [ 56.399867806449009, 58.212085244150423, 0.0 ], [ 56.40000964733904, 58.212174744122564, 0.0 ] ] } },
{ "type": "Feature", "properties": { "fid": 38, "handle": 71, "block": -1, "etype": 18, "space": 0, "layer": "0", "olinetype": "ByLayer", "linetype": "", "color": "0,0,0,187", "ocolor": 256, "color24": -1, "transparency": 0, "lweight": -1, "linewidth": 0.0, "ltscale": 1.0, "visible": 0, "width": 0.0, "thickness": 0.0, "ext": "(3:0,0,1)" }, "geometry": { "type": "LineString", "coordinates": [ [ 56.399816203989239, 58.212541096015379, 0.0 ], [ 56.399771928100947, 58.212511415816088, 0.0 ], [ 56.399536942925941, 58.21236237005688, 0.0 ], [ 56.40000964733904, 58.212174744122564, 0.0 ], [ 56.40014910236065, 58.212265408296247, 0.0 ], [ 56.400284468050266, 58.212357773370442, 0.0 ], [ 56.399816203989239, 58.212541096015379, 0.0 ] ] } },
{ "type": "Feature", "properties": { "fid": 39, "handle": 72, "block": -1, "etype": 18, "space": 0, "layer": "0", "olinetype": "ByLayer", "linetype": "", "color": "0,0,0,187", "ocolor": 256, "color24": -1, "transparency": 0, "lweight": -1, "linewidth": 0.0, "ltscale": 1.0, "visible": 0, "width": 0.0, "thickness": 0.0, "ext": "(3:0,0,1)" }, "geometry": { "type": "LineString", "coordinates": [ [ 56.400068247059473, 58.212720148478617, 0.0 ], [ 56.399816203989239, 58.212541096015379, 0.0 ], [ 56.400284468050266, 58.212357773370442, 0.0 ], [ 56.400416932960866, 58.212452379444123, 0.0 ], [ 56.400545480154847, 58.21254832751486, 0.0 ], [ 56.400068247059473, 58.212720148478617, 0.0 ] ] } },
{ "type": "Feature", "properties": { "fid": 40, "handle": 73, "block": -1, "etype": 18, "space": 0, "layer": "0", "olinetype": "ByLayer", "linetype": "", "color": "0,0,0,187", "ocolor": 256, "color24": -1, "transparency": 0, "lweight": -1, "linewidth": 0.0, "ltscale": 1.0, "visible": 0, "width": 0.0, "thickness": 0.0, "ext": "(3:0,0,1)" }, "geometry": { "type": "LineString", "coordinates": [ [ 56.400782513707874, 58.212737506327109, 0.0 ], [ 56.400297318710621, 58.212900969105185, 0.0 ], [ 56.400068247059473, 58.212720148478617, 0.0 ], [ 56.400545480154847, 58.21254832751486, 0.0 ], [ 56.400665870581001, 58.212642290698085, 0.0 ], [ 56.400782513707874, 58.212737506327109, 0.0 ] ] } },
{ "type": "Feature", "properties": { "fid": 41, "handle": 74, "block": -1, "etype": 18, "space": 0, "layer": "0", "olinetype": "ByLayer", "linetype": "", "color": "0,0,0,187", "ocolor": 256, "color24": -1, "transparency": 0, "lweight": -1, "linewidth": 0.0, "ltscale": 1.0, "visible": 0, "width": 0.0, "thickness": 0.0, "ext": "(3:0,0,1)" }, "geometry": { "type": "LineString", "coordinates": [ [ 56.400882263148745, 58.212885673422726, 0.0 ], [ 56.400740785001069, 58.212991989225976, 0.0 ], [ 56.400620882083352, 58.213105333141471, 0.0 ], [ 56.400502070499989, 58.21308050385236, 0.0 ], [ 56.400297318710621, 58.212900969105185, 0.0 ], [ 56.400782513707874, 58.212737506327109, 0.0 ], [ 56.400887952089676, 58.212827321828193, 0.0 ], [ 56.400882263148745, 58.212885673422726, 0.0 ] ] } },
{ "type": "Feature", "properties": { "fid": 42, "handle": 75, "block": -1, "etype": 18, "space": 0, "layer": "0", "olinetype": "ByLayer", "linetype": "", "color": "0,0,0,187", "ocolor": 256, "color24": -1, "transparency": 0, "lweight": -1, "linewidth": 0.0, "ltscale": 1.0, "visible": 0, "width": 0.0, "thickness": 0.0, "ext": "(3:0,0,1)" }, "geometry": { "type": "LineString", "coordinates": [ [ 56.40029579946868, 58.213463091903193, 0.0 ], [ 56.400187483087798, 58.213450484986758, 0.0 ], [ 56.400085001169863, 58.213345409467166, 0.0 ], [ 56.399977069093183, 58.213241943524579, 0.0 ], [ 56.400502070499989, 58.21308050385236, 0.0 ], [ 56.400620882083352, 58.213105333141471, 0.0 ], [ 56.400523259210388, 58.213219960013255, 0.0 ], [ 56.400441782688553, 58.213338107245086, 0.0 ], [ 56.400382297510255, 58.213405014759751, 0.0 ], [ 56.40029579946868, 58.213463091903193, 0.0 ] ] } },
{ "type": "Feature", "properties": { "fid": 43, "handle": 76, "block": -1, "etype": 18, "space": 0, "layer": "0", "olinetype": "ByLayer", "linetype": "", "color": "0,0,0,187", "ocolor": 256, "color24": -1, "transparency": 0, "lweight": -1, "linewidth": 0.0, "ltscale": 1.0, "visible": 0, "width": 0.0, "thickness": 0.0, "ext": "(3:0,0,1)" }, "geometry": { "type": "LineString", "coordinates": [ [ 56.400502070499989, 58.21308050385236, 0.0 ], [ 56.399977069093183, 58.213241943524579, 0.0 ], [ 56.399879110346568, 58.213153752158391, 0.0 ], [ 56.39977706383597, 58.213066812845966, 0.0 ], [ 56.400297318710621, 58.212900969105185, 0.0 ], [ 56.400502070499989, 58.21308050385236, 0.0 ] ] } },
{ "type": "Feature", "properties": { "fid": 44, "handle": 77, "block": -1, "etype": 18, "space": 0, "layer": "0", "olinetype": "ByLayer", "linetype": "", "color": "0,0,0,187", "ocolor": 256, "color24": -1, "transparency": 0, "lweight": -1, "linewidth": 0.0, "ltscale": 1.0, "visible": 0, "width": 0.0, "thickness": 0.0, "ext": "(3:0,0,1)" }, "geometry": { "type": "LineString", "coordinates": [ [ 56.400025305960206, 58.213582722639828, 0.0 ], [ 56.399838134337045, 58.213630894781133, 0.0 ], [ 56.399648591100217, 58.213676549957967, 0.0 ], [ 56.399373327337734, 58.213355703621751, 0.0 ], [ 56.399509907971186, 58.213322466034974, 0.0 ], [ 56.399645302809112, 58.213287969956944, 0.0 ], [ 56.399751218921516, 58.213304794255471, 0.0 ], [ 56.399893371697587, 58.213442328027945, 0.0 ], [ 56.400025305960206, 58.213582722639828, 0.0 ] ] } },
{ "type": "Feature", "properties": { "fid": 45, "handle": 78, "block": -1, "etype": 18, "space": 0, "layer": "0", "olinetype": "ByLayer", "linetype": "", "color": "0,0,0,187", "ocolor": 256, "color24": -1, "transparency": 0, "lweight": -1, "linewidth": 0.0, "ltscale": 1.0, "visible": 0, "width": 0.0, "thickness": 0.0, "ext": "(3:0,0,1)" }, "geometry": { "type": "LineString", "coordinates": [ [ 56.399648591100217, 58.213676549957967, 0.0 ], [ 56.399458038805712, 58.213719330640942, 0.0 ], [ 56.39926562572537, 58.213759505164319, 0.0 ], [ 56.39901129956673, 58.21343643825417, 0.0 ], [ 56.399193159319289, 58.213397239231632, 0.0 ], [ 56.399373327337734, 58.213355703621751, 0.0 ], [ 56.399648591100217, 58.213676549957967, 0.0 ] ] } },
{ "type": "Feature", "properties": { "fid": 46, "handle": 79, "block": -1, "etype": 18, "space": 0, "layer": "0", "olinetype": "ByLayer", "linetype": "", "color": "0,0,0,187", "ocolor": 256, "color24": -1, "transparency": 0, "lweight": -1, "linewidth": 0.0, "ltscale": 1.0, "visible": 0, "width": 0.0, "thickness": 0.0, "ext": "(3:0,0,1)" }, "geometry": { "type": "LineString", "coordinates": [ [ 56.39926562572537, 58.213759505164319, 0.0 ], [ 56.399066244309147, 58.213797965292649, 0.0 ], [ 56.398865002924076, 58.213833639665765, 0.0 ], [ 56.398638587147595, 58.21350898902228, 0.0 ], [ 56.39882570394542, 58.213473926731815, 0.0 ], [ 56.39901129956673, 58.21343643825417, 0.0 ], [ 56.39926562572537, 58.213759505164319, 0.0 ] ] } },
{ "type": "Feature", "properties": { "fid": 47, "handle": 80, "block": -1, "etype": 18, "space": 0, "layer": "0", "olinetype": "ByLayer", "linetype": "", "color": "0,0,0,187", "ocolor": 256, "color24": -1, "transparency": 0, "lweight": -1, "linewidth": 0.0, "ltscale": 1.0, "visible": 0, "width": 0.0, "thickness": 0.0, "ext": "(3:0,0,1)" }, "geometry": { "type": "LineString", "coordinates": [ [ 56.398865002924076, 58.213833639665765, 0.0 ], [ 56.398627173329146, 58.213871784181258, 0.0 ], [ 56.398386640372806, 58.213905435943886, 0.0 ], [ 56.398319716200731, 58.213761166594963, 0.0 ], [ 56.398240365786734, 58.213618678055418, 0.0 ], [ 56.398291964032559, 58.213567114860602, 0.0 ], [ 56.398465951631536, 58.213539130245458, 0.0 ], [ 56.398638587147595, 58.21350898902228, 0.0 ], [ 56.398865002924076, 58.213833639665765, 0.0 ] ] } },
{ "type": "Feature", "properties": { "fid": 48, "handle": 81, "block": -1, "etype": 18, "space": 0, "layer": "0", "olinetype": "ByLayer", "linetype": "", "color": "0,0,0,187", "ocolor": 256, "color24": -1, "transparency": 0, "lweight": -1, "linewidth": 0.0, "ltscale": 1.0, "visible": 0, "width": 0.0, "thickness": 0.0, "ext": "(3:0,0,1)" }, "geometry": { "type": "LineString", "coordinates": [ [ 56.398271395517703, 58.213921549376153, 0.0 ], [ 56.398011823487629, 58.213951496716248, 0.0 ], [ 56.397750737590165, 58.21397731175346, 0.0 ], [ 56.397618564503468, 58.213656452862971, 0.0 ], [ 56.397824009234263, 58.213632457118457, 0.0 ], [ 56.39802827395819, 58.213605855961561, 0.0 ], [ 56.398124783465072, 58.21363434204423, 0.0 ], [ 56.398204472934317, 58.213777010623033, 0.0 ], [ 56.398271395517703, 58.213921549376153, 0.0 ] ] } },
{ "type": "Feature", "properties": { "fid": 49, "handle": 82, "block": -1, "etype": 18, "space": 0, "layer": "0", "olinetype": "ByLayer", "linetype": "", "color": "0,0,0,187", "ocolor": 256, "color24": -1, "transparency": 0, "lweight": -1, "linewidth": 0.0, "ltscale": 1.0, "visible": 0, "width": 0.0, "thickness": 0.0, "ext": "(3:0,0,1)" }, "geometry": { "type": "LineString", "coordinates": [ [ 56.397750737590165, 58.21397731175346, 0.0 ], [ 56.39750141434358, 58.213997484066169, 0.0 ], [ 56.397250917307552, 58.21401361430015, 0.0 ], [ 56.397174695038856, 58.213698568010052, 0.0 ], [ 56.397397133525331, 58.213679082415716, 0.0 ], [ 56.397618564503468, 58.213656452862971, 0.0 ], [ 56.397750737590165, 58.21397731175346, 0.0 ] ] } },
{ "type": "Feature", "properties": { "fid": 50, "handle": 83, "block": -1, "etype": 18, "space": 0, "layer": "0", "olinetype": "ByLayer", "linetype": "", "color": "0,0,0,187", "ocolor": 256, "color24": -1, "transparency": 0, "lweight": -1, "linewidth": 0.0, "ltscale": 1.0, "visible": 0, "width": 0.0, "thickness": 0.0, "ext": "(3:0,0,1)" }, "geometry": { "type": "LineString", "coordinates": [ [ 56.397250917307552, 58.21401361430015, 0.0 ], [ 56.397018985135226, 58.214024828314066, 0.0 ], [ 56.396786387805541, 58.214032449831159, 0.0 ], [ 56.396718797168411, 58.213728726160369, 0.0 ], [ 56.396947164547548, 58.213715263865353, 0.0 ], [ 56.397174695038856, 58.213698568010052, 0.0 ], [ 56.397250917307552, 58.21401361430015, 0.0 ] ] } },
{ "type": "Feature", "properties": { "fid": 51, "handle": 84, "block": -1, "etype": 18, "space": 0, "layer": "0", "olinetype": "ByLayer", "linetype": "", "color": "0,0,0,187", "ocolor": 256, "color24": -1, "transparency": 0, "lweight": -1, "linewidth": 0.0, "ltscale": 1.0, "visible": 0, "width": 0.0, "thickness": 0.0, "ext": "(3:0,0,1)" }, "geometry": { "type": "LineString", "coordinates": [ [ 56.396786387805541, 58.214032449831159, 0.0 ], [ 56.396593277248904, 58.214036078254196, 0.0 ], [ 56.39640000701224, 58.214037282081286, 0.0 ], [ 56.396254573893145, 58.213913387321085, 0.0 ], [ 56.396070116473645, 58.213804797992744, 0.0 ], [ 56.396109319599816, 58.213748462272164, 0.0 ], [ 56.396414386292619, 58.213741467996051, 0.0 ], [ 56.396718797168411, 58.213728726160369, 0.0 ], [ 56.396786387805541, 58.214032449831159, 0.0 ] ] } },
{ "type": "Feature", "properties": { "fid": 52, "handle": 85, "block": -1, "etype": 18, "space": 0, "layer": "0", "olinetype": "ByLayer", "linetype": "", "color": "0,0,0,187", "ocolor": 256, "color24": -1, "transparency": 0, "lweight": -1, "linewidth": 0.0, "ltscale": 1.0, "visible": 0, "width": 0.0, "thickness": 0.0, "ext": "(3:0,0,1)" }, "geometry": { "type": "LineString", "coordinates": [ [ 56.398644133048869, 58.213365344539909, 0.0 ], [ 56.398445103382642, 58.213401469787584, 0.0 ], [ 56.398244046022135, 58.213434270380809, 0.0 ], [ 56.398143435945848, 58.213409999253237, 0.0 ], [ 56.398019813124385, 58.213277244058588, 0.0 ], [ 56.397870299522211, 58.213152179096028, 0.0 ], [ 56.398367974936555, 58.213057423548022, 0.0 ], [ 56.398644133048869, 58.213365344539909, 0.0 ] ] } },
{ "type": "Feature", "properties": { "fid": 53, "handle": 86, "block": -1, "etype": 18, "space": 0, "layer": "0", "olinetype": "ByLayer", "linetype": "", "color": "0,0,0,187", "ocolor": 256, "color24": -1, "transparency": 0, "lweight": -1, "linewidth": 0.0, "ltscale": 1.0, "visible": 0, "width": 0.0, "thickness": 0.0, "ext": "(3:0,0,1)" }, "geometry": { "type": "LineString", "coordinates": [ [ 56.397941390579447, 58.213435076948535, 0.0 ], [ 56.397887411433032, 58.213486367816785, 0.0 ], [ 56.397485204438972, 58.213533292182476, 0.0 ], [ 56.397279692750807, 58.213216924044808, 0.0 ], [ 56.397563536394749, 58.21311967077208, 0.0 ], [ 56.397774184528302, 58.213270127602605, 0.0 ], [ 56.397941390579447, 58.213435076948535, 0.0 ] ] } },
{ "type": "Feature", "properties": { "fid": 54, "handle": 87, "block": -1, "etype": 18, "space": 0, "layer": "0", "olinetype": "ByLayer", "linetype": "", "color": "0,0,0,187", "ocolor": 256, "color24": -1, "transparency": 0, "lweight": -1, "linewidth": 0.0, "ltscale": 1.0, "visible": 0, "width": 0.0, "thickness": 0.0, "ext": "(3:0,0,1)" }, "geometry": { "type": "LineString", "coordinates": [ [ 56.397485204438972, 58.213533292182476, 0.0 ], [ 56.397207620699227, 58.213558727245804, 0.0 ], [ 56.396929200646966, 58.213580748989102, 0.0 ], [ 56.396849882236189, 58.213234993346305, 0.0 ], [ 56.397279692750807, 58.213216924044808, 0.0 ], [ 56.397485204438972, 58.213533292182476, 0.0 ] ] } },
{ "type": "Feature", "properties": { "fid": 55, "handle": 88, "block": -1, "etype": 18, "space": 0, "layer": "0", "olinetype": "ByLayer", "linetype": "", "color": "0,0,0,187", "ocolor": 256, "color24": -1, "transparency": 0, "lweight": -1, "linewidth": 0.0, "ltscale": 1.0, "visible": 0, "width": 0.0, "thickness": 0.0, "ext": "(3:0,0,1)" }, "geometry": { "type": "LineString", "coordinates": [ [ 56.396929200646966, 58.213580748989102, 0.0 ], [ 56.396681264748395, 58.213595354887104, 0.0 ], [ 56.396432497436777, 58.213605470206652, 0.0 ], [ 56.396388949257883, 58.213250599597586, 0.0 ], [ 56.396849882236189, 58.213234993346305, 0.0 ], [ 56.396929200646966, 58.213580748989102, 0.0 ] ] } },
{ "type": "Feature", "properties": { "fid": 56, "handle": 89, "block": -1, "etype": 18, "space": 0, "layer": "0", "olinetype": "ByLayer", "linetype": "", "color": "0,0,0,187", "ocolor": 256, "color24": -1, "transparency": 0, "lweight": -1, "linewidth": 0.0, "ltscale": 1.0, "visible": 0, "width": 0.0, "thickness": 0.0, "ext": "(3:0,0,1)" }, "geometry": { "type": "LineString", "coordinates": [ [ 56.39953578349585, 58.213117793802013, 0.0 ], [ 56.399506114122296, 58.213173962265401, 0.0 ], [ 56.39930737216195, 58.213222928010282, 0.0 ], [ 56.399106935672165, 58.213270185584051, 0.0 ], [ 56.398803697803459, 58.21296860799638, 0.0 ], [ 56.399193736707687, 58.212860703162399, 0.0 ], [ 56.399369445259929, 58.212987503386401, 0.0 ], [ 56.39953578349585, 58.213117793802013, 0.0 ] ] } },
{ "type": "Feature", "properties": { "fid": 57, "handle": 90, "block": -1, "etype": 18, "space": 0, "layer": "0", "olinetype": "ByLayer", "linetype": "", "color": "0,0,0,187", "ocolor": 256, "color24": -1, "transparency": 0, "lweight": -1, "linewidth": 0.0, "ltscale": 1.0, "visible": 0, "width": 0.0, "thickness": 0.0, "ext": "(3:0,0,1)" }, "geometry": { "type": "LineString", "coordinates": [ [ 56.399106935672165, 58.213270185584051, 0.0 ], [ 56.398877056991822, 58.213319832060456, 0.0 ], [ 56.398644133048869, 58.213365344539909, 0.0 ], [ 56.398367974936555, 58.213057423548022, 0.0 ], [ 56.398494649599662, 58.213033243238108, 0.0 ], [ 56.398803697803459, 58.21296860799638, 0.0 ], [ 56.399106935672165, 58.213270185584051, 0.0 ] ] } },
{ "type": "Feature", "properties": { "fid": 58, "handle": 91, "block": -1, "etype": 18, "space": 0, "layer": "0", "olinetype": "ByLayer", "linetype": "", "color": "0,0,0,187", "ocolor": 256, "color24": -1, "transparency": 0, "lweight": -1, "linewidth": 0.0, "ltscale": 1.0, "visible": 0, "width": 0.0, "thickness": 0.0, "ext": "(3:0,0,1)" }, "geometry": { "type": "LineString", "coordinates": [ [ 56.398108201954663, 58.212738119157066, 0.0 ], [ 56.397824522576641, 58.212599606495701, 0.0 ], [ 56.398266981413279, 58.212326837633825, 0.0 ], [ 56.39842010381134, 58.21240306506985, 0.0 ], [ 56.398570157825866, 58.212480904751288, 0.0 ], [ 56.398108201954663, 58.212738119157066, 0.0 ] ] } },
{ "type": "Feature", "properties": { "fid": 59, "handle": 92, "block": -1, "etype": 18, "space": 0, "layer": "0", "olinetype": "ByLayer", "linetype": "", "color": "0,0,0,187", "ocolor": 256, "color24": -1, "transparency": 0, "lweight": -1, "linewidth": 0.0, "ltscale": 1.0, "visible": 0, "width": 0.0, "thickness": 0.0, "ext": "(3:0,0,1)" }, "geometry": { "type": "LineString", "coordinates": [ [ 56.398337296477081, 58.212871448694699, 0.0 ], [ 56.398108201954663, 58.212738119157066, 0.0 ], [ 56.398570157825866, 58.212480904751288, 0.0 ], [ 56.398729865721954, 58.212568990849299, 0.0 ], [ 56.398883608357607, 58.212659852915237, 0.0 ], [ 56.398337296477081, 58.212871448694699, 0.0 ] ] } },
{ "type": "Feature", "properties": { "fid": 60, "handle": 93, "block": -1, "etype": 18, "space": 0, "layer": "0", "olinetype": "ByLayer", "linetype": "", "color": "0,0,0,187", "ocolor": 256, "color24": -1, "transparency": 0, "lweight": -1, "linewidth": 0.0, "ltscale": 1.0, "visible": 0, "width": 0.0, "thickness": 0.0, "ext": "(3:0,0,1)" }, "geometry": { "type": "LineString", "coordinates": [ [ 56.399193736707687, 58.212860703162399, 0.0 ], [ 56.398803697803459, 58.21296860799638, 0.0 ], [ 56.398494649599662, 58.213033243238108, 0.0 ], [ 56.398337296477081, 58.212871448694699, 0.0 ], [ 56.398883608357607, 58.212659852915237, 0.0 ], [ 56.399041398797067, 58.212759159088037, 0.0 ], [ 56.399193736707687, 58.212860703162399, 0.0 ] ] } },
{ "type": "Feature", "properties": { "fid": 61, "handle": 94, "block": -1, "etype": 18, "space": 0, "layer": "0", "olinetype": "ByLayer", "linetype": "", "color": "0,0,0,187", "ocolor": 256, "color24": -1, "transparency": 0, "lweight": -1, "linewidth": 0.0, "ltscale": 1.0, "visible": 0, "width": 0.0, "thickness": 0.0, "ext": "(3:0,0,1)" }, "geometry": { "type": "LineString", "coordinates": [ [ 56.396232830071689, 58.211941480614158, 0.0 ], [ 56.395549792801098, 58.211749329694911, 0.0 ], [ 56.395635202728919, 58.211668449815363, 0.0 ], [ 56.395723670439075, 58.211588471397512, 0.0 ], [ 56.395827190048479, 58.211567946769556, 0.0 ], [ 56.396160698161587, 58.211627785268277, 0.0 ], [ 56.396487017524876, 58.21169802894493, 0.0 ], [ 56.396232830071689, 58.211941480614158, 0.0 ] ] } },
{ "type": "Feature", "properties": { "fid": 62, "handle": 95, "block": -1, "etype": 18, "space": 0, "layer": "0", "olinetype": "ByLayer", "linetype": "", "color": "0,0,0,187", "ocolor": 256, "color24": -1, "transparency": 0, "lweight": -1, "linewidth": 0.0, "ltscale": 1.0, "visible": 0, "width": 0.0, "thickness": 0.0, "ext": "(3:0,0,1)" }, "geometry": { "type": "LineString", "coordinates": [ [ 56.396026731509572, 58.212157516580781, 0.0 ], [ 56.395328446401457, 58.21198931785046, 0.0 ], [ 56.395433597443713, 58.211867880615983, 0.0 ], [ 56.395549792801098, 58.211749329694911, 0.0 ], [ 56.396232830071689, 58.211941480614158, 0.0 ], [ 56.396065078016214, 58.212102167427282, 0.0 ], [ 56.396026731509572, 58.212157516580781, 0.0 ] ] } },
{ "type": "Feature", "properties": { "fid": 63, "handle": 96, "block": -1, "etype": 18, "space": 0, "layer": "0", "olinetype": "ByLayer", "linetype": "", "color": "0,0,0,187", "ocolor": 256, "color24": -1, "transparency": 0, "lweight": -1, "linewidth": 0.0, "ltscale": 1.0, "visible": 0, "width": 0.0, "thickness": 0.0, "ext": "(3:0,0,1)" }, "geometry": { "type": "LineString", "coordinates": [ [ 56.395749917228905, 58.212556352478956, 0.0 ], [ 56.395401024401352, 58.212550722557637, 0.0 ], [ 56.395052571924005, 58.212561163184787, 0.0 ], [ 56.394984214335835, 58.212515111742697, 0.0 ], [ 56.395055238451107, 58.212378909093701, 0.0 ], [ 56.395138672036566, 58.212244696678532, 0.0 ], [ 56.395876941722143, 58.212373171378957, 0.0 ], [ 56.395749917228905, 58.212556352478956, 0.0 ] ] } },
{ "type": "Feature", "properties": { "fid": 64, "handle": 97, "block": -1, "etype": 18, "space": 0, "layer": "0", "olinetype": "ByLayer", "linetype": "", "color": "0,0,0,187", "ocolor": 256, "color24": -1, "transparency": 0, "lweight": -1, "linewidth": 0.0, "ltscale": 1.0, "visible": 0, "width": 0.0, "thickness": 0.0, "ext": "(3:0,0,1)" }, "geometry": { "type": "LineString", "coordinates": [ [ 56.395876941722143, 58.212373171378957, 0.0 ], [ 56.395138672036566, 58.212244696678532, 0.0 ], [ 56.395228375473096, 58.212115968516024, 0.0 ], [ 56.395328446401457, 58.21198931785046, 0.0 ], [ 56.396026731509572, 58.212157516580781, 0.0 ], [ 56.395876941722143, 58.212373171378957, 0.0 ] ] } },
{ "type": "Feature", "properties": { "fid": 65, "handle": 98, "block": -1, "etype": 18, "space": 0, "layer": "0", "olinetype": "ByLayer", "linetype": "", "color": "0,0,0,187", "ocolor": 256, "color24": -1, "transparency": 0, "lweight": -1, "linewidth": 0.0, "ltscale": 1.0, "visible": 0, "width": 0.0, "thickness": 0.0, "ext": "(3:0,0,1)" }, "geometry": { "type": "LineString", "coordinates": [ [ 56.393517413488617, 58.211632289751925, 0.0 ], [ 56.393295601740668, 58.211704920273242, 0.0 ], [ 56.393082434058712, 58.211784564039881, 0.0 ], [ 56.39297170244614, 58.211781285345396, 0.0 ], [ 56.392831545046946, 58.211700129334147, 0.0 ], [ 56.392727684449333, 58.211605101741618, 0.0 ], [ 56.392756279691127, 58.211601545732229, 0.0 ], [ 56.392672068106492, 58.211410475631112, 0.0 ], [ 56.393043484175045, 58.211244118516284, 0.0 ], [ 56.393517413488617, 58.211632289751925, 0.0 ] ] } },
{ "type": "Feature", "properties": { "fid": 66, "handle": 99, "block": -1, "etype": 18, "space": 0, "layer": "0", "olinetype": "ByLayer", "linetype": "", "color": "0,0,0,187", "ocolor": 256, "color24": -1, "transparency": 0, "lweight": -1, "linewidth": 0.0, "ltscale": 1.0, "visible": 0, "width": 0.0, "thickness": 0.0, "ext": "(3:0,0,1)" }, "geometry": { "type": "LineString", "coordinates": [ [ 56.392829590108583, 58.211834350940968, 0.0 ], [ 56.39282201603578, 58.211892879435425, 0.0 ], [ 56.392631088512871, 58.211982246312949, 0.0 ], [ 56.392449323266604, 58.212076831579232, 0.0 ], [ 56.392173155803846, 58.211900158284145, 0.0 ], [ 56.391900553920721, 58.211725643572983, 0.0 ], [ 56.392448827393203, 58.211498365853821, 0.0 ], [ 56.392507774673433, 58.211632124009974, 0.0 ], [ 56.392559518367428, 58.211625723613189, 0.0 ], [ 56.392673510743606, 58.211737642851475, 0.0 ], [ 56.392829590108583, 58.211834350940968, 0.0 ] ] } },
{ "type": "Feature", "properties": { "fid": 67, "handle": 100, "block": -1, "etype": 18, "space": 0, "layer": "0", "olinetype": "ByLayer", "linetype": "", "color": "0,0,0,187", "ocolor": 256, "color24": -1, "transparency": 0, "lweight": -1, "linewidth": 0.0, "ltscale": 1.0, "visible": 0, "width": 0.0, "thickness": 0.0, "ext": "(3:0,0,1)" }, "geometry": { "type": "LineString", "coordinates": [ [ 56.392560952658805, 58.211455678362135, 0.0 ], [ 56.392448827393203, 58.211498365853821, 0.0 ], [ 56.391900553920721, 58.211725643572983, 0.0 ], [ 56.391376931780727, 58.211383552446385, 0.0 ], [ 56.391493912881749, 58.211244086977779, 0.0 ], [ 56.391804514989296, 58.211211881875499, 0.0 ], [ 56.391845244418732, 58.211195681868134, 0.0 ], [ 56.391934201324958, 58.211160328305326, 0.0 ], [ 56.392560952658805, 58.211455678362135, 0.0 ] ] } },
{ "type": "Feature", "properties": { "fid": 68, "handle": 101, "block": -1, "etype": 18, "space": 0, "layer": "0", "olinetype": "ByLayer", "linetype": "", "color": "0,0,0,187", "ocolor": 256, "color24": -1, "transparency": 0, "lweight": -1, "linewidth": 0.0, "ltscale": 1.0, "visible": 0, "width": 0.0, "thickness": 0.0, "ext": "(3:0,0,1)" }, "geometry": { "type": "LineString", "coordinates": [ [ 56.393043484175045, 58.211244118516284, 0.0 ], [ 56.392672068106492, 58.211410475631112, 0.0 ], [ 56.392560952658805, 58.211455678362135, 0.0 ], [ 56.391934201324958, 58.211160328305326, 0.0 ], [ 56.39201088836402, 58.21112980770328, 0.0 ], [ 56.392240947894322, 58.211038425182515, 0.0 ], [ 56.39225119907168, 58.210990135170093, 0.0 ], [ 56.392734615316158, 58.211038765703208, 0.0 ], [ 56.393043484175045, 58.211244118516284, 0.0 ] ] } },
{ "type": "Feature", "properties": { "fid": 69, "handle": 102, "block": -1, "etype": 18, "space": 0, "layer": "0", "olinetype": "ByLayer", "linetype": "", "color": "0,0,0,187", "ocolor": 256, "color24": -1, "transparency": 0, "lweight": -1, "linewidth": 0.0, "ltscale": 1.0, "visible": 0, "width": 0.0, "thickness": 0.0, "ext": "(3:0,0,1)" }, "geometry": { "type": "LineString", "coordinates": [ [ 56.394759488091289, 58.21243663825512, 0.0 ], [ 56.394203470181786, 58.212141385509888, 0.0 ], [ 56.394492204018512, 58.211976269871805, 0.0 ], [ 56.394984772150515, 58.212075540045809, 0.0 ], [ 56.39486252626773, 58.212254416551154, 0.0 ], [ 56.394759488091289, 58.21243663825512, 0.0 ] ] } },
{ "type": "Feature", "properties": { "fid": 70, "handle": 103, "block": -1, "etype": 18, "space": 0, "layer": "0", "olinetype": "ByLayer", "linetype": "", "color": "0,0,0,187", "ocolor": 256, "color24": -1, "transparency": 0, "lweight": -1, "linewidth": 0.0, "ltscale": 1.0, "visible": 0, "width": 0.0, "thickness": 0.0, "ext": "(3:0,0,1)" }, "geometry": { "type": "LineString", "coordinates": [ [ 56.394700768674859, 58.212559747564619, 0.0 ], [ 56.394620291080216, 58.21260103898846, 0.0 ], [ 56.394350108925956, 58.212646767578512, 0.0 ], [ 56.393853135816414, 58.212232444747919, 0.0 ], [ 56.394203470181786, 58.212141385509888, 0.0 ], [ 56.394759488091289, 58.21243663825512, 0.0 ], [ 56.394700768674859, 58.212559747564619, 0.0 ] ] } },
{ "type": "Feature", "properties": { "fid": 71, "handle": 104, "block": -1, "etype": 18, "space": 0, "layer": "0", "olinetype": "ByLayer", "linetype": "", "color": "0,0,0,187", "ocolor": 256, "color24": -1, "transparency": 0, "lweight": -1, "linewidth": 0.0, "ltscale": 1.0, "visible": 0, "width": 0.0, "thickness": 0.0, "ext": "(3:0,0,1)" }, "geometry": { "type": "LineString", "coordinates": [ [ 56.394350108925956, 58.212646767578512, 0.0 ], [ 56.394112727379998, 58.212699808040924, 0.0 ], [ 56.393882454275939, 58.212761026922273, 0.0 ], [ 56.3934669176531, 58.212359102406843, 0.0 ], [ 56.393679756377885, 58.212277482397731, 0.0 ], [ 56.393853135816414, 58.212232444747919, 0.0 ], [ 56.394350108925956, 58.212646767578512, 0.0 ] ] } },
{ "type": "Feature", "properties": { "fid": 72, "handle": 105, "block": -1, "etype": 18, "space": 0, "layer": "0", "olinetype": "ByLayer", "linetype": "", "color": "0,0,0,187", "ocolor": 256, "color24": -1, "transparency": 0, "lweight": -1, "linewidth": 0.0, "ltscale": 1.0, "visible": 0, "width": 0.0, "thickness": 0.0, "ext": "(3:0,0,1)" }, "geometry": { "type": "LineString", "coordinates": [ [ 56.393882454275939, 58.212761026922273, 0.0 ], [ 56.393660613700909, 58.21283877560424, 0.0 ], [ 56.393435550537127, 58.212914095831437, 0.0 ], [ 56.393048605875812, 58.212548746317403, 0.0 ], [ 56.393254247674797, 58.212440812050374, 0.0 ], [ 56.3934669176531, 58.212359102406843, 0.0 ], [ 56.393882454275939, 58.212761026922273, 0.0 ] ] } },
{ "type": "Feature", "properties": { "fid": 73, "handle": 106, "block": -1, "etype": 18, "space": 0, "layer": "0", "olinetype": "ByLayer", "linetype": "", "color": "0,0,0,187", "ocolor": 256, "color24": -1, "transparency": 0, "lweight": -1, "linewidth": 0.0, "ltscale": 1.0, "visible": 0, "width": 0.0, "thickness": 0.0, "ext": "(3:0,0,1)" }, "geometry": { "type": "LineString", "coordinates": [ [ 56.393254247674797, 58.212440812050374, 0.0 ], [ 56.393048605875812, 58.212548746317403, 0.0 ], [ 56.392891219635615, 58.212631241650897, 0.0 ], [ 56.392251899215303, 58.212402765285489, 0.0 ], [ 56.392467378724561, 58.212263420771947, 0.0 ], [ 56.392702040466531, 58.212132987971948, 0.0 ], [ 56.393254247674797, 58.212440812050374, 0.0 ] ] } },
{ "type": "Feature", "properties": { "fid": 74, "handle": 107, "block": -1, "etype": 18, "space": 0, "layer": "0", "olinetype": "ByLayer", "linetype": "", "color": "0,0,0,187", "ocolor": 256, "color24": -1, "transparency": 0, "lweight": -1, "linewidth": 0.0, "ltscale": 1.0, "visible": 0, "width": 0.0, "thickness": 0.0, "ext": "(3:0,0,1)" }, "geometry": { "type": "LineString", "coordinates": [ [ 56.393679756377885, 58.212277482397731, 0.0 ], [ 56.3934669176531, 58.212359102406843, 0.0 ], [ 56.393254247674797, 58.212440812050374, 0.0 ], [ 56.392702040466531, 58.212132987971948, 0.0 ], [ 56.392942085468533, 58.212015849098826, 0.0 ], [ 56.393196550343362, 58.211907436357102, 0.0 ], [ 56.393679756377885, 58.212277482397731, 0.0 ] ] } },
{ "type": "Feature", "properties": { "fid": 75, "handle": 108, "block": -1, "etype": 18, "space": 0, "layer": "0", "olinetype": "ByLayer", "linetype": "", "color": "0,0,0,187", "ocolor": 256, "color24": -1, "transparency": 0, "lweight": -1, "linewidth": 0.0, "ltscale": 1.0, "visible": 0, "width": 0.0, "thickness": 0.0, "ext": "(3:0,0,1)" }, "geometry": { "type": "LineString", "coordinates": [ [ 56.394203470181786, 58.212141385509888, 0.0 ], [ 56.393853135816414, 58.212232444747919, 0.0 ], [ 56.393679756377885, 58.212277482397731, 0.0 ], [ 56.393196550343362, 58.211907436357102, 0.0 ], [ 56.3934432852245, 58.211815623277033, 0.0 ], [ 56.39370019021225, 58.211731902563109, 0.0 ], [ 56.394203470181786, 58.212141385509888, 0.0 ] ] } },
{ "type": "Feature", "properties": { "fid": 76, "handle": 109, "block": -1, "etype": 18, "space": 0, "layer": "0", "olinetype": "ByLayer", "linetype": "", "color": "0,0,0,187", "ocolor": 256, "color24": -1, "transparency": 0, "lweight": -1, "linewidth": 0.0, "ltscale": 1.0, "visible": 0, "width": 0.0, "thickness": 0.0, "ext": "(3:0,0,1)" }, "geometry": { "type": "LineString", "coordinates": [ [ 56.391475717092796, 58.212157326397211, 0.0 ], [ 56.391294680528631, 58.212468644543065, 0.0 ], [ 56.39085231760199, 58.212366011100237, 0.0 ], [ 56.390910851769192, 58.212059299229161, 0.0 ], [ 56.391158053724212, 58.212092826746215, 0.0 ], [ 56.391168527255886, 58.212071292125472, 0.0 ], [ 56.391475717092796, 58.212157326397211, 0.0 ] ] } },
{ "type": "Feature", "properties": { "fid": 77, "handle": 110, "block": -1, "etype": 18, "space": 0, "layer": "0", "olinetype": "ByLayer", "linetype": "", "color": "0,0,0,187", "ocolor": 256, "color24": -1, "transparency": 0, "lweight": -1, "linewidth": 0.0, "ltscale": 1.0, "visible": 0, "width": 0.0, "thickness": 0.0, "ext": "(3:0,0,1)" }, "geometry": { "type": "LineString", "coordinates": [ [ 56.392173155803846, 58.211900158284145, 0.0 ], [ 56.391723182750347, 58.212131956189346, 0.0 ], [ 56.39141572967349, 58.212028594269029, 0.0 ], [ 56.391900553920721, 58.211725643572983, 0.0 ], [ 56.392173155803846, 58.211900158284145, 0.0 ] ] } },
{ "type": "Feature", "properties": { "fid": 78, "handle": 111, "block": -1, "etype": 18, "space": 0, "layer": "0", "olinetype": "ByLayer", "linetype": "", "color": "0,0,0,187", "ocolor": 256, "color24": -1, "transparency": 0, "lweight": -1, "linewidth": 0.0, "ltscale": 1.0, "visible": 0, "width": 0.0, "thickness": 0.0, "ext": "(3:0,0,1)" }, "geometry": { "type": "LineString", "coordinates": [ [ 56.39141572967349, 58.212028594269029, 0.0 ], [ 56.39125597892118, 58.211954684497258, 0.0 ], [ 56.391121785658633, 58.211872007741562, 0.0 ], [ 56.39092613325775, 58.211686004934009, 0.0 ], [ 56.390829922378856, 58.211479476145755, 0.0 ], [ 56.391042200775892, 58.211485217666592, 0.0 ], [ 56.39134848383015, 58.211392225902038, 0.0 ], [ 56.391376931780727, 58.211383552446385, 0.0 ], [ 56.391900553920721, 58.211725643572983, 0.0 ], [ 56.39141572967349, 58.212028594269029, 0.0 ] ] } },
{ "type": "Feature", "properties": { "fid": 79, "handle": 112, "block": -1, "etype": 18, "space": 0, "layer": "0", "olinetype": "ByLayer", "linetype": "", "color": "0,0,0,187", "ocolor": 256, "color24": -1, "transparency": 0, "lweight": -1, "linewidth": 0.0, "ltscale": 1.0, "visible": 0, "width": 0.0, "thickness": 0.0, "ext": "(3:0,0,1)" }, "geometry": { "type": "LineString", "coordinates": [ [ 56.39085231760199, 58.212366011100237, 0.0 ], [ 56.390052847771678, 58.21230764007035, 0.0 ], [ 56.390071469802933, 58.21217676134637, 0.0 ], [ 56.390117704211001, 58.211882873216283, 0.0 ], [ 56.390122960883197, 58.211848852446742, 0.0 ], [ 56.390936262757009, 58.212007167618609, 0.0 ], [ 56.390910851769192, 58.212059299229161, 0.0 ], [ 56.39085231760199, 58.212366011100237, 0.0 ] ] } },
{ "type": "Feature", "properties": { "fid": 80, "handle": 113, "block": -1, "etype": 18, "space": 0, "layer": "0", "olinetype": "ByLayer", "linetype": "", "color": "0,0,0,187", "ocolor": 256, "color24": -1, "transparency": 0, "lweight": -1, "linewidth": 0.0, "ltscale": 1.0, "visible": 0, "width": 0.0, "thickness": 0.0, "ext": "(3:0,0,1)" }, "geometry": { "type": "LineString", "coordinates": [ [ 56.390977477580741, 58.21192084879015, 0.0 ], [ 56.390936262757009, 58.212007167618609, 0.0 ], [ 56.390122960883197, 58.211848852446742, 0.0 ], [ 56.390180755733162, 58.2114808188756, 0.0 ], [ 56.390187342899964, 58.211453533416076, 0.0 ], [ 56.390546212899444, 58.21146987411997, 0.0 ], [ 56.390660678180808, 58.211474865441559, 0.0 ], [ 56.390682225033181, 58.211563596941374, 0.0 ], [ 56.3907228341711, 58.211650287265002, 0.0 ], [ 56.390794842876574, 58.211753087754332, 0.0 ], [ 56.390977477580741, 58.21192084879015, 0.0 ] ] } },
{ "type": "Feature", "properties": { "fid": 81, "handle": 114, "block": -1, "etype": 18, "space": 0, "layer": "0", "olinetype": "ByLayer", "linetype": "", "color": "0,0,0,187", "ocolor": 256, "color24": -1, "transparency": 0, "lweight": -1, "linewidth": 0.0, "ltscale": 1.0, "visible": 0, "width": 0.0, "thickness": 0.0, "ext": "(3:0,0,1)" }, "geometry": { "type": "LineString", "coordinates": [ [ 56.391433280059076, 58.212898603131144, 0.0 ], [ 56.391329415409075, 58.212918764641216, 0.0 ], [ 56.391189740635092, 58.212881690375852, 0.0 ], [ 56.391051945922477, 58.212842732880276, 0.0 ], [ 56.391072957996393, 58.212823276391013, 0.0 ], [ 56.391294680528631, 58.212468644543065, 0.0 ], [ 56.391737046009858, 58.212571276453325, 0.0 ], [ 56.391574713337299, 58.212732233442694, 0.0 ], [ 56.391433280059076, 58.212898603131144, 0.0 ] ] } },
{ "type": "Feature", "properties": { "fid": 82, "handle": 115, "block": -1, "etype": 18, "space": 0, "layer": "0", "olinetype": "ByLayer", "linetype": "", "color": "0,0,0,187", "ocolor": 256, "color24": -1, "transparency": 0, "lweight": -1, "linewidth": 0.0, "ltscale": 1.0, "visible": 0, "width": 0.0, "thickness": 0.0, "ext": "(3:0,0,1)" }, "geometry": { "type": "LineString", "coordinates": [ [ 56.390781935705007, 58.212734837240298, 0.0 ], [ 56.390759030289814, 58.21279711730319, 0.0 ], [ 56.390001361104083, 58.212709798591881, 0.0 ], [ 56.390017491599131, 58.212565629029463, 0.0 ], [ 56.390021572192026, 58.212528374641941, 0.0 ], [ 56.390046697103521, 58.212351266381617, 0.0 ], [ 56.390052847771678, 58.21230764007035, 0.0 ], [ 56.39085231760199, 58.212366011100237, 0.0 ], [ 56.390781935705007, 58.212734837240298, 0.0 ] ] } },
{ "type": "Feature", "properties": { "fid": 83, "handle": 116, "block": -1, "etype": 18, "space": 0, "layer": "0", "olinetype": "ByLayer", "linetype": "", "color": "0,0,0,187", "ocolor": 256, "color24": -1, "transparency": 0, "lweight": -1, "linewidth": 0.0, "ltscale": 1.0, "visible": 0, "width": 0.0, "thickness": 0.0, "ext": "(3:0,0,1)" }, "geometry": { "type": "LineString", "coordinates": [ [ 56.390540751193875, 58.213254642612419, 0.0 ], [ 56.39001475370781, 58.213211157746379, 0.0 ], [ 56.390013120430098, 58.213196072331854, 0.0 ], [ 56.389982394056105, 58.212879372878625, 0.0 ], [ 56.389998346495695, 58.212736998737768, 0.0 ], [ 56.390745133747025, 58.212823136710007, 0.0 ], [ 56.390724667085813, 58.212872670776513, 0.0 ], [ 56.390540751193875, 58.213254642612419, 0.0 ] ] } },
{ "type": "Feature", "properties": { "fid": 84, "handle": 117, "block": -1, "etype": 18, "space": 0, "layer": "0", "olinetype": "ByLayer", "linetype": "", "color": "0,0,0,187", "ocolor": 256, "color24": -1, "transparency": 0, "lweight": -1, "linewidth": 0.0, "ltscale": 1.0, "visible": 0, "width": 0.0, "thickness": 0.0, "ext": "(3:0,0,1)" }, "geometry": { "type": "LineString", "coordinates": [ [ 56.391186471338493, 58.213308419842335, 0.0 ], [ 56.390540751193875, 58.213254642612419, 0.0 ], [ 56.390724667085813, 58.212872670776513, 0.0 ], [ 56.39094740321233, 58.212938310063009, 0.0 ], [ 56.390967047593897, 58.212920378178254, 0.0 ], [ 56.391120983178311, 58.212964024538714, 0.0 ], [ 56.391277481802312, 58.213005249791316, 0.0 ], [ 56.391320282323562, 58.213059082442399, 0.0 ], [ 56.391247766830787, 58.213182891248003, 0.0 ], [ 56.391186471338493, 58.213308419842335, 0.0 ] ] } },
{ "type": "Feature", "properties": { "fid": 85, "handle": 118, "block": -1, "etype": 18, "space": 0, "layer": "0", "olinetype": "ByLayer", "linetype": "", "color": "0,0,0,187", "ocolor": 256, "color24": -1, "transparency": 0, "lweight": -1, "linewidth": 0.0, "ltscale": 1.0, "visible": 0, "width": 0.0, "thickness": 0.0, "ext": "(3:0,0,1)" }, "geometry": { "type": "LineString", "coordinates": [ [ 56.391103064723545, 58.213546776738646, 0.0 ], [ 56.390047322215466, 58.213496705155386, 0.0 ], [ 56.390034392780166, 58.21338338413662, 0.0 ], [ 56.39002473889478, 58.2132982587516, 0.0 ], [ 56.39001475370781, 58.213211157746379, 0.0 ], [ 56.390540751193875, 58.213254642612419, 0.0 ], [ 56.391186471338493, 58.213308419842335, 0.0 ], [ 56.391139666865982, 58.213427053251387, 0.0 ], [ 56.391103064723545, 58.213546776738646, 0.0 ] ] } },
{ "type": "Feature", "properties": { "fid": 86, "handle": 119, "block": -1, "etype": 18, "space": 0, "layer": "0", "olinetype": "ByLayer", "linetype": "", "color": "0,0,0,187", "ocolor": 256, "color24": -1, "transparency": 0, "lweight": -1, "linewidth": 0.0, "ltscale": 1.0, "visible": 0, "width": 0.0, "thickness": 0.0, "ext": "(3:0,0,1)" }, "geometry": { "type": "LineString", "coordinates": [ [ 56.391057757621788, 58.213824864680809, 0.0 ], [ 56.390085146049721, 58.213824277075766, 0.0 ], [ 56.390080208852012, 58.213787280729733, 0.0 ], [ 56.390047322215466, 58.213496705155386, 0.0 ], [ 56.391103064723545, 58.213546776738646, 0.0 ], [ 56.391075733626039, 58.213685635319422, 0.0 ], [ 56.391057757621788, 58.213824864680809, 0.0 ] ] } },
{ "type": "Feature", "properties": { "fid": 87, "handle": 120, "block": -1, "etype": 18, "space": 0, "layer": "0", "olinetype": "ByLayer", "linetype": "", "color": "0,0,0,187", "ocolor": 256, "color24": -1, "transparency": 0, "lweight": -1, "linewidth": 0.0, "ltscale": 1.0, "visible": 0, "width": 0.0, "thickness": 0.0, "ext": "(3:0,0,1)" }, "geometry": { "type": "LineString", "coordinates": [ [ 56.391067061396889, 58.214102841112037, 0.0 ], [ 56.390128455067341, 58.214142877652634, 0.0 ], [ 56.390105562108261, 58.213975226096167, 0.0 ], [ 56.390085146049721, 58.213824277075766, 0.0 ], [ 56.391057757621788, 58.213824864680809, 0.0 ], [ 56.391054413149369, 58.213963932712417, 0.0 ], [ 56.391067061396889, 58.214102841112037, 0.0 ] ] } },
{ "type": "Feature", "properties": { "fid": 88, "handle": 121, "block": -1, "etype": 18, "space": 0, "layer": "0", "olinetype": "ByLayer", "linetype": "", "color": "0,0,0,187", "ocolor": 256, "color24": -1, "transparency": 0, "lweight": -1, "linewidth": 0.0, "ltscale": 1.0, "visible": 0, "width": 0.0, "thickness": 0.0, "ext": "(3:0,0,1)" }, "geometry": { "type": "LineString", "coordinates": [ [ 56.391273794265672, 58.214743782378925, 0.0 ], [ 56.390224785090304, 58.214852993795319, 0.0 ], [ 56.390193824353382, 58.214625447627412, 0.0 ], [ 56.390176535344786, 58.214497756073342, 0.0 ], [ 56.391153662734567, 58.21444376118901, 0.0 ], [ 56.391209983794539, 58.214594126264487, 0.0 ], [ 56.391273794265672, 58.214743782378925, 0.0 ] ] } },
{ "type": "Feature", "properties": { "fid": 89, "handle": 122, "block": -1, "etype": 18, "space": 0, "layer": "0", "olinetype": "ByLayer", "linetype": "", "color": "0,0,0,187", "ocolor": 256, "color24": -1, "transparency": 0, "lweight": -1, "linewidth": 0.0, "ltscale": 1.0, "visible": 0, "width": 0.0, "thickness": 0.0, "ext": "(3:0,0,1)" }, "geometry": { "type": "LineString", "coordinates": [ [ 56.391407784259478, 58.215026851896809, 0.0 ], [ 56.390364454765781, 58.215157619183337, 0.0 ], [ 56.390254099448953, 58.214917134808289, 0.0 ], [ 56.390224785090304, 58.214852993795319, 0.0 ], [ 56.391273794265672, 58.214743782378925, 0.0 ], [ 56.391337980434209, 58.214885627898916, 0.0 ], [ 56.391407784259478, 58.215026851896809, 0.0 ] ] } },
{ "type": "Feature", "properties": { "fid": 90, "handle": 123, "block": -1, "etype": 18, "space": 0, "layer": "0", "olinetype": "ByLayer", "linetype": "", "color": "0,0,0,187", "ocolor": 256, "color24": -1, "transparency": 0, "lweight": -1, "linewidth": 0.0, "ltscale": 1.0, "visible": 0, "width": 0.0, "thickness": 0.0, "ext": "(3:0,0,1)" }, "geometry": { "type": "LineString", "coordinates": [ [ 56.391552224191827, 58.215294312194303, 0.0 ], [ 56.390569205319018, 58.215442843116726, 0.0 ], [ 56.390395285887365, 58.215225083989829, 0.0 ], [ 56.390379280700884, 58.215190049011881, 0.0 ], [ 56.390364454765781, 58.215157619183337, 0.0 ], [ 56.391407784259478, 58.215026851896809, 0.0 ], [ 56.391477280037023, 58.215160982699445, 0.0 ], [ 56.391552224191827, 58.215294312194303, 0.0 ] ] } },
{ "type": "Feature", "properties": { "fid": 91, "handle": 124, "block": -1, "etype": 18, "space": 0, "layer": "0", "olinetype": "ByLayer", "linetype": "", "color": "0,0,0,187", "ocolor": 256, "color24": -1, "transparency": 0, "lweight": -1, "linewidth": 0.0, "ltscale": 1.0, "visible": 0, "width": 0.0, "thickness": 0.0, "ext": "(3:0,0,1)" }, "geometry": { "type": "LineString", "coordinates": [ [ 56.391721655987546, 58.215566292434829, 0.0 ], [ 56.390817898501226, 58.215756133522234, 0.0 ], [ 56.390744474666576, 58.215663566486285, 0.0 ], [ 56.39059982738631, 58.215481218272508, 0.0 ], [ 56.390571743615865, 58.215445898875018, 0.0 ], [ 56.390569205319018, 58.215442843116726, 0.0 ], [ 56.391552224191827, 58.215294312194303, 0.0 ], [ 56.391634130362682, 58.215430792655283, 0.0 ], [ 56.391721655987546, 58.215566292434829, 0.0 ] ] } },
{ "type": "Feature", "properties": { "fid": 92, "handle": 125, "block": -1, "etype": 18, "space": 0, "layer": "0", "olinetype": "ByLayer", "linetype": "", "color": "0,0,0,187", "ocolor": 256, "color24": -1, "transparency": 0, "lweight": -1, "linewidth": 0.0, "ltscale": 1.0, "visible": 0, "width": 0.0, "thickness": 0.0, "ext": "(3:0,0,1)" }, "geometry": { "type": "LineString", "coordinates": [ [ 56.391954736981617, 58.215834760066954, 0.0 ], [ 56.391060502895229, 58.216062323065913, 0.0 ], [ 56.390995029966312, 58.215979642098034, 0.0 ], [ 56.390953579876502, 58.21592751690546, 0.0 ], [ 56.39088793851532, 58.215844566324769, 0.0 ], [ 56.390817898501226, 58.215756133522234, 0.0 ], [ 56.391721655987546, 58.215566292434829, 0.0 ], [ 56.391829765379079, 58.215702535940594, 0.0 ], [ 56.391954736981617, 58.215834760066954, 0.0 ] ] } },
{ "type": "Feature", "properties": { "fid": 93, "handle": 126, "block": -1, "etype": 18, "space": 0, "layer": "0", "olinetype": "ByLayer", "linetype": "", "color": "0,0,0,187", "ocolor": 256, "color24": -1, "transparency": 0, "lweight": -1, "linewidth": 0.0, "ltscale": 1.0, "visible": 0, "width": 0.0, "thickness": 0.0, "ext": "(3:0,0,1)" }, "geometry": { "type": "LineString", "coordinates": [ [ 56.391303550858126, 58.216422471597753, 0.0 ], [ 56.391199633411027, 58.216261901990478, 0.0 ], [ 56.391114640836228, 58.216130714554922, 0.0 ], [ 56.391080297554296, 58.216087217321792, 0.0 ], [ 56.391976916833777, 58.215859028667467, 0.0 ], [ 56.392100104271385, 58.215971857547579, 0.0 ], [ 56.392234196786269, 58.216081198305439, 0.0 ], [ 56.391303550858126, 58.216422471597753, 0.0 ] ] } },
{ "type": "Feature", "properties": { "fid": 94, "handle": 127, "block": -1, "etype": 18, "space": 0, "layer": "0", "olinetype": "ByLayer", "linetype": "", "color": "0,0,0,187", "ocolor": 256, "color24": -1, "transparency": 0, "lweight": -1, "linewidth": 0.0, "ltscale": 1.0, "visible": 0, "width": 0.0, "thickness": 0.0, "ext": "(3:0,0,1)" }, "geometry": { "type": "LineString", "coordinates": [ [ 56.391695377240801, 58.216766823256826, 0.0 ], [ 56.391484183651343, 58.21670155881052, 0.0 ], [ 56.391450726945671, 58.216649802850405, 0.0 ], [ 56.391422339222473, 58.216605953990801, 0.0 ], [ 56.391365563183626, 58.216518435814656, 0.0 ], [ 56.391303550858126, 58.216422471597753, 0.0 ], [ 56.392234196786269, 58.216081198305439, 0.0 ], [ 56.39236884995853, 58.21617940665881, 0.0 ], [ 56.392512366552594, 58.216274124321806, 0.0 ], [ 56.392081270864551, 58.216534048412612, 0.0 ], [ 56.391695377240801, 58.216766823256826, 0.0 ] ] } },
{ "type": "Feature", "properties": { "fid": 95, "handle": 128, "block": -1, "etype": 18, "space": 0, "layer": "0", "olinetype": "ByLayer", "linetype": "", "color": "0,0,0,187", "ocolor": 256, "color24": -1, "transparency": 0, "lweight": -1, "linewidth": 0.0, "ltscale": 1.0, "visible": 0, "width": 0.0, "thickness": 0.0, "ext": "(3:0,0,1)" }, "geometry": { "type": "LineString", "coordinates": [ [ 56.393077213849978, 58.216623353975393, 0.0 ], [ 56.392969792135723, 58.216714619687409, 0.0 ], [ 56.392864239026018, 58.216806426302171, 0.0 ], [ 56.392429689457934, 58.216655236067176, 0.0 ], [ 56.392784072090748, 58.216429064017127, 0.0 ], [ 56.392818184419795, 58.216448409176394, 0.0 ], [ 56.392937357802296, 58.216508171193944, 0.0 ], [ 56.393060625235456, 58.2165656038094, 0.0 ], [ 56.393077213849978, 58.216623353975393, 0.0 ] ] } },
{ "type": "Feature", "properties": { "fid": 96, "handle": 129, "block": -1, "etype": 18, "space": 0, "layer": "0", "olinetype": "ByLayer", "linetype": "", "color": "0,0,0,187", "ocolor": 256, "color24": -1, "transparency": 0, "lweight": -1, "linewidth": 0.0, "ltscale": 1.0, "visible": 0, "width": 0.0, "thickness": 0.0, "ext": "(3:0,0,1)" }, "geometry": { "type": "LineString", "coordinates": [ [ 56.392598090690349, 58.217047521519035, 0.0 ], [ 56.391695377240801, 58.216766823256826, 0.0 ], [ 56.392081270864551, 58.216534048412612, 0.0 ], [ 56.392429689457934, 58.216655236067176, 0.0 ], [ 56.392864239026018, 58.216806426302171, 0.0 ], [ 56.392729636231387, 58.216926478295072, 0.0 ], [ 56.392598090690349, 58.217047521519035, 0.0 ] ] } },
{ "type": "Feature", "properties": { "fid": 97, "handle": 130, "block": -1, "etype": 18, "space": 0, "layer": "0", "olinetype": "ByLayer", "linetype": "", "color": "0,0,0,187", "ocolor": 256, "color24": -1, "transparency": 0, "lweight": -1, "linewidth": 0.0, "ltscale": 1.0, "visible": 0, "width": 0.0, "thickness": 0.0, "ext": "(3:0,0,1)" }, "geometry": { "type": "LineString", "coordinates": [ [ 56.392598090690349, 58.217047521519035, 0.0 ], [ 56.392547859378162, 58.217094774553168, 0.0 ], [ 56.392377473726718, 58.217111263479978, 0.0 ], [ 56.392217385960841, 58.217145900861212, 0.0 ], [ 56.392074067246412, 58.217197348021955, 0.0 ], [ 56.391953823503904, 58.217263188723528, 0.0 ], [ 56.391054229959352, 58.217045606468574, 0.0 ], [ 56.391214818570703, 58.216937170462124, 0.0 ], [ 56.391372987262855, 58.216798923657407, 0.0 ], [ 56.391484183651343, 58.21670155881052, 0.0 ], [ 56.391695377240801, 58.216766823256826, 0.0 ], [ 56.392598090690349, 58.217047521519035, 0.0 ] ] } },
{ "type": "Feature", "properties": { "fid": 98, "handle": 131, "block": -1, "etype": 18, "space": 0, "layer": "0", "olinetype": "ByLayer", "linetype": "", "color": "0,0,0,187", "ocolor": 256, "color24": -1, "transparency": 0, "lweight": -1, "linewidth": 0.0, "ltscale": 1.0, "visible": 0, "width": 0.0, "thickness": 0.0, "ext": "(3:0,0,1)" }, "geometry": { "type": "LineString", "coordinates": [ [ 56.393999739736074, 58.217314369872895, 0.0 ], [ 56.393643111568693, 58.217393390028789, 0.0 ], [ 56.393564598594999, 58.217410801196841, 0.0 ], [ 56.393402804055654, 58.2174466051327, 0.0 ], [ 56.393227895079669, 58.217485355542472, 0.0 ], [ 56.392724396867926, 58.217149041104783, 0.0 ], [ 56.392963399060953, 58.216929100723434, 0.0 ], [ 56.393316204225236, 58.217060257137334, 0.0 ], [ 56.393659160763882, 58.217187539876754, 0.0 ], [ 56.393999739736074, 58.217314369872895, 0.0 ] ] } },
{ "type": "Feature", "properties": { "fid": 99, "handle": 132, "block": -1, "etype": 18, "space": 0, "layer": "0", "olinetype": "ByLayer", "linetype": "", "color": "0,0,0,187", "ocolor": 256, "color24": -1, "transparency": 0, "lweight": -1, "linewidth": 0.0, "ltscale": 1.0, "visible": 0, "width": 0.0, "thickness": 0.0, "ext": "(3:0,0,1)" }, "geometry": { "type": "LineString", "coordinates": [ [ 56.393659160763882, 58.217187539876754, 0.0 ], [ 56.393316204225236, 58.217060257137334, 0.0 ], [ 56.393641702424254, 58.216786103705097, 0.0 ], [ 56.393660390933157, 58.216792231787707, 0.0 ], [ 56.393825549763243, 58.216841814210667, 0.0 ], [ 56.393994638851517, 58.216887630389131, 0.0 ], [ 56.393659160763882, 58.217187539876754, 0.0 ] ] } },
{ "type": "Feature", "properties": { "fid": 100, "handle": 133, "block": -1, "etype": 18, "space": 0, "layer": "0", "olinetype": "ByLayer", "linetype": "", "color": "0,0,0,187", "ocolor": 256, "color24": -1, "transparency": 0, "lweight": -1, "linewidth": 0.0, "ltscale": 1.0, "visible": 0, "width": 0.0, "thickness": 0.0, "ext": "(3:0,0,1)" }, "geometry": { "type": "LineString", "coordinates": [ [ 56.39461954584673, 58.217242582893768, 0.0 ], [ 56.394113287025633, 58.21730032320152, 0.0 ], [ 56.394010809644627, 58.217311959304929, 0.0 ], [ 56.393999739736074, 58.217314369872895, 0.0 ], [ 56.39432285285055, 58.216962640261038, 0.0 ], [ 56.394723221813827, 58.217034594809135, 0.0 ], [ 56.39461954584673, 58.217242582893768, 0.0 ] ] } },
{ "type": "Feature", "properties": { "fid": 101, "handle": 134, "block": -1, "etype": 18, "space": 0, "layer": "0", "olinetype": "ByLayer", "linetype": "", "color": "0,0,0,187", "ocolor": 256, "color24": -1, "transparency": 0, "lweight": -1, "linewidth": 0.0, "ltscale": 1.0, "visible": 0, "width": 0.0, "thickness": 0.0, "ext": "(3:0,0,1)" }, "geometry": { "type": "LineString", "coordinates": [ [ 56.395298387308237, 58.217444519679134, 0.0 ], [ 56.394825433123984, 58.217433979210568, 0.0 ], [ 56.394816116230004, 58.217385665227575, 0.0 ], [ 56.394813623342522, 58.217372105131638, 0.0 ], [ 56.39461954584673, 58.217242582893768, 0.0 ], [ 56.394723221813827, 58.217034594809135, 0.0 ], [ 56.3950590644098, 58.217077649728722, 0.0 ], [ 56.395400242801458, 58.217106794043957, 0.0 ], [ 56.395298387308237, 58.217444519679134, 0.0 ] ] } },
{ "type": "Feature", "properties": { "fid": 102, "handle": 135, "block": -1, "etype": 18, "space": 0, "layer": "0", "olinetype": "ByLayer", "linetype": "", "color": "0,0,0,187", "ocolor": 256, "color24": -1, "transparency": 0, "lweight": -1, "linewidth": 0.0, "ltscale": 1.0, "visible": 0, "width": 0.0, "thickness": 0.0, "ext": "(3:0,0,1)" }, "geometry": { "type": "LineString", "coordinates": [ [ 56.396071697384443, 58.217482445675017, 0.0 ], [ 56.395726938320195, 58.217454106862697, 0.0 ], [ 56.395298387308237, 58.217444519679134, 0.0 ], [ 56.395400242801458, 58.217106794043957, 0.0 ], [ 56.395670712311116, 58.217119870713113, 0.0 ], [ 56.395942240657469, 58.217124239247376, 0.0 ], [ 56.396019132166202, 58.21716643982127, 0.0 ], [ 56.396024057297005, 58.217325449455736, 0.0 ], [ 56.396071697384443, 58.217482445675017, 0.0 ] ] } },
{ "type": "Feature", "properties": { "fid": 103, "handle": 136, "block": -1, "etype": 18, "space": 0, "layer": "0", "olinetype": "ByLayer", "linetype": "", "color": "0,0,0,187", "ocolor": 256, "color24": -1, "transparency": 0, "lweight": -1, "linewidth": 0.0, "ltscale": 1.0, "visible": 0, "width": 0.0, "thickness": 0.0, "ext": "(3:0,0,1)" }, "geometry": { "type": "LineString", "coordinates": [ [ 56.394896785104237, 58.218198827916616, 0.0 ], [ 56.394640284806094, 58.218141145054432, 0.0 ], [ 56.394686360137193, 58.218071261116066, 0.0 ], [ 56.394784041455317, 58.217872782583228, 0.0 ], [ 56.394785772735815, 58.217865961269204, 0.0 ], [ 56.394822824960819, 58.21771930280314, 0.0 ], [ 56.395549622512682, 58.217929376948881, 0.0 ], [ 56.395204204663948, 58.218051240981922, 0.0 ], [ 56.394896785104237, 58.218198827916616, 0.0 ] ] } },
{ "type": "Feature", "properties": { "fid": 104, "handle": 137, "block": -1, "etype": 18, "space": 0, "layer": "0", "olinetype": "ByLayer", "linetype": "", "color": "0,0,0,187", "ocolor": 256, "color24": -1, "transparency": 0, "lweight": -1, "linewidth": 0.0, "ltscale": 1.0, "visible": 0, "width": 0.0, "thickness": 0.0, "ext": "(3:0,0,1)" }, "geometry": { "type": "LineString", "coordinates": [ [ 56.395419457728011, 58.217773717037865, 0.0 ], [ 56.395730044844569, 58.217874738644277, 0.0 ], [ 56.395549622512682, 58.217929376948881, 0.0 ], [ 56.394822824960819, 58.21771930280314, 0.0 ], [ 56.394855374681377, 58.217590595217992, 0.0 ], [ 56.39484322843272, 58.217527822915329, 0.0 ], [ 56.394834927248937, 58.217480677334592, 0.0 ], [ 56.394825433123984, 58.217433979210568, 0.0 ], [ 56.395298387308237, 58.217444519679134, 0.0 ], [ 56.395726938320195, 58.217454106862697, 0.0 ], [ 56.395419457728011, 58.217773717037865, 0.0 ] ] } },
{ "type": "Feature", "properties": { "fid": 105, "handle": 138, "block": -1, "etype": 18, "space": 0, "layer": "0", "olinetype": "ByLayer", "linetype": "", "color": "0,0,0,187", "ocolor": 256, "color24": -1, "transparency": 0, "lweight": -1, "linewidth": 0.0, "ltscale": 1.0, "visible": 0, "width": 0.0, "thickness": 0.0, "ext": "(3:0,0,1)" }, "geometry": { "type": "LineString", "coordinates": [ [ 56.396201722185481, 58.217788668938155, 0.0 ], [ 56.395963855888702, 58.21782851430347, 0.0 ], [ 56.395730044844569, 58.217874738644277, 0.0 ], [ 56.395419457728011, 58.217773717037865, 0.0 ], [ 56.395726938320195, 58.217454106862697, 0.0 ], [ 56.396071697384443, 58.217482445675017, 0.0 ], [ 56.396144639813066, 58.217611640027727, 0.0 ], [ 56.396246531441562, 58.217735302770912, 0.0 ], [ 56.396201722185481, 58.217788668938155, 0.0 ] ] } },
{ "type": "Feature", "properties": { "fid": 106, "handle": 139, "block": -1, "etype": 18, "space": 0, "layer": "0", "olinetype": "ByLayer", "linetype": "", "color": "0,0,0,187", "ocolor": 256, "color24": -1, "transparency": 0, "lweight": -1, "linewidth": 0.0, "ltscale": 1.0, "visible": 0, "width": 0.0, "thickness": 0.0, "ext": "(3:0,0,1)" }, "geometry": { "type": "LineString", "coordinates": [ [ 56.396834015921215, 58.217741666070744, 0.0 ], [ 56.396742477788401, 58.21774164586337, 0.0 ], [ 56.396654666936342, 58.217745311129171, 0.0 ], [ 56.396567189371495, 58.217750592809111, 0.0 ], [ 56.396467251920676, 58.217725602940426, 0.0 ], [ 56.396340441663185, 58.21758036270041, 0.0 ], [ 56.39625756666608, 58.217426556252988, 0.0 ], [ 56.39687267024425, 58.217379352904828, 0.0 ], [ 56.396834015921215, 58.217741666070744, 0.0 ] ] } },
{ "type": "Feature", "properties": { "fid": 107, "handle": 140, "block": -1, "etype": 18, "space": 0, "layer": "0", "olinetype": "ByLayer", "linetype": "", "color": "0,0,0,187", "ocolor": 256, "color24": -1, "transparency": 0, "lweight": -1, "linewidth": 0.0, "ltscale": 1.0, "visible": 0, "width": 0.0, "thickness": 0.0, "ext": "(3:0,0,1)" }, "geometry": { "type": "LineString", "coordinates": [ [ 56.39687267024425, 58.217379352904828, 0.0 ], [ 56.39625756666608, 58.217426556252988, 0.0 ], [ 56.396224116291059, 58.217293010282852, 0.0 ], [ 56.396224699176322, 58.217158427966865, 0.0 ], [ 56.396301785120727, 58.21711650299423, 0.0 ], [ 56.396583273672476, 58.217099603868554, 0.0 ], [ 56.396862250497314, 58.217073274009998, 0.0 ], [ 56.39687267024425, 58.217379352904828, 0.0 ] ] } },
{ "type": "Feature", "properties": { "fid": 108, "handle": 141, "block": -1, "etype": 18, "space": 0, "layer": "0", "olinetype": "ByLayer", "linetype": "", "color": "0,0,0,187", "ocolor": 256, "color24": -1, "transparency": 0, "lweight": -1, "linewidth": 0.0, "ltscale": 1.0, "visible": 0, "width": 0.0, "thickness": 0.0, "ext": "(3:0,0,1)" }, "geometry": { "type": "LineString", "coordinates": [ [ 56.397299297929415, 58.217519565112866, 0.0 ], [ 56.39687267024425, 58.217379352904828, 0.0 ], [ 56.396862250497314, 58.217073274009998, 0.0 ], [ 56.396946342878152, 58.217063498971953, 0.0 ], [ 56.397052447600046, 58.217078350516374, 0.0 ], [ 56.397185930223621, 58.217136240301265, 0.0 ], [ 56.397328616772548, 58.217190459910015, 0.0 ], [ 56.397483426272181, 58.217234817854695, 0.0 ], [ 56.397638254651682, 58.217274866104262, 0.0 ], [ 56.397299297929415, 58.217519565112866, 0.0 ] ] } },
{ "type": "Feature", "properties": { "fid": 109, "handle": 142, "block": -1, "etype": 18, "space": 0, "layer": "0", "olinetype": "ByLayer", "linetype": "", "color": "0,0,0,187", "ocolor": 256, "color24": -1, "transparency": 0, "lweight": -1, "linewidth": 0.0, "ltscale": 1.0, "visible": 0, "width": 0.0, "thickness": 0.0, "ext": "(3:0,0,1)" }, "geometry": { "type": "LineString", "coordinates": [ [ 56.396063362357999, 58.218384563716803, 0.0 ], [ 56.395932264958716, 58.218403708483009, 0.0 ], [ 56.395832823088682, 58.218421005972303, 0.0 ], [ 56.395362345102797, 58.218503035585741, 0.0 ], [ 56.395133000576088, 58.218226229142836, 0.0 ], [ 56.395422803267905, 58.218099539458542, 0.0 ], [ 56.39574431892472, 58.21799641033062, 0.0 ], [ 56.396063362357999, 58.218384563716803, 0.0 ] ] } },
{ "type": "Feature", "properties": { "fid": 110, "handle": 143, "block": -1, "etype": 18, "space": 0, "layer": "0", "olinetype": "ByLayer", "linetype": "", "color": "0,0,0,187", "ocolor": 256, "color24": -1, "transparency": 0, "lweight": -1, "linewidth": 0.0, "ltscale": 1.0, "visible": 0, "width": 0.0, "thickness": 0.0, "ext": "(3:0,0,1)" }, "geometry": { "type": "LineString", "coordinates": [ [ 56.396594219631488, 58.218307183051664, 0.0 ], [ 56.39633883639091, 58.218344404365212, 0.0 ], [ 56.396063362357999, 58.218384563716803, 0.0 ], [ 56.39574431892472, 58.21799641033062, 0.0 ], [ 56.396058038766924, 58.217924963977467, 0.0 ], [ 56.396387143824811, 58.217875891072097, 0.0 ], [ 56.396594219631488, 58.218307183051664, 0.0 ] ] } },
{ "type": "Feature", "properties": { "fid": 111, "handle": 144, "block": -1, "etype": 18, "space": 0, "layer": "0", "olinetype": "ByLayer", "linetype": "", "color": "0,0,0,187", "ocolor": 256, "color24": -1, "transparency": 0, "lweight": -1, "linewidth": 0.0, "ltscale": 1.0, "visible": 0, "width": 0.0, "thickness": 0.0, "ext": "(3:0,0,1)" }, "geometry": { "type": "LineString", "coordinates": [ [ 56.398217491538254, 58.21753718127691, 0.0 ], [ 56.397652232936743, 58.217704848137828, 0.0 ], [ 56.397299297929415, 58.217519565112866, 0.0 ], [ 56.397638254651682, 58.217274866104262, 0.0 ], [ 56.397828155048458, 58.217309748678588, 0.0 ], [ 56.398023715104415, 58.217334223020011, 0.0 ], [ 56.39810692095309, 58.217372659021294, 0.0 ], [ 56.398217491538254, 58.21753718127691, 0.0 ] ] } },
{ "type": "Feature", "properties": { "fid": 112, "handle": 145, "block": -1, "etype": 18, "space": 0, "layer": "0", "olinetype": "ByLayer", "linetype": "", "color": "0,0,0,187", "ocolor": 256, "color24": -1, "transparency": 0, "lweight": -1, "linewidth": 0.0, "ltscale": 1.0, "visible": 0, "width": 0.0, "thickness": 0.0, "ext": "(3:0,0,1)" }, "geometry": { "type": "LineString", "coordinates": [ [ 56.398481892843868, 58.217816986661518, 0.0 ], [ 56.39791736315518, 58.21797262478848, 0.0 ], [ 56.397652232936743, 58.217704848137828, 0.0 ], [ 56.398217491538254, 58.21753718127691, 0.0 ], [ 56.398339386249312, 58.217679810128445, 0.0 ], [ 56.398481892843868, 58.217816986661518, 0.0 ] ] } },
{ "type": "Feature", "properties": { "fid": 113, "handle": 146, "block": -1, "etype": 18, "space": 0, "layer": "0", "olinetype": "ByLayer", "linetype": "", "color": "0,0,0,187", "ocolor": 256, "color24": -1, "transparency": 0, "lweight": -1, "linewidth": 0.0, "ltscale": 1.0, "visible": 0, "width": 0.0, "thickness": 0.0, "ext": "(3:0,0,1)" }, "geometry": { "type": "LineString", "coordinates": [ [ 56.398010114857343, 58.218325218928122, 0.0 ], [ 56.397719458648702, 58.218295603255505, 0.0 ], [ 56.397583564639575, 58.218282961212594, 0.0 ], [ 56.397686391952327, 58.218150476290624, 0.0 ], [ 56.397799141995677, 58.218005164323323, 0.0 ], [ 56.39791736315518, 58.21797262478848, 0.0 ], [ 56.398481892843868, 58.217816986661518, 0.0 ], [ 56.398600237801844, 58.217914720111779, 0.0 ], [ 56.398729148517369, 58.218008695147951, 0.0 ], [ 56.398010114857343, 58.218325218928122, 0.0 ] ] } },
{ "type": "Feature", "properties": { "fid": 114, "handle": 147, "block": -1, "etype": 18, "space": 0, "layer": "0", "olinetype": "ByLayer", "linetype": "", "color": "0,0,0,187", "ocolor": 256, "color24": -1, "transparency": 0, "lweight": -1, "linewidth": 0.0, "ltscale": 1.0, "visible": 0, "width": 0.0, "thickness": 0.0, "ext": "(3:0,0,1)" }, "geometry": { "type": "LineString", "coordinates": [ [ 56.398409175170947, 58.218509746765292, 0.0 ], [ 56.398010114857343, 58.218325218928122, 0.0 ], [ 56.398729148517369, 58.218008695147951, 0.0 ], [ 56.398852336862447, 58.218088118609295, 0.0 ], [ 56.398980474138455, 58.218164225883562, 0.0 ], [ 56.399075533693569, 58.218216681253899, 0.0 ], [ 56.398409175170947, 58.218509746765292, 0.0 ] ] } },
{ "type": "Feature", "properties": { "fid": 115, "handle": 148, "block": -1, "etype": 18, "space": 0, "layer": "0", "olinetype": "ByLayer", "linetype": "", "color": "0,0,0,187", "ocolor": 256, "color24": -1, "transparency": 0, "lweight": -1, "linewidth": 0.0, "ltscale": 1.0, "visible": 0, "width": 0.0, "thickness": 0.0, "ext": "(3:0,0,1)" }, "geometry": { "type": "LineString", "coordinates": [ [ 56.398802635412473, 58.218691752815445, 0.0 ], [ 56.398661349242097, 58.218626403585787, 0.0 ], [ 56.398409175170947, 58.218509746765292, 0.0 ], [ 56.399075533693569, 58.218216681253899, 0.0 ], [ 56.399282791260397, 58.218332744988551, 0.0 ], [ 56.399468058463057, 58.218458837990987, 0.0 ], [ 56.398802635412473, 58.218691752815445, 0.0 ] ] } },
{ "type": "Feature", "properties": { "fid": 116, "handle": 149, "block": -1, "etype": 18, "space": 0, "layer": "0", "olinetype": "ByLayer", "linetype": "", "color": "0,0,0,187", "ocolor": 256, "color24": -1, "transparency": 0, "lweight": -1, "linewidth": 0.0, "ltscale": 1.0, "visible": 0, "width": 0.0, "thickness": 0.0, "ext": "(3:0,0,1)" }, "geometry": { "type": "LineString", "coordinates": [ [ 56.394665860031616, 58.216884499432702, 0.0 ], [ 56.394296288615323, 58.216812492530337, 0.0 ], [ 56.393941942812809, 58.216721918343019, 0.0 ], [ 56.394123521187943, 58.216596894721235, 0.0 ], [ 56.394303903380504, 58.216472767198027, 0.0 ], [ 56.394782486864742, 58.216515907284112, 0.0 ], [ 56.394872461173016, 58.216522660636912, 0.0 ], [ 56.394665860031616, 58.216884499432702, 0.0 ] ] } },
{ "type": "Feature", "properties": { "fid": 117, "handle": 150, "block": -1, "etype": 18, "space": 0, "layer": "0", "olinetype": "ByLayer", "linetype": "", "color": "0,0,0,187", "ocolor": 256, "color24": -1, "transparency": 0, "lweight": -1, "linewidth": 0.0, "ltscale": 1.0, "visible": 0, "width": 0.0, "thickness": 0.0, "ext": "(3:0,0,1)" }, "geometry": { "type": "LineString", "coordinates": [ [ 56.395968006238292, 58.216989507787865, 0.0 ], [ 56.395649183655472, 58.216984184247842, 0.0 ], [ 56.395332288254615, 58.21696611322372, 0.0 ], [ 56.395361995125917, 58.216551985462814, 0.0 ], [ 56.395846650820403, 58.216568643269646, 0.0 ], [ 56.395922246599014, 58.216830718151705, 0.0 ], [ 56.395968006238292, 58.216989507787865, 0.0 ] ] } },
{ "type": "Feature", "properties": { "fid": 118, "handle": 151, "block": -1, "etype": 18, "space": 0, "layer": "0", "olinetype": "ByLayer", "linetype": "", "color": "0,0,0,187", "ocolor": 256, "color24": -1, "transparency": 0, "lweight": -1, "linewidth": 0.0, "ltscale": 1.0, "visible": 0, "width": 0.0, "thickness": 0.0, "ext": "(3:0,0,1)" }, "geometry": { "type": "LineString", "coordinates": [ [ 56.397041391270996, 58.214747509756322, 0.0 ], [ 56.396760717957626, 58.214776980329823, 0.0 ], [ 56.396482399999833, 58.214812468510068, 0.0 ], [ 56.396417955447319, 58.214764986057155, 0.0 ], [ 56.396518800548094, 58.214617416258506, 0.0 ], [ 56.396565235000914, 58.21446250857786, 0.0 ], [ 56.396919101194072, 58.214423878795131, 0.0 ], [ 56.397041391270996, 58.214747509756322, 0.0 ] ] } },
{ "type": "Feature", "properties": { "fid": 119, "handle": 152, "block": -1, "etype": 18, "space": 0, "layer": "0", "olinetype": "ByLayer", "linetype": "", "color": "0,0,0,187", "ocolor": 256, "color24": -1, "transparency": 0, "lweight": -1, "linewidth": 0.0, "ltscale": 1.0, "visible": 0, "width": 0.0, "thickness": 0.0, "ext": "(3:0,0,1)" }, "geometry": { "type": "LineString", "coordinates": [ [ 56.397483548774616, 58.214710959499705, 0.0 ], [ 56.39726179791883, 58.214727303703285, 0.0 ], [ 56.397041391270996, 58.214747509756322, 0.0 ], [ 56.396919101194072, 58.214423878795131, 0.0 ], [ 56.397404141834841, 58.214383968580904, 0.0 ], [ 56.397483548774616, 58.214710959499705, 0.0 ] ] } },
{ "type": "Feature", "properties": { "fid": 120, "handle": 153, "block": -1, "etype": 18, "space": 0, "layer": "0", "olinetype": "ByLayer", "linetype": "", "color": "0,0,0,187", "ocolor": 256, "color24": -1, "transparency": 0, "lweight": -1, "linewidth": 0.0, "ltscale": 1.0, "visible": 0, "width": 0.0, "thickness": 0.0, "ext": "(3:0,0,1)" }, "geometry": { "type": "LineString", "coordinates": [ [ 56.397946913164319, 58.214688079853978, 0.0 ], [ 56.39771498374219, 58.214697679062702, 0.0 ], [ 56.397483548774616, 58.214710959499705, 0.0 ], [ 56.397404141834841, 58.214383968580904, 0.0 ], [ 56.397903241658923, 58.214358169056418, 0.0 ], [ 56.397946913164319, 58.214688079853978, 0.0 ] ] } },
{ "type": "Feature", "properties": { "fid": 121, "handle": 154, "block": -1, "etype": 18, "space": 0, "layer": "0", "olinetype": "ByLayer", "linetype": "", "color": "0,0,0,187", "ocolor": 256, "color24": -1, "transparency": 0, "lweight": -1, "linewidth": 0.0, "ltscale": 1.0, "visible": 0, "width": 0.0, "thickness": 0.0, "ext": "(3:0,0,1)" }, "geometry": { "type": "LineString", "coordinates": [ [ 56.398414645573801, 58.214638179369075, 0.0 ], [ 56.398337907369573, 58.214680195822972, 0.0 ], [ 56.398142245726035, 58.214682835954569, 0.0 ], [ 56.397946913164319, 58.214688079853978, 0.0 ], [ 56.397903241658923, 58.214358169056418, 0.0 ], [ 56.398393766885384, 58.214348159001723, 0.0 ], [ 56.398410331214187, 58.214493086687959, 0.0 ], [ 56.398414645573801, 58.214638179369075, 0.0 ] ] } },
{ "type": "Feature", "properties": { "fid": 122, "handle": 155, "block": -1, "etype": 18, "space": 0, "layer": "0", "olinetype": "ByLayer", "linetype": "", "color": "0,0,0,187", "ocolor": 256, "color24": -1, "transparency": 0, "lweight": -1, "linewidth": 0.0, "ltscale": 1.0, "visible": 0, "width": 0.0, "thickness": 0.0, "ext": "(3:0,0,1)" }, "geometry": { "type": "LineString", "coordinates": [ [ 56.398939961113115, 58.214689350044821, 0.0 ], [ 56.398775467654247, 58.214683947699342, 0.0 ], [ 56.398610793397779, 58.214681058820496, 0.0 ], [ 56.398533732517883, 58.214639218714915, 0.0 ], [ 56.398529587418388, 58.214494216021201, 0.0 ], [ 56.398513362093688, 58.21434946831738, 0.0 ], [ 56.398979488431465, 58.214355946892141, 0.0 ], [ 56.398939961113115, 58.214689350044821, 0.0 ] ] } },
{ "type": "Feature", "properties": { "fid": 123, "handle": 156, "block": -1, "etype": 18, "space": 0, "layer": "0", "olinetype": "ByLayer", "linetype": "", "color": "0,0,0,187", "ocolor": 256, "color24": -1, "transparency": 0, "lweight": -1, "linewidth": 0.0, "ltscale": 1.0, "visible": 0, "width": 0.0, "thickness": 0.0, "ext": "(3:0,0,1)" }, "geometry": { "type": "LineString", "coordinates": [ [ 56.399336627151484, 58.214707955336152, 0.0 ], [ 56.39913847107637, 58.214697036979729, 0.0 ], [ 56.398939961113115, 58.214689350044821, 0.0 ], [ 56.398979488431465, 58.214355946892141, 0.0 ], [ 56.399400997900266, 58.214372606209601, 0.0 ], [ 56.399336627151484, 58.214707955336152, 0.0 ] ] } },
{ "type": "Feature", "properties": { "fid": 124, "handle": 157, "block": -1, "etype": 18, "space": 0, "layer": "0", "olinetype": "ByLayer", "linetype": "", "color": "0,0,0,187", "ocolor": 256, "color24": -1, "transparency": 0, "lweight": -1, "linewidth": 0.0, "ltscale": 1.0, "visible": 0, "width": 0.0, "thickness": 0.0, "ext": "(3:0,0,1)" }, "geometry": { "type": "LineString", "coordinates": [ [ 56.399719639119269, 58.214736958002185, 0.0 ], [ 56.399528478643859, 58.214721200274042, 0.0 ], [ 56.399336627151484, 58.214707955336152, 0.0 ], [ 56.399400997900266, 58.214372606209601, 0.0 ], [ 56.399823135878258, 58.214401654778328, 0.0 ], [ 56.399719639119269, 58.214736958002185, 0.0 ] ] } },
{ "type": "Feature", "properties": { "fid": 125, "handle": 158, "block": -1, "etype": 18, "space": 0, "layer": "0", "olinetype": "ByLayer", "linetype": "", "color": "0,0,0,187", "ocolor": 256, "color24": -1, "transparency": 0, "lweight": -1, "linewidth": 0.0, "ltscale": 1.0, "visible": 0, "width": 0.0, "thickness": 0.0, "ext": "(3:0,0,1)" }, "geometry": { "type": "LineString", "coordinates": [ [ 56.4001039699763, 58.214735794352933, 0.0 ], [ 56.400009080427751, 58.214765759693705, 0.0 ], [ 56.399864532692206, 58.214750685769403, 0.0 ], [ 56.399719639119269, 58.214736958002185, 0.0 ], [ 56.399823135878258, 58.214401654778328, 0.0 ], [ 56.400240470426589, 58.214440302972406, 0.0 ], [ 56.40017723646293, 58.214588727941354, 0.0 ], [ 56.4001039699763, 58.214735794352933, 0.0 ] ] } },
{ "type": "Feature", "properties": { "fid": 126, "handle": 159, "block": -1, "etype": 18, "space": 0, "layer": "0", "olinetype": "ByLayer", "linetype": "", "color": "0,0,0,187", "ocolor": 256, "color24": -1, "transparency": 0, "lweight": -1, "linewidth": 0.0, "ltscale": 1.0, "visible": 0, "width": 0.0, "thickness": 0.0, "ext": "(3:0,0,1)" }, "geometry": { "type": "LineString", "coordinates": [ [ 56.396090682385683, 58.215379328083273, 0.0 ], [ 56.395450460266382, 58.215498322727072, 0.0 ], [ 56.395377039302744, 58.215363381308208, 0.0 ], [ 56.395313833492871, 58.215226925944641, 0.0 ], [ 56.395373763847552, 58.215177887937998, 0.0 ], [ 56.395625237298169, 58.215134917776481, 0.0 ], [ 56.395864870674835, 58.215075861847886, 0.0 ], [ 56.396090682385683, 58.215379328083273, 0.0 ] ] } },
{ "type": "Feature", "properties": { "fid": 127, "handle": 160, "block": -1, "etype": 18, "space": 0, "layer": "0", "olinetype": "ByLayer", "linetype": "", "color": "0,0,0,187", "ocolor": 256, "color24": -1, "transparency": 0, "lweight": -1, "linewidth": 0.0, "ltscale": 1.0, "visible": 0, "width": 0.0, "thickness": 0.0, "ext": "(3:0,0,1)" }, "geometry": { "type": "LineString", "coordinates": [ [ 56.396279618481778, 58.215634267230172, 0.0 ], [ 56.395975500197338, 58.215693425617985, 0.0 ], [ 56.395627959399746, 58.215761059997419, 0.0 ], [ 56.395542044379873, 58.215642892766382, 0.0 ], [ 56.395450460266382, 58.215498322727072, 0.0 ], [ 56.396090682385683, 58.215379328083273, 0.0 ], [ 56.396279618481778, 58.215634267230172, 0.0 ] ] } },
{ "type": "Feature", "properties": { "fid": 128, "handle": 161, "block": -1, "etype": 18, "space": 0, "layer": "0", "olinetype": "ByLayer", "linetype": "", "color": "0,0,0,187", "ocolor": 256, "color24": -1, "transparency": 0, "lweight": -1, "linewidth": 0.0, "ltscale": 1.0, "visible": 0, "width": 0.0, "thickness": 0.0, "ext": "(3:0,0,1)" }, "geometry": { "type": "LineString", "coordinates": [ [ 56.39709025010022, 58.216360051091442, 0.0 ], [ 56.396507265990572, 58.216577341026152, 0.0 ], [ 56.396368690968536, 58.216478144725414, 0.0 ], [ 56.396265759397579, 58.216398922829136, 0.0 ], [ 56.39654110997855, 58.216304983545768, 0.0 ], [ 56.39687592487595, 58.216190734606982, 0.0 ], [ 56.39709025010022, 58.216360051091442, 0.0 ] ] } },
{ "type": "Feature", "properties": { "fid": 129, "handle": 162, "block": -1, "etype": 18, "space": 0, "layer": "0", "olinetype": "ByLayer", "linetype": "", "color": "0,0,0,187", "ocolor": 256, "color24": -1, "transparency": 0, "lweight": -1, "linewidth": 0.0, "ltscale": 1.0, "visible": 0, "width": 0.0, "thickness": 0.0, "ext": "(3:0,0,1)" }, "geometry": { "type": "LineString", "coordinates": [ [ 56.397842643596931, 58.215477317880428, 0.0 ], [ 56.397533508021446, 58.215358705846732, 0.0 ], [ 56.39750793554137, 58.215172826747427, 0.0 ], [ 56.397882490811931, 58.215151277597521, 0.0 ], [ 56.398186697885123, 58.215188899656418, 0.0 ], [ 56.398035313587009, 58.215339912023069, 0.0 ], [ 56.397842643596931, 58.215477317880428, 0.0 ] ] } },
{ "type": "Feature", "properties": { "fid": 130, "handle": 163, "block": -1, "etype": 18, "space": 0, "layer": "0", "olinetype": "ByLayer", "linetype": "", "color": "0,0,0,187", "ocolor": 256, "color24": -1, "transparency": 0, "lweight": -1, "linewidth": 0.0, "ltscale": 1.0, "visible": 0, "width": 0.0, "thickness": 0.0, "ext": "(3:0,0,1)" }, "geometry": { "type": "LineString", "coordinates": [ [ 56.399828243897254, 58.21524543103974, 0.0 ], [ 56.399427775824478, 58.21519916996921, 0.0 ], [ 56.399559367282173, 58.214859411061532, 0.0 ], [ 56.399764637975721, 58.214877878826599, 0.0 ], [ 56.399968877475239, 58.214898858941126, 0.0 ], [ 56.400024979588473, 58.214948933459851, 0.0 ], [ 56.399932307207607, 58.215098221484588, 0.0 ], [ 56.399828243897254, 58.21524543103974, 0.0 ] ] } },
{ "type": "Feature", "properties": { "fid": 131, "handle": 164, "block": -1, "etype": 18, "space": 0, "layer": "0", "olinetype": "ByLayer", "linetype": "", "color": "0,0,0,187", "ocolor": 256, "color24": -1, "transparency": 0, "lweight": -1, "linewidth": 0.0, "ltscale": 1.0, "visible": 0, "width": 0.0, "thickness": 0.0, "ext": "(3:0,0,1)" }, "geometry": { "type": "LineString", "coordinates": [ [ 56.399427775824478, 58.21519916996921, 0.0 ], [ 56.399095259391366, 58.21517704963172, 0.0 ], [ 56.398978581120971, 58.215169280022053, 0.0 ], [ 56.39905454901411, 58.214828288568022, 0.0 ], [ 56.399307304776201, 58.214842324181753, 0.0 ], [ 56.399559367282173, 58.214859411061532, 0.0 ], [ 56.399427775824478, 58.21519916996921, 0.0 ] ] } },
{ "type": "Feature", "properties": { "fid": 132, "handle": 165, "block": -1, "etype": 18, "space": 0, "layer": "0", "olinetype": "ByLayer", "linetype": "", "color": "0,0,0,187", "ocolor": 256, "color24": -1, "transparency": 0, "lweight": -1, "linewidth": 0.0, "ltscale": 1.0, "visible": 0, "width": 0.0, "thickness": 0.0, "ext": "(3:0,0,1)" }, "geometry": { "type": "LineString", "coordinates": [ [ 56.398978581120971, 58.215169280022053, 0.0 ], [ 56.398442450068536, 58.215139195403388, 0.0 ], [ 56.398517228244046, 58.214998506259192, 0.0 ], [ 56.398560376828534, 58.214854188228422, 0.0 ], [ 56.398644413536118, 58.214816220491549, 0.0 ], [ 56.398849574140172, 58.21482041427565, 0.0 ], [ 56.39905454901411, 58.214828288568022, 0.0 ], [ 56.398978581120971, 58.215169280022053, 0.0 ] ] } },
{ "type": "Feature", "properties": { "fid": 133, "handle": 166, "block": -1, "etype": 18, "space": 0, "layer": "0", "olinetype": "ByLayer", "linetype": "", "color": "0,0,0,187", "ocolor": 256, "color24": -1, "transparency": 0, "lweight": -1, "linewidth": 0.0, "ltscale": 1.0, "visible": 0, "width": 0.0, "thickness": 0.0, "ext": "(3:0,0,1)" }, "geometry": { "type": "LineString", "coordinates": [ [ 56.398186697885123, 58.215188899656418, 0.0 ], [ 56.397882490811931, 58.215151277597521, 0.0 ], [ 56.397828756245751, 58.214827280397607, 0.0 ], [ 56.398051659959386, 58.214819914773393, 0.0 ], [ 56.398274721051813, 58.214815511750167, 0.0 ], [ 56.398354503716504, 58.214857445029928, 0.0 ], [ 56.398294405411754, 58.21502652262842, 0.0 ], [ 56.398186697885123, 58.215188899656418, 0.0 ] ] } },
{ "type": "Feature", "properties": { "fid": 134, "handle": 167, "block": -1, "etype": 18, "space": 0, "layer": "0", "olinetype": "ByLayer", "linetype": "", "color": "0,0,0,187", "ocolor": 256, "color24": -1, "transparency": 0, "lweight": -1, "linewidth": 0.0, "ltscale": 1.0, "visible": 0, "width": 0.0, "thickness": 0.0, "ext": "(3:0,0,1)" }, "geometry": { "type": "LineString", "coordinates": [ [ 56.397882490811931, 58.215151277597521, 0.0 ], [ 56.39750793554137, 58.215172826747427, 0.0 ], [ 56.397427777029982, 58.215178836022559, 0.0 ], [ 56.397320610081799, 58.214858365933708, 0.0 ], [ 56.397574351299319, 58.214840892710754, 0.0 ], [ 56.397828756245751, 58.214827280397607, 0.0 ], [ 56.397882490811931, 58.215151277597521, 0.0 ] ] } },
{ "type": "Feature", "properties": { "fid": 135, "handle": 168, "block": -1, "etype": 18, "space": 0, "layer": "0", "olinetype": "ByLayer", "linetype": "", "color": "0,0,0,187", "ocolor": 256, "color24": -1, "transparency": 0, "lweight": -1, "linewidth": 0.0, "ltscale": 1.0, "visible": 0, "width": 0.0, "thickness": 0.0, "ext": "(3:0,0,1)" }, "geometry": { "type": "LineString", "coordinates": [ [ 56.397427777029982, 58.215178836022559, 0.0 ], [ 56.3969634592898, 58.215223978553723, 0.0 ], [ 56.39682020926692, 58.214907953825261, 0.0 ], [ 56.39707007364683, 58.214882217011493, 0.0 ], [ 56.397320610081799, 58.214858365933708, 0.0 ], [ 56.397427777029982, 58.215178836022559, 0.0 ] ] } },
{ "type": "Feature", "properties": { "fid": 136, "handle": 169, "block": -1, "etype": 18, "space": 0, "layer": "0", "olinetype": "ByLayer", "linetype": "", "color": "0,0,0,187", "ocolor": 256, "color24": -1, "transparency": 0, "lweight": -1, "linewidth": 0.0, "ltscale": 1.0, "visible": 0, "width": 0.0, "thickness": 0.0, "ext": "(3:0,0,1)" }, "geometry": { "type": "LineString", "coordinates": [ [ 56.398045949845546, 58.217227588666468, 0.0 ], [ 56.397662213886157, 58.21716311630999, 0.0 ], [ 56.397316100006655, 58.217054604958243, 0.0 ], [ 56.397336423350694, 58.216997258679179, 0.0 ], [ 56.397666007805526, 58.216913347688227, 0.0 ], [ 56.39782105620808, 58.216862087821525, 0.0 ], [ 56.397938824983207, 58.217053463702676, 0.0 ], [ 56.398045949845546, 58.217227588666468, 0.0 ] ] } },
{ "type": "Feature", "properties": { "fid": 137, "handle": 170, "block": -1, "etype": 18, "space": 0, "layer": "0", "olinetype": "ByLayer", "linetype": "", "color": "0,0,0,187", "ocolor": 256, "color24": -1, "transparency": 0, "lweight": -1, "linewidth": 0.0, "ltscale": 1.0, "visible": 0, "width": 0.0, "thickness": 0.0, "ext": "(3:0,0,1)" }, "geometry": { "type": "LineString", "coordinates": [ [ 56.39877028400106, 58.21721920229291, 0.0 ], [ 56.398408970904363, 58.217242565436166, 0.0 ], [ 56.398045949845546, 58.217227588666468, 0.0 ], [ 56.397938824983207, 58.217053463702676, 0.0 ], [ 56.398547118749242, 58.216965303642326, 0.0 ], [ 56.39877028400106, 58.21721920229291, 0.0 ] ] } },
{ "type": "Feature", "properties": { "fid": 138, "handle": 171, "block": -1, "etype": 18, "space": 0, "layer": "0", "olinetype": "ByLayer", "linetype": "", "color": "0,0,0,187", "ocolor": 256, "color24": -1, "transparency": 0, "lweight": -1, "linewidth": 0.0, "ltscale": 1.0, "visible": 0, "width": 0.0, "thickness": 0.0, "ext": "(3:0,0,1)" }, "geometry": { "type": "LineString", "coordinates": [ [ 56.399376599812165, 58.217076089437946, 0.0 ], [ 56.399086985540407, 58.217163733209325, 0.0 ], [ 56.39877028400106, 58.21721920229291, 0.0 ], [ 56.398547118749242, 58.216965303642326, 0.0 ], [ 56.39902858034138, 58.216814502394271, 0.0 ], [ 56.399376599812165, 58.217076089437946, 0.0 ] ] } },
{ "type": "Feature", "properties": { "fid": 139, "handle": 172, "block": -1, "etype": 18, "space": 0, "layer": "0", "olinetype": "ByLayer", "linetype": "", "color": "0,0,0,187", "ocolor": 256, "color24": -1, "transparency": 0, "lweight": -1, "linewidth": 0.0, "ltscale": 1.0, "visible": 0, "width": 0.0, "thickness": 0.0, "ext": "(3:0,0,1)" }, "geometry": { "type": "LineString", "coordinates": [ [ 56.39902858034138, 58.216814502394271, 0.0 ], [ 56.398547118749242, 58.216965303642326, 0.0 ], [ 56.398296188819529, 58.216679768339866, 0.0 ], [ 56.398533385936886, 58.216555073967839, 0.0 ], [ 56.39902858034138, 58.216814502394271, 0.0 ] ] } },
{ "type": "Feature", "properties": { "fid": 140, "handle": 173, "block": -1, "etype": 18, "space": 0, "layer": "0", "olinetype": "ByLayer", "linetype": "", "color": "0,0,0,187", "ocolor": 256, "color24": -1, "transparency": 0, "lweight": -1, "linewidth": 0.0, "ltscale": 1.0, "visible": 0, "width": 0.0, "thickness": 0.0, "ext": "(3:0,0,1)" }, "geometry": { "type": "LineString", "coordinates": [ [ 56.401052414854277, 58.214703686590042, 0.0 ], [ 56.400987012999408, 58.214882904607848, 0.0 ], [ 56.40038510168511, 58.214758300689937, 0.0 ], [ 56.400428075234984, 58.214653665421139, 0.0 ], [ 56.400464926902835, 58.214548304701282, 0.0 ], [ 56.400556254868022, 58.214515461826217, 0.0 ], [ 56.400773479129512, 58.214563480226666, 0.0 ], [ 56.40095245739478, 58.214644223943679, 0.0 ], [ 56.401052414854277, 58.214703686590042, 0.0 ] ] } },
{ "type": "Feature", "properties": { "fid": 141, "handle": 174, "block": -1, "etype": 18, "space": 0, "layer": "0", "olinetype": "ByLayer", "linetype": "", "color": "0,0,0,187", "ocolor": 256, "color24": -1, "transparency": 0, "lweight": -1, "linewidth": 0.0, "ltscale": 1.0, "visible": 0, "width": 0.0, "thickness": 0.0, "ext": "(3:0,0,1)" }, "geometry": { "type": "LineString", "coordinates": [ [ 56.401583266409112, 58.214978230201872, 0.0 ], [ 56.401547437186608, 58.215043190576111, 0.0 ], [ 56.401510077021001, 58.215108059374757, 0.0 ], [ 56.400931758940651, 58.214995246944866, 0.0 ], [ 56.400987012999408, 58.214882904607848, 0.0 ], [ 56.401052414854277, 58.214703686590042, 0.0 ], [ 56.401286875556394, 58.21482067674323, 0.0 ], [ 56.401544707704772, 58.214922879666467, 0.0 ], [ 56.401583266409112, 58.214978230201872, 0.0 ] ] } },
{ "type": "Feature", "properties": { "fid": 142, "handle": 175, "block": -1, "etype": 18, "space": 0, "layer": "0", "olinetype": "ByLayer", "linetype": "", "color": "0,0,0,187", "ocolor": 256, "color24": -1, "transparency": 0, "lweight": -1, "linewidth": 0.0, "ltscale": 1.0, "visible": 0, "width": 0.0, "thickness": 0.0, "ext": "(3:0,0,1)" }, "geometry": { "type": "LineString", "coordinates": [ [ 56.39965609381612, 58.218413720010957, 0.0 ], [ 56.3995380176233, 58.218331789471911, 0.0 ], [ 56.399419941593557, 58.218249948604303, 0.0 ], [ 56.3999813547195, 58.217985753923109, 0.0 ], [ 56.400250073543084, 58.218133491599751, 0.0 ], [ 56.400135406571316, 58.218211197737787, 0.0 ], [ 56.400007153878398, 58.218282603062178, 0.0 ], [ 56.399840105150531, 58.218354411483865, 0.0 ], [ 56.39965609381612, 58.218413720010957, 0.0 ] ] } },
{ "type": "Feature", "properties": { "fid": 143, "handle": 176, "block": -1, "etype": 18, "space": 0, "layer": "0", "olinetype": "ByLayer", "linetype": "", "color": "0,0,0,187", "ocolor": 256, "color24": -1, "transparency": 0, "lweight": -1, "linewidth": 0.0, "ltscale": 1.0, "visible": 0, "width": 0.0, "thickness": 0.0, "ext": "(3:0,0,1)" }, "geometry": { "type": "LineString", "coordinates": [ [ 56.399419941593557, 58.218249948604303, 0.0 ], [ 56.399262234536238, 58.218165097979814, 0.0 ], [ 56.399108108932126, 58.218078455760306, 0.0 ], [ 56.399676976105752, 58.217821812906614, 0.0 ], [ 56.399822127198057, 58.217898298523899, 0.0 ], [ 56.3999813547195, 58.217985753923109, 0.0 ], [ 56.399419941593557, 58.218249948604303, 0.0 ] ] } },
{ "type": "Feature", "properties": { "fid": 144, "handle": 177, "block": -1, "etype": 18, "space": 0, "layer": "0", "olinetype": "ByLayer", "linetype": "", "color": "0,0,0,187", "ocolor": 256, "color24": -1, "transparency": 0, "lweight": -1, "linewidth": 0.0, "ltscale": 1.0, "visible": 0, "width": 0.0, "thickness": 0.0, "ext": "(3:0,0,1)" }, "geometry": { "type": "LineString", "coordinates": [ [ 56.398807774980789, 58.217884440538306, 0.0 ], [ 56.398663988974342, 58.217767643334007, 0.0 ], [ 56.398535027130777, 58.217646015355101, 0.0 ], [ 56.399154001664847, 58.217488822845318, 0.0 ], [ 56.399377152290675, 58.21766775254325, 0.0 ], [ 56.398807774980789, 58.217884440538306, 0.0 ] ] } },
{ "type": "Feature", "properties": { "fid": 145, "handle": 178, "block": -1, "etype": 18, "space": 0, "layer": "0", "olinetype": "ByLayer", "linetype": "", "color": "0,0,0,187", "ocolor": 256, "color24": -1, "transparency": 0, "lweight": -1, "linewidth": 0.0, "ltscale": 1.0, "visible": 0, "width": 0.0, "thickness": 0.0, "ext": "(3:0,0,1)" }, "geometry": { "type": "LineString", "coordinates": [ [ 56.399377152290675, 58.21766775254325, 0.0 ], [ 56.399154001664847, 58.217488822845318, 0.0 ], [ 56.398983471984216, 58.217299450607705, 0.0 ], [ 56.399138596850896, 58.217270185791527, 0.0 ], [ 56.399286105465471, 58.217231394907387, 0.0 ], [ 56.39939323366373, 58.217245976370059, 0.0 ], [ 56.399537625510249, 58.217340328012995, 0.0 ], [ 56.399702306195067, 58.21742500696736, 0.0 ], [ 56.399377152290675, 58.21766775254325, 0.0 ] ] } },
{ "type": "Feature", "properties": { "fid": 146, "handle": 179, "block": -1, "etype": 18, "space": 0, "layer": "0", "olinetype": "ByLayer", "linetype": "", "color": "0,0,0,187", "ocolor": 256, "color24": -1, "transparency": 0, "lweight": -1, "linewidth": 0.0, "ltscale": 1.0, "visible": 0, "width": 0.0, "thickness": 0.0, "ext": "(3:0,0,1)" }, "geometry": { "type": "LineString", "coordinates": [ [ 56.398535027130777, 58.217646015355101, 0.0 ], [ 56.398428017360942, 58.217523784867097, 0.0 ], [ 56.398337017098804, 58.217397982055608, 0.0 ], [ 56.398402383464884, 58.217350834529988, 0.0 ], [ 56.398696453865917, 58.217336190252389, 0.0 ], [ 56.398983471984216, 58.217299450607705, 0.0 ], [ 56.399154001664847, 58.217488822845318, 0.0 ], [ 56.398535027130777, 58.217646015355101, 0.0 ] ] } },
{ "type": "Feature", "properties": { "fid": 147, "handle": 180, "block": -1, "etype": 18, "space": 0, "layer": "0", "olinetype": "ByLayer", "linetype": "", "color": "0,0,0,187", "ocolor": 256, "color24": -1, "transparency": 0, "lweight": -1, "linewidth": 0.0, "ltscale": 1.0, "visible": 0, "width": 0.0, "thickness": 0.0, "ext": "(3:0,0,1)" }, "geometry": { "type": "LineString", "coordinates": [ [ 56.399889273170892, 58.217389763385967, 0.0 ], [ 56.39970129979227, 58.217301017034053, 0.0 ], [ 56.399539074343778, 58.217199192638063, 0.0 ], [ 56.399553782175545, 58.217141210910363, 0.0 ], [ 56.399752214988261, 58.217049777611223, 0.0 ], [ 56.399821482967425, 58.217004788720914, 0.0 ], [ 56.400195700198118, 58.217188563500784, 0.0 ], [ 56.399889273170892, 58.217389763385967, 0.0 ] ] } },
{ "type": "Feature", "properties": { "fid": 148, "handle": 181, "block": -1, "etype": 18, "space": 0, "layer": "0", "olinetype": "ByLayer", "linetype": "", "color": "0,0,0,187", "ocolor": 256, "color24": -1, "transparency": 0, "lweight": -1, "linewidth": 0.0, "ltscale": 1.0, "visible": 0, "width": 0.0, "thickness": 0.0, "ext": "(3:0,0,1)" }, "geometry": { "type": "LineString", "coordinates": [ [ 56.400524537334725, 58.216957671354088, 0.0 ], [ 56.400107299264697, 58.216808502762518, 0.0 ], [ 56.400248271209684, 58.216705239701604, 0.0 ], [ 56.400384995668858, 58.216600355426309, 0.0 ], [ 56.400495271121144, 58.216594469394323, 0.0 ], [ 56.400639047279313, 58.216673466380527, 0.0 ], [ 56.400799537393105, 58.21674305566706, 0.0 ], [ 56.400524537334725, 58.216957671354088, 0.0 ] ] } },
{ "type": "Feature", "properties": { "fid": 149, "handle": 182, "block": -1, "etype": 18, "space": 0, "layer": "0", "olinetype": "ByLayer", "linetype": "", "color": "0,0,0,187", "ocolor": 256, "color24": -1, "transparency": 0, "lweight": -1, "linewidth": 0.0, "ltscale": 1.0, "visible": 0, "width": 0.0, "thickness": 0.0, "ext": "(3:0,0,1)" }, "geometry": { "type": "LineString", "coordinates": [ [ 56.400779979156638, 58.217186465397624, 0.0 ], [ 56.400403509170893, 58.217052069712757, 0.0 ], [ 56.400524537334725, 58.216957671354088, 0.0 ], [ 56.400799537393105, 58.21674305566706, 0.0 ], [ 56.401026713635098, 58.216814967231123, 0.0 ], [ 56.401270978558252, 58.216869301079441, 0.0 ], [ 56.400779979156638, 58.217186465397624, 0.0 ] ] } },
{ "type": "Feature", "properties": { "fid": 150, "handle": 183, "block": -1, "etype": 18, "space": 0, "layer": "0", "olinetype": "ByLayer", "linetype": "", "color": "0,0,0,187", "ocolor": 256, "color24": -1, "transparency": 0, "lweight": -1, "linewidth": 0.0, "ltscale": 1.0, "visible": 0, "width": 0.0, "thickness": 0.0, "ext": "(3:0,0,1)" }, "geometry": { "type": "LineString", "coordinates": [ [ 56.400836019681051, 58.216644876991218, 0.0 ], [ 56.400699334668566, 58.216578817119355, 0.0 ], [ 56.400577484344559, 58.216505143027334, 0.0 ], [ 56.400571941464605, 58.216447676134706, 0.0 ], [ 56.400702067110998, 58.216333626032466, 0.0 ], [ 56.400827604251994, 58.216218133917863, 0.0 ], [ 56.401139529798776, 58.216365561187473, 0.0 ], [ 56.400836019681051, 58.216644876991218, 0.0 ] ] } },
{ "type": "Feature", "properties": { "fid": 151, "handle": 184, "block": -1, "etype": 18, "space": 0, "layer": "0", "olinetype": "ByLayer", "linetype": "", "color": "0,0,0,187", "ocolor": 256, "color24": -1, "transparency": 0, "lweight": -1, "linewidth": 0.0, "ltscale": 1.0, "visible": 0, "width": 0.0, "thickness": 0.0, "ext": "(3:0,0,1)" }, "geometry": { "type": "LineString", "coordinates": [ [ 56.401139529798776, 58.216365561187473, 0.0 ], [ 56.400827604251994, 58.216218133917863, 0.0 ], [ 56.400948213020463, 58.2161011096252, 0.0 ], [ 56.401063382664447, 58.215982642353495, 0.0 ], [ 56.401173982814193, 58.215979988263285, 0.0 ], [ 56.401287121772725, 58.216061732000995, 0.0 ], [ 56.401419352277287, 58.216134968608792, 0.0 ], [ 56.401139529798776, 58.216365561187473, 0.0 ] ] } },
{ "type": "Feature", "properties": { "fid": 152, "handle": 185, "block": -1, "etype": 18, "space": 0, "layer": "0", "olinetype": "ByLayer", "linetype": "", "color": "0,0,0,187", "ocolor": 256, "color24": -1, "transparency": 0, "lweight": -1, "linewidth": 0.0, "ltscale": 1.0, "visible": 0, "width": 0.0, "thickness": 0.0, "ext": "(3:0,0,1)" }, "geometry": { "type": "LineString", "coordinates": [ [ 56.40147496035398, 58.216507448597397, 0.0 ], [ 56.401139529798776, 58.216365561187473, 0.0 ], [ 56.401419352277287, 58.216134968608792, 0.0 ], [ 56.401579978225321, 58.21621254766616, 0.0 ], [ 56.401754423132765, 58.216281254183244, 0.0 ], [ 56.40147496035398, 58.216507448597397, 0.0 ] ] } },
{ "type": "Feature", "properties": { "fid": 153, "handle": 186, "block": -1, "etype": 18, "space": 0, "layer": "0", "olinetype": "ByLayer", "linetype": "", "color": "0,0,0,187", "ocolor": 256, "color24": -1, "transparency": 0, "lweight": -1, "linewidth": 0.0, "ltscale": 1.0, "visible": 0, "width": 0.0, "thickness": 0.0, "ext": "(3:0,0,1)" }, "geometry": { "type": "LineString", "coordinates": [ [ 56.401925437349739, 58.216642376017511, 0.0 ], [ 56.40147496035398, 58.216507448597397, 0.0 ], [ 56.401754423132765, 58.216281254183244, 0.0 ], [ 56.401943533894567, 58.216341986905839, 0.0 ], [ 56.402142893598203, 58.216393124573372, 0.0 ], [ 56.401925437349739, 58.216642376017511, 0.0 ] ] } },
{ "type": "Feature", "properties": { "fid": 154, "handle": 187, "block": -1, "etype": 18, "space": 0, "layer": "0", "olinetype": "ByLayer", "linetype": "", "color": "0,0,0,187", "ocolor": 256, "color24": -1, "transparency": 0, "lweight": -1, "linewidth": 0.0, "ltscale": 1.0, "visible": 0, "width": 0.0, "thickness": 0.0, "ext": "(3:0,0,1)" }, "geometry": { "type": "LineString", "coordinates": [ [ 56.402462133591648, 58.216911086834045, 0.0 ], [ 56.402214587742868, 58.216949585906569, 0.0 ], [ 56.401975494128422, 58.217001112682276, 0.0 ], [ 56.401834633147004, 58.217037939195123, 0.0 ], [ 56.401754488893459, 58.216958209526339, 0.0 ], [ 56.401825302617432, 58.216827569451574, 0.0 ], [ 56.401925437349739, 58.216642376017511, 0.0 ], [ 56.40242112763184, 58.216747815952722, 0.0 ], [ 56.402462133591648, 58.216911086834045, 0.0 ] ] } },
{ "type": "Feature", "properties": { "fid": 155, "handle": 188, "block": -1, "etype": 18, "space": 0, "layer": "0", "olinetype": "ByLayer", "linetype": "", "color": "0,0,0,187", "ocolor": 256, "color24": -1, "transparency": 0, "lweight": -1, "linewidth": 0.0, "ltscale": 1.0, "visible": 0, "width": 0.0, "thickness": 0.0, "ext": "(3:0,0,1)" }, "geometry": { "type": "LineString", "coordinates": [ [ 56.402938198286698, 58.216867823284552, 0.0 ], [ 56.402698065402859, 58.216883168124028, 0.0 ], [ 56.402462133591648, 58.216911086834045, 0.0 ], [ 56.40242112763184, 58.216747815952722, 0.0 ], [ 56.402537510795625, 58.216459391699672, 0.0 ], [ 56.402716258489313, 58.216475938610905, 0.0 ], [ 56.402896738983173, 58.216484945594345, 0.0 ], [ 56.402938198286698, 58.216867823284552, 0.0 ] ] } },
{ "type": "Feature", "properties": { "fid": 156, "handle": 189, "block": -1, "etype": 18, "space": 0, "layer": "0", "olinetype": "ByLayer", "linetype": "", "color": "0,0,0,187", "ocolor": 256, "color24": -1, "transparency": 0, "lweight": -1, "linewidth": 0.0, "ltscale": 1.0, "visible": 0, "width": 0.0, "thickness": 0.0, "ext": "(3:0,0,1)" }, "geometry": { "type": "LineString", "coordinates": [ [ 56.403355913683662, 58.216863276626356, 0.0 ], [ 56.403146984297386, 58.21686231789672, 0.0 ], [ 56.402938198286698, 58.216867823284552, 0.0 ], [ 56.402896738983173, 58.216484945594345, 0.0 ], [ 56.403087289695911, 58.216486242686386, 0.0 ], [ 56.403277025349645, 58.21647891949722, 0.0 ], [ 56.403355913683662, 58.216863276626356, 0.0 ] ] } },
{ "type": "Feature", "properties": { "fid": 157, "handle": 190, "block": -1, "etype": 18, "space": 0, "layer": "0", "olinetype": "ByLayer", "linetype": "", "color": "0,0,0,187", "ocolor": 256, "color24": -1, "transparency": 0, "lweight": -1, "linewidth": 0.0, "ltscale": 1.0, "visible": 0, "width": 0.0, "thickness": 0.0, "ext": "(3:0,0,1)" }, "geometry": { "type": "LineString", "coordinates": [ [ 56.403758245688557, 58.216834559638116, 0.0 ], [ 56.403558250936371, 58.216853722965375, 0.0 ], [ 56.403355913683662, 58.216863276626356, 0.0 ], [ 56.403277025349645, 58.21647891949722, 0.0 ], [ 56.403468668392598, 58.216462889377496, 0.0 ], [ 56.403656773884919, 58.216438235850944, 0.0 ], [ 56.403712031311962, 58.216653865518026, 0.0 ], [ 56.403758245688557, 58.216834559638116, 0.0 ] ] } },
{ "type": "Feature", "properties": { "fid": 158, "handle": 191, "block": -1, "etype": 18, "space": 0, "layer": "0", "olinetype": "ByLayer", "linetype": "", "color": "0,0,0,187", "ocolor": 256, "color24": -1, "transparency": 0, "lweight": -1, "linewidth": 0.0, "ltscale": 1.0, "visible": 0, "width": 0.0, "thickness": 0.0, "ext": "(3:0,0,1)" }, "geometry": { "type": "LineString", "coordinates": [ [ 56.404233919839243, 58.21655426670128, 0.0 ], [ 56.403712031311962, 58.216653865518026, 0.0 ], [ 56.403656773884919, 58.216438235850944, 0.0 ], [ 56.403799793970165, 58.216413171228396, 0.0 ], [ 56.40393926126918, 58.216383164373106, 0.0 ], [ 56.404045017017943, 58.216400344038568, 0.0 ], [ 56.404233919839243, 58.21655426670128, 0.0 ] ] } },
{ "type": "Feature", "properties": { "fid": 159, "handle": 192, "block": -1, "etype": 18, "space": 0, "layer": "0", "olinetype": "ByLayer", "linetype": "", "color": "0,0,0,187", "ocolor": 256, "color24": -1, "transparency": 0, "lweight": -1, "linewidth": 0.0, "ltscale": 1.0, "visible": 0, "width": 0.0, "thickness": 0.0, "ext": "(3:0,0,1)" }, "geometry": { "type": "LineString", "coordinates": [ [ 56.404445417528208, 58.216716833935493, 0.0 ], [ 56.40409842716366, 58.216776232044076, 0.0 ], [ 56.403826526996667, 58.216821260442856, 0.0 ], [ 56.403758245688557, 58.216834559638116, 0.0 ], [ 56.403712031311962, 58.216653865518026, 0.0 ], [ 56.404233919839243, 58.21655426670128, 0.0 ], [ 56.404445417528208, 58.216716833935493, 0.0 ] ] } },
{ "type": "Feature", "properties": { "fid": 160, "handle": 193, "block": -1, "etype": 18, "space": 0, "layer": "0", "olinetype": "ByLayer", "linetype": "", "color": "0,0,0,187", "ocolor": 256, "color24": -1, "transparency": 0, "lweight": -1, "linewidth": 0.0, "ltscale": 1.0, "visible": 0, "width": 0.0, "thickness": 0.0, "ext": "(3:0,0,1)" }, "geometry": { "type": "LineString", "coordinates": [ [ 56.401808464992335, 58.215929282284051, 0.0 ], [ 56.401652572947604, 58.216103367613357, 0.0 ], [ 56.401430546952021, 58.215980556830431, 0.0 ], [ 56.401247553866227, 58.215841001992459, 0.0 ], [ 56.401243204713261, 58.215782638697561, 0.0 ], [ 56.401293133117761, 58.215723261337097, 0.0 ], [ 56.40134170178225, 58.215663523243755, 0.0 ], [ 56.401902168700033, 58.21581689447116, 0.0 ], [ 56.401808464992335, 58.215929282284051, 0.0 ] ] } },
{ "type": "Feature", "properties": { "fid": 161, "handle": 194, "block": -1, "etype": 18, "space": 0, "layer": "0", "olinetype": "ByLayer", "linetype": "", "color": "0,0,0,187", "ocolor": 256, "color24": -1, "transparency": 0, "lweight": -1, "linewidth": 0.0, "ltscale": 1.0, "visible": 0, "width": 0.0, "thickness": 0.0, "ext": "(3:0,0,1)" }, "geometry": { "type": "LineString", "coordinates": [ [ 56.401902168700033, 58.21581689447116, 0.0 ], [ 56.40134170178225, 58.215663523243755, 0.0 ], [ 56.401418845774266, 58.215564853098904, 0.0 ], [ 56.401492249401585, 58.215465460294503, 0.0 ], [ 56.402060743086892, 58.215610939376482, 0.0 ], [ 56.401902168700033, 58.21581689447116, 0.0 ] ] } },
{ "type": "Feature", "properties": { "fid": 162, "handle": 195, "block": -1, "etype": 18, "space": 0, "layer": "0", "olinetype": "ByLayer", "linetype": "", "color": "0,0,0,187", "ocolor": 256, "color24": -1, "transparency": 0, "lweight": -1, "linewidth": 0.0, "ltscale": 1.0, "visible": 0, "width": 0.0, "thickness": 0.0, "ext": "(3:0,0,1)" }, "geometry": { "type": "LineString", "coordinates": [ [ 56.402060743086892, 58.215610939376482, 0.0 ], [ 56.401492249401585, 58.215465460294503, 0.0 ], [ 56.401571328191345, 58.215351439606565, 0.0 ], [ 56.401646156535648, 58.21523660588533, 0.0 ], [ 56.402186390429925, 58.215344702266577, 0.0 ], [ 56.402060743086892, 58.215610939376482, 0.0 ] ] } },
{ "type": "Feature", "properties": { "fid": 163, "handle": 196, "block": -1, "etype": 18, "space": 0, "layer": "0", "olinetype": "ByLayer", "linetype": "", "color": "0,0,0,187", "ocolor": 256, "color24": -1, "transparency": 0, "lweight": -1, "linewidth": 0.0, "ltscale": 1.0, "visible": 0, "width": 0.0, "thickness": 0.0, "ext": "(3:0,0,1)" }, "geometry": { "type": "LineString", "coordinates": [ [ 56.402186390429925, 58.215344702266577, 0.0 ], [ 56.401646156535648, 58.21523660588533, 0.0 ], [ 56.401705254629292, 58.215140338673784, 0.0 ], [ 56.401760102110337, 58.215043348236463, 0.0 ], [ 56.401861936351217, 58.215020572216972, 0.0 ], [ 56.402091238459398, 58.215070128693803, 0.0 ], [ 56.402324477021963, 58.215114212622645, 0.0 ], [ 56.402186390429925, 58.215344702266577, 0.0 ] ] } },
{ "type": "Feature", "properties": { "fid": 164, "handle": 197, "block": -1, "etype": 18, "space": 0, "layer": "0", "olinetype": "ByLayer", "linetype": "", "color": "0,0,0,187", "ocolor": 256, "color24": -1, "transparency": 0, "lweight": -1, "linewidth": 0.0, "ltscale": 1.0, "visible": 0, "width": 0.0, "thickness": 0.0, "ext": "(3:0,0,1)" }, "geometry": { "type": "LineString", "coordinates": [ [ 56.402662800815179, 58.215418156594666, 0.0 ], [ 56.402186390429925, 58.215344702266577, 0.0 ], [ 56.402324477021963, 58.215114212622645, 0.0 ], [ 56.402596207413211, 58.215148374843821, 0.0 ], [ 56.402873101822593, 58.215168177344189, 0.0 ], [ 56.402662800815179, 58.215418156594666, 0.0 ] ] } },
{ "type": "Feature", "properties": { "fid": 165, "handle": 198, "block": -1, "etype": 18, "space": 0, "layer": "0", "olinetype": "ByLayer", "linetype": "", "color": "0,0,0,187", "ocolor": 256, "color24": -1, "transparency": 0, "lweight": -1, "linewidth": 0.0, "ltscale": 1.0, "visible": 0, "width": 0.0, "thickness": 0.0, "ext": "(3:0,0,1)" }, "geometry": { "type": "LineString", "coordinates": [ [ 56.403221717155745, 58.21545318772867, 0.0 ], [ 56.402752303206931, 58.215538388149774, 0.0 ], [ 56.402662800815179, 58.215418156594666, 0.0 ], [ 56.402873101822593, 58.215168177344189, 0.0 ], [ 56.403006127769451, 58.215172550533019, 0.0 ], [ 56.403092744775847, 58.215209012030719, 0.0 ], [ 56.403221717155745, 58.21545318772867, 0.0 ] ] } },
{ "type": "Feature", "properties": { "fid": 166, "handle": 199, "block": -1, "etype": 18, "space": 0, "layer": "0", "olinetype": "ByLayer", "linetype": "", "color": "0,0,0,187", "ocolor": 256, "color24": -1, "transparency": 0, "lweight": -1, "linewidth": 0.0, "ltscale": 1.0, "visible": 0, "width": 0.0, "thickness": 0.0, "ext": "(3:0,0,1)" }, "geometry": { "type": "LineString", "coordinates": [ [ 56.402820036419079, 58.215656798873688, 0.0 ], [ 56.402620449921429, 58.215661057411417, 0.0 ], [ 56.402365431969777, 58.215657440439266, 0.0 ], [ 56.402060743086892, 58.215610939376482, 0.0 ], [ 56.402186390429925, 58.215344702266577, 0.0 ], [ 56.402662800815179, 58.215418156594666, 0.0 ], [ 56.402752303206931, 58.215538388149774, 0.0 ], [ 56.402820036419079, 58.215656798873688, 0.0 ] ] } },
{ "type": "Feature", "properties": { "fid": 167, "handle": 200, "block": -1, "etype": 18, "space": 0, "layer": "0", "olinetype": "ByLayer", "linetype": "", "color": "0,0,0,187", "ocolor": 256, "color24": -1, "transparency": 0, "lweight": -1, "linewidth": 0.0, "ltscale": 1.0, "visible": 0, "width": 0.0, "thickness": 0.0, "ext": "(3:0,0,1)" }, "geometry": { "type": "LineString", "coordinates": [ [ 56.40235840721428, 58.215792015338693, 0.0 ], [ 56.402400768272855, 58.215792692858855, 0.0 ], [ 56.402371577151094, 58.21589806298369, 0.0 ], [ 56.402326059125471, 58.216001887898841, 0.0 ], [ 56.401808464992335, 58.215929282284051, 0.0 ], [ 56.401902168700033, 58.21581689447116, 0.0 ], [ 56.402060743086892, 58.215610939376482, 0.0 ], [ 56.402365431969777, 58.215657440439266, 0.0 ], [ 56.40235840721428, 58.215792015338693, 0.0 ] ] } },
{ "type": "Feature", "properties": { "fid": 168, "handle": 201, "block": -1, "etype": 18, "space": 0, "layer": "0", "olinetype": "ByLayer", "linetype": "", "color": "0,0,0,187", "ocolor": 256, "color24": -1, "transparency": 0, "lweight": -1, "linewidth": 0.0, "ltscale": 1.0, "visible": 0, "width": 0.0, "thickness": 0.0, "ext": "(3:0,0,1)" }, "geometry": { "type": "LineString", "coordinates": [ [ 56.402158871118587, 58.216233421155778, 0.0 ], [ 56.402053651047488, 58.216251345260204, 0.0 ], [ 56.401844663382931, 58.216183676399773, 0.0 ], [ 56.401652572947604, 58.216103367613357, 0.0 ], [ 56.401808464992335, 58.215929282284051, 0.0 ], [ 56.402326059125471, 58.216001887898841, 0.0 ], [ 56.402252920026498, 58.216119776545291, 0.0 ], [ 56.402158871118587, 58.216233421155778, 0.0 ] ] } },
{ "type": "Feature", "properties": { "fid": 169, "handle": 202, "block": -1, "etype": 18, "space": 0, "layer": "0", "olinetype": "ByLayer", "linetype": "", "color": "0,0,0,187", "ocolor": 256, "color24": -1, "transparency": 0, "lweight": -1, "linewidth": 0.0, "ltscale": 1.0, "visible": 0, "width": 0.0, "thickness": 0.0, "ext": "(3:0,0,1)" }, "geometry": { "type": "LineString", "coordinates": [ [ 56.40283679642468, 58.216374714070291, 0.0 ], [ 56.402593918364339, 58.216355399743328, 0.0 ], [ 56.402357058489642, 58.21632091878768, 0.0 ], [ 56.402317813217536, 58.216266375741057, 0.0 ], [ 56.4024159722359, 58.216146181695542, 0.0 ], [ 56.402492200533239, 58.216021742453933, 0.0 ], [ 56.402795788160383, 58.216047591379613, 0.0 ], [ 56.40283679642468, 58.216374714070291, 0.0 ] ] } },
{ "type": "Feature", "properties": { "fid": 170, "handle": 203, "block": -1, "etype": 18, "space": 0, "layer": "0", "olinetype": "ByLayer", "linetype": "", "color": "0,0,0,187", "ocolor": 256, "color24": -1, "transparency": 0, "lweight": -1, "linewidth": 0.0, "ltscale": 1.0, "visible": 0, "width": 0.0, "thickness": 0.0, "ext": "(3:0,0,1)" }, "geometry": { "type": "LineString", "coordinates": [ [ 56.403030474793184, 58.215990222164415, 0.0 ], [ 56.402795788160383, 58.216047591379613, 0.0 ], [ 56.402492200533239, 58.216021742453933, 0.0 ], [ 56.40254030630701, 58.215909211631413, 0.0 ], [ 56.402571404961449, 58.215795045050449, 0.0 ], [ 56.402613595892568, 58.215795722303348, 0.0 ], [ 56.402620449921429, 58.215661057411417, 0.0 ], [ 56.402820036419079, 58.215656798873688, 0.0 ], [ 56.402887770453638, 58.215775119778229, 0.0 ], [ 56.403030474793184, 58.215990222164415, 0.0 ] ] } },
{ "type": "Feature", "properties": { "fid": 171, "handle": 204, "block": -1, "etype": 18, "space": 0, "layer": "0", "olinetype": "ByLayer", "linetype": "", "color": "0,0,0,187", "ocolor": 256, "color24": -1, "transparency": 0, "lweight": -1, "linewidth": 0.0, "ltscale": 1.0, "visible": 0, "width": 0.0, "thickness": 0.0, "ext": "(3:0,0,1)" }, "geometry": { "type": "LineString", "coordinates": [ [ 56.403365602786948, 58.215670805003334, 0.0 ], [ 56.402887770453638, 58.215775119778229, 0.0 ], [ 56.402820036419079, 58.215656798873688, 0.0 ], [ 56.402752303206931, 58.215538388149774, 0.0 ], [ 56.403221717155745, 58.21545318772867, 0.0 ], [ 56.403365602786948, 58.215670805003334, 0.0 ] ] } },
{ "type": "Feature", "properties": { "fid": 172, "handle": 205, "block": -1, "etype": 18, "space": 0, "layer": "0", "olinetype": "ByLayer", "linetype": "", "color": "0,0,0,187", "ocolor": 256, "color24": -1, "transparency": 0, "lweight": -1, "linewidth": 0.0, "ltscale": 1.0, "visible": 0, "width": 0.0, "thickness": 0.0, "ext": "(3:0,0,1)" }, "geometry": { "type": "LineString", "coordinates": [ [ 56.403516519451756, 58.215875411813926, 0.0 ], [ 56.403030474793184, 58.215990222164415, 0.0 ], [ 56.402887770453638, 58.215775119778229, 0.0 ], [ 56.403365602786948, 58.215670805003334, 0.0 ], [ 56.403439017613024, 58.215773510101258, 0.0 ], [ 56.403516519451756, 58.215875411813926, 0.0 ] ] } },
{ "type": "Feature", "properties": { "fid": 173, "handle": 206, "block": -1, "etype": 18, "space": 0, "layer": "0", "olinetype": "ByLayer", "linetype": "", "color": "0,0,0,187", "ocolor": 256, "color24": -1, "transparency": 0, "lweight": -1, "linewidth": 0.0, "ltscale": 1.0, "visible": 0, "width": 0.0, "thickness": 0.0, "ext": "(3:0,0,1)" }, "geometry": { "type": "LineString", "coordinates": [ [ 56.403683668540211, 58.216063606985884, 0.0 ], [ 56.403213055695524, 58.216190197162852, 0.0 ], [ 56.403030474793184, 58.215990222164415, 0.0 ], [ 56.403516519451756, 58.215875411813926, 0.0 ], [ 56.403587105392567, 58.215962940436334, 0.0 ], [ 56.403683668540211, 58.216063606985884, 0.0 ] ] } },
{ "type": "Feature", "properties": { "fid": 174, "handle": 207, "block": -1, "etype": 18, "space": 0, "layer": "0", "olinetype": "ByLayer", "linetype": "", "color": "0,0,0,187", "ocolor": 256, "color24": -1, "transparency": 0, "lweight": -1, "linewidth": 0.0, "ltscale": 1.0, "visible": 0, "width": 0.0, "thickness": 0.0, "ext": "(3:0,0,1)" }, "geometry": { "type": "LineString", "coordinates": [ [ 56.403860753149047, 58.216235832148648, 0.0 ], [ 56.403827347184894, 58.216291458610904, 0.0 ], [ 56.403617569942888, 58.216331889116951, 0.0 ], [ 56.403400866984256, 58.216360100981568, 0.0 ], [ 56.403213055695524, 58.216190197162852, 0.0 ], [ 56.403683668540211, 58.216063606985884, 0.0 ], [ 56.403860753149047, 58.216235832148648, 0.0 ] ] } },
{ "type": "Feature", "properties": { "fid": 175, "handle": 208, "block": -1, "etype": 18, "space": 0, "layer": "0", "olinetype": "ByLayer", "linetype": "", "color": "0,0,0,187", "ocolor": 256, "color24": -1, "transparency": 0, "lweight": -1, "linewidth": 0.0, "ltscale": 1.0, "visible": 0, "width": 0.0, "thickness": 0.0, "ext": "(3:0,0,1)" }, "geometry": { "type": "LineString", "coordinates": [ [ 56.403400866984256, 58.216360100981568, 0.0 ], [ 56.403119724806196, 58.21637773378081, 0.0 ], [ 56.40283679642468, 58.216374714070291, 0.0 ], [ 56.402795788160383, 58.216047591379613, 0.0 ], [ 56.403030474793184, 58.215990222164415, 0.0 ], [ 56.403213055695524, 58.216190197162852, 0.0 ], [ 56.403400866984256, 58.216360100981568, 0.0 ] ] } },
{ "type": "Feature", "properties": { "fid": 176, "handle": 209, "block": -1, "etype": 18, "space": 0, "layer": "0", "olinetype": "ByLayer", "linetype": "", "color": "0,0,0,187", "ocolor": 256, "color24": -1, "transparency": 0, "lweight": -1, "linewidth": 0.0, "ltscale": 1.0, "visible": 0, "width": 0.0, "thickness": 0.0, "ext": "(3:0,0,1)" }, "geometry": { "type": "LineString", "coordinates": [ [ 56.405541771256019, 58.217184497605544, 0.0 ], [ 56.40588729576492, 58.217067453973215, 0.0 ], [ 56.406797174629588, 58.218005622094694, 0.0 ], [ 56.407388357885701, 58.218024600240824, 0.0 ], [ 56.40743366610414, 58.21801235080197, 0.0 ], [ 56.407158528000366, 58.217592222959908, 0.0 ], [ 56.406929415546408, 58.2172365197356, 0.0 ], [ 56.406868194026501, 58.21714469397002, 0.0 ], [ 56.406081274938032, 58.217021255872119, 0.0 ], [ 56.405745736058556, 58.21698406610578, 0.0 ], [ 56.405403100340223, 58.216976764766208, 0.0 ], [ 56.405541771256019, 58.217184497605544, 0.0 ] ] } },
{ "type": "Feature", "properties": { "fid": 177, "handle": 210, "block": -1, "etype": 18, "space": 0, "layer": "0", "olinetype": "ByLayer", "linetype": "", "color": "0,0,0,187", "ocolor": 256, "color24": -1, "transparency": 0, "lweight": -1, "linewidth": 0.0, "ltscale": 1.0, "visible": 0, "width": 0.0, "thickness": 0.0, "ext": "(3:0,0,1)" }, "geometry": { "type": "LineString", "coordinates": [ [ 56.391778125529143, 58.217555210834966, 0.0 ], [ 56.391761985589532, 58.217588050972303, 0.0 ], [ 56.391194685266292, 58.217520458243349, 0.0 ], [ 56.391149537338883, 58.217457734262368, 0.0 ], [ 56.391118762120847, 58.217415049531326, 0.0 ], [ 56.391056366820258, 58.217328422046542, 0.0 ], [ 56.390918557073078, 58.21713710458264, 0.0 ], [ 56.391054229959352, 58.217045606468574, 0.0 ], [ 56.391953823503904, 58.217263188723528, 0.0 ], [ 56.391873564001905, 58.217328809554765, 0.0 ], [ 56.391816414826884, 58.217400923300382, 0.0 ], [ 56.391784258064938, 58.217477197997688, 0.0 ], [ 56.391778125529143, 58.217555210834966, 0.0 ] ] } },
{ "type": "Feature", "properties": { "fid": 178, "handle": 211, "block": -1, "etype": 18, "space": 0, "layer": "0", "olinetype": "ByLayer", "linetype": "", "color": "0,0,0,187", "ocolor": 256, "color24": -1, "transparency": 0, "lweight": -1, "linewidth": 0.0, "ltscale": 1.0, "visible": 0, "width": 0.0, "thickness": 0.0, "ext": "(3:0,0,1)" }, "geometry": { "type": "LineString", "coordinates": [ [ 56.39151418719311, 58.218175006425177, 0.0 ], [ 56.391341915808766, 58.218155309537671, 0.0 ], [ 56.391256035207171, 58.218145506215187, 0.0 ], [ 56.390915914590252, 58.218106655718685, 0.0 ], [ 56.391120485095222, 58.21767640670857, 0.0 ], [ 56.391194685266292, 58.217520458243349, 0.0 ], [ 56.391761985589532, 58.217588050972303, 0.0 ], [ 56.391710307235634, 58.21769231336598, 0.0 ], [ 56.39151418719311, 58.218175006425177, 0.0 ] ] } },
{ "type": "Feature", "properties": { "fid": 179, "handle": 212, "block": -1, "etype": 18, "space": 0, "layer": "0", "olinetype": "ByLayer", "linetype": "", "color": "0,0,0,187", "ocolor": 256, "color24": -1, "transparency": 0, "lweight": -1, "linewidth": 0.0, "ltscale": 1.0, "visible": 0, "width": 0.0, "thickness": 0.0, "ext": "(3:0,0,1)" }, "geometry": { "type": "LineString", "coordinates": [ [ 56.397293519179115, 58.217834602734833, 0.0 ], [ 56.397030668160696, 58.21774998250708, 0.0 ], [ 56.397016664081853, 58.217762086256904, 0.0 ], [ 56.39692671564741, 58.217748511028248, 0.0 ], [ 56.396834015921215, 58.217741666070744, 0.0 ], [ 56.39687267024425, 58.217379352904828, 0.0 ], [ 56.397299297929415, 58.217519565112866, 0.0 ], [ 56.397652232936743, 58.217704848137828, 0.0 ], [ 56.397293519179115, 58.217834602734833, 0.0 ] ] } },
{ "type": "Feature", "properties": { "fid": 180, "handle": 213, "block": -1, "etype": 18, "space": 0, "layer": "0", "olinetype": "ByLayer", "linetype": "", "color": "0,0,0,187", "ocolor": 256, "color24": -1, "transparency": 0, "lweight": -1, "linewidth": 0.0, "ltscale": 1.0, "visible": 0, "width": 0.0, "thickness": 0.0, "ext": "(3:0,0,1)" }, "geometry": { "type": "LineString", "coordinates": [ [ 56.397093231617873, 58.218235687599353, 0.0 ], [ 56.397088299291958, 58.218235232775328, 0.0 ], [ 56.396838876103395, 58.218271564416924, 0.0 ], [ 56.396594219631488, 58.218307183051664, 0.0 ], [ 56.396387143824811, 58.217875891072097, 0.0 ], [ 56.396570463866873, 58.217859053234136, 0.0 ], [ 56.396755795636821, 58.217849130753933, 0.0 ], [ 56.396832019057626, 58.217849581465394, 0.0 ], [ 56.396907022042939, 58.217856854087209, 0.0 ], [ 56.396897629220263, 58.217864923176641, 0.0 ], [ 56.397113925080333, 58.217934584076453, 0.0 ], [ 56.397093231617873, 58.218235687599353, 0.0 ] ] } },
{ "type": "Feature", "properties": { "fid": 181, "handle": 214, "block": -1, "etype": 18, "space": 0, "layer": "0", "olinetype": "ByLayer", "linetype": "", "color": "0,0,0,187", "ocolor": 256, "color24": -1, "transparency": 0, "lweight": -1, "linewidth": 0.0, "ltscale": 1.0, "visible": 0, "width": 0.0, "thickness": 0.0, "ext": "(3:0,0,1)" }, "geometry": { "type": "LineString", "coordinates": [ [ 56.397686391952327, 58.218150476290624, 0.0 ], [ 56.397583564639575, 58.218282961212594, 0.0 ], [ 56.397496143351724, 58.218274866100764, 0.0 ], [ 56.397382191903972, 58.218263776376638, 0.0 ], [ 56.397093231617873, 58.218235687599353, 0.0 ], [ 56.397113925080333, 58.217934584076453, 0.0 ], [ 56.397192035623895, 58.217891941544877, 0.0 ], [ 56.397686391952327, 58.218150476290624, 0.0 ] ] } },
{ "type": "Feature", "properties": { "fid": 182, "handle": 215, "block": -1, "etype": 18, "space": 0, "layer": "0", "olinetype": "ByLayer", "linetype": "", "color": "0,0,0,187", "ocolor": 256, "color24": -1, "transparency": 0, "lweight": -1, "linewidth": 0.0, "ltscale": 1.0, "visible": 0, "width": 0.0, "thickness": 0.0, "ext": "(3:0,0,1)" }, "geometry": { "type": "LineString", "coordinates": [ [ 56.399556805838508, 58.212894082063272, 0.0 ], [ 56.399669064322715, 58.212979686867492, 0.0 ], [ 56.39977706383597, 58.213066812845966, 0.0 ], [ 56.400297318710621, 58.212900969105185, 0.0 ], [ 56.400068247059473, 58.212720148478617, 0.0 ], [ 56.399556805838508, 58.212894082063272, 0.0 ] ] } },
{ "type": "Feature", "properties": { "fid": 183, "handle": 216, "block": -1, "etype": 18, "space": 0, "layer": "0", "olinetype": "ByLayer", "linetype": "", "color": "0,0,0,187", "ocolor": 256, "color24": -1, "transparency": 0, "lweight": -1, "linewidth": 0.0, "ltscale": 1.0, "visible": 0, "width": 0.0, "thickness": 0.0, "ext": "(3:0,0,1)" }, "geometry": { "type": "LineString", "coordinates": [ [ 56.401221227339121, 58.216764198254793, 0.0 ], [ 56.401116852948903, 58.216742259426368, 0.0 ], [ 56.401019998738711, 58.216712248931806, 0.0 ], [ 56.400923144692058, 58.21668223836371, 0.0 ], [ 56.400836019681051, 58.216644876991218, 0.0 ], [ 56.401139529798776, 58.216365561187473, 0.0 ], [ 56.40147496035398, 58.216507448597397, 0.0 ], [ 56.401221227339121, 58.216764198254793, 0.0 ] ] } },
{ "type": "Feature", "properties": { "fid": 184, "handle": 217, "block": -1, "etype": 18, "space": 0, "layer": "0", "olinetype": "ByLayer", "linetype": "", "color": "0,0,0,187", "ocolor": 256, "color24": -1, "transparency": 0, "lweight": -1, "linewidth": 0.0, "ltscale": 1.0, "visible": 0, "width": 0.0, "thickness": 0.0, "ext": "(3:0,0,1)" }, "geometry": { "type": "LineString", "coordinates": [ [ 56.396849882236189, 58.213234993346305, 0.0 ], [ 56.396809139502516, 58.213057086409265, 0.0 ], [ 56.397023438713425, 58.212872572506647, 0.0 ], [ 56.39731079895428, 58.212985683065376, 0.0 ], [ 56.397563536394749, 58.21311967077208, 0.0 ], [ 56.397279692750807, 58.213216924044808, 0.0 ], [ 56.396849882236189, 58.213234993346305, 0.0 ] ] } },
{ "type": "Feature", "properties": { "fid": 185, "handle": 218, "block": -1, "etype": 18, "space": 0, "layer": "0", "olinetype": "ByLayer", "linetype": "", "color": "0,0,0,187", "ocolor": 256, "color24": -1, "transparency": 0, "lweight": -1, "linewidth": 0.0, "ltscale": 1.0, "visible": 0, "width": 0.0, "thickness": 0.0, "ext": "(3:0,0,1)" }, "geometry": { "type": "LineString", "coordinates": [ [ 56.395376349137706, 58.213607425922419, 0.0 ], [ 56.395380962637496, 58.213290231985802, 0.0 ], [ 56.395910489303333, 58.213267080824203, 0.0 ], [ 56.395930925361178, 58.213615100247367, 0.0 ], [ 56.395653969273596, 58.213613149208172, 0.0 ], [ 56.395376349137706, 58.213607425922419, 0.0 ] ] } },
{ "type": "Feature", "properties": { "fid": 186, "handle": 219, "block": -1, "etype": 18, "space": 0, "layer": "0", "olinetype": "ByLayer", "linetype": "", "color": "0,0,0,187", "ocolor": 256, "color24": -1, "transparency": 0, "lweight": -1, "linewidth": 0.0, "ltscale": 1.0, "visible": 0, "width": 0.0, "thickness": 0.0, "ext": "(3:0,0,1)" }, "geometry": { "type": "LineString", "coordinates": [ [ 56.394780942423459, 58.213288515343329, 0.0 ], [ 56.395380962637496, 58.213290231985802, 0.0 ], [ 56.395376349137706, 58.213607425922419, 0.0 ], [ 56.39512257670048, 58.213594817795254, 0.0 ], [ 56.394867880084014, 58.213599087040457, 0.0 ], [ 56.394788944380053, 58.213559576712214, 0.0 ], [ 56.394780009599351, 58.213424084914038, 0.0 ], [ 56.394780942423459, 58.213288515343329, 0.0 ] ] } },
{ "type": "Feature", "properties": { "fid": 187, "handle": 220, "block": -1, "etype": 18, "space": 0, "layer": "0", "olinetype": "ByLayer", "linetype": "", "color": "0,0,0,187", "ocolor": 256, "color24": -1, "transparency": 0, "lweight": -1, "linewidth": 0.0, "ltscale": 1.0, "visible": 0, "width": 0.0, "thickness": 0.0, "ext": "(3:0,0,1)" }, "geometry": { "type": "LineString", "coordinates": [ [ 56.395420004842158, 58.212997410681197, 0.0 ], [ 56.394819163672913, 58.212990036957635, 0.0 ], [ 56.394793844639409, 58.213139044141585, 0.0 ], [ 56.394780942423459, 58.213288515343329, 0.0 ], [ 56.395380962637496, 58.213290231985802, 0.0 ], [ 56.395420004842158, 58.212997410681197, 0.0 ] ] } },
{ "type": "Feature", "properties": { "fid": 188, "handle": 221, "block": -1, "etype": 18, "space": 0, "layer": "0", "olinetype": "ByLayer", "linetype": "", "color": "0,0,0,187", "ocolor": 256, "color24": -1, "transparency": 0, "lweight": -1, "linewidth": 0.0, "ltscale": 1.0, "visible": 0, "width": 0.0, "thickness": 0.0, "ext": "(3:0,0,1)" }, "geometry": { "type": "LineString", "coordinates": [ [ 56.394819163672913, 58.212990036957635, 0.0 ], [ 56.394853792474358, 58.212851725143814, 0.0 ], [ 56.394900835484648, 58.212714416020951, 0.0 ], [ 56.394980458882117, 58.212673931419992, 0.0 ], [ 56.395245392461987, 58.212661324660388, 0.0 ], [ 56.395511304002639, 58.212658504767035, 0.0 ], [ 56.395420004842158, 58.212997410681197, 0.0 ], [ 56.394819163672913, 58.212990036957635, 0.0 ] ] } },
{ "type": "Feature", "properties": { "fid": 189, "handle": 222, "block": -1, "etype": 18, "space": 0, "layer": "0", "olinetype": "ByLayer", "linetype": "", "color": "0,0,0,187", "ocolor": 256, "color24": -1, "transparency": 0, "lweight": -1, "linewidth": 0.0, "ltscale": 1.0, "visible": 0, "width": 0.0, "thickness": 0.0, "ext": "(3:0,0,1)" }, "geometry": { "type": "LineString", "coordinates": [ [ 56.396228230012497, 58.212964540213051, 0.0 ], [ 56.396809139502516, 58.213057086409265, 0.0 ], [ 56.396849882236189, 58.213234993346305, 0.0 ], [ 56.396388949257883, 58.213250599597586, 0.0 ], [ 56.396047289294408, 58.213262397854443, 0.0 ], [ 56.396089397975658, 58.213006570204811, 0.0 ], [ 56.396216102598913, 58.21301507281116, 0.0 ], [ 56.396228230012497, 58.212964540213051, 0.0 ] ] } },
{ "type": "Feature", "properties": { "fid": 190, "handle": 223, "block": -1, "etype": 18, "space": 0, "layer": "0", "olinetype": "ByLayer", "linetype": "", "color": "0,0,0,187", "ocolor": 256, "color24": -1, "transparency": 0, "lweight": -1, "linewidth": 0.0, "ltscale": 1.0, "visible": 0, "width": 0.0, "thickness": 0.0, "ext": "(3:0,0,1)" }, "geometry": { "type": "LineString", "coordinates": [ [ 56.396228230012497, 58.212964540213051, 0.0 ], [ 56.396252481237553, 58.212864283045178, 0.0 ], [ 56.396300775300467, 58.212751126258901, 0.0 ], [ 56.396398204301846, 58.212723501054775, 0.0 ], [ 56.396720994584783, 58.212786108398127, 0.0 ], [ 56.397023438713425, 58.212872572506647, 0.0 ], [ 56.396809139502516, 58.213057086409265, 0.0 ], [ 56.396228230012497, 58.212964540213051, 0.0 ] ] } },
{ "type": "Feature", "properties": { "fid": 191, "handle": 224, "block": -1, "etype": 18, "space": 0, "layer": "0", "olinetype": "ByLayer", "linetype": "", "color": "0,0,0,187", "ocolor": 256, "color24": -1, "transparency": 0, "lweight": -1, "linewidth": 0.0, "ltscale": 1.0, "visible": 0, "width": 0.0, "thickness": 0.0, "ext": "(3:0,0,1)" }, "geometry": { "type": "LineString", "coordinates": [ [ 56.395930925361178, 58.213615100247367, 0.0 ], [ 56.396181871834713, 58.213612530214711, 0.0 ], [ 56.396432497436777, 58.213605470206652, 0.0 ], [ 56.396388949257883, 58.213250599597586, 0.0 ], [ 56.396047289294408, 58.213262397854443, 0.0 ], [ 56.395910489303333, 58.213267080824203, 0.0 ], [ 56.395930925361178, 58.213615100247367, 0.0 ] ] } },
{ "type": "Feature", "properties": { "fid": 192, "handle": 225, "block": -1, "etype": 18, "space": 0, "layer": "0", "olinetype": "ByLayer", "linetype": "", "color": "0,0,0,187", "ocolor": 256, "color24": -1, "transparency": 0, "lweight": -1, "linewidth": 0.0, "ltscale": 1.0, "visible": 0, "width": 0.0, "thickness": 0.0, "ext": "(3:0,0,1)" }, "geometry": { "type": "LineString", "coordinates": [ [ 56.395380962637496, 58.213290231985802, 0.0 ], [ 56.395420004842158, 58.212997410681197, 0.0 ], [ 56.395962863534997, 58.212998067678313, 0.0 ], [ 56.396089397975658, 58.213006570204811, 0.0 ], [ 56.396047289294408, 58.213262397854443, 0.0 ], [ 56.395910489303333, 58.213267080824203, 0.0 ], [ 56.395380962637496, 58.213290231985802, 0.0 ] ] } },
{ "type": "Feature", "properties": { "fid": 193, "handle": 226, "block": -1, "etype": 18, "space": 0, "layer": "0", "olinetype": "ByLayer", "linetype": "", "color": "0,0,0,187", "ocolor": 256, "color24": -1, "transparency": 0, "lweight": -1, "linewidth": 0.0, "ltscale": 1.0, "visible": 0, "width": 0.0, "thickness": 0.0, "ext": "(3:0,0,1)" }, "geometry": { "type": "LineString", "coordinates": [ [ 56.395420004842158, 58.212997410681197, 0.0 ], [ 56.395511304002639, 58.212658504767035, 0.0 ], [ 56.395790439260189, 58.21266620480084, 0.0 ], [ 56.396067827125037, 58.212684586164734, 0.0 ], [ 56.396133623741903, 58.21273314782789, 0.0 ], [ 56.396077740718404, 58.212870087601516, 0.0 ], [ 56.395995085565737, 58.21286451109308, 0.0 ], [ 56.395962863534997, 58.212998067678313, 0.0 ], [ 56.395420004842158, 58.212997410681197, 0.0 ] ] } },
{ "type": "Feature", "properties": { "fid": 194, "handle": 227, "block": -1, "etype": 18, "space": 0, "layer": "0", "olinetype": "ByLayer", "linetype": "", "color": "0,0,0,187", "ocolor": 256, "color24": -1, "transparency": 0, "lweight": -1, "linewidth": 0.0, "ltscale": 1.0, "visible": 0, "width": 0.0, "thickness": 0.0, "ext": "(3:0,0,1)" }, "geometry": { "type": "LineString", "coordinates": [ [ 56.396345943935998, 58.214972205704811, 0.0 ], [ 56.396521282616369, 58.215302724479251, 0.0 ], [ 56.396743137375736, 58.215263217956149, 0.0 ], [ 56.3969634592898, 58.215223978553723, 0.0 ], [ 56.39682020926692, 58.214907953825261, 0.0 ], [ 56.396582233530076, 58.21493837311457, 0.0 ], [ 56.396345943935998, 58.214972205704811, 0.0 ] ] } },
{ "type": "Feature", "properties": { "fid": 195, "handle": 228, "block": -1, "etype": 18, "space": 0, "layer": "0", "olinetype": "ByLayer", "linetype": "", "color": "0,0,0,187", "ocolor": 256, "color24": -1, "transparency": 0, "lweight": -1, "linewidth": 0.0, "ltscale": 1.0, "visible": 0, "width": 0.0, "thickness": 0.0, "ext": "(3:0,0,1)" }, "geometry": { "type": "LineString", "coordinates": [ [ 56.396090682385683, 58.215379328083273, 0.0 ], [ 56.396521282616369, 58.215302724479251, 0.0 ], [ 56.396345943935998, 58.214972205704811, 0.0 ], [ 56.396014966214715, 58.215027740541764, 0.0 ], [ 56.395864870674835, 58.215075861847886, 0.0 ], [ 56.396090682385683, 58.215379328083273, 0.0 ] ] } },
{ "type": "Feature", "properties": { "fid": 196, "handle": 229, "block": -1, "etype": 18, "space": 0, "layer": "0", "olinetype": "ByLayer", "linetype": "", "color": "0,0,0,187", "ocolor": 256, "color24": -1, "transparency": 0, "lweight": -1, "linewidth": 0.0, "ltscale": 1.0, "visible": 0, "width": 0.0, "thickness": 0.0, "ext": "(3:0,0,1)" }, "geometry": { "type": "LineString", "coordinates": [ [ 56.39709025010022, 58.216360051091442, 0.0 ], [ 56.396507265990572, 58.216577341026152, 0.0 ], [ 56.396645363552736, 58.21666908470462, 0.0 ], [ 56.396749380366806, 58.21673376293132, 0.0 ], [ 56.39707093474216, 58.21661788147442, 0.0 ], [ 56.397352612064147, 58.216516496137658, 0.0 ], [ 56.397145357846647, 58.216403571595187, 0.0 ], [ 56.39709025010022, 58.216360051091442, 0.0 ] ] } },
{ "type": "Feature", "properties": { "fid": 197, "handle": 230, "block": -1, "etype": 18, "space": 0, "layer": "0", "olinetype": "ByLayer", "linetype": "", "color": "0,0,0,187", "ocolor": 256, "color24": -1, "transparency": 0, "lweight": -1, "linewidth": 0.0, "ltscale": 1.0, "visible": 0, "width": 0.0, "thickness": 0.0, "ext": "(3:0,0,1)" }, "geometry": { "type": "LineString", "coordinates": [ [ 56.394779801573186, 58.216118260056426, 0.0 ], [ 56.395063557903491, 58.216125877497745, 0.0 ], [ 56.395347676137497, 58.216128556743918, 0.0 ], [ 56.395356728869878, 58.216393873186227, 0.0 ], [ 56.395361995125917, 58.216551985462814, 0.0 ], [ 56.394872461173016, 58.216522660636912, 0.0 ], [ 56.394782486864742, 58.216515907284112, 0.0 ], [ 56.394779801573186, 58.216118260056426, 0.0 ] ] } },
{ "type": "Feature", "properties": { "fid": 198, "handle": 231, "block": -1, "etype": 18, "space": 0, "layer": "0", "olinetype": "ByLayer", "linetype": "", "color": "0,0,0,187", "ocolor": 256, "color24": -1, "transparency": 0, "lweight": -1, "linewidth": 0.0, "ltscale": 1.0, "visible": 0, "width": 0.0, "thickness": 0.0, "ext": "(3:0,0,1)" }, "geometry": { "type": "LineString", "coordinates": [ [ 56.394872461173016, 58.216522660636912, 0.0 ], [ 56.394665860031616, 58.216884499432702, 0.0 ], [ 56.395000657957155, 58.216932670802187, 0.0 ], [ 56.395332288254615, 58.21696611322372, 0.0 ], [ 56.395361995125917, 58.216551985462814, 0.0 ], [ 56.394872461173016, 58.216522660636912, 0.0 ] ] } },
{ "type": "Feature", "properties": { "fid": 199, "handle": 232, "block": -1, "etype": 18, "space": 0, "layer": "0", "olinetype": "ByLayer", "linetype": "", "color": "0,0,0,187", "ocolor": 256, "color24": -1, "transparency": 0, "lweight": -1, "linewidth": 0.0, "ltscale": 1.0, "visible": 0, "width": 0.0, "thickness": 0.0, "ext": "(3:0,0,1)" }, "geometry": { "type": "LineString", "coordinates": [ [ 56.394303903380504, 58.216472767198027, 0.0 ], [ 56.394038294424583, 58.216206508661649, 0.0 ], [ 56.394399617378973, 58.216140331936089, 0.0 ], [ 56.394779801573186, 58.216118260056426, 0.0 ], [ 56.394782486864742, 58.216515907284112, 0.0 ], [ 56.394303903380504, 58.216472767198027, 0.0 ] ] } },
{ "type": "Feature", "properties": { "fid": 200, "handle": 233, "block": -1, "etype": 18, "space": 0, "layer": "0", "olinetype": "ByLayer", "linetype": "", "color": "0,0,0,187", "ocolor": 256, "color24": -1, "transparency": 0, "lweight": -1, "linewidth": 0.0, "ltscale": 1.0, "visible": 0, "width": 0.0, "thickness": 0.0, "ext": "(3:0,0,1)" }, "geometry": { "type": "LineString", "coordinates": [ [ 56.401781544231973, 58.213045007590097, 0.0 ], [ 56.401388087746, 58.212792082807489, 0.0 ], [ 56.401586779276371, 58.212713216387009, 0.0 ], [ 56.401786318652867, 58.212634799552355, 0.0 ], [ 56.401980114462255, 58.212954558552148, 0.0 ], [ 56.401781544231973, 58.213045007590097, 0.0 ] ] } },
{ "type": "Feature", "properties": { "fid": 201, "handle": 234, "block": -1, "etype": 18, "space": 0, "layer": "0", "olinetype": "ByLayer", "linetype": "", "color": "0,0,0,187", "ocolor": 256, "color24": -1, "transparency": 0, "lweight": -1, "linewidth": 0.0, "ltscale": 1.0, "visible": 0, "width": 0.0, "thickness": 0.0, "ext": "(3:0,0,1)" }, "geometry": { "type": "LineString", "coordinates": [ [ 56.401573159294117, 58.213163367068383, 0.0 ], [ 56.401096818780523, 58.212959276018054, 0.0 ], [ 56.401235832040761, 58.21287252940315, 0.0 ], [ 56.401388087746, 58.212792082807489, 0.0 ], [ 56.401781544231973, 58.213045007590097, 0.0 ], [ 56.401573159294117, 58.213163367068383, 0.0 ] ] } },
{ "type": "Feature", "properties": { "fid": 202, "handle": 235, "block": -1, "etype": 18, "space": 0, "layer": "0", "olinetype": "ByLayer", "linetype": "", "color": "0,0,0,187", "ocolor": 256, "color24": -1, "transparency": 0, "lweight": -1, "linewidth": 0.0, "ltscale": 1.0, "visible": 0, "width": 0.0, "thickness": 0.0, "ext": "(3:0,0,1)" }, "geometry": { "type": "LineString", "coordinates": [ [ 56.401411659726136, 58.213297851819753, 0.0 ], [ 56.400868582196502, 58.213145665855812, 0.0 ], [ 56.400975141092275, 58.213049903367867, 0.0 ], [ 56.401096818780523, 58.212959276018054, 0.0 ], [ 56.401573159294117, 58.213163367068383, 0.0 ], [ 56.401411659726136, 58.213297851819753, 0.0 ] ] } },
{ "type": "Feature", "properties": { "fid": 203, "handle": 236, "block": -1, "etype": 18, "space": 0, "layer": "0", "olinetype": "ByLayer", "linetype": "", "color": "0,0,0,187", "ocolor": 256, "color24": -1, "transparency": 0, "lweight": -1, "linewidth": 0.0, "ltscale": 1.0, "visible": 0, "width": 0.0, "thickness": 0.0, "ext": "(3:0,0,1)" }, "geometry": { "type": "LineString", "coordinates": [ [ 56.401411659726136, 58.213297851819753, 0.0 ], [ 56.401292488587416, 58.21343983764217, 0.0 ], [ 56.400702363157826, 58.213349994521337, 0.0 ], [ 56.400777824547653, 58.213246115408516, 0.0 ], [ 56.400868582196502, 58.213145665855812, 0.0 ], [ 56.401411659726136, 58.213297851819753, 0.0 ] ] } },
{ "type": "Feature", "properties": { "fid": 204, "handle": 237, "block": -1, "etype": 18, "space": 0, "layer": "0", "olinetype": "ByLayer", "linetype": "", "color": "0,0,0,187", "ocolor": 256, "color24": -1, "transparency": 0, "lweight": -1, "linewidth": 0.0, "ltscale": 1.0, "visible": 0, "width": 0.0, "thickness": 0.0, "ext": "(3:0,0,1)" }, "geometry": { "type": "LineString", "coordinates": [ [ 56.401292488587416, 58.21343983764217, 0.0 ], [ 56.401228005502794, 58.213563032976722, 0.0 ], [ 56.400846919754628, 58.213604695437184, 0.0 ], [ 56.400598952285513, 58.213586718068562, 0.0 ], [ 56.400640625481593, 58.213467177389205, 0.0 ], [ 56.400702363157826, 58.213349994521337, 0.0 ], [ 56.401292488587416, 58.21343983764217, 0.0 ] ] } },
{ "type": "Feature", "properties": { "fid": 205, "handle": 238, "block": -1, "etype": 18, "space": 0, "layer": "0", "olinetype": "ByLayer", "linetype": "", "color": "0,0,0,187", "ocolor": 256, "color24": -1, "transparency": 0, "lweight": -1, "linewidth": 0.0, "ltscale": 1.0, "visible": 0, "width": 0.0, "thickness": 0.0, "ext": "(3:0,0,1)" }, "geometry": { "type": "LineString", "coordinates": [ [ 56.401621279320743, 58.2143499807555, 0.0 ], [ 56.401487945997133, 58.214257170593001, 0.0 ], [ 56.401104027575755, 58.214282939125219, 0.0 ], [ 56.400884443395839, 58.214351545212089, 0.0 ], [ 56.400997003209838, 58.214448282131606, 0.0 ], [ 56.401124727725609, 58.214539649744651, 0.0 ], [ 56.401621279320743, 58.2143499807555, 0.0 ] ] } },
{ "type": "Feature", "properties": { "fid": 206, "handle": 239, "block": -1, "etype": 18, "space": 0, "layer": "0", "olinetype": "ByLayer", "linetype": "", "color": "0,0,0,187", "ocolor": 256, "color24": -1, "transparency": 0, "lweight": -1, "linewidth": 0.0, "ltscale": 1.0, "visible": 0, "width": 0.0, "thickness": 0.0, "ext": "(3:0,0,1)" }, "geometry": { "type": "LineString", "coordinates": [ [ 56.401840933857471, 58.214468030049005, 0.0 ], [ 56.401428389033391, 58.214707267633315, 0.0 ], [ 56.401269994304364, 58.214626728162081, 0.0 ], [ 56.401124727725609, 58.214539649744651, 0.0 ], [ 56.401621279320743, 58.2143499807555, 0.0 ], [ 56.401840933857471, 58.214468030049005, 0.0 ] ] } },
{ "type": "Feature", "properties": { "fid": 207, "handle": 240, "block": -1, "etype": 18, "space": 0, "layer": "0", "olinetype": "ByLayer", "linetype": "", "color": "0,0,0,187", "ocolor": 256, "color24": -1, "transparency": 0, "lweight": -1, "linewidth": 0.0, "ltscale": 1.0, "visible": 0, "width": 0.0, "thickness": 0.0, "ext": "(3:0,0,1)" }, "geometry": { "type": "LineString", "coordinates": [ [ 56.401840933857471, 58.214468030049005, 0.0 ], [ 56.402068539994573, 58.214556280599147, 0.0 ], [ 56.401771838364724, 58.214840275247987, 0.0 ], [ 56.401594823388635, 58.214777581129248, 0.0 ], [ 56.401428389033391, 58.214707267633315, 0.0 ], [ 56.401840933857471, 58.214468030049005, 0.0 ] ] } },
{ "type": "Feature", "properties": { "fid": 208, "handle": 241, "block": -1, "etype": 18, "space": 0, "layer": "0", "olinetype": "ByLayer", "linetype": "", "color": "0,0,0,187", "ocolor": 256, "color24": -1, "transparency": 0, "lweight": -1, "linewidth": 0.0, "ltscale": 1.0, "visible": 0, "width": 0.0, "thickness": 0.0, "ext": "(3:0,0,1)" }, "geometry": { "type": "LineString", "coordinates": [ [ 56.402355222227108, 58.214634992505772, 0.0 ], [ 56.402137047245731, 58.214937214852789, 0.0 ], [ 56.401951110216444, 58.214892287696131, 0.0 ], [ 56.401771838364724, 58.214840275247987, 0.0 ], [ 56.402068539994573, 58.214556280599147, 0.0 ], [ 56.402355222227108, 58.214634992505772, 0.0 ] ] } },
{ "type": "Feature", "properties": { "fid": 209, "handle": 242, "block": -1, "etype": 18, "space": 0, "layer": "0", "olinetype": "ByLayer", "linetype": "", "color": "0,0,0,187", "ocolor": 256, "color24": -1, "transparency": 0, "lweight": -1, "linewidth": 0.0, "ltscale": 1.0, "visible": 0, "width": 0.0, "thickness": 0.0, "ext": "(3:0,0,1)" }, "geometry": { "type": "LineString", "coordinates": [ [ 56.402662599882966, 58.214687601154807, 0.0 ], [ 56.402522805178229, 58.21500257395757, 0.0 ], [ 56.402327442514036, 58.214973886968295, 0.0 ], [ 56.402137047245731, 58.214937214852789, 0.0 ], [ 56.402355222227108, 58.214634992505772, 0.0 ], [ 56.402662599882966, 58.214687601154807, 0.0 ] ] } },
{ "type": "Feature", "properties": { "fid": 210, "handle": 243, "block": -1, "etype": 18, "space": 0, "layer": "0", "olinetype": "ByLayer", "linetype": "", "color": "0,0,0,187", "ocolor": 256, "color24": -1, "transparency": 0, "lweight": -1, "linewidth": 0.0, "ltscale": 1.0, "visible": 0, "width": 0.0, "thickness": 0.0, "ext": "(3:0,0,1)" }, "geometry": { "type": "LineString", "coordinates": [ [ 56.402662599882966, 58.214687601154807, 0.0 ], [ 56.402896272132899, 58.214708700380733, 0.0 ], [ 56.403014172968206, 58.215037438071818, 0.0 ], [ 56.402766845897055, 58.21502646864937, 0.0 ], [ 56.402522805178229, 58.21500257395757, 0.0 ], [ 56.402662599882966, 58.214687601154807, 0.0 ] ] } },
{ "type": "Feature", "properties": { "fid": 211, "handle": 244, "block": -1, "etype": 18, "space": 0, "layer": "0", "olinetype": "ByLayer", "linetype": "", "color": "0,0,0,187", "ocolor": 256, "color24": -1, "transparency": 0, "lweight": -1, "linewidth": 0.0, "ltscale": 1.0, "visible": 0, "width": 0.0, "thickness": 0.0, "ext": "(3:0,0,1)" }, "geometry": { "type": "LineString", "coordinates": [ [ 56.397067569376162, 58.215740169774797, 0.0 ], [ 56.397031770591674, 58.215795971165193, 0.0 ], [ 56.396766068694937, 58.215863078322172, 0.0 ], [ 56.396491394787333, 58.215919490080807, 0.0 ], [ 56.396297548574978, 58.215658350391685, 0.0 ], [ 56.396767668546175, 58.215531785078774, 0.0 ], [ 56.396879606335197, 58.21565267619458, 0.0 ], [ 56.3969550641579, 58.21563229651877, 0.0 ], [ 56.397008761566838, 58.21568694834864, 0.0 ], [ 56.397067569376162, 58.215740169774797, 0.0 ] ] } },
{ "type": "Feature", "properties": { "fid": 212, "handle": 245, "block": -1, "etype": 18, "space": 0, "layer": "0", "olinetype": "ByLayer", "linetype": "", "color": "0,0,0,187", "ocolor": 256, "color24": -1, "transparency": 0, "lweight": -1, "linewidth": 0.0, "ltscale": 1.0, "visible": 0, "width": 0.0, "thickness": 0.0, "ext": "(3:0,0,1)" }, "geometry": { "type": "LineString", "coordinates": [ [ 56.397533508021446, 58.215358705846732, 0.0 ], [ 56.397028423590307, 58.215506600124748, 0.0 ], [ 56.39699675519141, 58.215472534790727, 0.0 ], [ 56.39689303462341, 58.215497728778878, 0.0 ], [ 56.396743137375736, 58.215263217956149, 0.0 ], [ 56.3969634592898, 58.215223978553723, 0.0 ], [ 56.397427777029982, 58.215178836022559, 0.0 ], [ 56.39750793554137, 58.215172826747427, 0.0 ], [ 56.397533508021446, 58.215358705846732, 0.0 ] ] } },
{ "type": "Feature", "properties": { "fid": 213, "handle": 246, "block": -1, "etype": 18, "space": 0, "layer": "0", "olinetype": "ByLayer", "linetype": "", "color": "0,0,0,187", "ocolor": 256, "color24": -1, "transparency": 0, "lweight": -1, "linewidth": 0.0, "ltscale": 1.0, "visible": 0, "width": 0.0, "thickness": 0.0, "ext": "(3:0,0,1)" }, "geometry": { "type": "LineString", "coordinates": [ [ 56.397842643596931, 58.215477317880428, 0.0 ], [ 56.397599486919809, 58.215604248411523, 0.0 ], [ 56.39732137414488, 58.215709409409072, 0.0 ], [ 56.397214252198339, 58.215694646644884, 0.0 ], [ 56.397116483023595, 58.21560196432673, 0.0 ], [ 56.397028423590307, 58.215506600124748, 0.0 ], [ 56.397533508021446, 58.215358705846732, 0.0 ], [ 56.397842643596931, 58.215477317880428, 0.0 ] ] } },
{ "type": "Feature", "properties": { "fid": 214, "handle": 247, "block": -1, "etype": 18, "space": 0, "layer": "0", "olinetype": "ByLayer", "linetype": "", "color": "0,0,0,187", "ocolor": 256, "color24": -1, "transparency": 0, "lweight": -1, "linewidth": 0.0, "ltscale": 1.0, "visible": 0, "width": 0.0, "thickness": 0.0, "ext": "(3:0,0,1)" }, "geometry": { "type": "LineString", "coordinates": [ [ 56.396090682385683, 58.215379328083273, 0.0 ], [ 56.396279618481778, 58.215634267230172, 0.0 ], [ 56.396297548574978, 58.215658350391685, 0.0 ], [ 56.396767668546175, 58.215531785078774, 0.0 ], [ 56.39689303462341, 58.215497728778878, 0.0 ], [ 56.396743137375736, 58.215263217956149, 0.0 ], [ 56.396521282616369, 58.215302724479251, 0.0 ], [ 56.396090682385683, 58.215379328083273, 0.0 ] ] } },
{ "type": "Feature", "properties": { "fid": 215, "handle": 248, "block": -1, "etype": 18, "space": 0, "layer": "0", "olinetype": "ByLayer", "linetype": "", "color": "0,0,0,187", "ocolor": 256, "color24": -1, "transparency": 0, "lweight": -1, "linewidth": 0.0, "ltscale": 1.0, "visible": 0, "width": 0.0, "thickness": 0.0, "ext": "(3:0,0,1)" }, "geometry": { "type": "LineString", "coordinates": [ [ 56.395417481878347, 58.215843673683771, 0.0 ], [ 56.395371792806145, 58.215786786349369, 0.0 ], [ 56.395242802213524, 58.21559790832324, 0.0 ], [ 56.394890451067333, 58.215598198439622, 0.0 ], [ 56.394863879676265, 58.215838781581745, 0.0 ], [ 56.395417481878347, 58.215843673683771, 0.0 ] ] } },
{ "type": "Feature", "properties": { "fid": 216, "handle": 249, "block": -1, "etype": 18, "space": 0, "layer": "0", "olinetype": "ByLayer", "linetype": "", "color": "0,0,0,187", "ocolor": 256, "color24": -1, "transparency": 0, "lweight": -1, "linewidth": 0.0, "ltscale": 1.0, "visible": 0, "width": 0.0, "thickness": 0.0, "ext": "(3:0,0,1)" }, "geometry": { "type": "LineString", "coordinates": [ [ 56.394972957412946, 58.215210620555411, 0.0 ], [ 56.395060590980961, 58.215246190922677, 0.0 ], [ 56.395143184191589, 58.21542325137581, 0.0 ], [ 56.395242802213524, 58.21559790832324, 0.0 ], [ 56.394890451067333, 58.215598198439622, 0.0 ], [ 56.394589124077626, 58.21560223084164, 0.0 ], [ 56.394539788964977, 58.215212696835628, 0.0 ], [ 56.394828508347651, 58.215211971140107, 0.0 ], [ 56.394972957412946, 58.215210620555411, 0.0 ] ] } },
{ "type": "Feature", "properties": { "fid": 217, "handle": 250, "block": -1, "etype": 18, "space": 0, "layer": "0", "olinetype": "ByLayer", "linetype": "", "color": "0,0,0,187", "ocolor": 256, "color24": -1, "transparency": 0, "lweight": -1, "linewidth": 0.0, "ltscale": 1.0, "visible": 0, "width": 0.0, "thickness": 0.0, "ext": "(3:0,0,1)" }, "geometry": { "type": "LineString", "coordinates": [ [ 56.392416178721263, 58.215980867615741, 0.0 ], [ 56.392249218536563, 58.215840242290398, 0.0 ], [ 56.392260875252688, 58.215782257606868, 0.0 ], [ 56.392444040548433, 58.215683275066311, 0.0 ], [ 56.392641969892466, 58.215592570417591, 0.0 ], [ 56.392911388340572, 58.215763488216993, 0.0 ], [ 56.392416178721263, 58.215980867615741, 0.0 ] ] } },
{ "type": "Feature", "properties": { "fid": 218, "handle": 251, "block": -1, "etype": 18, "space": 0, "layer": "0", "olinetype": "ByLayer", "linetype": "", "color": "0,0,0,187", "ocolor": 256, "color24": -1, "transparency": 0, "lweight": -1, "linewidth": 0.0, "ltscale": 1.0, "visible": 0, "width": 0.0, "thickness": 0.0, "ext": "(3:0,0,1)" }, "geometry": { "type": "LineString", "coordinates": [ [ 56.39484475142433, 58.216011229314731, 0.0 ], [ 56.394627136207042, 58.2160134782238, 0.0 ], [ 56.394411335023918, 58.216028837131226, 0.0 ], [ 56.394242799262869, 58.215624971989868, 0.0 ], [ 56.394415042509159, 58.21560982957201, 0.0 ], [ 56.394589124077626, 58.21560223084164, 0.0 ], [ 56.394890451067333, 58.215598198439622, 0.0 ], [ 56.394863879676265, 58.215838781581745, 0.0 ], [ 56.39484475142433, 58.216011229314731, 0.0 ] ] } },
{ "type": "Feature", "properties": { "fid": 219, "handle": 252, "block": -1, "etype": 18, "space": 0, "layer": "0", "olinetype": "ByLayer", "linetype": "", "color": "0,0,0,187", "ocolor": 256, "color24": -1, "transparency": 0, "lweight": -1, "linewidth": 0.0, "ltscale": 1.0, "visible": 0, "width": 0.0, "thickness": 0.0, "ext": "(3:0,0,1)" }, "geometry": { "type": "LineString", "coordinates": [ [ 56.394411335023918, 58.216028837131226, 0.0 ], [ 56.394197685547809, 58.216057845150281, 0.0 ], [ 56.393991298343003, 58.216098982252475, 0.0 ], [ 56.393639557392497, 58.215727752204899, 0.0 ], [ 56.393869966179594, 58.21567883406091, 0.0 ], [ 56.394107641235223, 58.215641057340143, 0.0 ], [ 56.394242799262869, 58.215624971989868, 0.0 ], [ 56.394411335023918, 58.216028837131226, 0.0 ] ] } },
{ "type": "Feature", "properties": { "fid": 220, "handle": 253, "block": -1, "etype": 18, "space": 0, "layer": "0", "olinetype": "ByLayer", "linetype": "", "color": "0,0,0,187", "ocolor": 256, "color24": -1, "transparency": 0, "lweight": -1, "linewidth": 0.0, "ltscale": 1.0, "visible": 0, "width": 0.0, "thickness": 0.0, "ext": "(3:0,0,1)" }, "geometry": { "type": "LineString", "coordinates": [ [ 56.393991298343003, 58.216098982252475, 0.0 ], [ 56.393945310552077, 58.216110507841641, 0.0 ], [ 56.393766578424312, 58.216169096109795, 0.0 ], [ 56.393601920039949, 58.216238385435091, 0.0 ], [ 56.393370238440376, 58.216073530856903, 0.0 ], [ 56.393122954894693, 58.215897703267636, 0.0 ], [ 56.393639557392497, 58.215727752204899, 0.0 ], [ 56.393991298343003, 58.216098982252475, 0.0 ] ] } },
{ "type": "Feature", "properties": { "fid": 221, "handle": 254, "block": -1, "etype": 18, "space": 0, "layer": "0", "olinetype": "ByLayer", "linetype": "", "color": "0,0,0,187", "ocolor": 256, "color24": -1, "transparency": 0, "lweight": -1, "linewidth": 0.0, "ltscale": 1.0, "visible": 0, "width": 0.0, "thickness": 0.0, "ext": "(3:0,0,1)" }, "geometry": { "type": "LineString", "coordinates": [ [ 56.393639557392497, 58.215727752204899, 0.0 ], [ 56.393122954894693, 58.215897703267636, 0.0 ], [ 56.392911388340572, 58.215763488216993, 0.0 ], [ 56.392641969892466, 58.215592570417591, 0.0 ], [ 56.392935263679085, 58.215481512692485, 0.0 ], [ 56.393250253410706, 58.215388437346206, 0.0 ], [ 56.393639557392497, 58.215727752204899, 0.0 ] ] } },
{ "type": "Feature", "properties": { "fid": 222, "handle": 255, "block": -1, "etype": 18, "space": 0, "layer": "0", "olinetype": "ByLayer", "linetype": "", "color": "0,0,0,187", "ocolor": 256, "color24": -1, "transparency": 0, "lweight": -1, "linewidth": 0.0, "ltscale": 1.0, "visible": 0, "width": 0.0, "thickness": 0.0, "ext": "(3:0,0,1)" }, "geometry": { "type": "LineString", "coordinates": [ [ 56.394107641235223, 58.215641057340143, 0.0 ], [ 56.393869966179594, 58.21567883406091, 0.0 ], [ 56.393639557392497, 58.215727752204899, 0.0 ], [ 56.393250253410706, 58.215388437346206, 0.0 ], [ 56.393547605870189, 58.215320747860986, 0.0 ], [ 56.393856116859709, 58.215268783181024, 0.0 ], [ 56.394107641235223, 58.215641057340143, 0.0 ] ] } },
{ "type": "Feature", "properties": { "fid": 223, "handle": 256, "block": -1, "etype": 18, "space": 0, "layer": "0", "olinetype": "ByLayer", "linetype": "", "color": "0,0,0,187", "ocolor": 256, "color24": -1, "transparency": 0, "lweight": -1, "linewidth": 0.0, "ltscale": 1.0, "visible": 0, "width": 0.0, "thickness": 0.0, "ext": "(3:0,0,1)" }, "geometry": { "type": "LineString", "coordinates": [ [ 56.394589124077626, 58.21560223084164, 0.0 ], [ 56.394415042509159, 58.21560982957201, 0.0 ], [ 56.394242799262869, 58.215624971989868, 0.0 ], [ 56.394107641235223, 58.215641057340143, 0.0 ], [ 56.393856116859709, 58.215268783181024, 0.0 ], [ 56.394195018801547, 58.215230950653378, 0.0 ], [ 56.394539788964977, 58.215212696835628, 0.0 ], [ 56.394589124077626, 58.21560223084164, 0.0 ] ] } },
{ "type": "Feature", "properties": { "fid": 224, "handle": 257, "block": -1, "etype": 18, "space": 0, "layer": "0", "olinetype": "ByLayer", "linetype": "", "color": "0,0,0,187", "ocolor": 256, "color24": -1, "transparency": 0, "lweight": -1, "linewidth": 0.0, "ltscale": 1.0, "visible": 0, "width": 0.0, "thickness": 0.0, "ext": "(3:0,0,1)" }, "geometry": { "type": "LineString", "coordinates": [ [ 56.393967032711423, 58.21511646929104, 0.0 ], [ 56.394010829832737, 58.21506112744521, 0.0 ], [ 56.393688308061421, 58.214895264426289, 0.0 ], [ 56.393471797793048, 58.214686974145245, 0.0 ], [ 56.393251178303089, 58.214716420934671, 0.0 ], [ 56.393034777968857, 58.214753503999354, 0.0 ], [ 56.393370973935745, 58.215212523387194, 0.0 ], [ 56.39366503605622, 58.215157578616207, 0.0 ], [ 56.393967032711423, 58.21511646929104, 0.0 ] ] } },
{ "type": "Feature", "properties": { "fid": 225, "handle": 258, "block": -1, "etype": 18, "space": 0, "layer": "0", "olinetype": "ByLayer", "linetype": "", "color": "0,0,0,187", "ocolor": 256, "color24": -1, "transparency": 0, "lweight": -1, "linewidth": 0.0, "ltscale": 1.0, "visible": 0, "width": 0.0, "thickness": 0.0, "ext": "(3:0,0,1)" }, "geometry": { "type": "LineString", "coordinates": [ [ 56.393034777968857, 58.214753503999354, 0.0 ], [ 56.392818508368237, 58.214799385485669, 0.0 ], [ 56.392823995107591, 58.214828212241493, 0.0 ], [ 56.392780696083996, 58.214962831721024, 0.0 ], [ 56.392535511828392, 58.215160049363838, 0.0 ], [ 56.392765581634769, 58.215379311331333, 0.0 ], [ 56.393060656644707, 58.215288187094615, 0.0 ], [ 56.393370973935745, 58.215212523387194, 0.0 ], [ 56.393034777968857, 58.214753503999354, 0.0 ] ] } },
{ "type": "Feature", "properties": { "fid": 226, "handle": 259, "block": -1, "etype": 18, "space": 0, "layer": "0", "olinetype": "ByLayer", "linetype": "", "color": "0,0,0,187", "ocolor": 256, "color24": -1, "transparency": 0, "lweight": -1, "linewidth": 0.0, "ltscale": 1.0, "visible": 0, "width": 0.0, "thickness": 0.0, "ext": "(3:0,0,1)" }, "geometry": { "type": "LineString", "coordinates": [ [ 56.392535511828392, 58.215160049363838, 0.0 ], [ 56.392765581634769, 58.215379311331333, 0.0 ], [ 56.392446374459077, 58.215502367426637, 0.0 ], [ 56.39215651530624, 58.215644133690702, 0.0 ], [ 56.392048368511411, 58.215630801833932, 0.0 ], [ 56.391994392876164, 58.215563937229469, 0.0 ], [ 56.391944334116175, 58.215496269419425, 0.0 ], [ 56.391839257934592, 58.215328426538825, 0.0 ], [ 56.391739460840583, 58.215159692299757, 0.0 ], [ 56.391960181025979, 58.215108521024206, 0.0 ], [ 56.392102796441421, 58.215213383405683, 0.0 ], [ 56.39238580628858, 58.215195777163601, 0.0 ], [ 56.392448624940393, 58.215186876607206, 0.0 ], [ 56.392535511828392, 58.215160049363838, 0.0 ] ] } },
{ "type": "Feature", "properties": { "fid": 227, "handle": 260, "block": -1, "etype": 18, "space": 0, "layer": "0", "olinetype": "ByLayer", "linetype": "", "color": "0,0,0,187", "ocolor": 256, "color24": -1, "transparency": 0, "lweight": -1, "linewidth": 0.0, "ltscale": 1.0, "visible": 0, "width": 0.0, "thickness": 0.0, "ext": "(3:0,0,1)" }, "geometry": { "type": "LineString", "coordinates": [ [ 56.391417871787773, 58.214444269618284, 0.0 ], [ 56.391338190267824, 58.214191344614754, 0.0 ], [ 56.39141850113306, 58.214150952875521, 0.0 ], [ 56.39172032701174, 58.214184996114561, 0.0 ], [ 56.392026639892428, 58.214204858655826, 0.0 ], [ 56.392054235363752, 58.214388317297058, 0.0 ], [ 56.391417871787773, 58.214444269618284, 0.0 ] ] } },
{ "type": "Feature", "properties": { "fid": 228, "handle": 261, "block": -1, "etype": 18, "space": 0, "layer": "0", "olinetype": "ByLayer", "linetype": "", "color": "0,0,0,187", "ocolor": 256, "color24": -1, "transparency": 0, "lweight": -1, "linewidth": 0.0, "ltscale": 1.0, "visible": 0, "width": 0.0, "thickness": 0.0, "ext": "(3:0,0,1)" }, "geometry": { "type": "LineString", "coordinates": [ [ 56.393374154236461, 58.214105785702287, 0.0 ], [ 56.393464165265527, 58.214141360094722, 0.0 ], [ 56.393378920730761, 58.214375137301801, 0.0 ], [ 56.393427214059678, 58.21461195151263, 0.0 ], [ 56.393152737664252, 58.214663148991313, 0.0 ], [ 56.392869988468796, 58.214699791016685, 0.0 ], [ 56.392759965994685, 58.214188526956121, 0.0 ], [ 56.393071106231389, 58.214155601178213, 0.0 ], [ 56.393374154236461, 58.214105785702287, 0.0 ] ] } },
{ "type": "Feature", "properties": { "fid": 229, "handle": 262, "block": -1, "etype": 18, "space": 0, "layer": "0", "olinetype": "ByLayer", "linetype": "", "color": "0,0,0,187", "ocolor": 256, "color24": -1, "transparency": 0, "lweight": -1, "linewidth": 0.0, "ltscale": 1.0, "visible": 0, "width": 0.0, "thickness": 0.0, "ext": "(3:0,0,1)" }, "geometry": { "type": "LineString", "coordinates": [ [ 56.392698122824541, 58.214630536820756, 0.0 ], [ 56.392403726939179, 58.214531323413489, 0.0 ], [ 56.39217852521648, 58.214558248793736, 0.0 ], [ 56.392083985305732, 58.214584707190497, 0.0 ], [ 56.392054235363752, 58.214388317297058, 0.0 ], [ 56.392026639892428, 58.214204858655826, 0.0 ], [ 56.392393942892802, 58.214205851878752, 0.0 ], [ 56.392759965994685, 58.214188526956121, 0.0 ], [ 56.392869988468796, 58.214699791016685, 0.0 ], [ 56.392768208634557, 58.214709182434412, 0.0 ], [ 56.392698122824541, 58.214630536820756, 0.0 ] ] } },
{ "type": "Feature", "properties": { "fid": 230, "handle": 263, "block": -1, "etype": 18, "space": 0, "layer": "0", "olinetype": "ByLayer", "linetype": "", "color": "0,0,0,187", "ocolor": 256, "color24": -1, "transparency": 0, "lweight": -1, "linewidth": 0.0, "ltscale": 1.0, "visible": 0, "width": 0.0, "thickness": 0.0, "ext": "(3:0,0,1)" }, "geometry": { "type": "LineString", "coordinates": [ [ 56.391310651181605, 58.213958056913349, 0.0 ], [ 56.391376791926326, 58.214004825810171, 0.0 ], [ 56.391709714904557, 58.214046718784559, 0.0 ], [ 56.391773667166539, 58.213706614452683, 0.0 ], [ 56.391333012864216, 58.213674732986554, 0.0 ], [ 56.39132570634758, 58.213710816228883, 0.0 ], [ 56.391313755922162, 58.213834341286379, 0.0 ], [ 56.391310651181605, 58.213958056913349, 0.0 ] ] } },
{ "type": "Feature", "properties": { "fid": 231, "handle": 264, "block": -1, "etype": 18, "space": 0, "layer": "0", "olinetype": "ByLayer", "linetype": "", "color": "0,0,0,187", "ocolor": 256, "color24": -1, "transparency": 0, "lweight": -1, "linewidth": 0.0, "ltscale": 1.0, "visible": 0, "width": 0.0, "thickness": 0.0, "ext": "(3:0,0,1)" }, "geometry": { "type": "LineString", "coordinates": [ [ 56.391333012864216, 58.213674732986554, 0.0 ], [ 56.391357715681444, 58.213552750083856, 0.0 ], [ 56.391399259787271, 58.213430967687138, 0.0 ], [ 56.39180616538637, 58.213476543696963, 0.0 ], [ 56.392226335342599, 58.213523571333816, 0.0 ], [ 56.392195464349705, 58.213656051254446, 0.0 ], [ 56.392178947765238, 58.213735846943457, 0.0 ], [ 56.391773667166539, 58.213706614452683, 0.0 ], [ 56.391333012864216, 58.213674732986554, 0.0 ] ] } },
{ "type": "Feature", "properties": { "fid": 232, "handle": 265, "block": -1, "etype": 18, "space": 0, "layer": "0", "olinetype": "ByLayer", "linetype": "", "color": "0,0,0,187", "ocolor": 256, "color24": -1, "transparency": 0, "lweight": -1, "linewidth": 0.0, "ltscale": 1.0, "visible": 0, "width": 0.0, "thickness": 0.0, "ext": "(3:0,0,1)" }, "geometry": { "type": "LineString", "coordinates": [ [ 56.391399259787271, 58.213430967687138, 0.0 ], [ 56.39141115309549, 58.213396326654973, 0.0 ], [ 56.391473177735513, 58.213259755683879, 0.0 ], [ 56.391547782942403, 58.213124995953208, 0.0 ], [ 56.391646064461767, 58.213098003905166, 0.0 ], [ 56.391935424727023, 58.213140560449894, 0.0 ], [ 56.39180616538637, 58.213476543696963, 0.0 ], [ 56.391399259787271, 58.213430967687138, 0.0 ] ] } },
{ "type": "Feature", "properties": { "fid": 233, "handle": 266, "block": -1, "etype": 18, "space": 0, "layer": "0", "olinetype": "ByLayer", "linetype": "", "color": "0,0,0,187", "ocolor": 256, "color24": -1, "transparency": 0, "lweight": -1, "linewidth": 0.0, "ltscale": 1.0, "visible": 0, "width": 0.0, "thickness": 0.0, "ext": "(3:0,0,1)" }, "geometry": { "type": "LineString", "coordinates": [ [ 56.392195464349705, 58.213656051254446, 0.0 ], [ 56.392692085674483, 58.213650649524297, 0.0 ], [ 56.392746102724942, 58.21405356763708, 0.0 ], [ 56.39243400645681, 58.214072036553006, 0.0 ], [ 56.392120104330353, 58.214075688453804, 0.0 ], [ 56.392178947765238, 58.213735846943457, 0.0 ], [ 56.392195464349705, 58.213656051254446, 0.0 ] ] } },
{ "type": "Feature", "properties": { "fid": 234, "handle": 267, "block": -1, "etype": 18, "space": 0, "layer": "0", "olinetype": "ByLayer", "linetype": "", "color": "0,0,0,187", "ocolor": 256, "color24": -1, "transparency": 0, "lweight": -1, "linewidth": 0.0, "ltscale": 1.0, "visible": 0, "width": 0.0, "thickness": 0.0, "ext": "(3:0,0,1)" }, "geometry": { "type": "LineString", "coordinates": [ [ 56.392195464349705, 58.213656051254446, 0.0 ], [ 56.392226335342599, 58.213523571333816, 0.0 ], [ 56.39230107120909, 58.213167319309541, 0.0 ], [ 56.392509651065382, 58.21316542234343, 0.0 ], [ 56.3927172503261, 58.213154455852063, 0.0 ], [ 56.392827897406427, 58.213639055574141, 0.0 ], [ 56.392692085674483, 58.213650649524297, 0.0 ], [ 56.392195464349705, 58.213656051254446, 0.0 ] ] } },
{ "type": "Feature", "properties": { "fid": 235, "handle": 268, "block": -1, "etype": 18, "space": 0, "layer": "0", "olinetype": "ByLayer", "linetype": "", "color": "0,0,0,187", "ocolor": 256, "color24": -1, "transparency": 0, "lweight": -1, "linewidth": 0.0, "ltscale": 1.0, "visible": 0, "width": 0.0, "thickness": 0.0, "ext": "(3:0,0,1)" }, "geometry": { "type": "LineString", "coordinates": [ [ 56.394030546438557, 58.213748450239414, 0.0 ], [ 56.393641384367172, 58.213458247340327, 0.0 ], [ 56.393901860330708, 58.213377493416445, 0.0 ], [ 56.394524361425525, 58.213412820042144, 0.0 ], [ 56.394528566412596, 58.213501529710229, 0.0 ], [ 56.394536854804514, 58.213590154573915, 0.0 ], [ 56.394473528589842, 58.213638020891871, 0.0 ], [ 56.394331876867348, 58.213662448276402, 0.0 ], [ 56.394175366942221, 58.21369987572492, 0.0 ], [ 56.394030546438557, 58.213748450239414, 0.0 ] ] } },
{ "type": "Feature", "properties": { "fid": 236, "handle": 269, "block": -1, "etype": 18, "space": 0, "layer": "0", "olinetype": "ByLayer", "linetype": "", "color": "0,0,0,187", "ocolor": 256, "color24": -1, "transparency": 0, "lweight": -1, "linewidth": 0.0, "ltscale": 1.0, "visible": 0, "width": 0.0, "thickness": 0.0, "ext": "(3:0,0,1)" }, "geometry": { "type": "LineString", "coordinates": [ [ 56.393901860330708, 58.213377493416445, 0.0 ], [ 56.394524361425525, 58.213412820042144, 0.0 ], [ 56.394530513373311, 58.21321225472132, 0.0 ], [ 56.394557758396331, 58.213012164020498, 0.0 ], [ 56.394272373509679, 58.213071251418114, 0.0 ], [ 56.393790826945775, 58.213170948782803, 0.0 ], [ 56.393901860330708, 58.213377493416445, 0.0 ] ] } },
{ "type": "Feature", "properties": { "fid": 237, "handle": 270, "block": -1, "etype": 18, "space": 0, "layer": "0", "olinetype": "ByLayer", "linetype": "", "color": "0,0,0,187", "ocolor": 256, "color24": -1, "transparency": 0, "lweight": -1, "linewidth": 0.0, "ltscale": 1.0, "visible": 0, "width": 0.0, "thickness": 0.0, "ext": "(3:0,0,1)" }, "geometry": { "type": "LineString", "coordinates": [ [ 56.394272373509679, 58.213071251418114, 0.0 ], [ 56.394063984079715, 58.212836216977337, 0.0 ], [ 56.394152737700807, 58.212808852220547, 0.0 ], [ 56.394533998812719, 58.21272698763601, 0.0 ], [ 56.39462281745751, 58.212762380203593, 0.0 ], [ 56.394583485351696, 58.212886770025044, 0.0 ], [ 56.394557758396331, 58.213012164020498, 0.0 ], [ 56.394272373509679, 58.213071251418114, 0.0 ] ] } },
{ "type": "Feature", "properties": { "fid": 238, "handle": 271, "block": -1, "etype": 18, "space": 0, "layer": "0", "olinetype": "ByLayer", "linetype": "", "color": "0,0,0,187", "ocolor": 256, "color24": -1, "transparency": 0, "lweight": -1, "linewidth": 0.0, "ltscale": 1.0, "visible": 0, "width": 0.0, "thickness": 0.0, "ext": "(3:0,0,1)" }, "geometry": { "type": "LineString", "coordinates": [ [ 56.392692085674483, 58.213650649524297, 0.0 ], [ 56.392827897406427, 58.213639055574141, 0.0 ], [ 56.393196403251387, 58.2135974913447, 0.0 ], [ 56.393421959157862, 58.213951688862835, 0.0 ], [ 56.393089600376975, 58.214012870689444, 0.0 ], [ 56.392746102724942, 58.21405356763708, 0.0 ], [ 56.392692085674483, 58.213650649524297, 0.0 ] ] } },
{ "type": "Feature", "properties": { "fid": 239, "handle": 272, "block": -1, "etype": 18, "space": 0, "layer": "0", "olinetype": "ByLayer", "linetype": "", "color": "0,0,0,187", "ocolor": 256, "color24": -1, "transparency": 0, "lweight": -1, "linewidth": 0.0, "ltscale": 1.0, "visible": 0, "width": 0.0, "thickness": 0.0, "ext": "(3:0,0,1)" }, "geometry": { "type": "LineString", "coordinates": [ [ 56.393421959157862, 58.213951688862835, 0.0 ], [ 56.393623946463883, 58.213902556688694, 0.0 ], [ 56.393818480842512, 58.213845873385054, 0.0 ], [ 56.393919932627057, 58.213794373009229, 0.0 ], [ 56.394030546438557, 58.213748450239414, 0.0 ], [ 56.393641384367172, 58.213458247340327, 0.0 ], [ 56.393456032601222, 58.213516288379431, 0.0 ], [ 56.393196403251387, 58.2135974913447, 0.0 ], [ 56.393421959157862, 58.213951688862835, 0.0 ] ] } },
{ "type": "Feature", "properties": { "fid": 240, "handle": 273, "block": -1, "etype": 18, "space": 0, "layer": "0", "olinetype": "ByLayer", "linetype": "", "color": "0,0,0,187", "ocolor": 256, "color24": -1, "transparency": 0, "lweight": -1, "linewidth": 0.0, "ltscale": 1.0, "visible": 0, "width": 0.0, "thickness": 0.0, "ext": "(3:0,0,1)" }, "geometry": { "type": "LineString", "coordinates": [ [ 56.393456032601222, 58.213516288379431, 0.0 ], [ 56.393150459628778, 58.213098965572179, 0.0 ], [ 56.392936298095783, 58.213132100821127, 0.0 ], [ 56.3927172503261, 58.213154455852063, 0.0 ], [ 56.392827897406427, 58.213639055574141, 0.0 ], [ 56.393196403251387, 58.2135974913447, 0.0 ], [ 56.393456032601222, 58.213516288379431, 0.0 ] ] } },
{ "type": "Feature", "properties": { "fid": 241, "handle": 274, "block": -1, "etype": 18, "space": 0, "layer": "0", "olinetype": "ByLayer", "linetype": "", "color": "0,0,0,187", "ocolor": 256, "color24": -1, "transparency": 0, "lweight": -1, "linewidth": 0.0, "ltscale": 1.0, "visible": 0, "width": 0.0, "thickness": 0.0, "ext": "(3:0,0,1)" }, "geometry": { "type": "LineString", "coordinates": [ [ 56.393631589545514, 58.212978171355068, 0.0 ], [ 56.393790826945775, 58.213170948782803, 0.0 ], [ 56.393901860330708, 58.213377493416445, 0.0 ], [ 56.393641384367172, 58.213458247340327, 0.0 ], [ 56.393456032601222, 58.213516288379431, 0.0 ], [ 56.393150459628778, 58.213098965572179, 0.0 ], [ 56.393397374083833, 58.213045489697599, 0.0 ], [ 56.393631589545514, 58.212978171355068, 0.0 ] ] } },
{ "type": "Feature", "properties": { "fid": 242, "handle": 275, "block": -1, "etype": 18, "space": 0, "layer": "0", "olinetype": "ByLayer", "linetype": "", "color": "0,0,0,187", "ocolor": 256, "color24": -1, "transparency": 0, "lweight": -1, "linewidth": 0.0, "ltscale": 1.0, "visible": 0, "width": 0.0, "thickness": 0.0, "ext": "(3:0,0,1)" }, "geometry": { "type": "LineString", "coordinates": [ [ 56.394489205909622, 58.211728557824514, 0.0 ], [ 56.394492204018512, 58.211976269871805, 0.0 ], [ 56.394203470181786, 58.212141385509888, 0.0 ], [ 56.39370019021225, 58.211731902563109, 0.0 ], [ 56.394039296369577, 58.211639932187268, 0.0 ], [ 56.394393971878962, 58.211566115867647, 0.0 ], [ 56.394489205909622, 58.211728557824514, 0.0 ] ] } },
{ "type": "Feature", "properties": { "fid": 243, "handle": 276, "block": -1, "etype": 18, "space": 0, "layer": "0", "olinetype": "ByLayer", "linetype": "", "color": "0,0,0,187", "ocolor": 256, "color24": -1, "transparency": 0, "lweight": -1, "linewidth": 0.0, "ltscale": 1.0, "visible": 0, "width": 0.0, "thickness": 0.0, "ext": "(3:0,0,1)" }, "geometry": { "type": "LineString", "coordinates": [ [ 56.392621406654264, 58.212861828049199, 0.0 ], [ 56.392254333443816, 58.212773926838715, 0.0 ], [ 56.391903406289678, 58.212689905214894, 0.0 ], [ 56.392035954379502, 58.212569851477056, 0.0 ], [ 56.392180562479354, 58.21245376293345, 0.0 ], [ 56.392251899215303, 58.212402765285489, 0.0 ], [ 56.392891219635615, 58.212631241650897, 0.0 ], [ 56.392621406654264, 58.212861828049199, 0.0 ] ] } },
{ "type": "Feature", "properties": { "fid": 244, "handle": 277, "block": -1, "etype": 18, "space": 0, "layer": "0", "olinetype": "ByLayer", "linetype": "", "color": "0,0,0,187", "ocolor": 256, "color24": -1, "transparency": 0, "lweight": -1, "linewidth": 0.0, "ltscale": 1.0, "visible": 0, "width": 0.0, "thickness": 0.0, "ext": "(3:0,0,1)" }, "geometry": { "type": "LineString", "coordinates": [ [ 56.394489205909622, 58.211728557824514, 0.0 ], [ 56.394492204018512, 58.211976269871805, 0.0 ], [ 56.394984772150515, 58.212075540045809, 0.0 ], [ 56.395101938530409, 58.211929876567879, 0.0 ], [ 56.395226921460392, 58.211786018107631, 0.0 ], [ 56.39495499689928, 58.211764858312677, 0.0 ], [ 56.394489205909622, 58.211728557824514, 0.0 ] ] } },
{ "type": "Feature", "properties": { "fid": 245, "handle": 278, "block": -1, "etype": 18, "space": 0, "layer": "0", "olinetype": "ByLayer", "linetype": "", "color": "0,0,0,187", "ocolor": 256, "color24": -1, "transparency": 0, "lweight": -1, "linewidth": 0.0, "ltscale": 1.0, "visible": 0, "width": 0.0, "thickness": 0.0, "ext": "(3:0,0,1)" }, "geometry": { "type": "LineString", "coordinates": [ [ 56.392621406654264, 58.212861828049199, 0.0 ], [ 56.392891219635615, 58.212631241650897, 0.0 ], [ 56.393048605875812, 58.212548746317403, 0.0 ], [ 56.393435550537127, 58.212914095831437, 0.0 ], [ 56.393081155410258, 58.212997965407119, 0.0 ], [ 56.392703607761653, 58.213046610922035, 0.0 ], [ 56.392621406654264, 58.212861828049199, 0.0 ] ] } },
{ "type": "Feature", "properties": { "fid": 246, "handle": 279, "block": -1, "etype": 18, "space": 0, "layer": "0", "olinetype": "ByLayer", "linetype": "", "color": "0,0,0,187", "ocolor": 256, "color24": -1, "transparency": 0, "lweight": -1, "linewidth": 0.0, "ltscale": 1.0, "visible": 0, "width": 0.0, "thickness": 0.0, "ext": "(3:0,0,1)" }, "geometry": { "type": "LineString", "coordinates": [ [ 56.393043484175045, 58.211244118516284, 0.0 ], [ 56.393613091799317, 58.211074861200203, 0.0 ], [ 56.393942716414919, 58.21151331124269, 0.0 ], [ 56.393727779224136, 58.211570418651128, 0.0 ], [ 56.393517413488617, 58.211632289751925, 0.0 ], [ 56.393043484175045, 58.211244118516284, 0.0 ] ] } },
{ "type": "Feature", "properties": { "fid": 247, "handle": 280, "block": -1, "etype": 18, "space": 0, "layer": "0", "olinetype": "ByLayer", "linetype": "", "color": "0,0,0,187", "ocolor": 256, "color24": -1, "transparency": 0, "lweight": -1, "linewidth": 0.0, "ltscale": 1.0, "visible": 0, "width": 0.0, "thickness": 0.0, "ext": "(3:0,0,1)" }, "geometry": { "type": "LineString", "coordinates": [ [ 56.393613091799317, 58.211074861200203, 0.0 ], [ 56.393942716414919, 58.21151331124269, 0.0 ], [ 56.394134123536368, 58.211468385055248, 0.0 ], [ 56.394333814221191, 58.211435230130633, 0.0 ], [ 56.394384395843517, 58.211383308125789, 0.0 ], [ 56.39425278099575, 58.211177008050178, 0.0 ], [ 56.394134446267408, 58.210968479517589, 0.0 ], [ 56.393613091799317, 58.211074861200203, 0.0 ] ] } },
{ "type": "Feature", "properties": { "fid": 248, "handle": 281, "block": -1, "etype": 18, "space": 0, "layer": "0", "olinetype": "ByLayer", "linetype": "", "color": "0,0,0,187", "ocolor": 256, "color24": -1, "transparency": 0, "lweight": -1, "linewidth": 0.0, "ltscale": 1.0, "visible": 0, "width": 0.0, "thickness": 0.0, "ext": "(3:0,0,1)" }, "geometry": { "type": "LineString", "coordinates": [ [ 56.394965178556717, 58.211108205499983, 0.0 ], [ 56.394922791665238, 58.210881005597841, 0.0 ], [ 56.394315870681588, 58.210910522467927, 0.0 ], [ 56.39443740342417, 58.211127045329846, 0.0 ], [ 56.394965178556717, 58.211108205499983, 0.0 ] ] } },
{ "type": "Feature", "properties": { "fid": 249, "handle": 282, "block": -1, "etype": 18, "space": 0, "layer": "0", "olinetype": "ByLayer", "linetype": "", "color": "0,0,0,187", "ocolor": 256, "color24": -1, "transparency": 0, "lweight": -1, "linewidth": 0.0, "ltscale": 1.0, "visible": 0, "width": 0.0, "thickness": 0.0, "ext": "(3:0,0,1)" }, "geometry": { "type": "LineString", "coordinates": [ [ 56.395016042754328, 58.211381024916527, 0.0 ], [ 56.395234469616668, 58.211381200462377, 0.0 ], [ 56.395452350975702, 58.211389455349064, 0.0 ], [ 56.395488359307478, 58.210854937231694, 0.0 ], [ 56.394922791665238, 58.210881005597841, 0.0 ], [ 56.394965178556717, 58.211108205499983, 0.0 ], [ 56.395016042754328, 58.211381024916527, 0.0 ] ] } },
{ "type": "Feature", "properties": { "fid": 250, "handle": 283, "block": -1, "etype": 18, "space": 0, "layer": "0", "olinetype": "ByLayer", "linetype": "", "color": "0,0,0,187", "ocolor": 256, "color24": -1, "transparency": 0, "lweight": -1, "linewidth": 0.0, "ltscale": 1.0, "visible": 0, "width": 0.0, "thickness": 0.0, "ext": "(3:0,0,1)" }, "geometry": { "type": "LineString", "coordinates": [ [ 56.396681770424159, 58.21103522359352, 0.0 ], [ 56.397091572417324, 58.210995942334712, 0.0 ], [ 56.397014695591722, 58.210755683379219, 0.0 ], [ 56.396570011664672, 58.210837030155943, 0.0 ], [ 56.396681770424159, 58.21103522359352, 0.0 ] ] } },
{ "type": "Feature", "properties": { "fid": 251, "handle": 284, "block": -1, "etype": 18, "space": 0, "layer": "0", "olinetype": "ByLayer", "linetype": "", "color": "0,0,0,187", "ocolor": 256, "color24": -1, "transparency": 0, "lweight": -1, "linewidth": 0.0, "ltscale": 1.0, "visible": 0, "width": 0.0, "thickness": 0.0, "ext": "(3:0,0,1)" }, "geometry": { "type": "LineString", "coordinates": [ [ 56.395036530130071, 58.210545449134621, 0.0 ], [ 56.39414533568133, 58.210541579596395, 0.0 ], [ 56.394225326347666, 58.210726717981331, 0.0 ], [ 56.394315870681588, 58.210910522467927, 0.0 ], [ 56.394922791665238, 58.210881005597841, 0.0 ], [ 56.395488359307478, 58.210854937231694, 0.0 ], [ 56.395154405113388, 58.210626216552477, 0.0 ], [ 56.395084019183102, 58.210578007916467, 0.0 ], [ 56.395036530130071, 58.210545449134621, 0.0 ] ] } },
{ "type": "Feature", "properties": { "fid": 252, "handle": 285, "block": -1, "etype": 18, "space": 0, "layer": "0", "olinetype": "ByLayer", "linetype": "", "color": "0,0,0,187", "ocolor": 256, "color24": -1, "transparency": 0, "lweight": -1, "linewidth": 0.0, "ltscale": 1.0, "visible": 0, "width": 0.0, "thickness": 0.0, "ext": "(3:0,0,1)" }, "geometry": { "type": "LineString", "coordinates": [ [ 56.392734615316158, 58.211038765703208, 0.0 ], [ 56.393005766024999, 58.210771639398168, 0.0 ], [ 56.393014530726553, 58.210713022566878, 0.0 ], [ 56.393235674849393, 58.210713294661815, 0.0 ], [ 56.393613091799317, 58.211074861200203, 0.0 ], [ 56.393043484175045, 58.211244118516284, 0.0 ], [ 56.392734615316158, 58.211038765703208, 0.0 ] ] } },
{ "type": "Feature", "properties": { "fid": 253, "handle": 286, "block": -1, "etype": 18, "space": 0, "layer": "0", "olinetype": "ByLayer", "linetype": "", "color": "0,0,0,187", "ocolor": 256, "color24": -1, "transparency": 0, "lweight": -1, "linewidth": 0.0, "ltscale": 1.0, "visible": 0, "width": 0.0, "thickness": 0.0, "ext": "(3:0,0,1)" }, "geometry": { "type": "LineString", "coordinates": [ [ 56.393613091799317, 58.211074861200203, 0.0 ], [ 56.394134446267408, 58.210968479517589, 0.0 ], [ 56.394060068619055, 58.210822223537754, 0.0 ], [ 56.393992159731454, 58.210675077606517, 0.0 ], [ 56.393908292359889, 58.210636907405167, 0.0 ], [ 56.393251098712767, 58.210610423492227, 0.0 ], [ 56.393235674849393, 58.210713294661815, 0.0 ], [ 56.393613091799317, 58.211074861200203, 0.0 ] ] } },
{ "type": "Feature", "properties": { "fid": 254, "handle": 287, "block": -1, "etype": 18, "space": 0, "layer": "0", "olinetype": "ByLayer", "linetype": "", "color": "0,0,0,187", "ocolor": 256, "color24": -1, "transparency": 0, "lweight": -1, "linewidth": 0.0, "ltscale": 1.0, "visible": 0, "width": 0.0, "thickness": 0.0, "ext": "(3:0,0,1)" }, "geometry": { "type": "LineString", "coordinates": [ [ 56.392339813960582, 58.21057177103382, 0.0 ], [ 56.393031355792878, 58.210601174951897, 0.0 ], [ 56.393014530726553, 58.210713022566878, 0.0 ], [ 56.393005766024999, 58.210771639398168, 0.0 ], [ 56.392734615316158, 58.211038765703208, 0.0 ], [ 56.39225119907168, 58.210990135170093, 0.0 ], [ 56.392261280109153, 58.210941844945999, 0.0 ], [ 56.392310623160888, 58.210709640037329, 0.0 ], [ 56.392339813960582, 58.21057177103382, 0.0 ] ] } },
{ "type": "Feature", "properties": { "fid": 255, "handle": 288, "block": -1, "etype": 18, "space": 0, "layer": "0", "olinetype": "ByLayer", "linetype": "", "color": "0,0,0,187", "ocolor": 256, "color24": -1, "transparency": 0, "lweight": -1, "linewidth": 0.0, "ltscale": 1.0, "visible": 0, "width": 0.0, "thickness": 0.0, "ext": "(3:0,0,1)" }, "geometry": { "type": "LineString", "coordinates": [ [ 56.393130310162405, 58.210227444618475, 0.0 ], [ 56.392675699443778, 58.210091493254986, 0.0 ], [ 56.392609092389698, 58.210151205844419, 0.0 ], [ 56.392386897549791, 58.210350157561656, 0.0 ], [ 56.392378556595169, 58.210389741099895, 0.0 ], [ 56.392358751684704, 58.210482640954226, 0.0 ], [ 56.393125300749603, 58.210514291849542, 0.0 ], [ 56.393130310162405, 58.210227444618475, 0.0 ] ] } },
{ "type": "Feature", "properties": { "fid": 256, "handle": 289, "block": -1, "etype": 18, "space": 0, "layer": "0", "olinetype": "ByLayer", "linetype": "", "color": "0,0,0,187", "ocolor": 256, "color24": -1, "transparency": 0, "lweight": -1, "linewidth": 0.0, "ltscale": 1.0, "visible": 0, "width": 0.0, "thickness": 0.0, "ext": "(3:0,0,1)" }, "geometry": { "type": "LineString", "coordinates": [ [ 56.393130310162405, 58.210227444618475, 0.0 ], [ 56.393125300749603, 58.210514291849542, 0.0 ], [ 56.393852726264683, 58.210545800452252, 0.0 ], [ 56.393925047053358, 58.210501716275751, 0.0 ], [ 56.39389875491171, 58.210368537429673, 0.0 ], [ 56.393895770999222, 58.21023466885957, 0.0 ], [ 56.393130310162405, 58.210227444618475, 0.0 ] ] } },
{ "type": "Feature", "properties": { "fid": 257, "handle": 290, "block": -1, "etype": 18, "space": 0, "layer": "0", "olinetype": "ByLayer", "linetype": "", "color": "0,0,0,187", "ocolor": 256, "color24": -1, "transparency": 0, "lweight": -1, "linewidth": 0.0, "ltscale": 1.0, "visible": 0, "width": 0.0, "thickness": 0.0, "ext": "(3:0,0,1)" }, "geometry": { "type": "LineString", "coordinates": [ [ 56.393946630995792, 58.210003003850908, 0.0 ], [ 56.392970551906679, 58.209848457804249, 0.0 ], [ 56.392881962678075, 58.209917031877602, 0.0 ], [ 56.392796786779797, 58.209983006420359, 0.0 ], [ 56.392675699443778, 58.210091493254986, 0.0 ], [ 56.393130310162405, 58.210227444618475, 0.0 ], [ 56.393895770999222, 58.21023466885957, 0.0 ], [ 56.393912271395564, 58.210118600972116, 0.0 ], [ 56.393946630995792, 58.210003003850908, 0.0 ] ] } },
{ "type": "Feature", "properties": { "fid": 258, "handle": 291, "block": -1, "etype": 18, "space": 0, "layer": "0", "olinetype": "ByLayer", "linetype": "", "color": "0,0,0,187", "ocolor": 256, "color24": -1, "transparency": 0, "lweight": -1, "linewidth": 0.0, "ltscale": 1.0, "visible": 0, "width": 0.0, "thickness": 0.0, "ext": "(3:0,0,1)" }, "geometry": { "type": "LineString", "coordinates": [ [ 56.393946630995792, 58.210003003850908, 0.0 ], [ 56.394027815340884, 58.209838353269298, 0.0 ], [ 56.39414486409386, 58.209679941435787, 0.0 ], [ 56.393383621995838, 58.209528803345542, 0.0 ], [ 56.393170089748246, 58.209694009055141, 0.0 ], [ 56.392970551906679, 58.209848457804249, 0.0 ], [ 56.393946630995792, 58.210003003850908, 0.0 ] ] } },
{ "type": "Feature", "properties": { "fid": 259, "handle": 292, "block": -1, "etype": 18, "space": 0, "layer": "0", "olinetype": "ByLayer", "linetype": "", "color": "0,0,0,187", "ocolor": 256, "color24": -1, "transparency": 0, "lweight": -1, "linewidth": 0.0, "ltscale": 1.0, "visible": 0, "width": 0.0, "thickness": 0.0, "ext": "(3:0,0,1)" }, "geometry": { "type": "LineString", "coordinates": [ [ 56.394385521284931, 58.209457037396525, 0.0 ], [ 56.394487776552445, 58.209374383177185, 0.0 ], [ 56.394427333800202, 58.209348182880731, 0.0 ], [ 56.394387685548793, 58.209312491047548, 0.0 ], [ 56.394374085320138, 58.209271803208892, 0.0 ], [ 56.394388041936139, 58.209231149005682, 0.0 ], [ 56.394432948329566, 58.209192597554654, 0.0 ], [ 56.394502127922117, 58.209165837134762, 0.0 ], [ 56.39458535645187, 58.209154985214987, 0.0 ], [ 56.39467020979076, 58.209161552925572, 0.0 ], [ 56.394043153693538, 58.209018303411305, 0.0 ], [ 56.393750599863573, 58.209244734509276, 0.0 ], [ 56.393684032157992, 58.209296277552383, 0.0 ], [ 56.394385521284931, 58.209457037396525, 0.0 ] ] } },
{ "type": "Feature", "properties": { "fid": 260, "handle": 293, "block": -1, "etype": 18, "space": 0, "layer": "0", "olinetype": "ByLayer", "linetype": "", "color": "0,0,0,187", "ocolor": 256, "color24": -1, "transparency": 0, "lweight": -1, "linewidth": 0.0, "ltscale": 1.0, "visible": 0, "width": 0.0, "thickness": 0.0, "ext": "(3:0,0,1)" }, "geometry": { "type": "LineString", "coordinates": [ [ 56.391153662734567, 58.21444376118901, 0.0 ], [ 56.391104855499435, 58.21428721049589, 0.0 ], [ 56.391070854178153, 58.214129690633861, 0.0 ], [ 56.390132077016943, 58.214169726988523, 0.0 ], [ 56.390145085853966, 58.214265540607911, 0.0 ], [ 56.390176535344786, 58.214497756073342, 0.0 ], [ 56.391153662734567, 58.21444376118901, 0.0 ] ] } },
{ "type": "Feature", "properties": { "fid": 261, "handle": 294, "block": -1, "etype": 18, "space": 0, "layer": "0", "olinetype": "ByLayer", "linetype": "", "color": "0,0,0,187", "ocolor": 256, "color24": -1, "transparency": 0, "lweight": -1, "linewidth": 0.0, "ltscale": 1.0, "visible": 0, "width": 0.0, "thickness": 0.0, "ext": "(3:0,0,1)" }, "geometry": { "type": "LineString", "coordinates": [ [ 56.401925437349739, 58.216642376017511, 0.0 ], [ 56.402142893598203, 58.216393124573372, 0.0 ], [ 56.402337032610738, 58.21643150685756, 0.0 ], [ 56.402537510795625, 58.216459391699672, 0.0 ], [ 56.40242112763184, 58.216747815952722, 0.0 ], [ 56.401925437349739, 58.216642376017511, 0.0 ] ] } },
{ "type": "Feature", "properties": { "fid": 262, "handle": 295, "block": -1, "etype": 18, "space": 0, "layer": "0", "olinetype": "ByLayer", "linetype": "", "color": "0,0,0,187", "ocolor": 256, "color24": -1, "transparency": 0, "lweight": -1, "linewidth": 0.0, "ltscale": 1.0, "visible": 0, "width": 0.0, "thickness": 0.0, "ext": "(3:0,0,1)" }, "geometry": { "type": "LineString", "coordinates": [ [ 56.401221227339121, 58.216764198254793, 0.0 ], [ 56.40147496035398, 58.216507448597397, 0.0 ], [ 56.401925437349739, 58.216642376017511, 0.0 ], [ 56.401825302617432, 58.216827569451574, 0.0 ], [ 56.401527193698357, 58.216792117947286, 0.0 ], [ 56.401519288783419, 58.216810873151367, 0.0 ], [ 56.401443100208105, 58.216802614253787, 0.0 ], [ 56.401368287070966, 58.216790945203314, 0.0 ], [ 56.401293644122923, 58.216779276307463, 0.0 ], [ 56.401221227339121, 58.216764198254793, 0.0 ] ] } },
{ "type": "Feature", "properties": { "fid": 263, "handle": 296, "block": -1, "etype": 18, "space": 0, "layer": "0", "olinetype": "ByLayer", "linetype": "", "color": "0,0,0,187", "ocolor": 256, "color24": -1, "transparency": 0, "lweight": -1, "linewidth": 0.0, "ltscale": 1.0, "visible": 0, "width": 0.0, "thickness": 0.0, "ext": "(3:0,0,1)" }, "geometry": { "type": "LineString", "coordinates": [ [ 56.400779979156638, 58.217186465397624, 0.0 ], [ 56.401135215417995, 58.217313383284349, 0.0 ], [ 56.401319032465004, 58.217217261833866, 0.0 ], [ 56.401528473064872, 58.217137151129407, 0.0 ], [ 56.401677400420553, 58.217083814476098, 0.0 ], [ 56.401834633147004, 58.217037939195123, 0.0 ], [ 56.401754488893459, 58.216958209526339, 0.0 ], [ 56.401472198272884, 58.216923674104812, 0.0 ], [ 56.401483702479034, 58.216898638366217, 0.0 ], [ 56.401376568829299, 58.216885405377447, 0.0 ], [ 56.401270978558252, 58.216869301079441, 0.0 ], [ 56.400779979156638, 58.217186465397624, 0.0 ] ] } },
{ "type": "Feature", "properties": { "fid": 264, "handle": 297, "block": -1, "etype": 18, "space": 0, "layer": "0", "olinetype": "ByLayer", "linetype": "", "color": "0,0,0,187", "ocolor": 256, "color24": -1, "transparency": 0, "lweight": -1, "linewidth": 0.0, "ltscale": 1.0, "visible": 0, "width": 0.0, "thickness": 0.0, "ext": "(3:0,0,1)" }, "geometry": { "type": "LineString", "coordinates": [ [ 56.400195700198118, 58.217188563500784, 0.0 ], [ 56.400403509170893, 58.217052069712757, 0.0 ], [ 56.400524537334725, 58.216957671354088, 0.0 ], [ 56.400107299264697, 58.216808502762518, 0.0 ], [ 56.399968552745207, 58.21690835657455, 0.0 ], [ 56.399821482967425, 58.217004788720914, 0.0 ], [ 56.400195700198118, 58.217188563500784, 0.0 ] ] } },
{ "type": "Feature", "properties": { "fid": 265, "handle": 298, "block": -1, "etype": 18, "space": 0, "layer": "0", "olinetype": "ByLayer", "linetype": "", "color": "0,0,0,187", "ocolor": 256, "color24": -1, "transparency": 0, "lweight": -1, "linewidth": 0.0, "ltscale": 1.0, "visible": 0, "width": 0.0, "thickness": 0.0, "ext": "(3:0,0,1)" }, "geometry": { "type": "LineString", "coordinates": [ [ 56.398807774980789, 58.217884440538306, 0.0 ], [ 56.398952316617418, 58.217983820793918, 0.0 ], [ 56.399108108932126, 58.218078455760306, 0.0 ], [ 56.399676976105752, 58.217821812906614, 0.0 ], [ 56.399377152290675, 58.21766775254325, 0.0 ], [ 56.398807774980789, 58.217884440538306, 0.0 ] ] } },
{ "type": "Feature", "properties": { "fid": 266, "handle": 299, "block": -1, "etype": 18, "space": 0, "layer": "0", "olinetype": "ByLayer", "linetype": "", "color": "0,0,0,187", "ocolor": 256, "color24": -1, "transparency": 0, "lweight": -1, "linewidth": 0.0, "ltscale": 1.0, "visible": 0, "width": 0.0, "thickness": 0.0, "ext": "(3:0,0,1)" }, "geometry": { "type": "LineString", "coordinates": [ [ 56.399377152290675, 58.21766775254325, 0.0 ], [ 56.399702306195067, 58.21742500696736, 0.0 ], [ 56.399880482141924, 58.217497132137382, 0.0 ], [ 56.400073852026992, 58.217557333937428, 0.0 ], [ 56.400053007666926, 58.21757786947078, 0.0 ], [ 56.399822127198057, 58.217898298523899, 0.0 ], [ 56.399676976105752, 58.217821812906614, 0.0 ], [ 56.399377152290675, 58.21766775254325, 0.0 ] ] } },
{ "type": "Feature", "properties": { "fid": 267, "handle": 300, "block": -1, "etype": 18, "space": 0, "layer": "0", "olinetype": "ByLayer", "linetype": "", "color": "0,0,0,187", "ocolor": 256, "color24": -1, "transparency": 0, "lweight": -1, "linewidth": 0.0, "ltscale": 1.0, "visible": 0, "width": 0.0, "thickness": 0.0, "ext": "(3:0,0,1)" }, "geometry": { "type": "LineString", "coordinates": [ [ 56.400250073543084, 58.218133491599751, 0.0 ], [ 56.3999813547195, 58.217985753923109, 0.0 ], [ 56.399822127198057, 58.217898298523899, 0.0 ], [ 56.400053007666926, 58.21757786947078, 0.0 ], [ 56.400282454498836, 58.217636766647686, 0.0 ], [ 56.40059841562897, 58.217717132893696, 0.0 ], [ 56.400569010969399, 58.217750317720949, 0.0 ], [ 56.400506916183801, 58.217829163180035, 0.0 ], [ 56.400425917522156, 58.21795251823098, 0.0 ], [ 56.400337834987823, 58.218060961127243, 0.0 ], [ 56.400250073543084, 58.218133491599751, 0.0 ] ] } },
{ "type": "Feature", "properties": { "fid": 268, "handle": 301, "block": -1, "etype": 18, "space": 0, "layer": "0", "olinetype": "ByLayer", "linetype": "", "color": "0,0,0,187", "ocolor": 256, "color24": -1, "transparency": 0, "lweight": -1, "linewidth": 0.0, "ltscale": 1.0, "visible": 0, "width": 0.0, "thickness": 0.0, "ext": "(3:0,0,1)" }, "geometry": { "type": "LineString", "coordinates": [ [ 56.400319286802805, 58.21749648085234, 0.0 ], [ 56.400164623062544, 58.217456795177711, 0.0 ], [ 56.400146333994549, 58.217476615474453, 0.0 ], [ 56.40001396193189, 58.217436327341183, 0.0 ], [ 56.399889273170892, 58.217389763385967, 0.0 ], [ 56.400195700198118, 58.217188563500784, 0.0 ], [ 56.400403509170893, 58.217052069712757, 0.0 ], [ 56.400779979156638, 58.217186465397624, 0.0 ], [ 56.400319286802805, 58.21749648085234, 0.0 ] ] } },
{ "type": "Feature", "properties": { "fid": 269, "handle": 302, "block": -1, "etype": 18, "space": 0, "layer": "0", "olinetype": "ByLayer", "linetype": "", "color": "0,0,0,187", "ocolor": 256, "color24": -1, "transparency": 0, "lweight": -1, "linewidth": 0.0, "ltscale": 1.0, "visible": 0, "width": 0.0, "thickness": 0.0, "ext": "(3:0,0,1)" }, "geometry": { "type": "LineString", "coordinates": [ [ 56.400319286802805, 58.21749648085234, 0.0 ], [ 56.400394069298869, 58.217515692154969, 0.0 ], [ 56.400282454498836, 58.217636766647686, 0.0 ], [ 56.40059841562897, 58.217717132893696, 0.0 ], [ 56.400692245161189, 58.217617315600904, 0.0 ], [ 56.40080850556248, 58.217524078561659, 0.0 ], [ 56.400956324738715, 58.21741112630172, 0.0 ], [ 56.401135215417995, 58.217313383284349, 0.0 ], [ 56.400779979156638, 58.217186465397624, 0.0 ], [ 56.400319286802805, 58.21749648085234, 0.0 ] ] } },
{ "type": "Feature", "properties": { "fid": 270, "handle": 303, "block": -1, "etype": 18, "space": 0, "layer": "0", "olinetype": "ByLayer", "linetype": "", "color": "0,0,0,187", "ocolor": 256, "color24": -1, "transparency": 0, "lweight": -1, "linewidth": 0.0, "ltscale": 1.0, "visible": 0, "width": 0.0, "thickness": 0.0, "ext": "(3:0,0,1)" }, "geometry": { "type": "LineString", "coordinates": [ [ 56.395749917228905, 58.212556352478956, 0.0 ], [ 56.395876941722143, 58.212373171378957, 0.0 ], [ 56.396026731509572, 58.212157516580781, 0.0 ], [ 56.396065078016214, 58.212102167427282, 0.0 ], [ 56.39649458158722, 58.212191389820653, 0.0 ], [ 56.396205362867683, 58.212588056998513, 0.0 ], [ 56.395978505537251, 58.21256874938291, 0.0 ], [ 56.395749917228905, 58.212556352478956, 0.0 ] ] } },
{ "type": "Feature", "properties": { "fid": 271, "handle": 304, "block": -1, "etype": 18, "space": 0, "layer": "0", "olinetype": "ByLayer", "linetype": "", "color": "0,0,0,187", "ocolor": 256, "color24": -1, "transparency": 0, "lweight": -1, "linewidth": 0.0, "ltscale": 1.0, "visible": 0, "width": 0.0, "thickness": 0.0, "ext": "(3:0,0,1)" }, "geometry": { "type": "LineString", "coordinates": [ [ 56.39649458158722, 58.212191389820653, 0.0 ], [ 56.396890252057176, 58.21180284044236, 0.0 ], [ 56.396487017524876, 58.21169802894493, 0.0 ], [ 56.396232830071689, 58.211941480614158, 0.0 ], [ 56.396065078016214, 58.212102167427282, 0.0 ], [ 56.39649458158722, 58.212191389820653, 0.0 ] ] } },
{ "type": "Feature", "properties": { "fid": 272, "handle": 305, "block": -1, "etype": 18, "space": 0, "layer": "0", "olinetype": "ByLayer", "linetype": "", "color": "0,0,0,187", "ocolor": 256, "color24": -1, "transparency": 0, "lweight": -1, "linewidth": 0.0, "ltscale": 1.0, "visible": 0, "width": 0.0, "thickness": 0.0, "ext": "(3:0,0,1)" }, "geometry": { "type": "LineString", "coordinates": [ [ 56.397256533501931, 58.211916943719693, 0.0 ], [ 56.396888345033474, 58.212284608038701, 0.0 ], [ 56.39649458158722, 58.212191389820653, 0.0 ], [ 56.396890252057176, 58.21180284044236, 0.0 ], [ 56.397256533501931, 58.211916943719693, 0.0 ] ] } },
{ "type": "Feature", "properties": { "fid": 273, "handle": 306, "block": -1, "etype": 18, "space": 0, "layer": "0", "olinetype": "ByLayer", "linetype": "", "color": "0,0,0,187", "ocolor": 256, "color24": -1, "transparency": 0, "lweight": -1, "linewidth": 0.0, "ltscale": 1.0, "visible": 0, "width": 0.0, "thickness": 0.0, "ext": "(3:0,0,1)" }, "geometry": { "type": "LineString", "coordinates": [ [ 56.397607622927303, 58.21204359725651, 0.0 ], [ 56.397215777324099, 58.212374692984604, 0.0 ], [ 56.396888345033474, 58.212284608038701, 0.0 ], [ 56.397256533501931, 58.211916943719693, 0.0 ], [ 56.397607622927303, 58.21204359725651, 0.0 ] ] } },
{ "type": "Feature", "properties": { "fid": 274, "handle": 307, "block": -1, "etype": 18, "space": 0, "layer": "0", "olinetype": "ByLayer", "linetype": "", "color": "0,0,0,187", "ocolor": 256, "color24": -1, "transparency": 0, "lweight": -1, "linewidth": 0.0, "ltscale": 1.0, "visible": 0, "width": 0.0, "thickness": 0.0, "ext": "(3:0,0,1)" }, "geometry": { "type": "LineString", "coordinates": [ [ 56.397944891865293, 58.212180378700594, 0.0 ], [ 56.397535817509834, 58.212483083763239, 0.0 ], [ 56.397333160386005, 58.212414158081501, 0.0 ], [ 56.397215777324099, 58.212374692984604, 0.0 ], [ 56.397607622927303, 58.21204359725651, 0.0 ], [ 56.397944891865293, 58.212180378700594, 0.0 ] ] } },
{ "type": "Feature", "properties": { "fid": 275, "handle": 308, "block": -1, "etype": 18, "space": 0, "layer": "0", "olinetype": "ByLayer", "linetype": "", "color": "0,0,0,187", "ocolor": 256, "color24": -1, "transparency": 0, "lweight": -1, "linewidth": 0.0, "ltscale": 1.0, "visible": 0, "width": 0.0, "thickness": 0.0, "ext": "(3:0,0,1)" }, "geometry": { "type": "LineString", "coordinates": [ [ 56.398266981413279, 58.212326837633825, 0.0 ], [ 56.397824522576641, 58.212599606495701, 0.0 ], [ 56.397738420370324, 58.212564847873367, 0.0 ], [ 56.397535817509834, 58.212483083763239, 0.0 ], [ 56.397944891865293, 58.212180378700594, 0.0 ], [ 56.398266981413279, 58.212326837633825, 0.0 ] ] } },
{ "type": "Feature", "properties": { "fid": 276, "handle": 309, "block": -1, "etype": 18, "space": 0, "layer": "0", "olinetype": "ByLayer", "linetype": "", "color": "0,0,0,187", "ocolor": 256, "color24": -1, "transparency": 0, "lweight": -1, "linewidth": 0.0, "ltscale": 1.0, "visible": 0, "width": 0.0, "thickness": 0.0, "ext": "(3:0,0,1)" }, "geometry": { "type": "LineString", "coordinates": [ [ 56.398108201954663, 58.212738119157066, 0.0 ], [ 56.397656202251632, 58.213012671694621, 0.0 ], [ 56.397870299522211, 58.213152179096028, 0.0 ], [ 56.398367974936555, 58.213057423548022, 0.0 ], [ 56.398494649599662, 58.213033243238108, 0.0 ], [ 56.398337296477081, 58.212871448694699, 0.0 ], [ 56.398108201954663, 58.212738119157066, 0.0 ] ] } },
{ "type": "Feature", "properties": { "fid": 277, "handle": 310, "block": -1, "etype": 18, "space": 0, "layer": "0", "olinetype": "ByLayer", "linetype": "", "color": "0,0,0,187", "ocolor": 256, "color24": -1, "transparency": 0, "lweight": -1, "linewidth": 0.0, "ltscale": 1.0, "visible": 0, "width": 0.0, "thickness": 0.0, "ext": "(3:0,0,1)" }, "geometry": { "type": "LineString", "coordinates": [ [ 56.397738420370324, 58.212564847873367, 0.0 ], [ 56.39731530006722, 58.212848860800214, 0.0 ], [ 56.397492572592753, 58.212926824116906, 0.0 ], [ 56.397656202251632, 58.213012671694621, 0.0 ], [ 56.398108201954663, 58.212738119157066, 0.0 ], [ 56.397824522576641, 58.212599606495701, 0.0 ], [ 56.397738420370324, 58.212564847873367, 0.0 ] ] } },
{ "type": "Feature", "properties": { "fid": 278, "handle": 311, "block": -1, "etype": 18, "space": 0, "layer": "0", "olinetype": "ByLayer", "linetype": "", "color": "0,0,0,187", "ocolor": 256, "color24": -1, "transparency": 0, "lweight": -1, "linewidth": 0.0, "ltscale": 1.0, "visible": 0, "width": 0.0, "thickness": 0.0, "ext": "(3:0,0,1)" }, "geometry": { "type": "LineString", "coordinates": [ [ 56.396972498248282, 58.212731823094821, 0.0 ], [ 56.397333160386005, 58.212414158081501, 0.0 ], [ 56.397535817509834, 58.212483083763239, 0.0 ], [ 56.397738420370324, 58.212564847873367, 0.0 ], [ 56.39731530006722, 58.212848860800214, 0.0 ], [ 56.397148167161227, 58.212786800793573, 0.0 ], [ 56.396972498248282, 58.212731823094821, 0.0 ] ] } },
{ "type": "Feature", "properties": { "fid": 279, "handle": 312, "block": -1, "etype": 18, "space": 0, "layer": "0", "olinetype": "ByLayer", "linetype": "", "color": "0,0,0,187", "ocolor": 256, "color24": -1, "transparency": 0, "lweight": -1, "linewidth": 0.0, "ltscale": 1.0, "visible": 0, "width": 0.0, "thickness": 0.0, "ext": "(3:0,0,1)" }, "geometry": { "type": "LineString", "coordinates": [ [ 56.396599460239258, 58.212644196563907, 0.0 ], [ 56.396888345033474, 58.212284608038701, 0.0 ], [ 56.39649458158722, 58.212191389820653, 0.0 ], [ 56.396205362867683, 58.212588056998513, 0.0 ], [ 56.396404470700581, 58.212611999445137, 0.0 ], [ 56.396599460239258, 58.212644196563907, 0.0 ] ] } },
{ "type": "Feature", "properties": { "fid": 280, "handle": 313, "block": -1, "etype": 18, "space": 0, "layer": "0", "olinetype": "ByLayer", "linetype": "", "color": "0,0,0,187", "ocolor": 256, "color24": -1, "transparency": 0, "lweight": -1, "linewidth": 0.0, "ltscale": 1.0, "visible": 0, "width": 0.0, "thickness": 0.0, "ext": "(3:0,0,1)" }, "geometry": { "type": "LineString", "coordinates": [ [ 56.396972498248282, 58.212731823094821, 0.0 ], [ 56.397333160386005, 58.212414158081501, 0.0 ], [ 56.397215777324099, 58.212374692984604, 0.0 ], [ 56.396888345033474, 58.212284608038701, 0.0 ], [ 56.396599460239258, 58.212644196563907, 0.0 ], [ 56.396789142702701, 58.212684198035284, 0.0 ], [ 56.396972498248282, 58.212731823094821, 0.0 ] ] } },
{ "type": "Feature", "properties": { "fid": 281, "handle": 314, "block": -1, "etype": 18, "space": 0, "layer": "0", "olinetype": "ByLayer", "linetype": "", "color": "0,0,0,187", "ocolor": 256, "color24": -1, "transparency": 0, "lweight": -1, "linewidth": 0.0, "ltscale": 1.0, "visible": 0, "width": 0.0, "thickness": 0.0, "ext": "(3:0,0,1)" }, "geometry": { "type": "LineString", "coordinates": [ [ 56.398434940314225, 58.211358290286576, 0.0 ], [ 56.398775556623185, 58.211507194096043, 0.0 ], [ 56.398388555978421, 58.211743399673836, 0.0 ], [ 56.398283789747076, 58.211697576038567, 0.0 ], [ 56.398067126700916, 58.211602777643371, 0.0 ], [ 56.398434940314225, 58.211358290286576, 0.0 ] ] } },
{ "type": "Feature", "properties": { "fid": 282, "handle": 315, "block": -1, "etype": 18, "space": 0, "layer": "0", "olinetype": "ByLayer", "linetype": "", "color": "0,0,0,187", "ocolor": 256, "color24": -1, "transparency": 0, "lweight": -1, "linewidth": 0.0, "ltscale": 1.0, "visible": 0, "width": 0.0, "thickness": 0.0, "ext": "(3:0,0,1)" }, "geometry": { "type": "LineString", "coordinates": [ [ 56.397135187244359, 58.211415366127923, 0.0 ], [ 56.397485908473918, 58.211428445409958, 0.0 ], [ 56.397572634578651, 58.211118980965473, 0.0 ], [ 56.397323659632363, 58.211102342741889, 0.0 ], [ 56.397072731331171, 58.21110482524562, 0.0 ], [ 56.397135187244359, 58.211415366127923, 0.0 ] ] } },
{ "type": "Feature", "properties": { "fid": 283, "handle": 316, "block": -1, "etype": 18, "space": 0, "layer": "0", "olinetype": "ByLayer", "linetype": "", "color": "0,0,0,187", "ocolor": 256, "color24": -1, "transparency": 0, "lweight": -1, "linewidth": 0.0, "ltscale": 1.0, "visible": 0, "width": 0.0, "thickness": 0.0, "ext": "(3:0,0,1)" }, "geometry": { "type": "LineString", "coordinates": [ [ 56.399816203989239, 58.212541096015379, 0.0 ], [ 56.399337497183929, 58.212738679927888, 0.0 ], [ 56.399556805838508, 58.212894082063272, 0.0 ], [ 56.400068247059473, 58.212720148478617, 0.0 ], [ 56.399816203989239, 58.212541096015379, 0.0 ] ] } },
{ "type": "Feature", "properties": { "fid": 284, "handle": 317, "block": -1, "etype": 18, "space": 0, "layer": "0", "olinetype": "ByLayer", "linetype": "", "color": "0,0,0,187", "ocolor": 256, "color24": -1, "transparency": 0, "lweight": -1, "linewidth": 0.0, "ltscale": 1.0, "visible": 0, "width": 0.0, "thickness": 0.0, "ext": "(3:0,0,1)" }, "geometry": { "type": "LineString", "coordinates": [ [ 56.399536942925941, 58.21236237005688, 0.0 ], [ 56.399073844874856, 58.212570116763864, 0.0 ], [ 56.399337497183929, 58.212738679927888, 0.0 ], [ 56.399816203989239, 58.212541096015379, 0.0 ], [ 56.399771928100947, 58.212511415816088, 0.0 ], [ 56.399536942925941, 58.21236237005688, 0.0 ] ] } },
{ "type": "Feature", "properties": { "fid": 285, "handle": 318, "block": -1, "etype": 18, "space": 0, "layer": "0", "olinetype": "ByLayer", "linetype": "", "color": "0,0,0,187", "ocolor": 256, "color24": -1, "transparency": 0, "lweight": -1, "linewidth": 0.0, "ltscale": 1.0, "visible": 0, "width": 0.0, "thickness": 0.0, "ext": "(3:0,0,1)" }, "geometry": { "type": "LineString", "coordinates": [ [ 56.399219969185985, 58.212171657888504, 0.0 ], [ 56.398779065201779, 58.21240106722346, 0.0 ], [ 56.399073844874856, 58.212570116763864, 0.0 ], [ 56.399536942925941, 58.21236237005688, 0.0 ], [ 56.399394400301084, 58.212277986303278, 0.0 ], [ 56.399278521911405, 58.212204228181875, 0.0 ], [ 56.399219969185985, 58.212171657888504, 0.0 ] ] } },
{ "type": "Feature", "properties": { "fid": 286, "handle": 319, "block": -1, "etype": 18, "space": 0, "layer": "0", "olinetype": "ByLayer", "linetype": "", "color": "0,0,0,187", "ocolor": 256, "color24": -1, "transparency": 0, "lweight": -1, "linewidth": 0.0, "ltscale": 1.0, "visible": 0, "width": 0.0, "thickness": 0.0, "ext": "(3:0,0,1)" }, "geometry": { "type": "LineString", "coordinates": [ [ 56.398921602851622, 58.212006554827951, 0.0 ], [ 56.398489986543296, 58.212252134924285, 0.0 ], [ 56.398779065201779, 58.21240106722346, 0.0 ], [ 56.399219969185985, 58.212171657888504, 0.0 ], [ 56.398995101679986, 58.212044709442502, 0.0 ], [ 56.398921602851622, 58.212006554827951, 0.0 ] ] } },
{ "type": "Feature", "properties": { "fid": 287, "handle": 320, "block": -1, "etype": 18, "space": 0, "layer": "0", "olinetype": "ByLayer", "linetype": "", "color": "0,0,0,187", "ocolor": 256, "color24": -1, "transparency": 0, "lweight": -1, "linewidth": 0.0, "ltscale": 1.0, "visible": 0, "width": 0.0, "thickness": 0.0, "ext": "(3:0,0,1)" }, "geometry": { "type": "LineString", "coordinates": [ [ 56.398921602851622, 58.212006554827951, 0.0 ], [ 56.398700766696862, 58.21189218010727, 0.0 ], [ 56.398606882476905, 58.211847447035389, 0.0 ], [ 56.398187944908855, 58.212111715814778, 0.0 ], [ 56.398489986543296, 58.212252134924285, 0.0 ], [ 56.398921602851622, 58.212006554827951, 0.0 ] ] } },
{ "type": "Feature", "properties": { "fid": 288, "handle": 321, "block": -1, "etype": 18, "space": 0, "layer": "0", "olinetype": "ByLayer", "linetype": "", "color": "0,0,0,187", "ocolor": 256, "color24": -1, "transparency": 0, "lweight": -1, "linewidth": 0.0, "ltscale": 1.0, "visible": 0, "width": 0.0, "thickness": 0.0, "ext": "(3:0,0,1)" }, "geometry": { "type": "LineString", "coordinates": [ [ 56.398283789747076, 58.211697576038567, 0.0 ], [ 56.397864282348216, 58.211975579721539, 0.0 ], [ 56.398187944908855, 58.212111715814778, 0.0 ], [ 56.398606882476905, 58.211847447035389, 0.0 ], [ 56.398388555978421, 58.211743399673836, 0.0 ], [ 56.398283789747076, 58.211697576038567, 0.0 ] ] } },
{ "type": "Feature", "properties": { "fid": 289, "handle": 322, "block": -1, "etype": 18, "space": 0, "layer": "0", "olinetype": "ByLayer", "linetype": "", "color": "0,0,0,187", "ocolor": 256, "color24": -1, "transparency": 0, "lweight": -1, "linewidth": 0.0, "ltscale": 1.0, "visible": 0, "width": 0.0, "thickness": 0.0, "ext": "(3:0,0,1)" }, "geometry": { "type": "LineString", "coordinates": [ [ 56.397914949599553, 58.211545135761625, 0.0 ], [ 56.397549729918268, 58.211857769212855, 0.0 ], [ 56.397864282348216, 58.211975579721539, 0.0 ], [ 56.398283789747076, 58.211697576038567, 0.0 ], [ 56.398067126700916, 58.211602777643371, 0.0 ], [ 56.397914949599553, 58.211545135761625, 0.0 ] ] } },
{ "type": "Feature", "properties": { "fid": 290, "handle": 323, "block": -1, "etype": 18, "space": 0, "layer": "0", "olinetype": "ByLayer", "linetype": "", "color": "0,0,0,187", "ocolor": 256, "color24": -1, "transparency": 0, "lweight": -1, "linewidth": 0.0, "ltscale": 1.0, "visible": 0, "width": 0.0, "thickness": 0.0, "ext": "(3:0,0,1)" }, "geometry": { "type": "LineString", "coordinates": [ [ 56.397485908473918, 58.211428445409958, 0.0 ], [ 56.397218481185234, 58.211746222655279, 0.0 ], [ 56.397549729918268, 58.211857769212855, 0.0 ], [ 56.397914949599553, 58.211545135761625, 0.0 ], [ 56.397762603261747, 58.211487403713654, 0.0 ], [ 56.397485908473918, 58.211428445409958, 0.0 ] ] } },
{ "type": "Feature", "properties": { "fid": 291, "handle": 324, "block": -1, "etype": 18, "space": 0, "layer": "0", "olinetype": "ByLayer", "linetype": "", "color": "0,0,0,187", "ocolor": 256, "color24": -1, "transparency": 0, "lweight": -1, "linewidth": 0.0, "ltscale": 1.0, "visible": 0, "width": 0.0, "thickness": 0.0, "ext": "(3:0,0,1)" }, "geometry": { "type": "LineString", "coordinates": [ [ 56.397485908473918, 58.211428445409958, 0.0 ], [ 56.397135187244359, 58.211415366127923, 0.0 ], [ 56.396858060824762, 58.211456871944982, 0.0 ], [ 56.396710106539366, 58.211603846754613, 0.0 ], [ 56.396981132272707, 58.211675638751601, 0.0 ], [ 56.397218481185234, 58.211746222655279, 0.0 ], [ 56.397485908473918, 58.211428445409958, 0.0 ] ] } },
{ "type": "Feature", "properties": { "fid": 292, "handle": 325, "block": -1, "etype": 18, "space": 0, "layer": "0", "olinetype": "ByLayer", "linetype": "", "color": "0,0,0,187", "ocolor": 256, "color24": -1, "transparency": 0, "lweight": -1, "linewidth": 0.0, "ltscale": 1.0, "visible": 0, "width": 0.0, "thickness": 0.0, "ext": "(3:0,0,1)" }, "geometry": { "type": "LineString", "coordinates": [ [ 56.401375461498695, 58.215320954939138, 0.0 ], [ 56.400804772954963, 58.215213717310846, 0.0 ], [ 56.400881033540642, 58.215082455624113, 0.0 ], [ 56.400931758940651, 58.214995246944866, 0.0 ], [ 56.401510077021001, 58.215108059374757, 0.0 ], [ 56.401375461498695, 58.215320954939138, 0.0 ] ] } },
{ "type": "Feature", "properties": { "fid": 293, "handle": 326, "block": -1, "etype": 18, "space": 0, "layer": "0", "olinetype": "ByLayer", "linetype": "", "color": "0,0,0,187", "ocolor": 256, "color24": -1, "transparency": 0, "lweight": -1, "linewidth": 0.0, "ltscale": 1.0, "visible": 0, "width": 0.0, "thickness": 0.0, "ext": "(3:0,0,1)" }, "geometry": { "type": "LineString", "coordinates": [ [ 56.401224694049539, 58.215530868707205, 0.0 ], [ 56.400662730379189, 58.215411520076081, 0.0 ], [ 56.400733752053455, 58.215312573823354, 0.0 ], [ 56.400804772954963, 58.215213717310846, 0.0 ], [ 56.401375461498695, 58.215320954939138, 0.0 ], [ 56.401224694049539, 58.215530868707205, 0.0 ] ] } },
{ "type": "Feature", "properties": { "fid": 294, "handle": 327, "block": -1, "etype": 18, "space": 0, "layer": "0", "olinetype": "ByLayer", "linetype": "", "color": "0,0,0,187", "ocolor": 256, "color24": -1, "transparency": 0, "lweight": -1, "linewidth": 0.0, "ltscale": 1.0, "visible": 0, "width": 0.0, "thickness": 0.0, "ext": "(3:0,0,1)" }, "geometry": { "type": "LineString", "coordinates": [ [ 56.401224694049539, 58.215530868707205, 0.0 ], [ 56.40105794644375, 58.215737351913496, 0.0 ], [ 56.400505557874759, 58.215606072791509, 0.0 ], [ 56.40056199618887, 58.215536288648799, 0.0 ], [ 56.400662730379189, 58.215411520076081, 0.0 ], [ 56.401224694049539, 58.215530868707205, 0.0 ] ] } },
{ "type": "Feature", "properties": { "fid": 295, "handle": 328, "block": -1, "etype": 18, "space": 0, "layer": "0", "olinetype": "ByLayer", "linetype": "", "color": "0,0,0,187", "ocolor": 256, "color24": -1, "transparency": 0, "lweight": -1, "linewidth": 0.0, "ltscale": 1.0, "visible": 0, "width": 0.0, "thickness": 0.0, "ext": "(3:0,0,1)" }, "geometry": { "type": "LineString", "coordinates": [ [ 56.400875560231697, 58.215940045767894, 0.0 ], [ 56.400333766777727, 58.215797106656275, 0.0 ], [ 56.400373766086325, 58.215752621790692, 0.0 ], [ 56.400505557874759, 58.215606072791509, 0.0 ], [ 56.40105794644375, 58.215737351913496, 0.0 ], [ 56.400875560231697, 58.215940045767894, 0.0 ] ] } },
{ "type": "Feature", "properties": { "fid": 296, "handle": 329, "block": -1, "etype": 18, "space": 0, "layer": "0", "olinetype": "ByLayer", "linetype": "", "color": "0,0,0,187", "ocolor": 256, "color24": -1, "transparency": 0, "lweight": -1, "linewidth": 0.0, "ltscale": 1.0, "visible": 0, "width": 0.0, "thickness": 0.0, "ext": "(3:0,0,1)" }, "geometry": { "type": "LineString", "coordinates": [ [ 56.400677706096538, 58.216138770840082, 0.0 ], [ 56.400155557918559, 58.215976461099245, 0.0 ], [ 56.400333766777727, 58.215797106656275, 0.0 ], [ 56.400875560231697, 58.215940045767894, 0.0 ], [ 56.400677706096538, 58.216138770840082, 0.0 ] ] } },
{ "type": "Feature", "properties": { "fid": 297, "handle": 330, "block": -1, "etype": 18, "space": 0, "layer": "0", "olinetype": "ByLayer", "linetype": "", "color": "0,0,0,187", "ocolor": 256, "color24": -1, "transparency": 0, "lweight": -1, "linewidth": 0.0, "ltscale": 1.0, "visible": 0, "width": 0.0, "thickness": 0.0, "ext": "(3:0,0,1)" }, "geometry": { "type": "LineString", "coordinates": [ [ 56.400464726011741, 58.216333078550406, 0.0 ], [ 56.399946503146737, 58.216167450635567, 0.0 ], [ 56.400155557918559, 58.215976461099245, 0.0 ], [ 56.400677706096538, 58.216138770840082, 0.0 ], [ 56.400464726011741, 58.216333078550406, 0.0 ] ] } },
{ "type": "Feature", "properties": { "fid": 298, "handle": 331, "block": -1, "etype": 18, "space": 0, "layer": "0", "olinetype": "ByLayer", "linetype": "", "color": "0,0,0,187", "ocolor": 256, "color24": -1, "transparency": 0, "lweight": -1, "linewidth": 0.0, "ltscale": 1.0, "visible": 0, "width": 0.0, "thickness": 0.0, "ext": "(3:0,0,1)" }, "geometry": { "type": "LineString", "coordinates": [ [ 56.400236961222554, 58.216522699878965, 0.0 ], [ 56.39973205377305, 58.216346133351252, 0.0 ], [ 56.399946503146737, 58.216167450635567, 0.0 ], [ 56.400464726011741, 58.216333078550406, 0.0 ], [ 56.400236961222554, 58.216522699878965, 0.0 ] ] } },
{ "type": "Feature", "properties": { "fid": 299, "handle": 332, "block": -1, "etype": 18, "space": 0, "layer": "0", "olinetype": "ByLayer", "linetype": "", "color": "0,0,0,187", "ocolor": 256, "color24": -1, "transparency": 0, "lweight": -1, "linewidth": 0.0, "ltscale": 1.0, "visible": 0, "width": 0.0, "thickness": 0.0, "ext": "(3:0,0,1)" }, "geometry": { "type": "LineString", "coordinates": [ [ 56.399994923518832, 58.216707276221833, 0.0 ], [ 56.399504011316886, 58.216520041220683, 0.0 ], [ 56.399683407500852, 58.216383155923502, 0.0 ], [ 56.39973205377305, 58.216346133351252, 0.0 ], [ 56.400236961222554, 58.216522699878965, 0.0 ], [ 56.399994923518832, 58.216707276221833, 0.0 ] ] } },
{ "type": "Feature", "properties": { "fid": 300, "handle": 333, "block": -1, "etype": 18, "space": 0, "layer": "0", "olinetype": "ByLayer", "linetype": "", "color": "0,0,0,187", "ocolor": 256, "color24": -1, "transparency": 0, "lweight": -1, "linewidth": 0.0, "ltscale": 1.0, "visible": 0, "width": 0.0, "thickness": 0.0, "ext": "(3:0,0,1)" }, "geometry": { "type": "LineString", "coordinates": [ [ 56.399738954582382, 58.216886448773565, 0.0 ], [ 56.399262716712244, 58.216688995010792, 0.0 ], [ 56.399383364110754, 58.216604563064116, 0.0 ], [ 56.399504011316886, 58.216520041220683, 0.0 ], [ 56.399994923518832, 58.216707276221833, 0.0 ], [ 56.399738954582382, 58.216886448773565, 0.0 ] ] } },
{ "type": "Feature", "properties": { "fid": 301, "handle": 334, "block": -1, "etype": 18, "space": 0, "layer": "0", "olinetype": "ByLayer", "linetype": "", "color": "0,0,0,187", "ocolor": 256, "color24": -1, "transparency": 0, "lweight": -1, "linewidth": 0.0, "ltscale": 1.0, "visible": 0, "width": 0.0, "thickness": 0.0, "ext": "(3:0,0,1)" }, "geometry": { "type": "LineString", "coordinates": [ [ 56.399738954582382, 58.216886448773565, 0.0 ], [ 56.399574666948453, 58.21699067136656, 0.0 ], [ 56.399376599812165, 58.217076089437946, 0.0 ], [ 56.39902858034138, 58.216814502394271, 0.0 ], [ 56.399262716712244, 58.216688995010792, 0.0 ], [ 56.399738954582382, 58.216886448773565, 0.0 ] ] } },
{ "type": "Feature", "properties": { "fid": 302, "handle": 335, "block": -1, "etype": 18, "space": 0, "layer": "0", "olinetype": "ByLayer", "linetype": "", "color": "0,0,0,187", "ocolor": 256, "color24": -1, "transparency": 0, "lweight": -1, "linewidth": 0.0, "ltscale": 1.0, "visible": 0, "width": 0.0, "thickness": 0.0, "ext": "(3:0,0,1)" }, "geometry": { "type": "LineString", "coordinates": [ [ 56.400271183771039, 58.214983788857189, 0.0 ], [ 56.400881033540642, 58.215082455624113, 0.0 ], [ 56.400931758940651, 58.214995246944866, 0.0 ], [ 56.400987012999408, 58.214882904607848, 0.0 ], [ 56.40038510168511, 58.214758300689937, 0.0 ], [ 56.400271183771039, 58.214983788857189, 0.0 ] ] } },
{ "type": "Feature", "properties": { "fid": 303, "handle": 336, "block": -1, "etype": 18, "space": 0, "layer": "0", "olinetype": "ByLayer", "linetype": "", "color": "0,0,0,187", "ocolor": 256, "color24": -1, "transparency": 0, "lweight": -1, "linewidth": 0.0, "ltscale": 1.0, "visible": 0, "width": 0.0, "thickness": 0.0, "ext": "(3:0,0,1)" }, "geometry": { "type": "LineString", "coordinates": [ [ 56.400136561307349, 58.215196683116865, 0.0 ], [ 56.400733752053455, 58.215312573823354, 0.0 ], [ 56.400804772954963, 58.215213717310846, 0.0 ], [ 56.400881033540642, 58.215082455624113, 0.0 ], [ 56.400271183771039, 58.214983788857189, 0.0 ], [ 56.400136561307349, 58.215196683116865, 0.0 ] ] } },
{ "type": "Feature", "properties": { "fid": 304, "handle": 337, "block": -1, "etype": 18, "space": 0, "layer": "0", "olinetype": "ByLayer", "linetype": "", "color": "0,0,0,187", "ocolor": 256, "color24": -1, "transparency": 0, "lweight": -1, "linewidth": 0.0, "ltscale": 1.0, "visible": 0, "width": 0.0, "thickness": 0.0, "ext": "(3:0,0,1)" }, "geometry": { "type": "LineString", "coordinates": [ [ 56.399978987432874, 58.215405240694786, 0.0 ], [ 56.40056199618887, 58.215536288648799, 0.0 ], [ 56.400662730379189, 58.215411520076081, 0.0 ], [ 56.400733752053455, 58.215312573823354, 0.0 ], [ 56.400136561307349, 58.215196683116865, 0.0 ], [ 56.399978987432874, 58.215405240694786, 0.0 ] ] } },
{ "type": "Feature", "properties": { "fid": 305, "handle": 338, "block": -1, "etype": 18, "space": 0, "layer": "0", "olinetype": "ByLayer", "linetype": "", "color": "0,0,0,187", "ocolor": 256, "color24": -1, "transparency": 0, "lweight": -1, "linewidth": 0.0, "ltscale": 1.0, "visible": 0, "width": 0.0, "thickness": 0.0, "ext": "(3:0,0,1)" }, "geometry": { "type": "LineString", "coordinates": [ [ 56.399799146137148, 58.215608564493593, 0.0 ], [ 56.400373766086325, 58.215752621790692, 0.0 ], [ 56.400505557874759, 58.215606072791509, 0.0 ], [ 56.40056199618887, 58.215536288648799, 0.0 ], [ 56.399978987432874, 58.215405240694786, 0.0 ], [ 56.399799146137148, 58.215608564493593, 0.0 ] ] } },
{ "type": "Feature", "properties": { "fid": 306, "handle": 339, "block": -1, "etype": 18, "space": 0, "layer": "0", "olinetype": "ByLayer", "linetype": "", "color": "0,0,0,187", "ocolor": 256, "color24": -1, "transparency": 0, "lweight": -1, "linewidth": 0.0, "ltscale": 1.0, "visible": 0, "width": 0.0, "thickness": 0.0, "ext": "(3:0,0,1)" }, "geometry": { "type": "LineString", "coordinates": [ [ 56.399597379290093, 58.2158062059138, 0.0 ], [ 56.400155557918559, 58.215976461099245, 0.0 ], [ 56.400333766777727, 58.215797106656275, 0.0 ], [ 56.400373766086325, 58.215752621790692, 0.0 ], [ 56.399799146137148, 58.215608564493593, 0.0 ], [ 56.399597379290093, 58.2158062059138, 0.0 ] ] } },
{ "type": "Feature", "properties": { "fid": 307, "handle": 340, "block": -1, "etype": 18, "space": 0, "layer": "0", "olinetype": "ByLayer", "linetype": "", "color": "0,0,0,187", "ocolor": 256, "color24": -1, "transparency": 0, "lweight": -1, "linewidth": 0.0, "ltscale": 1.0, "visible": 0, "width": 0.0, "thickness": 0.0, "ext": "(3:0,0,1)" }, "geometry": { "type": "LineString", "coordinates": [ [ 56.399374710487415, 58.215997447806494, 0.0 ], [ 56.399946503146737, 58.216167450635567, 0.0 ], [ 56.400155557918559, 58.215976461099245, 0.0 ], [ 56.399597379290093, 58.2158062059138, 0.0 ], [ 56.399374710487415, 58.215997447806494, 0.0 ] ] } },
{ "type": "Feature", "properties": { "fid": 308, "handle": 341, "block": -1, "etype": 18, "space": 0, "layer": "0", "olinetype": "ByLayer", "linetype": "", "color": "0,0,0,187", "ocolor": 256, "color24": -1, "transparency": 0, "lweight": -1, "linewidth": 0.0, "ltscale": 1.0, "visible": 0, "width": 0.0, "thickness": 0.0, "ext": "(3:0,0,1)" }, "geometry": { "type": "LineString", "coordinates": [ [ 56.399131482838598, 58.216181572214019, 0.0 ], [ 56.399683407500852, 58.216383155923502, 0.0 ], [ 56.39973205377305, 58.216346133351252, 0.0 ], [ 56.399946503146737, 58.216167450635567, 0.0 ], [ 56.399374710487415, 58.215997447806494, 0.0 ], [ 56.399131482838598, 58.216181572214019, 0.0 ] ] } },
{ "type": "Feature", "properties": { "fid": 309, "handle": 342, "block": -1, "etype": 18, "space": 0, "layer": "0", "olinetype": "ByLayer", "linetype": "", "color": "0,0,0,187", "ocolor": 256, "color24": -1, "transparency": 0, "lweight": -1, "linewidth": 0.0, "ltscale": 1.0, "visible": 0, "width": 0.0, "thickness": 0.0, "ext": "(3:0,0,1)" }, "geometry": { "type": "LineString", "coordinates": [ [ 56.398854218202722, 58.216367271884984, 0.0 ], [ 56.399383364110754, 58.216604563064116, 0.0 ], [ 56.399504011316886, 58.216520041220683, 0.0 ], [ 56.399683407500852, 58.216383155923502, 0.0 ], [ 56.399131482838598, 58.216181572214019, 0.0 ], [ 56.398854218202722, 58.216367271884984, 0.0 ] ] } },
{ "type": "Feature", "properties": { "fid": 310, "handle": 343, "block": -1, "etype": 18, "space": 0, "layer": "0", "olinetype": "ByLayer", "linetype": "", "color": "0,0,0,187", "ocolor": 256, "color24": -1, "transparency": 0, "lweight": -1, "linewidth": 0.0, "ltscale": 1.0, "visible": 0, "width": 0.0, "thickness": 0.0, "ext": "(3:0,0,1)" }, "geometry": { "type": "LineString", "coordinates": [ [ 56.398854218202722, 58.216367271884984, 0.0 ], [ 56.398533385936886, 58.216555073967839, 0.0 ], [ 56.39902858034138, 58.216814502394271, 0.0 ], [ 56.399262716712244, 58.216688995010792, 0.0 ], [ 56.399383364110754, 58.216604563064116, 0.0 ], [ 56.398854218202722, 58.216367271884984, 0.0 ] ] } },
{ "type": "Feature", "properties": { "fid": 311, "handle": 344, "block": -1, "etype": 18, "space": 0, "layer": "0", "olinetype": "ByLayer", "linetype": "", "color": "0,0,0,187", "ocolor": 256, "color24": -1, "transparency": 0, "lweight": -1, "linewidth": 0.0, "ltscale": 1.0, "visible": 0, "width": 0.0, "thickness": 0.0, "ext": "(3:0,0,1)" }, "geometry": { "type": "LineString", "coordinates": [ [ 56.398847058312818, 58.215531304308875, 0.0 ], [ 56.398632985038518, 58.215701187019697, 0.0 ], [ 56.399179258247379, 58.215909050952675, 0.0 ], [ 56.399291096933105, 58.215815002003197, 0.0 ], [ 56.399397667701123, 58.215719330658708, 0.0 ], [ 56.398847058312818, 58.215531304308875, 0.0 ] ] } },
{ "type": "Feature", "properties": { "fid": 312, "handle": 345, "block": -1, "etype": 18, "space": 0, "layer": "0", "olinetype": "ByLayer", "linetype": "", "color": "0,0,0,187", "ocolor": 256, "color24": -1, "transparency": 0, "lweight": -1, "linewidth": 0.0, "ltscale": 1.0, "visible": 0, "width": 0.0, "thickness": 0.0, "ext": "(3:0,0,1)" }, "geometry": { "type": "LineString", "coordinates": [ [ 56.399010039203247, 58.215373211950919, 0.0 ], [ 56.398906168793054, 58.215474003744816, 0.0 ], [ 56.398847058312818, 58.215531304308875, 0.0 ], [ 56.399397667701123, 58.215719330658708, 0.0 ], [ 56.399515032466546, 58.215605715587699, 0.0 ], [ 56.399625089094954, 58.215490116586842, 0.0 ], [ 56.399010039203247, 58.215373211950919, 0.0 ] ] } },
{ "type": "Feature", "properties": { "fid": 313, "handle": 346, "block": -1, "etype": 18, "space": 0, "layer": "0", "olinetype": "ByLayer", "linetype": "", "color": "0,0,0,187", "ocolor": 256, "color24": -1, "transparency": 0, "lweight": -1, "linewidth": 0.0, "ltscale": 1.0, "visible": 0, "width": 0.0, "thickness": 0.0, "ext": "(3:0,0,1)" }, "geometry": { "type": "LineString", "coordinates": [ [ 56.399828243897254, 58.21524543103974, 0.0 ], [ 56.399427775824478, 58.21519916996921, 0.0 ], [ 56.399095259391366, 58.21517704963172, 0.0 ], [ 56.399010039203247, 58.215373211950919, 0.0 ], [ 56.399625089094954, 58.215490116586842, 0.0 ], [ 56.399730746242263, 58.215368676481852, 0.0 ], [ 56.399828243897254, 58.21524543103974, 0.0 ] ] } },
{ "type": "Feature", "properties": { "fid": 314, "handle": 347, "block": -1, "etype": 18, "space": 0, "layer": "0", "olinetype": "ByLayer", "linetype": "", "color": "0,0,0,187", "ocolor": 256, "color24": -1, "transparency": 0, "lweight": -1, "linewidth": 0.0, "ltscale": 1.0, "visible": 0, "width": 0.0, "thickness": 0.0, "ext": "(3:0,0,1)" }, "geometry": { "type": "LineString", "coordinates": [ [ 56.396653681672603, 58.216003721203407, 0.0 ], [ 56.39687592487595, 58.216190734606982, 0.0 ], [ 56.39709025010022, 58.216360051091442, 0.0 ], [ 56.397145357846647, 58.216403571595187, 0.0 ], [ 56.397522817552158, 58.216263425116026, 0.0 ], [ 56.397060205150908, 58.215909399795848, 0.0 ], [ 56.396859229287024, 58.215959167081436, 0.0 ], [ 56.396653681672603, 58.216003721203407, 0.0 ] ] } },
{ "type": "Feature", "properties": { "fid": 315, "handle": 348, "block": -1, "etype": 18, "space": 0, "layer": "0", "olinetype": "ByLayer", "linetype": "", "color": "0,0,0,187", "ocolor": 256, "color24": -1, "transparency": 0, "lweight": -1, "linewidth": 0.0, "ltscale": 1.0, "visible": 0, "width": 0.0, "thickness": 0.0, "ext": "(3:0,0,1)" }, "geometry": { "type": "LineString", "coordinates": [ [ 56.397522817552158, 58.216263425116026, 0.0 ], [ 56.398087276095126, 58.216595663339504, 0.0 ], [ 56.397920407716164, 58.216666032971681, 0.0 ], [ 56.39774386958927, 58.216729657198911, 0.0 ], [ 56.397352612064147, 58.216516496137658, 0.0 ], [ 56.397145357846647, 58.216403571595187, 0.0 ], [ 56.397522817552158, 58.216263425116026, 0.0 ] ] } },
{ "type": "Feature", "properties": { "fid": 316, "handle": 349, "block": -1, "etype": 18, "space": 0, "layer": "0", "olinetype": "ByLayer", "linetype": "", "color": "0,0,0,187", "ocolor": 256, "color24": -1, "transparency": 0, "lweight": -1, "linewidth": 0.0, "ltscale": 1.0, "visible": 0, "width": 0.0, "thickness": 0.0, "ext": "(3:0,0,1)" }, "geometry": { "type": "LineString", "coordinates": [ [ 56.398393176802671, 58.216438819369856, 0.0 ], [ 56.397864032842854, 58.216123772970832, 0.0 ], [ 56.397522817552158, 58.216263425116026, 0.0 ], [ 56.398087276095126, 58.216595663339504, 0.0 ], [ 56.398244640222245, 58.216519625919467, 0.0 ], [ 56.398393176802671, 58.216438819369856, 0.0 ] ] } },
{ "type": "Feature", "properties": { "fid": 317, "handle": 350, "block": -1, "etype": 18, "space": 0, "layer": "0", "olinetype": "ByLayer", "linetype": "", "color": "0,0,0,187", "ocolor": 256, "color24": -1, "transparency": 0, "lweight": -1, "linewidth": 0.0, "ltscale": 1.0, "visible": 0, "width": 0.0, "thickness": 0.0, "ext": "(3:0,0,1)" }, "geometry": { "type": "LineString", "coordinates": [ [ 56.398674964260834, 58.216270453969642, 0.0 ], [ 56.398142075806547, 58.215995536770876, 0.0 ], [ 56.397864032842854, 58.216123772970832, 0.0 ], [ 56.398393176802671, 58.216438819369856, 0.0 ], [ 56.39853644800818, 58.216355761845485, 0.0 ], [ 56.398674964260834, 58.216270453969642, 0.0 ] ] } },
{ "type": "Feature", "properties": { "fid": 318, "handle": 351, "block": -1, "etype": 18, "space": 0, "layer": "0", "olinetype": "ByLayer", "linetype": "", "color": "0,0,0,187", "ocolor": 256, "color24": -1, "transparency": 0, "lweight": -1, "linewidth": 0.0, "ltscale": 1.0, "visible": 0, "width": 0.0, "thickness": 0.0, "ext": "(3:0,0,1)" }, "geometry": { "type": "LineString", "coordinates": [ [ 56.398935853562179, 58.216094701073061, 0.0 ], [ 56.398404535976539, 58.215850492226302, 0.0 ], [ 56.398258041592783, 58.21593175013458, 0.0 ], [ 56.398142075806547, 58.215995536770876, 0.0 ], [ 56.398674964260834, 58.216270453969642, 0.0 ], [ 56.398807871824715, 58.216183613000453, 0.0 ], [ 56.398935853562179, 58.216094701073061, 0.0 ] ] } },
{ "type": "Feature", "properties": { "fid": 319, "handle": 352, "block": -1, "etype": 18, "space": 0, "layer": "0", "olinetype": "ByLayer", "linetype": "", "color": "0,0,0,187", "ocolor": 256, "color24": -1, "transparency": 0, "lweight": -1, "linewidth": 0.0, "ltscale": 1.0, "visible": 0, "width": 0.0, "thickness": 0.0, "ext": "(3:0,0,1)" }, "geometry": { "type": "LineString", "coordinates": [ [ 56.399179258247379, 58.215909050952675, 0.0 ], [ 56.398632985038518, 58.215701187019697, 0.0 ], [ 56.398404535976539, 58.215850492226302, 0.0 ], [ 56.398935853562179, 58.216094701073061, 0.0 ], [ 56.399060104257984, 58.216002821797836, 0.0 ], [ 56.399179258247379, 58.215909050952675, 0.0 ] ] } },
{ "type": "Feature", "properties": { "fid": 320, "handle": 353, "block": -1, "etype": 18, "space": 0, "layer": "0", "olinetype": "ByLayer", "linetype": "", "color": "0,0,0,187", "ocolor": 256, "color24": -1, "transparency": 0, "lweight": -1, "linewidth": 0.0, "ltscale": 1.0, "visible": 0, "width": 0.0, "thickness": 0.0, "ext": "(3:0,0,1)" }, "geometry": { "type": "LineString", "coordinates": [ [ 56.398906168793054, 58.215474003744816, 0.0 ], [ 56.398308701042914, 58.215304235030509, 0.0 ], [ 56.398381184715142, 58.215222978851635, 0.0 ], [ 56.398442450068536, 58.215139195403388, 0.0 ], [ 56.398978581120971, 58.215169280022053, 0.0 ], [ 56.399095259391366, 58.21517704963172, 0.0 ], [ 56.399010039203247, 58.215373211950919, 0.0 ], [ 56.398906168793054, 58.215474003744816, 0.0 ] ] } },
{ "type": "Feature", "properties": { "fid": 321, "handle": 354, "block": -1, "etype": 18, "space": 0, "layer": "0", "olinetype": "ByLayer", "linetype": "", "color": "0,0,0,187", "ocolor": 256, "color24": -1, "transparency": 0, "lweight": -1, "linewidth": 0.0, "ltscale": 1.0, "visible": 0, "width": 0.0, "thickness": 0.0, "ext": "(3:0,0,1)" }, "geometry": { "type": "LineString", "coordinates": [ [ 56.398084359391191, 58.215487931022814, 0.0 ], [ 56.398206045497432, 58.215399012316219, 0.0 ], [ 56.398308701042914, 58.215304235030509, 0.0 ], [ 56.398906168793054, 58.215474003744816, 0.0 ], [ 56.398847058312818, 58.215531304308875, 0.0 ], [ 56.398632985038518, 58.215701187019697, 0.0 ], [ 56.398084359391191, 58.215487931022814, 0.0 ] ] } },
{ "type": "Feature", "properties": { "fid": 322, "handle": 355, "block": -1, "etype": 18, "space": 0, "layer": "0", "olinetype": "ByLayer", "linetype": "", "color": "0,0,0,187", "ocolor": 256, "color24": -1, "transparency": 0, "lweight": -1, "linewidth": 0.0, "ltscale": 1.0, "visible": 0, "width": 0.0, "thickness": 0.0, "ext": "(3:0,0,1)" }, "geometry": { "type": "LineString", "coordinates": [ [ 56.397792358035659, 58.215658437711227, 0.0 ], [ 56.398258041592783, 58.21593175013458, 0.0 ], [ 56.398404535976539, 58.215850492226302, 0.0 ], [ 56.398632985038518, 58.215701187019697, 0.0 ], [ 56.398084359391191, 58.215487931022814, 0.0 ], [ 56.397947187776296, 58.215577459619738, 0.0 ], [ 56.397792358035659, 58.215658437711227, 0.0 ] ] } },
{ "type": "Feature", "properties": { "fid": 323, "handle": 356, "block": -1, "etype": 18, "space": 0, "layer": "0", "olinetype": "ByLayer", "linetype": "", "color": "0,0,0,187", "ocolor": 256, "color24": -1, "transparency": 0, "lweight": -1, "linewidth": 0.0, "ltscale": 1.0, "visible": 0, "width": 0.0, "thickness": 0.0, "ext": "(3:0,0,1)" }, "geometry": { "type": "LineString", "coordinates": [ [ 56.39743787638394, 58.21579807379932, 0.0 ], [ 56.397864032842854, 58.216123772970832, 0.0 ], [ 56.397522817552158, 58.216263425116026, 0.0 ], [ 56.397060205150908, 58.215909399795848, 0.0 ], [ 56.397250820339927, 58.215855400033988, 0.0 ], [ 56.39743787638394, 58.21579807379932, 0.0 ] ] } },
{ "type": "Feature", "properties": { "fid": 324, "handle": 357, "block": -1, "etype": 18, "space": 0, "layer": "0", "olinetype": "ByLayer", "linetype": "", "color": "0,0,0,187", "ocolor": 256, "color24": -1, "transparency": 0, "lweight": -1, "linewidth": 0.0, "ltscale": 1.0, "visible": 0, "width": 0.0, "thickness": 0.0, "ext": "(3:0,0,1)" }, "geometry": { "type": "LineString", "coordinates": [ [ 56.397792358035659, 58.215658437711227, 0.0 ], [ 56.398258041592783, 58.21593175013458, 0.0 ], [ 56.398142075806547, 58.215995536770876, 0.0 ], [ 56.397864032842854, 58.216123772970832, 0.0 ], [ 56.39743787638394, 58.21579807379932, 0.0 ], [ 56.397621223533683, 58.21573266248852, 0.0 ], [ 56.397792358035659, 58.215658437711227, 0.0 ] ] } },
{ "type": "Feature", "properties": { "fid": 325, "handle": 358, "block": -1, "etype": 18, "space": 0, "layer": "0", "olinetype": "ByLayer", "linetype": "", "color": "0,0,0,187", "ocolor": 256, "color24": -1, "transparency": 0, "lweight": -1, "linewidth": 0.0, "ltscale": 1.0, "visible": 0, "width": 0.0, "thickness": 0.0, "ext": "(3:0,0,1)" }, "geometry": { "type": "LineString", "coordinates": [ [ 56.397686391952327, 58.218150476290624, 0.0 ], [ 56.397799141995677, 58.218005164323323, 0.0 ], [ 56.39791736315518, 58.21797262478848, 0.0 ], [ 56.397652232936743, 58.217704848137828, 0.0 ], [ 56.397293519179115, 58.217834602734833, 0.0 ], [ 56.397192035623895, 58.217891941544877, 0.0 ], [ 56.397686391952327, 58.218150476290624, 0.0 ] ] } },
{ "type": "Feature", "properties": { "fid": 326, "handle": 359, "block": -1, "etype": 18, "space": 0, "layer": "0", "olinetype": "ByLayer", "linetype": "", "color": "0,0,0,187", "ocolor": 256, "color24": -1, "transparency": 0, "lweight": -1, "linewidth": 0.0, "ltscale": 1.0, "visible": 0, "width": 0.0, "thickness": 0.0, "ext": "(3:0,0,1)" }, "geometry": { "type": "LineString", "coordinates": [ [ 56.39151418719311, 58.218175006425177, 0.0 ], [ 56.391676765614974, 58.218193523881816, 0.0 ], [ 56.392081773989041, 58.218065907370232, 0.0 ], [ 56.392165851052816, 58.217754199046226, 0.0 ], [ 56.392059239523732, 58.217738534779663, 0.0 ], [ 56.391710307235634, 58.21769231336598, 0.0 ], [ 56.39151418719311, 58.218175006425177, 0.0 ] ] } },
{ "type": "Feature", "properties": { "fid": 327, "handle": 360, "block": -1, "etype": 18, "space": 0, "layer": "0", "olinetype": "ByLayer", "linetype": "", "color": "0,0,0,187", "ocolor": 256, "color24": -1, "transparency": 0, "lweight": -1, "linewidth": 0.0, "ltscale": 1.0, "visible": 0, "width": 0.0, "thickness": 0.0, "ext": "(3:0,0,1)" }, "geometry": { "type": "LineString", "coordinates": [ [ 56.397116695878914, 58.216895990809213, 0.0 ], [ 56.397430574171871, 58.216824361708099, 0.0 ], [ 56.39707093474216, 58.21661788147442, 0.0 ], [ 56.396749380366806, 58.21673376293132, 0.0 ], [ 56.396789086901343, 58.216758410881326, 0.0 ], [ 56.397008539543897, 58.216883560966252, 0.0 ], [ 56.397116695878914, 58.216895990809213, 0.0 ] ] } },
{ "type": "Feature", "properties": { "fid": 328, "handle": 361, "block": -1, "etype": 18, "space": 0, "layer": "0", "olinetype": "ByLayer", "linetype": "", "color": "0,0,0,187", "ocolor": 256, "color24": -1, "transparency": 0, "lweight": -1, "linewidth": 0.0, "ltscale": 1.0, "visible": 0, "width": 0.0, "thickness": 0.0, "ext": "(3:0,0,1)" }, "geometry": { "type": "LineString", "coordinates": [ [ 56.397430574171871, 58.216824361708099, 0.0 ], [ 56.39774386958927, 58.216729657198911, 0.0 ], [ 56.397352612064147, 58.216516496137658, 0.0 ], [ 56.39707093474216, 58.21661788147442, 0.0 ], [ 56.397430574171871, 58.216824361708099, 0.0 ] ] } },
{ "type": "Feature", "properties": { "fid": 329, "handle": 362, "block": -1, "etype": 18, "space": 0, "layer": "0", "olinetype": "ByLayer", "linetype": "", "color": "0,0,0,187", "ocolor": 256, "color24": -1, "transparency": 0, "lweight": -1, "linewidth": 0.0, "ltscale": 1.0, "visible": 0, "width": 0.0, "thickness": 0.0, "ext": "(3:0,0,1)" }, "geometry": { "type": "LineString", "coordinates": [ [ 56.396265759397579, 58.216398922829136, 0.0 ], [ 56.39654110997855, 58.216304983545768, 0.0 ], [ 56.396259366748311, 58.216067799543602, 0.0 ], [ 56.396022234233889, 58.216098039243064, 0.0 ], [ 56.395978955992916, 58.216151856102933, 0.0 ], [ 56.396103855016477, 58.216265491210635, 0.0 ], [ 56.396236592460411, 58.216376531971768, 0.0 ], [ 56.396265759397579, 58.216398922829136, 0.0 ] ] } },
{ "type": "Feature", "properties": { "fid": 330, "handle": 363, "block": -1, "etype": 18, "space": 0, "layer": "0", "olinetype": "ByLayer", "linetype": "", "color": "0,0,0,187", "ocolor": 256, "color24": -1, "transparency": 0, "lweight": -1, "linewidth": 0.0, "ltscale": 1.0, "visible": 0, "width": 0.0, "thickness": 0.0, "ext": "(3:0,0,1)" }, "geometry": { "type": "LineString", "coordinates": [ [ 56.39654110997855, 58.216304983545768, 0.0 ], [ 56.39687592487595, 58.216190734606982, 0.0 ], [ 56.396653681672603, 58.216003721203407, 0.0 ], [ 56.396341418387443, 58.216057304188212, 0.0 ], [ 56.396259366748311, 58.216067799543602, 0.0 ], [ 56.39654110997855, 58.216304983545768, 0.0 ] ] } },
{ "type": "Feature", "properties": { "fid": 331, "handle": 364, "block": -1, "etype": 18, "space": 0, "layer": "0", "olinetype": "ByLayer", "linetype": "", "color": "0,0,0,187", "ocolor": 256, "color24": -1, "transparency": 0, "lweight": -1, "linewidth": 0.0, "ltscale": 1.0, "visible": 0, "width": 0.0, "thickness": 0.0, "ext": "(3:0,0,1)" }, "geometry": { "type": "LineString", "coordinates": [ [ 56.395803974620407, 58.215974325394853, 0.0 ], [ 56.395903051718967, 58.216000302354381, 0.0 ], [ 56.396168428208242, 58.215969648044968, 0.0 ], [ 56.395975500197338, 58.215693425617985, 0.0 ], [ 56.395627959399746, 58.215761059997419, 0.0 ], [ 56.395645548454766, 58.215785232619233, 0.0 ], [ 56.395722547614007, 58.215880225263192, 0.0 ], [ 56.395803974620407, 58.215974325394853, 0.0 ] ] } },
{ "type": "Feature", "properties": { "fid": 332, "handle": 365, "block": -1, "etype": 18, "space": 0, "layer": "0", "olinetype": "ByLayer", "linetype": "", "color": "0,0,0,187", "ocolor": 256, "color24": -1, "transparency": 0, "lweight": -1, "linewidth": 0.0, "ltscale": 1.0, "visible": 0, "width": 0.0, "thickness": 0.0, "ext": "(3:0,0,1)" }, "geometry": { "type": "LineString", "coordinates": [ [ 56.39484475142433, 58.216011229314731, 0.0 ], [ 56.395151472176941, 58.216019592758109, 0.0 ], [ 56.395458737480368, 58.216020145100735, 0.0 ], [ 56.39552053812637, 58.215971647988646, 0.0 ], [ 56.395417481878347, 58.215843673683771, 0.0 ], [ 56.394863879676265, 58.215838781581745, 0.0 ], [ 56.39484475142433, 58.216011229314731, 0.0 ] ] } },
{ "type": "Feature", "properties": { "fid": 333, "handle": 366, "block": -1, "etype": 18, "space": 0, "layer": "0", "olinetype": "ByLayer", "linetype": "", "color": "0,0,0,187", "ocolor": 256, "color24": -1, "transparency": 0, "lweight": -1, "linewidth": 0.0, "ltscale": 1.0, "visible": 0, "width": 0.0, "thickness": 0.0, "ext": "(3:0,0,1)" }, "geometry": { "type": "LineString", "coordinates": [ [ 56.393175853177382, 58.216440230504425, 0.0 ], [ 56.393286807886888, 58.216434800439956, 0.0 ], [ 56.393431714472037, 58.216330831463118, 0.0 ], [ 56.393601920039949, 58.216238385435091, 0.0 ], [ 56.393370238440376, 58.216073530856903, 0.0 ], [ 56.392903577439682, 58.21629839909712, 0.0 ], [ 56.39299708465672, 58.21635247317829, 0.0 ], [ 56.393175853177382, 58.216440230504425, 0.0 ] ] } },
{ "type": "Feature", "properties": { "fid": 334, "handle": 367, "block": -1, "etype": 18, "space": 0, "layer": "0", "olinetype": "ByLayer", "linetype": "", "color": "0,0,0,187", "ocolor": 256, "color24": -1, "transparency": 0, "lweight": -1, "linewidth": 0.0, "ltscale": 1.0, "visible": 0, "width": 0.0, "thickness": 0.0, "ext": "(3:0,0,1)" }, "geometry": { "type": "LineString", "coordinates": [ [ 56.392668368256231, 58.216162358885605, 0.0 ], [ 56.392903577439682, 58.21629839909712, 0.0 ], [ 56.393370238440376, 58.216073530856903, 0.0 ], [ 56.393122954894693, 58.215897703267636, 0.0 ], [ 56.392668368256231, 58.216162358885605, 0.0 ] ] } },
{ "type": "Feature", "properties": { "fid": 335, "handle": 368, "block": -1, "etype": 18, "space": 0, "layer": "0", "olinetype": "ByLayer", "linetype": "", "color": "0,0,0,187", "ocolor": 256, "color24": -1, "transparency": 0, "lweight": -1, "linewidth": 0.0, "ltscale": 1.0, "visible": 0, "width": 0.0, "thickness": 0.0, "ext": "(3:0,0,1)" }, "geometry": { "type": "LineString", "coordinates": [ [ 56.393941942812809, 58.216721918343019, 0.0 ], [ 56.394123521187943, 58.216596894721235, 0.0 ], [ 56.393656849539767, 58.216360017469299, 0.0 ], [ 56.393444045932519, 58.21650529280442, 0.0 ], [ 56.393466422632983, 58.216562421553107, 0.0 ], [ 56.393698119719744, 58.216647280305644, 0.0 ], [ 56.393941942812809, 58.216721918343019, 0.0 ] ] } },
{ "type": "Feature", "properties": { "fid": 336, "handle": 369, "block": -1, "etype": 18, "space": 0, "layer": "0", "olinetype": "ByLayer", "linetype": "", "color": "0,0,0,187", "ocolor": 256, "color24": -1, "transparency": 0, "lweight": -1, "linewidth": 0.0, "ltscale": 1.0, "visible": 0, "width": 0.0, "thickness": 0.0, "ext": "(3:0,0,1)" }, "geometry": { "type": "LineString", "coordinates": [ [ 56.394123521187943, 58.216596894721235, 0.0 ], [ 56.394303903380504, 58.216472767198027, 0.0 ], [ 56.394038294424583, 58.216206508661649, 0.0 ], [ 56.393924483379521, 58.216242641287202, 0.0 ], [ 56.393656849539767, 58.216360017469299, 0.0 ], [ 56.394123521187943, 58.216596894721235, 0.0 ] ] } },
{ "type": "Feature", "properties": { "fid": 337, "handle": 370, "block": -1, "etype": 18, "space": 0, "layer": "0", "olinetype": "ByLayer", "linetype": "", "color": "0,0,0,187", "ocolor": 256, "color24": -1, "transparency": 0, "lweight": -1, "linewidth": 0.0, "ltscale": 1.0, "visible": 0, "width": 0.0, "thickness": 0.0, "ext": "(3:0,0,1)" }, "geometry": { "type": "LineString", "coordinates": [ [ 56.395361995125917, 58.216551985462814, 0.0 ], [ 56.395846650820403, 58.216568643269646, 0.0 ], [ 56.396198107213145, 58.21658073932808, 0.0 ], [ 56.396118555237514, 58.216524529673684, 0.0 ], [ 56.395978675313621, 58.216412672128264, 0.0 ], [ 56.395958671850572, 58.216395858752421, 0.0 ], [ 56.395356728869878, 58.216393873186227, 0.0 ], [ 56.395361995125917, 58.216551985462814, 0.0 ] ] } },
{ "type": "Feature", "properties": { "fid": 338, "handle": 371, "block": -1, "etype": 18, "space": 0, "layer": "0", "olinetype": "ByLayer", "linetype": "", "color": "0,0,0,187", "ocolor": 256, "color24": -1, "transparency": 0, "lweight": -1, "linewidth": 0.0, "ltscale": 1.0, "visible": 0, "width": 0.0, "thickness": 0.0, "ext": "(3:0,0,1)" }, "geometry": { "type": "LineString", "coordinates": [ [ 56.395356728869878, 58.216393873186227, 0.0 ], [ 56.395958671850572, 58.216395858752421, 0.0 ], [ 56.395843908193363, 58.216299024970866, 0.0 ], [ 56.395691920224571, 58.216154920770947, 0.0 ], [ 56.39559626003112, 58.216125625856499, 0.0 ], [ 56.395347676137497, 58.216128556743918, 0.0 ], [ 56.395356728869878, 58.216393873186227, 0.0 ] ] } },
{ "type": "Feature", "properties": { "fid": 339, "handle": 372, "block": -1, "etype": 18, "space": 0, "layer": "0", "olinetype": "ByLayer", "linetype": "", "color": "0,0,0,187", "ocolor": 256, "color24": -1, "transparency": 0, "lweight": -1, "linewidth": 0.0, "ltscale": 1.0, "visible": 0, "width": 0.0, "thickness": 0.0, "ext": "(3:0,0,1)" }, "geometry": { "type": "LineString", "coordinates": [ [ 56.395968006238292, 58.216989507787865, 0.0 ], [ 56.396313088526014, 58.216981484686954, 0.0 ], [ 56.396655518590357, 58.216957206945771, 0.0 ], [ 56.396689956849862, 58.21690167337951, 0.0 ], [ 56.396520946726767, 58.216797412868004, 0.0 ], [ 56.395922246599014, 58.216830718151705, 0.0 ], [ 56.395968006238292, 58.216989507787865, 0.0 ] ] } },
{ "type": "Feature", "properties": { "fid": 340, "handle": 373, "block": -1, "etype": 18, "space": 0, "layer": "0", "olinetype": "ByLayer", "linetype": "", "color": "0,0,0,187", "ocolor": 256, "color24": -1, "transparency": 0, "lweight": -1, "linewidth": 0.0, "ltscale": 1.0, "visible": 0, "width": 0.0, "thickness": 0.0, "ext": "(3:0,0,1)" }, "geometry": { "type": "LineString", "coordinates": [ [ 56.397938824983207, 58.217053463702676, 0.0 ], [ 56.398547118749242, 58.216965303642326, 0.0 ], [ 56.398296188819529, 58.216679768339866, 0.0 ], [ 56.397976104163924, 58.216810827765968, 0.0 ], [ 56.39782105620808, 58.216862087821525, 0.0 ], [ 56.397938824983207, 58.217053463702676, 0.0 ] ] } },
{ "type": "Feature", "properties": { "fid": 341, "handle": 374, "block": -1, "etype": 18, "space": 0, "layer": "0", "olinetype": "ByLayer", "linetype": "", "color": "0,0,0,187", "ocolor": 256, "color24": -1, "transparency": 0, "lweight": -1, "linewidth": 0.0, "ltscale": 1.0, "visible": 0, "width": 0.0, "thickness": 0.0, "ext": "(3:0,0,1)" }, "geometry": { "type": "LineString", "coordinates": [ [ 56.39629745869302, 58.211119784374951, 0.0 ], [ 56.396681770424159, 58.21103522359352, 0.0 ], [ 56.396570011664672, 58.210837030155943, 0.0 ], [ 56.396125495818183, 58.210918375587717, 0.0 ], [ 56.39629745869302, 58.211119784374951, 0.0 ] ] } },
{ "type": "Feature", "properties": { "fid": 342, "handle": 375, "block": -1, "etype": 18, "space": 0, "layer": "0", "olinetype": "ByLayer", "linetype": "", "color": "0,0,0,187", "ocolor": 256, "color24": -1, "transparency": 0, "lweight": -1, "linewidth": 0.0, "ltscale": 1.0, "visible": 0, "width": 0.0, "thickness": 0.0, "ext": "(3:0,0,1)" }, "geometry": { "type": "LineString", "coordinates": [ [ 56.396240180522433, 58.211501109038039, 0.0 ], [ 56.396349305954828, 58.211521621097738, 0.0 ], [ 56.396710106539366, 58.211603846754613, 0.0 ], [ 56.396858060824762, 58.211456871944982, 0.0 ], [ 56.396609240119055, 58.211285897345185, 0.0 ], [ 56.396240180522433, 58.211501109038039, 0.0 ] ] } },
{ "type": "Feature", "properties": { "fid": 343, "handle": 376, "block": -1, "etype": 18, "space": 0, "layer": "0", "olinetype": "ByLayer", "linetype": "", "color": "0,0,0,187", "ocolor": 256, "color24": -1, "transparency": 0, "lweight": -1, "linewidth": 0.0, "ltscale": 1.0, "visible": 0, "width": 0.0, "thickness": 0.0, "ext": "(3:0,0,1)" }, "geometry": { "type": "LineString", "coordinates": [ [ 56.391719665606828, 58.212997449742005, 0.0 ], [ 56.391943052578576, 58.21303211332939, 0.0 ], [ 56.392050353203949, 58.213042660998688, 0.0 ], [ 56.392254333443816, 58.212773926838715, 0.0 ], [ 56.391903406289678, 58.212689905214894, 0.0 ], [ 56.391782230204079, 58.212815629187332, 0.0 ], [ 56.391673458522185, 58.212944421032127, 0.0 ], [ 56.391719665606828, 58.212997449742005, 0.0 ] ] } },
{ "type": "Feature", "properties": { "fid": 344, "handle": 377, "block": -1, "etype": 18, "space": 0, "layer": "0", "olinetype": "ByLayer", "linetype": "", "color": "0,0,0,187", "ocolor": 256, "color24": -1, "transparency": 0, "lweight": -1, "linewidth": 0.0, "ltscale": 1.0, "visible": 0, "width": 0.0, "thickness": 0.0, "ext": "(3:0,0,1)" }, "geometry": { "type": "LineString", "coordinates": [ [ 56.392050353203949, 58.213042660998688, 0.0 ], [ 56.392171938159734, 58.213054572988902, 0.0 ], [ 56.392438160054226, 58.213059211776049, 0.0 ], [ 56.392703607761653, 58.213046610922035, 0.0 ], [ 56.392621406654264, 58.212861828049199, 0.0 ], [ 56.392254333443816, 58.212773926838715, 0.0 ], [ 56.392050353203949, 58.213042660998688, 0.0 ] ] } },
{ "type": "Feature", "properties": { "fid": 345, "handle": 378, "block": -1, "etype": 18, "space": 0, "layer": "0", "olinetype": "ByLayer", "linetype": "", "color": "0,0,0,187", "ocolor": 256, "color24": -1, "transparency": 0, "lweight": -1, "linewidth": 0.0, "ltscale": 1.0, "visible": 0, "width": 0.0, "thickness": 0.0, "ext": "(3:0,0,1)" }, "geometry": { "type": "LineString", "coordinates": [ [ 56.394489205909622, 58.211728557824514, 0.0 ], [ 56.39495499689928, 58.211764858312677, 0.0 ], [ 56.394938375429227, 58.211519643597228, 0.0 ], [ 56.394890573973115, 58.211519405889128, 0.0 ], [ 56.394393971878962, 58.211566115867647, 0.0 ], [ 56.394489205909622, 58.211728557824514, 0.0 ] ] } },
{ "type": "Feature", "properties": { "fid": 346, "handle": 379, "block": -1, "etype": 18, "space": 0, "layer": "0", "olinetype": "ByLayer", "linetype": "", "color": "0,0,0,187", "ocolor": 256, "color24": -1, "transparency": 0, "lweight": -1, "linewidth": 0.0, "ltscale": 1.0, "visible": 0, "width": 0.0, "thickness": 0.0, "ext": "(3:0,0,1)" }, "geometry": { "type": "LineString", "coordinates": [ [ 56.39495499689928, 58.211764858312677, 0.0 ], [ 56.395226921460392, 58.211786018107631, 0.0 ], [ 56.395331327267129, 58.211679394070345, 0.0 ], [ 56.395442358726868, 58.211574663399311, 0.0 ], [ 56.395394785453917, 58.21152199349828, 0.0 ], [ 56.394938375429227, 58.211519643597228, 0.0 ], [ 56.39495499689928, 58.211764858312677, 0.0 ] ] } },
{ "type": "Feature", "properties": { "fid": 347, "handle": 380, "block": -1, "etype": 18, "space": 0, "layer": "0", "olinetype": "ByLayer", "linetype": "", "color": "0,0,0,187", "ocolor": 256, "color24": -1, "transparency": 0, "lweight": -1, "linewidth": 0.0, "ltscale": 1.0, "visible": 0, "width": 0.0, "thickness": 0.0, "ext": "(3:0,0,1)" }, "geometry": { "type": "LineString", "coordinates": [ [ 56.393790826945775, 58.213170948782803, 0.0 ], [ 56.394272373509679, 58.213071251418114, 0.0 ], [ 56.394063984079715, 58.212836216977337, 0.0 ], [ 56.393797381364912, 58.212918490022695, 0.0 ], [ 56.393631589545514, 58.212978171355068, 0.0 ], [ 56.393790826945775, 58.213170948782803, 0.0 ] ] } },
{ "type": "Feature", "properties": { "fid": 348, "handle": 381, "block": -1, "etype": 18, "space": 0, "layer": "0", "olinetype": "ByLayer", "linetype": "", "color": "0,0,0,187", "ocolor": 256, "color24": -1, "transparency": 0, "lweight": -1, "linewidth": 0.0, "ltscale": 1.0, "visible": 0, "width": 0.0, "thickness": 0.0, "ext": "(3:0,0,1)" }, "geometry": { "type": "LineString", "coordinates": [ [ 56.394589798186203, 58.211366500087621, 0.0 ], [ 56.394684590261683, 58.211396692550061, 0.0 ], [ 56.394849816596093, 58.211386479010713, 0.0 ], [ 56.395016042754328, 58.211381024916527, 0.0 ], [ 56.394965178556717, 58.211108205499983, 0.0 ], [ 56.39443740342417, 58.211127045329846, 0.0 ], [ 56.394444662042311, 58.211139893005779, 0.0 ], [ 56.394589798186203, 58.211366500087621, 0.0 ] ] } },
{ "type": "Feature", "properties": { "fid": 349, "handle": 382, "block": -1, "etype": 18, "space": 0, "layer": "0", "olinetype": "ByLayer", "linetype": "", "color": "0,0,0,187", "ocolor": 256, "color24": -1, "transparency": 0, "lweight": -1, "linewidth": 0.0, "ltscale": 1.0, "visible": 0, "width": 0.0, "thickness": 0.0, "ext": "(3:0,0,1)" }, "geometry": { "type": "LineString", "coordinates": [ [ 56.392003396707111, 58.212278468731988, 0.0 ], [ 56.392113808299754, 58.212277528116935, 0.0 ], [ 56.392276388028961, 58.212174839223245, 0.0 ], [ 56.392449323266604, 58.212076831579232, 0.0 ], [ 56.392173155803846, 58.211900158284145, 0.0 ], [ 56.391723182750347, 58.212131956189346, 0.0 ], [ 56.391736092886049, 58.212136191966124, 0.0 ], [ 56.392003396707111, 58.212278468731988, 0.0 ] ] } },
{ "type": "Feature", "properties": { "fid": 350, "handle": 383, "block": -1, "etype": 18, "space": 0, "layer": "0", "olinetype": "ByLayer", "linetype": "", "color": "0,0,0,187", "ocolor": 256, "color24": -1, "transparency": 0, "lweight": -1, "linewidth": 0.0, "ltscale": 1.0, "visible": 0, "width": 0.0, "thickness": 0.0, "ext": "(3:0,0,1)" }, "geometry": { "type": "LineString", "coordinates": [ [ 56.391294680528631, 58.212468644543065, 0.0 ], [ 56.391737046009858, 58.212571276453325, 0.0 ], [ 56.391822954142818, 58.212495517314686, 0.0 ], [ 56.391913447929262, 58.212421379878201, 0.0 ], [ 56.391912004519824, 58.212363468734829, 0.0 ], [ 56.39158275831776, 58.212187267041102, 0.0 ], [ 56.391475717092796, 58.212157326397211, 0.0 ], [ 56.391294680528631, 58.212468644543065, 0.0 ] ] } },
{ "type": "Feature", "properties": { "fid": 351, "handle": 384, "block": -1, "etype": 18, "space": 0, "layer": "0", "olinetype": "ByLayer", "linetype": "", "color": "0,0,0,187", "ocolor": 256, "color24": -1, "transparency": 0, "lweight": -1, "linewidth": 0.0, "ltscale": 1.0, "visible": 0, "width": 0.0, "thickness": 0.0, "ext": "(3:0,0,1)" }, "geometry": { "type": "LineString", "coordinates": [ [ 56.390781935705007, 58.212734837240298, 0.0 ], [ 56.391072957996393, 58.212823276391013, 0.0 ], [ 56.391294680528631, 58.212468644543065, 0.0 ], [ 56.39085231760199, 58.212366011100237, 0.0 ], [ 56.390781935705007, 58.212734837240298, 0.0 ] ] } },
{ "type": "Feature", "properties": { "fid": 352, "handle": 385, "block": -1, "etype": 18, "space": 0, "layer": "0", "olinetype": "ByLayer", "linetype": "", "color": "0,0,0,187", "ocolor": 256, "color24": -1, "transparency": 0, "lweight": -1, "linewidth": 0.0, "ltscale": 1.0, "visible": 0, "width": 0.0, "thickness": 0.0, "ext": "(3:0,0,1)" }, "geometry": { "type": "LineString", "coordinates": [ [ 56.392081270864551, 58.216534048412612, 0.0 ], [ 56.392429689457934, 58.216655236067176, 0.0 ], [ 56.392784072090748, 58.216429064017127, 0.0 ], [ 56.392512366552594, 58.216274124321806, 0.0 ], [ 56.392081270864551, 58.216534048412612, 0.0 ] ] } },
{ "type": "Feature", "properties": { "fid": 353, "handle": 386, "block": -1, "etype": 18, "space": 0, "layer": "0", "olinetype": "ByLayer", "linetype": "", "color": "0,0,0,187", "ocolor": 256, "color24": -1, "transparency": 0, "lweight": -1, "linewidth": 0.0, "ltscale": 1.0, "visible": 0, "width": 0.0, "thickness": 0.0, "ext": "(3:0,0,1)" }, "geometry": { "type": "LineString", "coordinates": [ [ 56.39155804392977, 58.214790732709524, 0.0 ], [ 56.391566886813422, 58.214753484204181, 0.0 ], [ 56.39158937803964, 58.214745880685328, 0.0 ], [ 56.391828300400661, 58.21465639537174, 0.0 ], [ 56.392083985305732, 58.214584707190497, 0.0 ], [ 56.392054235363752, 58.214388317297058, 0.0 ], [ 56.391417871787773, 58.214444269618284, 0.0 ], [ 56.39142777106531, 58.214475256690335, 0.0 ], [ 56.391541352864806, 58.214756684624277, 0.0 ], [ 56.39155804392977, 58.214790732709524, 0.0 ] ] } },
{ "type": "Feature", "properties": { "fid": 354, "handle": 387, "block": -1, "etype": 18, "space": 0, "layer": "0", "olinetype": "ByLayer", "linetype": "", "color": "0,0,0,187", "ocolor": 256, "color24": -1, "transparency": 0, "lweight": -1, "linewidth": 0.0, "ltscale": 1.0, "visible": 0, "width": 0.0, "thickness": 0.0, "ext": "(3:0,0,1)" }, "geometry": { "type": "LineString", "coordinates": [ [ 56.392668368256231, 58.216162358885605, 0.0 ], [ 56.393122954894693, 58.215897703267636, 0.0 ], [ 56.392911388340572, 58.215763488216993, 0.0 ], [ 56.392416178721263, 58.215980867615741, 0.0 ], [ 56.392446011521521, 58.216005953628432, 0.0 ], [ 56.392668368256231, 58.216162358885605, 0.0 ] ] } },
{ "type": "Feature", "properties": { "fid": 355, "handle": 388, "block": -1, "etype": 18, "space": 0, "layer": "0", "olinetype": "ByLayer", "linetype": "", "color": "0,0,0,187", "ocolor": 256, "color24": -1, "transparency": 0, "lweight": -1, "linewidth": 0.0, "ltscale": 1.0, "visible": 0, "width": 0.0, "thickness": 0.0, "ext": "(3:0,0,1)" }, "geometry": { "type": "LineString", "coordinates": [ [ 56.393659160763882, 58.217187539876754, 0.0 ], [ 56.393999739736074, 58.217314369872895, 0.0 ], [ 56.39432285285055, 58.216962640261038, 0.0 ], [ 56.393994638851517, 58.216887630389131, 0.0 ], [ 56.393659160763882, 58.217187539876754, 0.0 ] ] } },
{ "type": "Feature", "properties": { "fid": 356, "handle": 389, "block": -1, "etype": 18, "space": 0, "layer": "0", "olinetype": "ByLayer", "linetype": "", "color": "0,0,0,187", "ocolor": 256, "color24": -1, "transparency": 0, "lweight": -1, "linewidth": 0.0, "ltscale": 1.0, "visible": 0, "width": 0.0, "thickness": 0.0, "ext": "(3:0,0,1)" }, "geometry": { "type": "LineString", "coordinates": [ [ 56.392963399060953, 58.216929100723434, 0.0 ], [ 56.393316204225236, 58.217060257137334, 0.0 ], [ 56.393641702424254, 58.216786103705097, 0.0 ], [ 56.393499332141197, 58.216738973125572, 0.0 ], [ 56.393342713301557, 58.21668212843921, 0.0 ], [ 56.393234281776834, 58.216693936168177, 0.0 ], [ 56.392963399060953, 58.216929100723434, 0.0 ] ] } },
{ "type": "Feature", "properties": { "fid": 357, "handle": 390, "block": -1, "etype": 18, "space": 0, "layer": "0", "olinetype": "ByLayer", "linetype": "", "color": "0,0,0,187", "ocolor": 256, "color24": -1, "transparency": 0, "lweight": -1, "linewidth": 0.0, "ltscale": 1.0, "visible": 0, "width": 0.0, "thickness": 0.0, "ext": "(3:0,0,1)" }, "geometry": { "type": "LineString", "coordinates": [ [ 56.391709714904557, 58.214046718784559, 0.0 ], [ 56.391744741418783, 58.214051161576002, 0.0 ], [ 56.392120104330353, 58.214075688453804, 0.0 ], [ 56.392178947765238, 58.213735846943457, 0.0 ], [ 56.391773667166539, 58.213706614452683, 0.0 ], [ 56.391709714904557, 58.214046718784559, 0.0 ] ] } },
{ "type": "Feature", "properties": { "fid": 358, "handle": 391, "block": -1, "etype": 18, "space": 0, "layer": "0", "olinetype": "ByLayer", "linetype": "", "color": "0,0,0,187", "ocolor": 256, "color24": -1, "transparency": 0, "lweight": -1, "linewidth": 0.0, "ltscale": 1.0, "visible": 0, "width": 0.0, "thickness": 0.0, "ext": "(3:0,0,1)" }, "geometry": { "type": "LineString", "coordinates": [ [ 56.39180616538637, 58.213476543696963, 0.0 ], [ 56.392226335342599, 58.213523571333816, 0.0 ], [ 56.39230107120909, 58.213167319309541, 0.0 ], [ 56.391968747954088, 58.213145270415517, 0.0 ], [ 56.391935424727023, 58.213140560449894, 0.0 ], [ 56.39180616538637, 58.213476543696963, 0.0 ] ] } },
{ "type": "Feature", "properties": { "fid": 359, "handle": 392, "block": -1, "etype": 18, "space": 0, "layer": "0", "olinetype": "ByLayer", "linetype": "", "color": "0,0,0,187", "ocolor": 256, "color24": -1, "transparency": 0, "lweight": -1, "linewidth": 0.0, "ltscale": 1.0, "visible": 0, "width": 0.0, "thickness": 0.0, "ext": "(3:0,0,1)" }, "geometry": { "type": "LineString", "coordinates": [ [ 56.394043153693538, 58.209018303411305, 0.0 ], [ 56.39467020979076, 58.209161552925572, 0.0 ], [ 56.394899778833029, 58.209216958548339, 0.0 ], [ 56.395190076997707, 58.208881885879983, 0.0 ], [ 56.395070918043622, 58.208862797134195, 0.0 ], [ 56.394915552593979, 58.208837918192749, 0.0 ], [ 56.394385884020068, 58.208753057289634, 0.0 ], [ 56.394043153693538, 58.209018303411305, 0.0 ] ] } },
{ "type": "Feature", "properties": { "fid": 360, "handle": 393, "block": -1, "etype": 18, "space": 0, "layer": "0", "olinetype": "ByLayer", "linetype": "", "color": "0,0,0,187", "ocolor": 256, "color24": -1, "transparency": 0, "lweight": -1, "linewidth": 0.0, "ltscale": 1.0, "visible": 0, "width": 0.0, "thickness": 0.0, "ext": "(3:0,0,1)" }, "geometry": { "type": "LineString", "coordinates": [ [ 56.393383621995838, 58.209528803345542, 0.0 ], [ 56.39414486409386, 58.209679941435787, 0.0 ], [ 56.394216644104461, 58.209603534916361, 0.0 ], [ 56.394296069094295, 58.209529292460083, 0.0 ], [ 56.394385521284931, 58.209457037396525, 0.0 ], [ 56.393684032157992, 58.209296277552383, 0.0 ], [ 56.393460431691643, 58.209469372221349, 0.0 ], [ 56.393383621995838, 58.209528803345542, 0.0 ] ] } },
{ "type": "Feature", "properties": { "fid": 361, "handle": 394, "block": -1, "etype": 18, "space": 0, "layer": "0", "olinetype": "ByLayer", "linetype": "", "color": "0,0,0,187", "ocolor": 256, "color24": -1, "transparency": 0, "lweight": -1, "linewidth": 0.0, "ltscale": 1.0, "visible": 0, "width": 0.0, "thickness": 0.0, "ext": "(3:0,0,1)" }, "geometry": { "type": "LineString", "coordinates": [ [ 56.394640284806094, 58.218141145054432, 0.0 ], [ 56.394896785104237, 58.218198827916616, 0.0 ], [ 56.394913613154309, 58.218202619222502, 0.0 ], [ 56.39505290266483, 58.218255670067862, 0.0 ], [ 56.395142018352978, 58.21830426052631, 0.0 ], [ 56.395313645574156, 58.218511505793707, 0.0 ], [ 56.394712220813211, 58.218616268467265, 0.0 ], [ 56.394471568942286, 58.218396997236432, 0.0 ], [ 56.394533403061686, 58.218303250602013, 0.0 ], [ 56.394579136554491, 58.218233815196292, 0.0 ], [ 56.394640284806094, 58.218141145054432, 0.0 ] ] } },
{ "type": "Feature", "properties": { "fid": 362, "handle": 395, "block": -1, "etype": 18, "space": 0, "layer": "0", "olinetype": "ByLayer", "linetype": "", "color": "0,0,0,187", "ocolor": 256, "color24": -1, "transparency": 0, "lweight": -1, "linewidth": 0.0, "ltscale": 1.0, "visible": 0, "width": 0.0, "thickness": 0.0, "ext": "(3:0,0,1)" }, "geometry": { "type": "LineString", "coordinates": [ [ 56.392724396867926, 58.217149041104783, 0.0 ], [ 56.393227895079669, 58.217485355542472, 0.0 ], [ 56.393195706284921, 58.2174924985136, 0.0 ], [ 56.392917888798358, 58.217563084256518, 0.0 ], [ 56.39245746873862, 58.217680130496468, 0.0 ], [ 56.392165851052816, 58.217754199046226, 0.0 ], [ 56.392059239523732, 58.217738534779663, 0.0 ], [ 56.392050091260714, 58.217691387967591, 0.0 ], [ 56.392024314897149, 58.217557401487426, 0.0 ], [ 56.391983299903892, 58.217559684997354, 0.0 ], [ 56.39198926104816, 58.217481851501972, 0.0 ], [ 56.392031462194609, 58.217404152687052, 0.0 ], [ 56.392089049494352, 58.217348200125336, 0.0 ], [ 56.392165832762927, 58.217299004939385, 0.0 ], [ 56.392271351092212, 58.217254065001939, 0.0 ], [ 56.392392634966839, 58.217222073054209, 0.0 ], [ 56.392526105524254, 58.217204371359848, 0.0 ], [ 56.392659507519269, 58.217202111923896, 0.0 ], [ 56.392724396867926, 58.217149041104783, 0.0 ] ] } },
{ "type": "Feature", "properties": { "fid": 363, "handle": 396, "block": -1, "etype": 18, "space": 0, "layer": "0", "olinetype": "ByLayer", "linetype": "", "color": "0,0,0,187", "ocolor": 256, "color24": -1, "transparency": 0, "lweight": -1, "linewidth": 0.0, "ltscale": 1.0, "visible": 0, "width": 0.0, "thickness": 0.0, "ext": "(3:0,0,1)" }, "geometry": { "type": "LineString", "coordinates": [ [ 56.395922246599014, 58.216830718151705, 0.0 ], [ 56.396520946726767, 58.216797412868004, 0.0 ], [ 56.396392493340763, 58.216718070574196, 0.0 ], [ 56.396198107213145, 58.21658073932808, 0.0 ], [ 56.395846650820403, 58.216568643269646, 0.0 ], [ 56.395922246599014, 58.216830718151705, 0.0 ] ] } },
{ "type": "Feature", "properties": { "fid": 364, "handle": 397, "block": -1, "etype": 18, "space": 0, "layer": "0", "olinetype": "ByLayer", "linetype": "", "color": "0,0,0,187", "ocolor": 256, "color24": -1, "transparency": 0, "lweight": -1, "linewidth": 0.0, "ltscale": 1.0, "visible": 0, "width": 0.0, "thickness": 0.0, "ext": "(3:0,0,1)" }, "geometry": { "type": "LineString", "coordinates": [ [ 56.396168428208242, 58.215969648044968, 0.0 ], [ 56.396200259978734, 58.215965915605501, 0.0 ], [ 56.396491394787333, 58.215919490080807, 0.0 ], [ 56.396297548574978, 58.215658350391685, 0.0 ], [ 56.396279618481778, 58.215634267230172, 0.0 ], [ 56.395975500197338, 58.215693425617985, 0.0 ], [ 56.396168428208242, 58.215969648044968, 0.0 ] ] } },
{ "type": "Feature", "properties": { "fid": 5101, "handle": 3731831, "block": -1, "etype": 18, "space": 0, "layer": "0_Limits", "olinetype": "bylayer", "linetype": "", "color": "0,0,0,159", "ocolor": 256, "color24": -1, "transparency": 0, "lweight": -1, "linewidth": 0.13, "ltscale": 1.0, "visible": 1, "width": 0.0, "thickness": 0.0, "ext": "(3:0,0,0.1)" }, "geometry": { "type": "LineString", "coordinates": [ [ 56.402609193387697, 58.213664318476539, 0.0 ], [ 56.40263338593082, 58.213710684478464, 0.0 ], [ 56.402441485789801, 58.213740215152853, 0.0 ], [ 56.402248652851327, 58.213768002334596, 0.0 ], [ 56.402054943994372, 58.213794037827135, 0.0 ], [ 56.401860416356669, 58.213818313950647, 0.0 ], [ 56.401665127317841, 58.213840823544267, 0.0 ], [ 56.401469134482475, 58.213861559968208, 0.0 ], [ 56.401272495663015, 58.21388051710565, 0.0 ], [ 56.40122802511884, 58.213563004140326, 0.0 ], [ 56.401292462294947, 58.213439829544107, 0.0 ], [ 56.401411598892665, 58.213297817748689, 0.0 ], [ 56.401573128474496, 58.213163388269237, 0.0 ], [ 56.401781590149504, 58.213045032859284, 0.0 ], [ 56.401974244416486, 58.212956755770087, 0.0 ], [ 56.402009129260506, 58.212994670387481, 0.0 ], [ 56.402045019567126, 58.213032322732658, 0.0 ], [ 56.402081908261358, 58.213069705380001, 0.0 ], [ 56.402119788071239, 58.213106810956937, 0.0 ], [ 56.402158651529284, 58.213143632145602, 0.0 ], [ 56.402210790805086, 58.213193895165524, 0.0 ], [ 56.402261388765247, 58.213244595029408, 0.0 ], [ 56.402310432266219, 58.213295718573924, 0.0 ], [ 56.402357908567851, 58.213347252525502, 0.0 ], [ 56.402403805336746, 58.213399183504158, 0.0 ], [ 56.402448110649416, 58.213451498026608, 0.0 ], [ 56.402490812995488, 58.213504182509965, 0.0 ], [ 56.402531901280568, 58.213557223275252, 0.0 ], [ 56.402571364829221, 58.213610606550965, 0.0 ], [ 56.402609193387697, 58.213664318476539, 0.0 ] ] } },
{ "type": "Feature", "properties": { "fid": 5104, "handle": 3732190, "block": -1, "etype": 18, "space": 0, "layer": "0_Limits", "olinetype": "bylayer", "linetype": "", "color": "0,0,0,159", "ocolor": 256, "color24": -1, "transparency": 0, "lweight": -1, "linewidth": 0.13, "ltscale": 1.0, "visible": 1, "width": 0.0, "thickness": 0.0, "ext": "(3:0,0,0.1)" }, "geometry": { "type": "LineString", "coordinates": [ [ 56.392102796441421, 58.215213383405683, 0.0 ], [ 56.391588977527718, 58.21483566209826, 0.0 ], [ 56.39155804392977, 58.214790732709524, 0.0 ], [ 56.391566886813422, 58.214753484204181, 0.0 ], [ 56.39158937803964, 58.214745880685328, 0.0 ], [ 56.391828300400661, 58.21465639537174, 0.0 ], [ 56.39217852521648, 58.214558248793736, 0.0 ], [ 56.392403726939179, 58.214531323413489, 0.0 ], [ 56.392698122824541, 58.214630536820756, 0.0 ], [ 56.392810192217148, 58.214756369699884, 0.0 ], [ 56.392823995107591, 58.214828212241493, 0.0 ], [ 56.392780696083996, 58.214962831721024, 0.0 ], [ 56.392535511828392, 58.215160049363838, 0.0 ], [ 56.392448624940393, 58.215186876607206, 0.0 ], [ 56.39238580628858, 58.215195777163601, 0.0 ], [ 56.392102796441421, 58.215213383405683, 0.0 ] ] } },
{ "type": "Feature", "properties": { "fid": 5171, "handle": 3753565, "block": -1, "etype": 18, "space": 0, "layer": "0_Limits", "olinetype": "bylayer", "linetype": "", "color": "0,0,0,159", "ocolor": 256, "color24": -1, "transparency": 0, "lweight": -1, "linewidth": 0.13, "ltscale": 1.0, "visible": 1, "width": 0.0, "thickness": 0.0, "ext": "(3:0,0,0.1)" }, "geometry": { "type": "LineString", "coordinates": [ [ 56.401487998990042, 58.21425721287607, 0.0 ], [ 56.401104073031142, 58.214282972084291, 0.0 ], [ 56.400884482078354, 58.214351518226536, 0.0 ], [ 56.400723481023306, 58.214401774903386, 0.0 ], [ 56.400707588084636, 58.21439878512976, 0.0 ], [ 56.400691603287285, 58.214395935001697, 0.0 ], [ 56.400675531036768, 58.214393225304704, 0.0 ], [ 56.400659375762679, 58.214390656785532, 0.0 ], [ 56.400643141917442, 58.214388230152103, 0.0 ], [ 56.400626833975203, 58.214385946073257, 0.0 ], [ 56.400610456430471, 58.214383805178414, 0.0 ], [ 56.400594013796962, 58.214381808057652, 0.0 ], [ 56.400577510606325, 58.214379955261357, 0.0 ], [ 56.400560951406888, 58.21437824730021, 0.0 ], [ 56.400544340762437, 58.214376684644897, 0.0 ], [ 56.400527683250893, 58.214375267726091, 0.0 ], [ 56.400510983463143, 58.214373996934327, 0.0 ], [ 56.40051562438245, 58.214343693859149, 0.0 ], [ 56.400519283291324, 58.214313353353909, 0.0 ], [ 56.400521959123559, 58.214282984280601, 0.0 ], [ 56.400523651100116, 58.214252595509542, 0.0 ], [ 56.400524358729321, 58.214222195916783, 0.0 ], [ 56.400524081807013, 58.21419179438147, 0.0 ], [ 56.40052282041659, 58.214161399783414, 0.0 ], [ 56.40052057492899, 58.214131021000291, 0.0 ], [ 56.400517346002623, 58.21410066690509, 0.0 ], [ 56.400513134583107, 58.214070346363627, 0.0 ], [ 56.400674352389977, 58.214061637756629, 0.0 ], [ 56.400835285598184, 58.214051569485036, 0.0 ], [ 56.400995893030498, 58.214040144125065, 0.0 ], [ 56.401156133593162, 58.214027364599986, 0.0 ], [ 56.401315966286369, 58.21401323417971, 0.0 ], [ 56.401487998990042, 58.21425721287607, 0.0 ] ] } },
{ "type": "Feature", "properties": { "fid": 5096, "handle": 3731580, "block": -1, "etype": 18, "space": 0, "layer": "0_Limits", "olinetype": "bylayer", "linetype": "", "color": "0,0,0,159", "ocolor": 256, "color24": -1, "transparency": 0, "lweight": -1, "linewidth": 0.13, "ltscale": 1.0, "visible": 1, "width": 0.0, "thickness": 0.0, "ext": "(3:0,0,0.1)" }, "geometry": { "type": "LineString", "coordinates": [ [ 56.405403098841219, 58.216976763040506, 0.0 ], [ 56.405541768197779, 58.217184453052411, 0.0 ], [ 56.405172018665716, 58.217309652039447, 0.0 ], [ 56.405024059400745, 58.217084514257309, 0.0 ], [ 56.404944674104598, 58.217027473959789, 0.0 ], [ 56.404961962458884, 58.217023468311602, 0.0 ], [ 56.404979379234454, 58.217019620694074, 0.0 ], [ 56.404996919244113, 58.217015932253105, 0.0 ], [ 56.405014577263962, 58.217012404087193, 0.0 ], [ 56.405032348034958, 58.217009037247145, 0.0 ], [ 56.405050226264514, 58.217005832735708, 0.0 ], [ 56.405068206627966, 58.217002791507213, 0.0 ], [ 56.405086283770316, 58.216999914467493, 0.0 ], [ 56.405104452307704, 58.216997202473323, 0.0 ], [ 56.405122706829083, 58.216994656332446, 0.0 ], [ 56.405141041897757, 58.216992276803147, 0.0 ], [ 56.405159452053084, 58.216990064594135, 0.0 ], [ 56.405177931812055, 58.216988020364205, 0.0 ], [ 56.40519647567092, 58.216986144722256, 0.0 ], [ 56.405215078106863, 58.216984438226852, 0.0 ], [ 56.405233733579585, 58.21698290138626, 0.0 ], [ 56.405252436533047, 58.216981534658153, 0.0 ], [ 56.40527118139704, 58.216980338449588, 0.0 ], [ 56.405289962588867, 58.216979313116838, 0.0 ], [ 56.405308774515035, 58.216978458965279, 0.0 ], [ 56.405327611572886, 58.21697777624928, 0.0 ], [ 56.405346468152281, 58.216977265172169, 0.0 ], [ 56.405365338637282, 58.216976925886165, 0.0 ], [ 56.405384217407779, 58.216976758492329, 0.0 ], [ 56.405403098841219, 58.216976763040506, 0.0 ] ] } },
{ "type": "Feature", "properties": { "fid": 5170, "handle": 3753539, "block": -1, "etype": 18, "space": 0, "layer": "0_Limits", "olinetype": "bylayer", "linetype": "", "color": "0,0,0,159", "ocolor": 256, "color24": -1, "transparency": 0, "lweight": -1, "linewidth": 0.13, "ltscale": 1.0, "visible": 1, "width": 0.0, "thickness": 0.0, "ext": "(3:0,0,0.1)" }, "geometry": { "type": "LineString", "coordinates": [ [ 56.400598979720009, 58.213586739506617, 0.0 ], [ 56.400442170337115, 58.213575404863043, 0.0 ], [ 56.400330251405236, 58.213620566882305, 0.0 ], [ 56.400350354084011, 58.213651469300359, 0.0 ], [ 56.400369449890484, 58.213682549064288, 0.0 ], [ 56.400387533208622, 58.213713797037876, 0.0 ], [ 56.400404598719959, 58.213745204035476, 0.0 ], [ 56.400420641405155, 58.213776760824565, 0.0 ], [ 56.400435656545582, 58.213808458128675, 0.0 ], [ 56.400449639724556, 58.213840286629917, 0.0 ], [ 56.400462586828773, 58.213872236971959, 0.0 ], [ 56.400474494049419, 58.213904299762426, 0.0 ], [ 56.400485357883376, 58.213936465575976, 0.0 ], [ 56.401272495663008, 58.213880517105636, 0.0 ], [ 56.40122802511884, 58.213563004140305, 0.0 ], [ 56.400846976757308, 58.213604665054476, 0.0 ], [ 56.400598979720009, 58.213586739506617, 0.0 ] ] } },
{ "type": "Feature", "properties": { "fid": 5072, "handle": 3730345, "block": -1, "etype": 18, "space": 0, "layer": "0_Limits", "olinetype": "bylayer", "linetype": "", "color": "0,0,0,159", "ocolor": 256, "color24": -1, "transparency": 0, "lweight": -1, "linewidth": 0.13, "ltscale": 1.0, "visible": 1, "width": 0.0, "thickness": 0.0, "ext": "(3:0,0,0.1)" }, "geometry": { "type": "LineString", "coordinates": [ [ 56.398417603188733, 58.219723876557552, 0.0 ], [ 56.398402935442299, 58.21973193948309, 0.0 ], [ 56.397963246716678, 58.219972300629827, 0.0 ], [ 56.397920096301419, 58.219995861793301, 0.0 ], [ 56.397493875105134, 58.22026846905316, 0.0 ], [ 56.397237766845151, 58.22023386583723, 0.0 ], [ 56.397169895313446, 58.220070830498834, 0.0 ], [ 56.397130994131288, 58.219976782296939, 0.0 ], [ 56.397103711258154, 58.219911208852558, 0.0 ], [ 56.397093942815204, 58.21988785386408, 0.0 ], [ 56.39686928263621, 58.219663847949896, 0.0 ], [ 56.396766587268914, 58.219606353991779, 0.0 ], [ 56.396358864868013, 58.219377997085125, 0.0 ], [ 56.396205926896712, 58.219371123972614, 0.0 ], [ 56.39621365793024, 58.219229176292075, 0.0 ], [ 56.396301639761688, 58.219236844814318, 0.0 ], [ 56.396389830580873, 58.219243813048578, 0.0 ], [ 56.396478210367519, 58.219250079412994, 0.0 ], [ 56.396566759058409, 58.21925564248501, 0.0 ], [ 56.396655456551947, 58.219260501001756, 0.0 ], [ 56.39674428271276, 58.219264653860236, 0.0 ], [ 56.396833217376184, 58.219268100117787, 0.0 ], [ 56.396905192660327, 58.219270052332163, 0.0 ], [ 56.396977221288147, 58.21927134560034, 0.0 ], [ 56.397049281592025, 58.219271979533325, 0.0 ], [ 56.39712135189481, 58.21927195394035, 0.0 ], [ 56.397193410516344, 58.219271268829168, 0.0 ], [ 56.397265435779971, 58.219269924405815, 0.0 ], [ 56.397337406019069, 58.219267921074774, 0.0 ], [ 56.397409299583636, 58.219265259438643, 0.0 ], [ 56.397481094846668, 58.219261940298104, 0.0 ], [ 56.397552770210801, 58.219257964651618, 0.0 ], [ 56.397624304114736, 58.219253333695121, 0.0 ], [ 56.397695675039749, 58.219248048821726, 0.0 ], [ 56.397766861516217, 58.219242111621206, 0.0 ], [ 56.397837842129945, 58.219235523879547, 0.0 ], [ 56.397908595528783, 58.219228287578495, 0.0 ], [ 56.39797910042892, 58.219220404894848, 0.0 ], [ 56.398049335621344, 58.219211878199879, 0.0 ], [ 56.398119279978253, 58.219202710058546, 0.0 ], [ 56.398188912459332, 58.219192903228759, 0.0 ], [ 56.398258212118186, 58.219182460660662, 0.0 ], [ 56.398327158108557, 58.2191713854955, 0.0 ], [ 56.39839572969062, 58.219159681064859, 0.0 ], [ 56.398463906237275, 58.219147350889664, 0.0 ], [ 56.398531667240306, 58.219134398678996, 0.0 ], [ 56.398598992316558, 58.219120828329132, 0.0 ], [ 56.39866586121407, 58.219106643922181, 0.0 ], [ 56.398732253818196, 58.219091849725103, 0.0 ], [ 56.398798150157631, 58.219076450188169, 0.0 ], [ 56.399267116764207, 58.218969688886958, 0.0 ], [ 56.399075994730133, 58.21910884395912, 0.0 ], [ 56.399268002445851, 58.219291238421057, 0.0 ], [ 56.399004226971421, 58.219460344650138, 0.0 ], [ 56.398880799814712, 58.219515773383051, 0.0 ], [ 56.398417603188733, 58.219723876557552, 0.0 ] ] } },
{ "type": "Feature", "properties": { "fid": 5073, "handle": 3730406, "block": -1, "etype": 18, "space": 0, "layer": "0_Limits", "olinetype": "bylayer", "linetype": "", "color": "0,0,0,159", "ocolor": 256, "color24": -1, "transparency": 0, "lweight": -1, "linewidth": 0.13, "ltscale": 1.0, "visible": 1, "width": 0.0, "thickness": 0.0, "ext": "(3:0,0,0.1)" }, "geometry": { "type": "LineString", "coordinates": [ [ 56.398866600591774, 58.218911082598915, 0.0 ], [ 56.398842692730959, 58.21891776447611, 0.0 ], [ 56.398818572309239, 58.21892423016407, 0.0 ], [ 56.398794246347322, 58.218930477780823, 0.0 ], [ 56.398769721925738, 58.218936505507877, 0.0 ], [ 56.398745006182864, 58.218942311590617, 0.0 ], [ 56.398720106312688, 58.218947894339145, 0.0 ], [ 56.398695029562866, 58.218953252128422, 0.0 ], [ 56.398633154781294, 58.218967736389175, 0.0 ], [ 56.398570812901923, 58.218981651852999, 0.0 ], [ 56.398508022703474, 58.218994994328057, 0.0 ], [ 56.398444803099785, 58.219007759795275, 0.0 ], [ 56.398381173134133, 58.219019944409233, 0.0 ], [ 56.398317151973416, 58.219031544499614, 0.0 ], [ 56.398252758902473, 58.219042556572049, 0.0 ], [ 56.398188013318212, 58.219052977309417, 0.0 ], [ 56.398122934723787, 58.219062803572612, 0.0 ], [ 56.398057542722697, 58.219072032401655, 0.0 ], [ 56.397991857012954, 58.219080661016541, 0.0 ], [ 56.397925897381015, 58.219088686818047, 0.0 ], [ 56.397859683695927, 58.219096107388587, 0.0 ], [ 56.397793235903301, 58.21910292049273, 0.0 ], [ 56.397726574019366, 58.219109124078201, 0.0 ], [ 56.397659718124729, 58.219114716276309, 0.0 ], [ 56.397592688358607, 58.219119695402476, 0.0 ], [ 56.397525504912565, 58.219124059956805, 0.0 ], [ 56.397458188024494, 58.219127808624542, 0.0 ], [ 56.397390757972495, 58.219130940276514, 0.0 ], [ 56.397323235068804, 58.219133453969299, 0.0 ], [ 56.397255639653572, 58.219135348945748, 0.0 ], [ 56.397187992088888, 58.219136624634984, 0.0 ], [ 56.397120312752506, 58.219137280652745, 0.0 ], [ 56.397052622031786, 58.219137316801444, 0.0 ], [ 56.396984940317488, 58.219136733070115, 0.0 ], [ 56.396917287997653, 58.219135529634698, 0.0 ], [ 56.396849685451528, 58.219133706857654, 0.0 ], [ 56.396739539772312, 58.219129177440664, 0.0 ], [ 56.396629554796654, 58.219123667083757, 0.0 ], [ 56.396519761902475, 58.21911717735896, 0.0 ], [ 56.396410192412873, 58.219109710117742, 0.0 ], [ 56.396300877587088, 58.219101267490501, 0.0 ], [ 56.396191848611728, 58.219091851885807, 0.0 ], [ 56.396083136591706, 58.219081465989909, 0.0 ], [ 56.395974772541486, 58.219070112765792, 0.0 ], [ 56.395949782920113, 58.21906808839816, 0.0 ], [ 56.395924730911361, 58.219066291506373, 0.0 ], [ 56.395899623951678, 58.219064722623848, 0.0 ], [ 56.395874469493776, 58.219063382216319, 0.0 ], [ 56.395849275004529, 58.219062270681654, 0.0 ], [ 56.39582404796267, 58.219061388349793, 0.0 ], [ 56.39579879585655, 58.219060735482635, 0.0 ], [ 56.395773526182012, 58.21906031227401, 0.0 ], [ 56.395748246440093, 58.219060118849548, 0.0 ], [ 56.395722964134812, 58.219060155266604, 0.0 ], [ 56.395697686770966, 58.219060421514435, 0.0 ], [ 56.395672421851877, 58.219060917513971, 0.0 ], [ 56.395647176877169, 58.219061643117982, 0.0 ], [ 56.395621959340545, 58.219062598111101, 0.0 ], [ 56.395596776727594, 58.21906378220983, 0.0 ], [ 56.395571636513473, 58.219065195062662, 0.0 ], [ 56.395546546160809, 58.219066836250256, 0.0 ], [ 56.395521513117437, 58.219068705285387, 0.0 ], [ 56.395496544814172, 58.219070801613306, 0.0 ], [ 56.3954716486626, 58.21907312461169, 0.0 ], [ 56.395446832052905, 58.219075673591014, 0.0 ], [ 56.39542210235166, 58.219078447794629, 0.0 ], [ 56.395397466899652, 58.219081446399016, 0.0 ], [ 56.395372933009689, 58.219084668514107, 0.0 ], [ 56.395348507964457, 58.219088113183432, 0.0 ], [ 56.395324199014311, 58.219091779384492, 0.0 ], [ 56.395300013375156, 58.219095666028949, 0.0 ], [ 56.395275958226321, 58.219099771963165, 0.0 ], [ 56.395252040708371, 58.219104095968298, 0.0 ], [ 56.395228267921077, 58.219108636760815, 0.0 ], [ 56.395204646921208, 58.219113392992796, 0.0 ], [ 56.395181184720485, 58.219118363252413, 0.0 ], [ 56.395157888283556, 58.219123546064338, 0.0 ], [ 56.395134764525793, 58.219128939890034, 0.0 ], [ 56.395111820311399, 58.219134543128412, 0.0 ], [ 56.395089062451206, 58.219140354116206, 0.0 ], [ 56.395066497700832, 58.219146371128438, 0.0 ], [ 56.395044132758478, 58.219152592379068, 0.0 ], [ 56.395021974263138, 58.219159016021308, 0.0 ], [ 56.395000028792474, 58.219165640148404, 0.0 ], [ 56.39497830286097, 58.219172462794013, 0.0 ], [ 56.39495680291791, 58.219179481932848, 0.0 ], [ 56.39493553534551, 58.219186695481412, 0.0 ], [ 56.39491450645707, 58.219194101298349, 0.0 ], [ 56.394893722494984, 58.219201697185312, 0.0 ], [ 56.394873189628996, 58.219209480887535, 0.0 ], [ 56.394852913954296, 58.219217450094455, 0.0 ], [ 56.394832901489778, 58.21922560244046, 0.0 ], [ 56.394813158176206, 58.219233935505621, 0.0 ], [ 56.394793689874412, 58.219242446816253, 0.0 ], [ 56.395050709646888, 58.21910904387569, 0.0 ], [ 56.395390078886933, 58.218932944702388, 0.0 ], [ 56.395525314254854, 58.218862719635723, 0.0 ], [ 56.395765606232885, 58.21877538342563, 0.0 ], [ 56.39598783241339, 58.218694668801, 0.0 ], [ 56.396122463025755, 58.218645720668441, 0.0 ], [ 56.396144617389893, 58.218637667035317, 0.0 ], [ 56.396246469013597, 58.218614087479857, 0.0 ], [ 56.397069791108677, 58.218423932027484, 0.0 ], [ 56.397231338941566, 58.218485177334138, 0.0 ], [ 56.39768727721335, 58.218658014133624, 0.0 ], [ 56.397775438594053, 58.218692146731641, 0.0 ], [ 56.398228839654976, 58.218783097520706, 0.0 ], [ 56.398866600591774, 58.218911082598915, 0.0 ] ] } },
{ "type": "Feature", "properties": { "fid": 5100, "handle": 3731794, "block": -1, "etype": 18, "space": 0, "layer": "0_Limits", "olinetype": "bylayer", "linetype": "", "color": "0,0,0,159", "ocolor": 256, "color24": -1, "transparency": 0, "lweight": -1, "linewidth": 0.13, "ltscale": 1.0, "visible": 1, "width": 0.0, "thickness": 0.0, "ext": "(3:0,0,0.1)" }, "geometry": { "type": "LineString", "coordinates": [ [ 56.402896262620182, 58.214708742988229, 0.0 ], [ 56.402662636360191, 58.214687641744334, 0.0 ], [ 56.402355198808849, 58.214635015076773, 0.0 ], [ 56.402068521086662, 58.214556247539356, 0.0 ], [ 56.401840881352463, 58.214467997230336, 0.0 ], [ 56.401621356635033, 58.214349961282984, 0.0 ], [ 56.401487998990014, 58.214257212876035, 0.0 ], [ 56.401315966289168, 58.214013234179454, 0.0 ], [ 56.401514986756993, 58.213994185390888, 0.0 ], [ 56.401713349120534, 58.213973312494261, 0.0 ], [ 56.401910993344742, 58.213950621806873, 0.0 ], [ 56.402107859612236, 58.213926120196334, 0.0 ], [ 56.402303888341464, 58.213899815078143, 0.0 ], [ 56.402499020204729, 58.213871714413727, 0.0 ], [ 56.40269319614616, 58.213841826707942, 0.0 ], [ 56.402710400816559, 58.21388565357541, 0.0 ], [ 56.402726282775973, 58.213929619277273, 0.0 ], [ 56.402740838003545, 58.213973712696173, 0.0 ], [ 56.402754062813827, 58.214017922682508, 0.0 ], [ 56.402765953857731, 58.21406223805706, 0.0 ], [ 56.402776508123473, 58.214106647613981, 0.0 ], [ 56.402785722937189, 58.214151140123555, 0.0 ], [ 56.402793595963708, 58.214195704335005, 0.0 ], [ 56.402800125207158, 58.214240328979493, 0.0 ], [ 56.402810432758699, 58.214318693291375, 0.0 ], [ 56.402823030976762, 58.214396964312741, 0.0 ], [ 56.402837916875164, 58.214475123397087, 0.0 ], [ 56.402855086922735, 58.214553151924541, 0.0 ], [ 56.402874537043971, 58.214631031306091, 0.0 ], [ 56.402896262620182, 58.214708742988229, 0.0 ] ] } },
{ "type": "Feature", "properties": { "fid": 4936, "handle": 3719475, "block": -1, "etype": 18, "space": 0, "layer": "0_Limits", "olinetype": "bylayer", "linetype": "", "color": "0,0,0,159", "ocolor": 256, "color24": -1, "transparency": 0, "lweight": -1, "linewidth": 0.13, "ltscale": 1.0, "visible": 1, "width": 0.0, "thickness": 0.0, "ext": "(3:0,0,0.1)" }, "geometry": { "type": "LineString", "coordinates": [ [ 56.395488359307492, 58.210854937231694, 0.0 ], [ 56.396125495818204, 58.210918375587703, 0.0 ], [ 56.396297455505042, 58.211119750963874, 0.0 ], [ 56.396268401397364, 58.211128350668723, 0.0 ], [ 56.396239631594433, 58.211137212623946, 0.0 ], [ 56.396211154593622, 58.211146334212145, 0.0 ], [ 56.396182978805804, 58.211155712739256, 0.0 ], [ 56.396155112552925, 58.211165345435354, 0.0 ], [ 56.396127564065523, 58.211175229455399, 0.0 ], [ 56.396100341480306, 58.211185361880162, 0.0 ], [ 56.396073452837733, 58.211195739717034, 0.0 ], [ 56.396046906079711, 58.211206359900935, 0.0 ], [ 56.396020709047107, 58.211217219295158, 0.0 ], [ 56.395994869477583, 58.211228314692391, 0.0 ], [ 56.395969395003185, 58.211239642815542, 0.0 ], [ 56.395944293148226, 58.211251200318884, 0.0 ], [ 56.395919571326949, 58.211262983788892, 0.0 ], [ 56.395895236841355, 58.211274989745242, 0.0 ], [ 56.395871296879072, 58.211287214642013, 0.0 ], [ 56.395847758511287, 58.21129965486849, 0.0 ], [ 56.395824628690484, 58.211312306750479, 0.0 ], [ 56.395801914248615, 58.211325166551148, 0.0 ], [ 56.39577962189491, 58.211338230472336, 0.0 ], [ 56.395757758213975, 58.211351494655531, 0.0 ], [ 56.395736329663812, 58.211364955183171, 0.0 ], [ 56.395715342573922, 58.211378608079521, 0.0 ], [ 56.395612879901272, 58.211401505372883, 0.0 ], [ 56.395559486734243, 58.211397132211786, 0.0 ], [ 56.395505993475943, 58.211393114204419, 0.0 ], [ 56.395452408606701, 58.211389451987714, 0.0 ], [ 56.395488359307492, 58.210854937231694, 0.0 ] ] } },
{ "type": "Feature", "properties": { "fid": 5011, "handle": 3724904, "block": -1, "etype": 18, "space": 0, "layer": "0_Limits", "olinetype": "bylayer", "linetype": "", "color": "0,0,0,159", "ocolor": 256, "color24": -1, "transparency": 0, "lweight": -1, "linewidth": 0.13, "ltscale": 1.0, "visible": 1, "width": 0.0, "thickness": 0.0, "ext": "(3:0,0,0.1)" }, "geometry": { "type": "LineString", "coordinates": [ [ 56.40024024667828, 58.214441437923256, 0.0 ], [ 56.400101603405403, 58.214426983511103, 0.0 ], [ 56.399962531149349, 58.214413726543633, 0.0 ], [ 56.399823067039243, 58.214401670560072, 0.0 ], [ 56.399682677366179, 58.214390776988644, 0.0 ], [ 56.399541967961007, 58.214381100394625, 0.0 ], [ 56.39940097669664, 58.214372643382475, 0.0 ], [ 56.399268657942514, 58.214365828515746, 0.0 ], [ 56.399136156343786, 58.214360087819131, 0.0 ], [ 56.399003503206231, 58.214355422649, 0.0 ], [ 56.398905586266416, 58.214352489598618, 0.0 ], [ 56.39880758973402, 58.214350425686611, 0.0 ], [ 56.398709541306026, 58.214349231496293, 0.0 ], [ 56.398611468694007, 58.214348907365164, 0.0 ], [ 56.398513399616405, 58.214349453384827, 0.0 ], [ 56.398393700844153, 58.214348136734323, 0.0 ], [ 56.398265531290534, 58.21434923772113, 0.0 ], [ 56.398137411311041, 58.214351417393502, 0.0 ], [ 56.39800937349726, 58.214354675196873, 0.0 ], [ 56.397881450419909, 58.214359010302566, 0.0 ], [ 56.397761877967149, 58.214363936376778, 0.0 ], [ 56.397642446437523, 58.214369737022139, 0.0 ], [ 56.397523178795851, 58.214376411123247, 0.0 ], [ 56.397404097975624, 58.214383957396763, 0.0 ], [ 56.397282460973685, 58.214392580792136, 0.0 ], [ 56.39716106806452, 58.214402114203544, 0.0 ], [ 56.397039943690288, 58.214412555711448, 0.0 ], [ 56.396919112239146, 58.214423903213486, 0.0 ], [ 56.396800837797826, 58.214435918188606, 0.0 ], [ 56.396682891846979, 58.214448801220044, 0.0 ], [ 56.396565297259279, 58.214462549809539, 0.0 ], [ 56.396566744070704, 58.21444840172898, 0.0 ], [ 56.396567732868242, 58.214434242673285, 0.0 ], [ 56.396568263364109, 58.214420076771489, 0.0 ], [ 56.396568335404133, 58.214405908154596, 0.0 ], [ 56.396567948967871, 58.214391740954348, 0.0 ], [ 56.396567104168554, 58.21437757930218, 0.0 ], [ 56.396565801253075, 58.214363427327754, 0.0 ], [ 56.396564040601938, 58.214349289157965, 0.0 ], [ 56.396561822729133, 58.21433516891576, 0.0 ], [ 56.396559148281924, 58.214321070718746, 0.0 ], [ 56.396556018040783, 58.214306998678197, 0.0 ], [ 56.396552432919087, 58.21429295689763, 0.0 ], [ 56.396548393962817, 58.214278949471826, 0.0 ], [ 56.396543902350309, 58.214264980485474, 0.0 ], [ 56.396538959391897, 58.214251054012188, 0.0 ], [ 56.39653356652957, 58.214237174112966, 0.0 ], [ 56.396527725336419, 58.214223344835432, 0.0 ], [ 56.396521437516355, 58.214209570212255, 0.0 ], [ 56.396514704903467, 58.21419585426036, 0.0 ], [ 56.39650752946158, 58.214182200979351, 0.0 ], [ 56.396499913283627, 58.214168614350712, 0.0 ], [ 56.396491858591034, 58.214155098336434, 0.0 ], [ 56.396483367733154, 58.21414165687785, 0.0 ], [ 56.396474443186449, 58.214128293894632, 0.0 ], [ 56.396465087553906, 58.214115013283553, 0.0 ], [ 56.396455303564174, 58.214101818917321, 0.0 ], [ 56.396445094070813, 58.214088714643509, 0.0 ], [ 56.396434462051424, 58.214075704283466, 0.0 ], [ 56.396423410606864, 58.214062791631015, 0.0 ], [ 56.39641194296027, 58.214049980451627, 0.0 ], [ 56.396400062456102, 58.214037274481107, 0.0 ], [ 56.396528877449093, 58.214036753503244, 0.0 ], [ 56.396657660136476, 58.214035144526697, 0.0 ], [ 56.396786377520336, 58.214032447963731, 0.0 ], [ 56.396902712270482, 58.214029072953252, 0.0 ], [ 56.397018942236215, 58.214024809532987, 0.0 ], [ 56.397135043055279, 58.214019658596548, 0.0 ], [ 56.397250990392543, 58.214013621223607, 0.0 ], [ 56.397376312669891, 58.214006087417133, 0.0 ], [ 56.397501395797917, 58.21399751804266, 0.0 ], [ 56.39762620904952, 58.213987915205351, 0.0 ], [ 56.39775072176392, 58.213977281264192, 0.0 ], [ 56.397881496348241, 58.213964937538826, 0.0 ], [ 56.398011894574019, 58.213951530844199, 0.0 ], [ 56.398141885416379, 58.213937064370079, 0.0 ], [ 56.3982714379475, 58.213921541558456, 0.0 ], [ 56.398386653475328, 58.21390543033943, 0.0 ], [ 56.398483103987886, 58.213892534825, 0.0 ], [ 56.39857919004627, 58.213878902686233, 0.0 ], [ 56.398674891449822, 58.213864536789139, 0.0 ], [ 56.398770188078885, 58.213849440153993, 0.0 ], [ 56.398865059898874, 58.213833615954648, 0.0 ], [ 56.398965867480889, 58.21381613219453, 0.0 ], [ 56.399066229450611, 58.213797948540758, 0.0 ], [ 56.399166128359894, 58.213779068154693, 0.0 ], [ 56.399265546841228, 58.21375949431885, 0.0 ], [ 56.399394113309356, 58.213733002637333, 0.0 ], [ 56.399521799931229, 58.213705351321892, 0.0 ], [ 56.399648569152049, 58.213676548505738, 0.0 ], [ 56.399775145919449, 58.213646414049592, 0.0 ], [ 56.399900727470005, 58.213615141537964, 0.0 ], [ 56.400025277065986, 58.213582740120017, 0.0 ], [ 56.400044200006484, 58.21360631953673, 0.0 ], [ 56.400062387654245, 58.213630059560259, 0.0 ], [ 56.400079835115676, 58.213653953805014, 0.0 ], [ 56.400096537696278, 58.213677995843938, 0.0 ], [ 56.40011249090189, 58.213702179210237, 0.0 ], [ 56.400127690439859, 58.213726497399001, 0.0 ], [ 56.400142132220246, 58.21375094386913, 0.0 ], [ 56.400155812356942, 58.213775512044961, 0.0 ], [ 56.400168727168598, 58.213800195318086, 0.0 ], [ 56.400180873179806, 58.213824987049136, 0.0 ], [ 56.400192247121858, 58.213849880569562, 0.0 ], [ 56.40020284593372, 58.21387486918335, 0.0 ], [ 56.40021266676284, 58.213899946169029, 0.0 ], [ 56.40022170696593, 58.213925104781204, 0.0 ], [ 56.400229964109613, 58.213950338252587, 0.0 ], [ 56.400237435971185, 58.213975639795748, 0.0 ], [ 56.400244673175287, 58.214008771650683, 0.0 ], [ 56.400250831612333, 58.214041964185895, 0.0 ], [ 56.400255909464462, 58.214075207619842, 0.0 ], [ 56.40025990523224, 58.214108492155901, 0.0 ], [ 56.400262817735097, 58.214141807985328, 0.0 ], [ 56.400264646111694, 58.214175145290127, 0.0 ], [ 56.400265389820156, 58.214208494245987, 0.0 ], [ 56.400265048638282, 58.214241845025029, 0.0 ], [ 56.400263622663552, 58.214275187798933, 0.0 ], [ 56.400261112313167, 58.21430851274161, 0.0 ], [ 56.400257518323841, 58.214341810032302, 0.0 ], [ 56.400252841751723, 58.214375069858278, 0.0 ], [ 56.400247083971934, 58.214408282417857, 0.0 ], [ 56.40024024667828, 58.214441437923256, 0.0 ] ] } },
{ "type": "Feature", "properties": { "fid": 4786, "handle": 3316864, "block": -1, "etype": 18, "space": 0, "layer": "0_Roads_Hatch", "olinetype": "bylayer", "linetype": "", "color": "0,0,0,255", "ocolor": 256, "color24": -1, "transparency": 0, "lweight": -1, "linewidth": 0.0, "ltscale": 1.0, "visible": 1, "width": 6.0, "thickness": 0.0, "ext": "(3:0,0,0.1)" }, "geometry": { "type": "LineString", "coordinates": [ [ 56.394852802633011, 58.215145096093828, 0.0 ], [ 56.394886686437097, 58.215144943288067, 0.0 ], [ 56.394920560296875, 58.215144483953708, 0.0 ], [ 56.394954414255295, 58.215143718225782, 0.0 ], [ 56.394988238361172, 58.215142646329355, 0.0 ], [ 56.395022022672123, 58.215141268579515, 0.0 ], [ 56.395055757257417, 58.215139585381252, 0.0 ], [ 56.395089432200997, 58.215137597229301, 0.0 ], [ 56.395123037604293, 58.215135304708085, 0.0 ], [ 56.39515656358919, 58.215132708491495, 0.0 ], [ 56.395190000300971, 58.215129809342613, 0.0 ], [ 56.395223337911112, 58.215126608113707, 0.0 ], [ 56.39525656662024, 58.215123105745718, 0.0 ], [ 56.395289676661022, 58.215119303268118, 0.0 ], [ 56.395322658300998, 58.215115201798675, 0.0 ], [ 56.395355501845465, 58.215110802542959, 0.0 ], [ 56.395388197640315, 58.215106106794096, 0.0 ], [ 56.395420736074882, 58.215101115932384, 0.0 ], [ 56.395453107584792, 58.215095831424883, 0.0 ], [ 56.395485302654727, 58.215090254824865, 0.0 ], [ 56.39551731182123, 58.21508438777159, 0.0 ], [ 56.395549125675551, 58.215078231989651, 0.0 ], [ 56.395580734866307, 58.21507178928843, 0.0 ], [ 56.395612130102329, 58.215065061561781, 0.0 ], [ 56.395643302155342, 58.215058050787192, 0.0 ], [ 56.395674241862693, 58.215050759025466, 0.0 ], [ 56.395704940130045, 58.215043188419997, 0.0 ], [ 56.395735387934032, 58.215035341196042, 0.0 ], [ 56.395765576324933, 58.215027219660271, 0.0 ], [ 56.395795496429308, 58.215018826199902, 0.0 ], [ 56.395825139452597, 58.21501016328218, 0.0 ], [ 56.395854496681672, 58.215001233453421, 0.0 ], [ 56.395883559487487, 58.214992039338497, 0.0 ], [ 56.3959123193275, 58.214982583639959, 0.0 ], [ 56.395940767748293, 58.214972869137206, 0.0 ], [ 56.395968896387956, 58.214962898685691, 0.0 ], [ 56.395996696978656, 58.214952675216132, 0.0 ], [ 56.396024161348947, 58.214942201733656, 0.0 ], [ 56.396051281426296, 58.214931481316789, 0.0 ], [ 56.396068279604336, 58.214921720276656, 0.0 ], [ 56.396084953577372, 58.214911804732175, 0.0 ], [ 56.396101298303655, 58.214901737681664, 0.0 ], [ 56.396117308841021, 58.214891522169324, 0.0 ], [ 56.396132980348284, 58.214881161284225, 0.0 ], [ 56.396148308086914, 58.214870658159406, 0.0 ], [ 56.396163287422247, 58.214860015970807, 0.0 ], [ 56.396177913825042, 58.214849237936562, 0.0 ], [ 56.39619218287276, 58.214838327315817, 0.0 ], [ 56.396206090250985, 58.214827287407793, 0.0 ], [ 56.396219631754576, 58.21481612155079, 0.0 ], [ 56.396232803289159, 58.214804833121271, 0.0 ], [ 56.396245600872177, 58.214793425532669, 0.0 ], [ 56.396258020634136, 58.214781902234527, 0.0 ], [ 56.39627005881988, 58.214770266711277, 0.0 ], [ 56.396281711789598, 58.214758522481375, 0.0 ], [ 56.396292976019978, 58.214746673096109, 0.0 ], [ 56.396303848105269, 58.214734722138537, 0.0 ], [ 56.396314324758329, 58.214722673222489, 0.0 ], [ 56.396324402811551, 58.214710529991336, 0.0 ], [ 56.396334079217922, 58.214698296116978, 0.0 ], [ 56.396343351051868, 58.214685975298806, 0.0 ], [ 56.396352215510127, 58.214673571262374, 0.0 ], [ 56.396360669912696, 58.2146610877585, 0.0 ], [ 56.396368711703509, 58.214648528562009, 0.0 ], [ 56.39637633845134, 58.214635897470536, 0.0 ], [ 56.396383547850391, 58.214623198303514, 0.0 ], [ 56.396390337721158, 58.214610434900933, 0.0 ], [ 56.39639670601094, 58.214597611122237, 0.0 ], [ 56.396402650794549, 58.214584730845132, 0.0 ], [ 56.396408170274839, 58.214571797964275, 0.0 ], [ 56.396413262783305, 58.214558816390436, 0.0 ], [ 56.396417926780522, 58.214545790048902, 0.0 ], [ 56.39642216085668, 58.21453272287863, 0.0 ], [ 56.396425963731929, 58.214519618830856, 0.0 ], [ 56.396429334256872, 58.214506481867936, 0.0 ], [ 56.396432271412792, 58.214493315962329, 0.0 ], [ 56.39643477431202, 58.214480125095001, 0.0 ], [ 56.396436842198241, 58.214466913254668, 0.0 ], [ 56.39643847444664, 58.214453684436236, 0.0 ], [ 56.396439670564163, 58.214440442639898, 0.0 ], [ 56.3964404301896, 58.214427191869575, 0.0 ], [ 56.396440753093756, 58.214413936132061, 0.0 ], [ 56.396440639179481, 58.214400679435585, 0.0 ], [ 56.396440088481704, 58.214387425788637, 0.0 ], [ 56.396439101167438, 58.214374179198821, 0.0 ], [ 56.396437677535701, 58.214360943671601, 0.0 ], [ 56.396435818017459, 58.214347723209009, 0.0 ], [ 56.39643352317546, 58.214334521808667, 0.0 ], [ 56.396430793704113, 58.214321343462302, 0.0 ], [ 56.39642763042918, 58.214308192154739, 0.0 ], [ 56.396424034307678, 58.214295071862573, 0.0 ], [ 56.396420006427441, 58.214281986553047, 0.0 ], [ 56.396415548006878, 58.214268940182777, 0.0 ], [ 56.396410660394551, 58.214255936696659, 0.0 ], [ 56.396405345068835, 58.21424298002664, 0.0 ], [ 56.396399603637384, 58.214230074090409, 0.0 ], [ 56.396393437836728, 58.214217222790374, 0.0 ], [ 56.396386849531659, 58.214204430012444, 0.0 ], [ 56.396379840714786, 58.214191699624706, 0.0 ], [ 56.396372413505809, 58.214179035476548, 0.0 ], [ 56.396364570150936, 58.21416644139719, 0.0 ], [ 56.396356313022224, 58.214153921194715, 0.0 ], [ 56.39634764461681, 58.214141478654909, 0.0 ], [ 56.396338567556178, 58.21412911753999, 0.0 ], [ 56.39632908458541, 58.214116841587547, 0.0 ], [ 56.39631919857225, 58.214104654509512, 0.0 ], [ 56.39630891250637, 58.214092559990853, 0.0 ], [ 56.396298229498335, 58.214080561688583, 0.0 ], [ 56.396287152778754, 58.214068663230606, 0.0 ], [ 56.396275685697276, 58.214056868214598, 0.0 ], [ 56.396263831721541, 58.214045180207066, 0.0 ], [ 56.396251594436215, 58.21403360274202, 0.0 ], [ 56.396238977541806, 58.214022139320157, 0.0 ], [ 56.396225984853622, 58.214010793407581, 0.0 ], [ 56.396212620300574, 58.213999568434957, 0.0 ], [ 56.39619888792398, 58.213988467796348, 0.0 ], [ 56.396184791876401, 58.21397749484818, 0.0 ], [ 56.396170336420361, 58.213966652908312, 0.0 ], [ 56.396155525926993, 58.213955945254966, 0.0 ], [ 56.396140364874775, 58.213945375125782, 0.0 ], [ 56.396124857848221, 58.213934945716794, 0.0 ], [ 56.396109009536389, 58.213924660181462, 0.0 ], [ 56.396092824731539, 58.213914521629746, 0.0 ], [ 56.396076308327679, 58.21390453312727, 0.0 ], [ 56.396059465319041, 58.213894697694116, 0.0 ], [ 56.396042300798598, 58.213885018304182, 0.0 ], [ 56.396024819956523, 58.213875497884167, 0.0 ], [ 56.396007028078678, 58.213866139312749, 0.0 ], [ 56.395988930544846, 58.213856945419508, 0.0 ], [ 56.395970532827327, 58.213847918984406, 0.0 ], [ 56.395951840489126, 58.213839062736668, 0.0 ], [ 56.395932859182274, 58.213830379354114, 0.0 ], [ 56.39591359464626, 58.213821871462265, 0.0 ], [ 56.395894052706105, 58.213813541633542, 0.0 ], [ 56.395874239270739, 58.213805392386618, 0.0 ], [ 56.395854160331183, 58.213797426185508, 0.0 ], [ 56.395833821958689, 58.213789645438816, 0.0 ], [ 56.395813230302956, 58.213782052499212, 0.0 ], [ 56.395792391590255, 58.213774649662483, 0.0 ], [ 56.395771312121539, 58.213767439166944, 0.0 ], [ 56.395749998270546, 58.213760423192738, 0.0 ], [ 56.395728456481869, 58.213753603861264, 0.0 ], [ 56.395706693269034, 58.213746983234408, 0.0 ], [ 56.395684715212454, 58.213740563313941, 0.0 ], [ 56.39566252895753, 58.213734346041051, 0.0 ], [ 56.39564014121261, 58.213728333295528, 0.0 ], [ 56.395617558746928, 58.213722526895396, 0.0 ], [ 56.395594788388586, 58.213716928596355, 0.0 ], [ 56.395571837022509, 58.213711540090976, 0.0 ], [ 56.395548711588297, 58.213706363008576, 0.0 ], [ 56.39552541907824, 58.213701398914537, 0.0 ], [ 56.395501966535093, 58.213696649309746, 0.0 ], [ 56.39547836104996, 58.213692115630273, 0.0 ], [ 56.395454609760257, 58.213687799246955, 0.0 ], [ 56.395430719847404, 58.213683701464838, 0.0 ], [ 56.395406698534742, 58.213679823522995, 0.0 ], [ 56.395382553085419, 58.213676166593864, 0.0 ], [ 56.395348954507618, 58.213673365142917, 0.0 ], [ 56.395315269714963, 58.213670868643895, 0.0 ], [ 56.395281508644558, 58.21366867783329, 0.0 ], [ 56.395247681256052, 58.213666793357405, 0.0 ], [ 56.395213797528584, 58.213665215772153, 0.0 ], [ 56.395179867457962, 58.213663945542962, 0.0 ], [ 56.395145901053652, 58.213662983044458, 0.0 ], [ 56.395111908335828, 58.21366232856068, 0.0 ], [ 56.395077899332406, 58.213661982284677, 0.0 ], [ 56.395043884076138, 58.213661944318595, 0.0 ], [ 56.395009872601612, 58.213662214673604, 0.0 ], [ 56.394975874942283, 58.213662793269989, 0.0 ], [ 56.394941901127559, 58.213663679937028, 0.0 ], [ 56.394907961179776, 58.213664874413183, 0.0 ], [ 56.394874065111331, 58.213666376346062, 0.0 ], [ 56.394840222921616, 58.213668185292619, 0.0 ], [ 56.394806444594224, 58.21367030071913, 0.0 ], [ 56.394772740093842, 58.213672722001604, 0.0 ], [ 56.394739119363372, 58.213675448425803, 0.0 ], [ 56.39470559232106, 58.213678479187308, 0.0 ], [ 56.394672168857532, 58.213681813392107, 0.0 ], [ 56.394638858832785, 58.213685450056623, 0.0 ], [ 56.394605672073446, 58.213689388107923, 0.0 ], [ 56.394572618369729, 58.213693626384369, 0.0 ], [ 56.394539707472646, 58.21369816363562, 0.0 ], [ 56.394506949091067, 58.213702998523182, 0.0 ], [ 56.394474352888885, 58.213708129620706, 0.0 ], [ 56.394441928482181, 58.213713555414571, 0.0 ], [ 56.394409685436337, 58.21371927430409, 0.0 ], [ 56.394377633263247, 58.213725284602191, 0.0 ], [ 56.394355128750199, 58.213730215213374, 0.0 ], [ 56.394332790648264, 58.213735352261928, 0.0 ], [ 56.394310625756184, 58.213740694184324, 0.0 ], [ 56.394288640820008, 58.213746239354826, 0.0 ], [ 56.394266842531046, 58.213751986085626, 0.0 ], [ 56.394245237523734, 58.213757932627765, 0.0 ], [ 56.394223832373783, 58.213764077171369, 0.0 ], [ 56.394202633596016, 58.213770417846291, 0.0 ], [ 56.394181647642505, 58.213776952722753, 0.0 ], [ 56.394160880900507, 58.213783679811833, 0.0 ], [ 56.394140339690644, 58.21379059706608, 0.0 ], [ 56.394120030264837, 58.213797702380226, 0.0 ], [ 56.394099958804517, 58.213804993591729, 0.0 ], [ 56.394080131418669, 58.213812468481429, 0.0 ], [ 56.39406055414203, 58.213820124774351, 0.0 ], [ 56.394041232933212, 58.21382796014025, 0.0 ], [ 56.394022173672894, 58.213835972194353, 0.0 ], [ 56.394003382162097, 58.213844158498176, 0.0 ], [ 56.393984864120277, 58.213852516560181, 0.0 ], [ 56.393966625183729, 58.213861043836481, 0.0 ], [ 56.393948670903804, 58.213869737731819, 0.0 ], [ 56.393931006745198, 58.213878595600093, 0.0 ], [ 56.393913638084371, 58.213887614745339, 0.0 ], [ 56.393896570207794, 58.213896792422545, 0.0 ], [ 56.39387980831048, 58.213906125838385, 0.0 ], [ 56.39386335749424, 58.213915612152199, 0.0 ], [ 56.393847222766297, 58.213925248476727, 0.0 ], [ 56.393831409037617, 58.213935031879089, 0.0 ], [ 56.393815921121515, 58.2139449593816, 0.0 ], [ 56.393800763732187, 58.213955027962754, 0.0 ], [ 56.393785941483159, 58.213965234558081, 0.0 ], [ 56.393771458886029, 58.213975576061095, 0.0 ], [ 56.393757320349003, 58.213986049324298, 0.0 ], [ 56.393743530175584, 58.213996651160016, 0.0 ], [ 56.393730092563288, 58.214007378341478, 0.0 ], [ 56.393717011602284, 58.214018227603781, 0.0 ], [ 56.39370429127424, 58.214029195644819, 0.0 ], [ 56.393691935451066, 58.214040279126316, 0.0 ], [ 56.39367994789373, 58.214051474674932, 0.0 ], [ 56.393668332251124, 58.214062778883161, 0.0 ], [ 56.393657092058994, 58.21407418831042, 0.0 ], [ 56.393646230738753, 58.214085699484123, 0.0 ], [ 56.393635751596562, 58.214097308900733, 0.0 ], [ 56.39362565782227, 58.214109013026729, 0.0 ], [ 56.393615952488389, 58.214120808299853, 0.0 ], [ 56.393606638549301, 58.214132691129997, 0.0 ], [ 56.393597718840191, 58.214144657900512, 0.0 ], [ 56.393589196076306, 58.214156704969092, 0.0 ], [ 56.393581072852072, 58.214168828669116, 0.0 ], [ 56.393573351640335, 58.214181025310523, 0.0 ], [ 56.39356603479154, 58.214193291181047, 0.0 ], [ 56.393559124533134, 58.214205622547468, 0.0 ], [ 56.393552622968755, 58.214218015656478, 0.0 ], [ 56.393546532077714, 58.214230466736055, 0.0 ], [ 56.393540853714278, 58.214242971996512, 0.0 ], [ 56.393535589607197, 58.214255527631664, 0.0 ], [ 56.393530741359136, 58.214268129820013, 0.0 ], [ 56.393526310446155, 58.214280774725864, 0.0 ], [ 56.393522298217363, 58.214293458500499, 0.0 ], [ 56.393518705894387, 58.214306177283426, 0.0 ], [ 56.393515534571058, 58.214318927203408, 0.0 ], [ 56.393512785213083, 58.214331704379816, 0.0 ], [ 56.393510458657737, 58.214344504923645, 0.0 ], [ 56.393508555613607, 58.214357324938817, 0.0 ], [ 56.393507076660391, 58.214370160523337, 0.0 ], [ 56.39350602224868, 58.214383007770422, 0.0 ], [ 56.393505392699872, 58.214395862769749, 0.0 ], [ 56.393505188206014, 58.214408721608656, 0.0 ], [ 56.393505408829874, 58.214421580373248, 0.0 ], [ 56.393506054504726, 58.214434435149769, 0.0 ], [ 56.393507125034475, 58.214447282025517, 0.0 ], [ 56.393508620093783, 58.214460117090319, 0.0 ], [ 56.393510539228053, 58.214472936437524, 0.0 ], [ 56.39351288185361, 58.214485736165265, 0.0 ], [ 56.393515647257857, 58.214498512377666, 0.0 ], [ 56.393518834599568, 58.214511261186011, 0.0 ], [ 56.39352244290901, 58.214523978709906, 0.0 ], [ 56.393526471088421, 58.214536661078434, 0.0 ], [ 56.393530917912123, 58.214549304431422, 0.0 ], [ 56.393535782027087, 58.214561904920615, 0.0 ], [ 56.393541061953236, 58.214574458710665, 0.0 ], [ 56.39354675608395, 58.214586961980579, 0.0 ], [ 56.393552862686477, 58.214599410924649, 0.0 ], [ 56.393559379902584, 58.214611801753712, 0.0 ], [ 56.393566305749005, 58.214624130696329, 0.0 ], [ 56.393573638118106, 58.214636393999825, 0.0 ], [ 56.393581374778485, 58.214648587931528, 0.0 ], [ 56.393589513375723, 58.214660708779981, 0.0 ], [ 56.393598051433003, 58.214672752855769, 0.0 ], [ 56.393606986351962, 58.214684716493018, 0.0 ], [ 56.393616315413404, 58.21469659605021, 0.0 ], [ 56.393626035778141, 58.214708387911529, 0.0 ], [ 56.393636144487921, 58.214720088487731, 0.0 ], [ 56.39364663846623, 58.214731694217456, 0.0 ], [ 56.393657514519305, 58.214743201568133, 0.0 ], [ 56.393668769337062, 58.214754607037214, 0.0 ], [ 56.393680399494158, 58.214765907153051, 0.0 ], [ 56.393692401450927, 58.214777098476134, 0.0 ], [ 56.393704771554582, 58.214788177600056, 0.0 ], [ 56.39371750604024, 58.214799141152561, 0.0 ], [ 56.393730601032118, 58.214809985796535, 0.0 ], [ 56.393744052544676, 58.214820708231088, 0.0 ], [ 56.39375785648383, 58.214831305192504, 0.0 ], [ 56.393772008648256, 58.214841773455277, 0.0 ], [ 56.393786504730571, 58.214852109833053, 0.0 ], [ 56.393801340318745, 58.214862311179601, 0.0 ], [ 56.393816510897359, 58.21487237438987, 0.0 ], [ 56.393832011849078, 58.214882296400745, 0.0 ], [ 56.393847838455912, 58.214892074192186, 0.0 ], [ 56.393863985900794, 58.214901704787884, 0.0 ], [ 56.393880449268963, 58.214911185256597, 0.0 ], [ 56.393897223549494, 58.214920512712546, 0.0 ], [ 56.393914303636826, 58.214929684316623, 0.0 ], [ 56.393931684332266, 58.214938697277141, 0.0 ], [ 56.393949360345644, 58.21494754885066, 0.0 ], [ 56.393967326296867, 58.214956236342971, 0.0 ], [ 56.39398557671759, 58.214964757109655, 0.0 ], [ 56.394004106052847, 58.214973108557203, 0.0 ], [ 56.394022908662798, 58.214981288143491, 0.0 ], [ 56.394041978824397, 58.21498929337875, 0.0 ], [ 56.394061310733115, 58.214997121826421, 0.0 ], [ 56.394080898504789, 58.215004771103516, 0.0 ], [ 56.394100736177315, 58.215012238881798, 0.0 ], [ 56.394120817712555, 58.215019522888078, 0.0 ], [ 56.394141136998101, 58.21502662090532, 0.0 ], [ 56.394161687849177, 58.215033530772871, 0.0 ], [ 56.394182464010527, 58.215040250387553, 0.0 ], [ 56.394203459158263, 58.215046777703911, 0.0 ], [ 56.394224666901877, 58.215053110735205, 0.0 ], [ 56.394246080786083, 58.215059247553711, 0.0 ], [ 56.394267694292907, 58.215065186291433, 0.0 ], [ 56.394289500843527, 58.215070925140701, 0.0 ], [ 56.394311493800402, 58.215076462354688, 0.0 ], [ 56.394333666469251, 58.215081796247944, 0.0 ], [ 56.394356012101042, 58.215086925196893, 0.0 ], [ 56.394378523894105, 58.215091847640338, 0.0 ], [ 56.394401194996178, 58.215096562079957, 0.0 ], [ 56.394424018506513, 58.21510106708071, 0.0 ], [ 56.394446987477941, 58.215105361271341, 0.0 ], [ 56.394470094919022, 58.215109443344708, 0.0 ], [ 56.394493333796177, 58.215113312058364, 0.0 ], [ 56.394516697035769, 58.215116966234632, 0.0 ], [ 56.394540177526359, 58.215120404761237, 0.0 ], [ 56.394563768120726, 58.215123626591584, 0.0 ], [ 56.394587461638224, 58.21512663074494, 0.0 ], [ 56.394611250866809, 58.215129416306802, 0.0 ], [ 56.394635128565312, 58.21513198242944, 0.0 ], [ 56.394659087465641, 58.215134328331608, 0.0 ], [ 56.394683120274991, 58.215136453299344, 0.0 ], [ 56.394707219678018, 58.215138356685713, 0.0 ], [ 56.394731378339131, 58.215140037911446, 0.0 ], [ 56.394755588904729, 58.215141496464767, 0.0 ], [ 56.394779844005328, 58.215142731901679, 0.0 ], [ 56.394804136257967, 58.21514374384617, 0.0 ], [ 56.394828458268314, 58.215144531990177, 0.0 ], [ 56.394852802633011, 58.215145096093828, 0.0 ] ] } }


]
}
