{
"type": "FeatureCollection",
"name": "planJson",
"crs": { "type": "name", "properties": { "name": "urn:ogc:def:crs:OGC:1.3:CRS84" } },
"features": [
{ "type": "Feature", "properties": { "fid": 4814, "handle": 3713127, "block": -1, "etype": 18, "space": 0, "layer": "0_Limits", "olinetype": "bylayer", "linetype": "", "color": "0,0,0,65", "ocolor": 256, "color24": -1, "transparency": 0, "lweight": -1, "linewidth": 0.13, "ltscale": 1.0, "visible": 1, "width": 1.0, "thickness": 0.0, "ext": "(3:0,0,0.1)" }, "geometry": { "type": "LineString", "coordinates": [ [ 2240934.215410439297557, 541121.12081078113988, 0.0 ], [ 2240965.264483567792922, 541131.580318724154495, 0.0 ], [ 2240963.959941152017564, 541150.294822945725173, 0.0 ], [ 2240949.718736230395734, 541145.5844002047088, 0.0 ], [ 2240948.864595086779445, 541148.166758461389691, 0.0 ], [ 2240930.288632488809526, 541142.071380917914212, 0.0 ], [ 2240927.593433675821871, 541136.155923433485441, 0.0 ], [ 2240929.164663000963628, 541132.360531174577773, 0.0 ], [ 2240930.792312265839428, 541128.588990128715523, 0.0 ], [ 2240932.476019543129951, 541124.842138944659382, 0.0 ], [ 2240934.215410439297557, 541121.12081078113988, 0.0 ] ] } },
{ "type": "Feature", "properties": { "fid": 4815, "handle": 3713129, "block": -1, "etype": 18, "space": 0, "layer": "0_Limits", "olinetype": "bylayer", "linetype": "", "color": "0,0,0,65", "ocolor": 256, "color24": -1, "transparency": 0, "lweight": -1, "linewidth": 0.13, "ltscale": 1.0, "visible": 1, "width": 1.0, "thickness": 0.0, "ext": "(3:0,0,0.1)" }, "geometry": { "type": "LineString", "coordinates": [ [ 2240973.432922935113311, 541095.955699659069069, 0.0 ], [ 2240970.375878033228219, 541102.801113111781888, 0.0 ], [ 2241001.536619931459427, 541112.047995680011809, 0.0 ], [ 2241003.77, 541100.340000001946464, 0.0 ], [ 2241003.27, 541082.310000000055879, 0.0 ], [ 2240989.788373375311494, 541069.417709752800874, 0.0 ], [ 2240973.432922935113311, 541095.955699659069069, 0.0 ] ] } },
{ "type": "Feature", "properties": { "fid": 4817, "handle": 3713149, "block": -1, "etype": 18, "space": 0, "layer": "0_Limits", "olinetype": "bylayer", "linetype": "", "color": "0,0,0,65", "ocolor": 256, "color24": -1, "transparency": 0, "lweight": -1, "linewidth": 0.13, "ltscale": 1.0, "visible": 1, "width": 1.0, "thickness": 0.0, "ext": "(3:0,0,0.1)" }, "geometry": { "type": "LineString", "coordinates": [ [ 2240934.215410439297557, 541121.12081078113988, 0.0 ], [ 2240940.195782385300845, 541109.647587090497836, 0.0 ], [ 2240944.632461261469871, 541101.797332510352135, 0.0 ], [ 2240950.728054229170084, 541099.523638850776479, 0.0 ], [ 2240954.603614469058812, 541101.248286830610596, 0.0 ], [ 2240953.620673748198897, 541103.534206977346912, 0.0 ], [ 2240967.316397392190993, 541109.651980734779499, 0.0 ], [ 2240965.264483567792922, 541131.580318724154495, 0.0 ], [ 2240934.215410439297557, 541121.12081078113988, 0.0 ] ] } },
{ "type": "Feature", "properties": { "fid": 4818, "handle": 3713150, "block": -1, "etype": 18, "space": 0, "layer": "0_Limits", "olinetype": "bylayer", "linetype": "", "color": "0,0,0,65", "ocolor": 256, "color24": -1, "transparency": 0, "lweight": -1, "linewidth": 0.13, "ltscale": 1.0, "visible": 1, "width": 1.0, "thickness": 0.0, "ext": "(3:0,0,0.1)" }, "geometry": { "type": "LineString", "coordinates": [ [ 2240965.264483567792922, 541131.580318724154495, 0.0 ], [ 2240996.714296324644238, 541136.386558734346181, 0.0 ], [ 2241001.536619931459427, 541112.047995680011809, 0.0 ], [ 2240970.375878033228219, 541102.801113111781888, 0.0 ], [ 2240967.316397392190993, 541109.651980734779499, 0.0 ], [ 2240965.264483567792922, 541131.580318724154495, 0.0 ] ] } },
{ "type": "Feature", "properties": { "fid": 4819, "handle": 3713169, "block": -1, "etype": 18, "space": 0, "layer": "0_Limits", "olinetype": "bylayer", "linetype": "", "color": "0,0,0,65", "ocolor": 256, "color24": -1, "transparency": 0, "lweight": -1, "linewidth": 0.13, "ltscale": 1.0, "visible": 1, "width": 1.0, "thickness": 0.0, "ext": "(3:0,0,0.1)" }, "geometry": { "type": "LineString", "coordinates": [ [ 2240961.604727391153574, 541157.415424955659546, 0.0 ], [ 2240992.090997647959739, 541163.498563323053531, 0.0 ], [ 2240996.714296324644238, 541136.386558734346181, 0.0 ], [ 2240965.264483567792922, 541131.580318724154495, 0.0 ], [ 2240963.959941152017564, 541150.294822945725173, 0.0 ], [ 2240961.604727391153574, 541157.415424955659546, 0.0 ] ] } },
{ "type": "Feature", "properties": { "fid": 4821, "handle": 3713189, "block": -1, "etype": 18, "space": 0, "layer": "0_Limits", "olinetype": "bylayer", "linetype": "", "color": "0,0,0,65", "ocolor": 256, "color24": -1, "transparency": 0, "lweight": -1, "linewidth": 0.13, "ltscale": 1.0, "visible": 1, "width": 1.0, "thickness": 0.0, "ext": "(3:0,0,0.1)" }, "geometry": { "type": "LineString", "coordinates": [ [ 2240913.991040328051895, 541174.823783820378594, 0.0 ], [ 2240920.637740098405629, 541154.132836632314138, 0.0 ], [ 2240926.470094341784716, 541151.342989138094708, 0.0 ], [ 2240945.724304437171668, 541157.660921746632084, 0.0 ], [ 2240945.008313488680869, 541159.825605125515722, 0.0 ], [ 2240959.249518409837037, 541164.536027866997756, 0.0 ], [ 2240953.150090750306845, 541187.320062823127955, 0.0 ], [ 2240913.991040328051895, 541174.823783820378594, 0.0 ] ] } },
{ "type": "Feature", "properties": { "fid": 4822, "handle": 3713209, "block": -1, "etype": 18, "space": 0, "layer": "0_Limits", "olinetype": "bylayer", "linetype": "", "color": "0,0,0,65", "ocolor": 256, "color24": -1, "transparency": 0, "lweight": -1, "linewidth": 0.13, "ltscale": 1.0, "visible": 1, "width": 1.0, "thickness": 0.0, "ext": "(3:0,0,0.1)" }, "geometry": { "type": "LineString", "coordinates": [ [ 2240953.150090750306845, 541187.32006282301154, 0.0 ], [ 2240959.249518409837037, 541164.536027866997756, 0.0 ], [ 2240961.6047297809273, 541157.415425406303257, 0.0 ], [ 2240992.090997647959739, 541163.498563323053531, 0.0 ], [ 2240984.46061277994886, 541196.931212282157503, 0.0 ], [ 2240953.150090750306845, 541187.32006282301154, 0.0 ] ] } },
{ "type": "Feature", "properties": { "fid": 4823, "handle": 3713247, "block": -1, "etype": 18, "space": 0, "layer": "0_Limits", "olinetype": "bylayer", "linetype": "", "color": "0,0,0,65", "ocolor": 256, "color24": -1, "transparency": 0, "lweight": -1, "linewidth": 0.13, "ltscale": 1.0, "visible": 1, "width": 1.0, "thickness": 0.0, "ext": "(3:0,0,0.1)" }, "geometry": { "type": "LineString", "coordinates": [ [ 2240899.59561015246436, 541245.116369469906203, 0.0 ], [ 2240917.459879476577044, 541250.558572036447003, 0.0 ], [ 2240926.613578918855637, 541215.187857533222996, 0.0 ], [ 2240909.614341281354427, 541209.93726020725444, 0.0 ], [ 2240904.359952740371227, 541213.4850207939744, 0.0 ], [ 2240903.203982368577272, 541219.779028017423116, 0.0 ], [ 2240902.149303674232215, 541226.090798551915213, 0.0 ], [ 2240901.196189027745277, 541232.418702383292839, 0.0 ], [ 2240900.344884570688009, 541238.761105331010185, 0.0 ], [ 2240899.59561015246436, 541245.116369469906203, 0.0 ] ] } },
{ "type": "Feature", "properties": { "fid": 4824, "handle": 3713248, "block": -1, "etype": 18, "space": 0, "layer": "0_Limits", "olinetype": "bylayer", "linetype": "", "color": "0,0,0,65", "ocolor": 256, "color24": -1, "transparency": 0, "lweight": -1, "linewidth": 0.13, "ltscale": 1.0, "visible": 1, "width": 1.0, "thickness": 0.0, "ext": "(3:0,0,0.1)" }, "geometry": { "type": "LineString", "coordinates": [ [ 2240947.829526296816766, 541216.711439162376337, 0.0 ], [ 2240978.549999999813735, 541225.37, 0.0 ], [ 2240976.290000000502914, 541236.219999998109415, 0.0 ], [ 2240977.682703407481313, 541263.563605223433115, 0.0 ], [ 2240936.153020964004099, 541256.091549179283902, 0.0 ], [ 2240947.829526296816766, 541216.711439162376337, 0.0 ] ] } },
{ "type": "Feature", "properties": { "fid": 4826, "handle": 3713250, "block": -1, "etype": 18, "space": 0, "layer": "0_Limits", "olinetype": "bylayer", "linetype": "", "color": "0,0,0,65", "ocolor": 256, "color24": -1, "transparency": 0, "lweight": -1, "linewidth": 0.13, "ltscale": 1.0, "visible": 1, "width": 1.0, "thickness": 0.0, "ext": "(3:0,0,0.1)" }, "geometry": { "type": "LineString", "coordinates": [ [ 2240913.991040328051895, 541174.823783820378594, 0.0 ], [ 2240912.739576474297792, 541178.809999272110872, 0.0 ], [ 2240911.549200743436813, 541182.814881420694292, 0.0 ], [ 2240910.420191375073045, 541186.837494159932248, 0.0 ], [ 2240909.352812265045941, 541190.876897239591926, 0.0 ], [ 2240908.347312903963029, 541194.93214648461435, 0.0 ], [ 2240912.174387728795409, 541200.261841667583212, 0.0 ], [ 2240934.998324952088296, 541207.635260456008837, 0.0 ], [ 2240935.833573302254081, 541205.049803634174168, 0.0 ], [ 2240950.135122235864401, 541209.574617224512622, 0.0 ], [ 2240953.150090750306845, 541187.320062823127955, 0.0 ], [ 2240913.991040328051895, 541174.823783820378594, 0.0 ] ] } },
{ "type": "Feature", "properties": { "fid": 4827, "handle": 3713251, "block": -1, "etype": 18, "space": 0, "layer": "0_Limits", "olinetype": "bylayer", "linetype": "", "color": "0,0,0,65", "ocolor": 256, "color24": -1, "transparency": 0, "lweight": -1, "linewidth": 0.13, "ltscale": 1.0, "visible": 1, "width": 1.0, "thickness": 0.0, "ext": "(3:0,0,0.1)" }, "geometry": { "type": "LineString", "coordinates": [ [ 2240953.150090750306845, 541187.320062823127955, 0.0 ], [ 2240950.135122235864401, 541209.574617224512622, 0.0 ], [ 2240947.829528641421348, 541216.711439806851558, 0.0 ], [ 2240978.549999999813735, 541225.37, 0.0 ], [ 2240984.46061277994886, 541196.93121228273958, 0.0 ], [ 2240953.150090750306845, 541187.320062823127955, 0.0 ] ] } },
{ "type": "Feature", "properties": { "fid": 4828, "handle": 3713252, "block": -1, "etype": 18, "space": 0, "layer": "0_Limits", "olinetype": "bylayer", "linetype": "", "color": "0,0,0,65", "ocolor": 256, "color24": -1, "transparency": 0, "lweight": -1, "linewidth": 0.13, "ltscale": 1.0, "visible": 1, "width": 1.0, "thickness": 0.0, "ext": "(3:0,0,0.1)" }, "geometry": { "type": "LineString", "coordinates": [ [ 2240917.402969163376838, 541121.712215446168557, 0.0 ], [ 2240886.937980599701405, 541108.193005622364581, 0.0 ], [ 2240898.775694065261632, 541089.453495058347471, 0.0 ], [ 2240918.448995635844767, 541075.458233371959068, 0.0 ], [ 2240936.192027514800429, 541086.082477107644081, 0.0 ], [ 2240933.24736403208226, 541091.030254443408921, 0.0 ], [ 2240930.388172971550375, 541096.027910901000723, 0.0 ], [ 2240927.61529898038134, 541101.073970098048449, 0.0 ], [ 2240924.929561207536608, 541106.16694135311991, 0.0 ], [ 2240922.331753060221672, 541111.305320126353763, 0.0 ], [ 2240919.822641968727112, 541116.487588463933207, 0.0 ], [ 2240917.402969163376838, 541121.712215446168557, 0.0 ] ] } },
{ "type": "Feature", "properties": { "fid": 4829, "handle": 3713348, "block": -1, "etype": 18, "space": 0, "layer": "0_Limits", "olinetype": "bylayer", "linetype": "", "color": "0,0,0,65", "ocolor": 256, "color24": -1, "transparency": 0, "lweight": -1, "linewidth": 0.13, "ltscale": 1.0, "visible": 1, "width": 1.0, "thickness": 0.0, "ext": "(3:0,0,0.1)" }, "geometry": { "type": "LineString", "coordinates": [ [ 2240917.459879476577044, 541250.558572036447003, 0.0 ], [ 2240936.111341544426978, 541256.087175544234924, 0.0 ], [ 2240945.523930357769132, 541223.848261100240052, 0.0 ], [ 2240931.24438050808385, 541219.255350781371817, 0.0 ], [ 2240932.019036156125367, 541216.85745471867267, 0.0 ], [ 2240926.803327230736613, 541215.246465572039597, 0.0 ], [ 2240917.459879476577044, 541250.558572036447003, 0.0 ] ] } },
{ "type": "Feature", "properties": { "fid": 4831, "handle": 3713350, "block": -1, "etype": 18, "space": 0, "layer": "0_Limits", "olinetype": "bylayer", "linetype": "", "color": "0,0,0,65", "ocolor": 256, "color24": -1, "transparency": 0, "lweight": -1, "linewidth": 0.13, "ltscale": 1.0, "visible": 1, "width": 1.0, "thickness": 0.0, "ext": "(3:0,0,0.1)" }, "geometry": { "type": "LineString", "coordinates": [ [ 2240927.648832413367927, 541284.900733180111274, 0.0 ], [ 2240972.115000000223517, 541297.059999999939464, 0.0 ], [ 2240979.230000000447035, 541288.409999999566935, 0.0 ], [ 2240977.682703407481313, 541263.563605223433115, 0.0 ], [ 2240936.153020964004099, 541256.091549179283902, 0.0 ], [ 2240929.862200891133398, 541277.734771975432523, 0.0 ], [ 2240927.648832413367927, 541284.900733180111274, 0.0 ] ] } },
{ "type": "Feature", "properties": { "fid": 4832, "handle": 3713351, "block": -1, "etype": 18, "space": 0, "layer": "0_Limits", "olinetype": "bylayer", "linetype": "", "color": "0,0,0,65", "ocolor": 256, "color24": -1, "transparency": 0, "lweight": -1, "linewidth": 0.13, "ltscale": 1.0, "visible": 1, "width": 1.0, "thickness": 0.0, "ext": "(3:0,0,0.1)" }, "geometry": { "type": "LineString", "coordinates": [ [ 2240899.59561015246436, 541245.116369469906203, 0.0 ], [ 2240899.044728817418218, 541250.380022168392316, 0.0 ], [ 2240898.580741801299155, 541255.652045122114941, 0.0 ], [ 2240898.203775343950838, 541260.931003946228884, 0.0 ], [ 2240897.913932007737458, 541266.215462368447334, 0.0 ], [ 2240901.677535491064191, 541271.520947264390998, 0.0 ], [ 2240914.827705230563879, 541275.582673299242742, 0.0 ], [ 2240915.530278482474387, 541273.308035019785166, 0.0 ], [ 2240929.86220089206472, 541277.734771975665353, 0.0 ], [ 2240936.111341544426978, 541256.087175544234924, 0.0 ], [ 2240899.59561015246436, 541245.116369469906203, 0.0 ] ] } },
{ "type": "Feature", "properties": { "fid": 4872, "handle": 3714254, "block": -1, "etype": 18, "space": 0, "layer": "0_Limits", "olinetype": "bylayer", "linetype": "", "color": "0,0,0,65", "ocolor": 256, "color24": -1, "transparency": 0, "lweight": -1, "linewidth": 0.13, "ltscale": 1.0, "visible": 1, "width": 1.0, "thickness": 0.0, "ext": "(3:0,0,0.1)" }, "geometry": { "type": "LineString", "coordinates": [ [ 2241355.378531626425683, 540300.279221947886981, 0.0 ], [ 2241353.24592337757349, 540301.999911771388724, 0.0 ], [ 2241351.142639262601733, 540303.756324975169264, 0.0 ], [ 2241349.069277613423765, 540305.547961903503165, 0.0 ], [ 2241347.026428250130266, 540307.374312880099751, 0.0 ], [ 2241345.014672312419862, 540309.234858353505842, 0.0 ], [ 2241343.034582095220685, 540311.129069044603966, 0.0 ], [ 2241341.086720884777606, 540313.056406097486615, 0.0 ], [ 2241334.637157762423158, 540312.445516938343644, 0.0 ], [ 2241329.10692851152271, 540303.691759947338142, 0.0 ], [ 2241323.434032822959125, 540295.029776829993352, 0.0 ], [ 2241317.619993329513818, 540286.461892505758442, 0.0 ], [ 2241340.636934932786971, 540271.993244683835655, 0.0 ], [ 2241355.378531626425683, 540300.279221947886981, 0.0 ] ] } },
{ "type": "Feature", "properties": { "fid": 4873, "handle": 3714290, "block": -1, "etype": 18, "space": 0, "layer": "0_Limits", "olinetype": "bylayer", "linetype": "", "color": "0,0,0,65", "ocolor": 256, "color24": -1, "transparency": 0, "lweight": -1, "linewidth": 0.13, "ltscale": 1.0, "visible": 1, "width": 1.0, "thickness": 0.0, "ext": "(3:0,0,0.1)" }, "geometry": { "type": "LineString", "coordinates": [ [ 2241370.642765392549336, 540284.901296015013941, 0.0 ], [ 2241368.3954838225618, 540290.962983020814136, 0.0 ], [ 2241366.163191751111299, 540292.425880953436717, 0.0 ], [ 2241363.955232012551278, 540293.925251503824256, 0.0 ], [ 2241361.772200462408364, 540295.460690041654743, 0.0 ], [ 2241359.614686227403581, 540297.031782203121111, 0.0 ], [ 2241357.483271549455822, 540298.638104002806358, 0.0 ], [ 2241355.378531626425683, 540300.279221947886981, 0.0 ], [ 2241340.636934932786971, 540271.993244683835655, 0.0 ], [ 2241363.940117224119604, 540258.915565166505985, 0.0 ], [ 2241365.122827843762934, 540264.152145678992383, 0.0 ], [ 2241366.384746750816703, 540269.370204757433385, 0.0 ], [ 2241367.725584216881543, 540274.568544373498298, 0.0 ], [ 2241369.145032395608723, 540279.745971025782637, 0.0 ], [ 2241370.642765392549336, 540284.901296015013941, 0.0 ] ] } },
{ "type": "Feature", "properties": { "fid": 4874, "handle": 3714326, "block": -1, "etype": 18, "space": 0, "layer": "0_Limits", "olinetype": "bylayer", "linetype": "", "color": "0,0,0,65", "ocolor": 256, "color24": -1, "transparency": 0, "lweight": -1, "linewidth": 0.13, "ltscale": 1.0, "visible": 1, "width": 1.0, "thickness": 0.0, "ext": "(3:0,0,0.1)" }, "geometry": { "type": "LineString", "coordinates": [ [ 2241340.636934932786971, 540271.993244683835655, 0.0 ], [ 2241317.619993329513818, 540286.461892505758442, 0.0 ], [ 2241313.069478725548834, 540279.96475849871058, 0.0 ], [ 2241308.437956403009593, 540273.525120741920546, 0.0 ], [ 2241303.72615274740383, 540267.143989198259078, 0.0 ], [ 2241329.554592033848166, 540247.978569172904827, 0.0 ], [ 2241340.636934932786971, 540271.993244683835655, 0.0 ] ] } },
{ "type": "Feature", "properties": { "fid": 4875, "handle": 3714362, "block": -1, "etype": 18, "space": 0, "layer": "0_Limits", "olinetype": "bylayer", "linetype": "", "color": "0,0,0,65", "ocolor": 256, "color24": -1, "transparency": 0, "lweight": -1, "linewidth": 0.13, "ltscale": 1.0, "visible": 1, "width": 1.0, "thickness": 0.0, "ext": "(3:0,0,0.1)" }, "geometry": { "type": "LineString", "coordinates": [ [ 2241363.940117224119604, 540258.915565166505985, 0.0 ], [ 2241340.636934932786971, 540271.993244683835655, 0.0 ], [ 2241329.554592033848166, 540247.978569172904827, 0.0 ], [ 2241356.14595958404243, 540233.843370268004946, 0.0 ], [ 2241362.475579781457782, 540251.849446209380403, 0.0 ], [ 2241363.189857963006943, 540255.386234441888519, 0.0 ], [ 2241363.940117224119604, 540258.915565166505985, 0.0 ] ] } },
{ "type": "Feature", "properties": { "fid": 4876, "handle": 3714397, "block": -1, "etype": 18, "space": 0, "layer": "0_Limits", "olinetype": "bylayer", "linetype": "", "color": "0,0,0,65", "ocolor": 256, "color24": -1, "transparency": 0, "lweight": -1, "linewidth": 0.13, "ltscale": 1.0, "visible": 1, "width": 1.0, "thickness": 0.0, "ext": "(3:0,0,0.1)" }, "geometry": { "type": "LineString", "coordinates": [ [ 2241303.72615274740383, 540267.143989198375493, 0.0 ], [ 2241297.085919664241374, 540258.428260479005985, 0.0 ], [ 2241290.294988416135311, 540249.829430599464104, 0.0 ], [ 2241319.820214986335486, 540225.440083825262263, 0.0 ], [ 2241329.554592033848166, 540247.978569172904827, 0.0 ], [ 2241303.72615274740383, 540267.143989198375493, 0.0 ] ] } },
{ "type": "Feature", "properties": { "fid": 4877, "handle": 3714432, "block": -1, "etype": 18, "space": 0, "layer": "0_Limits", "olinetype": "bylayer", "linetype": "", "color": "0,0,0,65", "ocolor": 256, "color24": -1, "transparency": 0, "lweight": -1, "linewidth": 0.13, "ltscale": 1.0, "visible": 1, "width": 1.0, "thickness": 0.0, "ext": "(3:0,0,0.1)" }, "geometry": { "type": "LineString", "coordinates": [ [ 2241356.14595958404243, 540233.843370268004946, 0.0 ], [ 2241329.554592033848166, 540247.978569172904827, 0.0 ], [ 2241319.820214986335486, 540225.440083825262263, 0.0 ], [ 2241347.997005138546228, 540210.661775162327103, 0.0 ], [ 2241356.14595958404243, 540233.843370268004946, 0.0 ] ] } },
{ "type": "Feature", "properties": { "fid": 4878, "handle": 3714493, "block": -1, "etype": 18, "space": 0, "layer": "0_Limits", "olinetype": "bylayer", "linetype": "", "color": "0,0,0,65", "ocolor": 256, "color24": -1, "transparency": 0, "lweight": -1, "linewidth": 0.13, "ltscale": 1.0, "visible": 1, "width": 1.0, "thickness": 0.0, "ext": "(3:0,0,0.1)" }, "geometry": { "type": "LineString", "coordinates": [ [ 2241290.294988416135311, 540249.829430599580519, 0.0 ], [ 2241283.651862509548664, 540241.70622821256984, 0.0 ], [ 2241276.87424757424742, 540233.694894077605568, 0.0 ], [ 2241295.549682685639709, 540217.989947903668508, 0.0 ], [ 2241310.826010300312191, 540205.143451878684573, 0.0 ], [ 2241319.820214986335486, 540225.440083825262263, 0.0 ], [ 2241290.294988416135311, 540249.829430599580519, 0.0 ] ] } },
{ "type": "Feature", "properties": { "fid": 4879, "handle": 3714528, "block": -1, "etype": 18, "space": 0, "layer": "0_Limits", "olinetype": "bylayer", "linetype": "", "color": "0,0,0,65", "ocolor": 256, "color24": -1, "transparency": 0, "lweight": -1, "linewidth": 0.13, "ltscale": 1.0, "visible": 1, "width": 1.0, "thickness": 0.0, "ext": "(3:0,0,0.1)" }, "geometry": { "type": "LineString", "coordinates": [ [ 2241347.997005138546228, 540210.661775162210688, 0.0 ], [ 2241319.820214986335486, 540225.440083825262263, 0.0 ], [ 2241310.826010300312191, 540205.143451878684573, 0.0 ], [ 2241341.076966241933405, 540190.976115989964455, 0.0 ], [ 2241347.997005138546228, 540210.661775162210688, 0.0 ] ] } },
{ "type": "Feature", "properties": { "fid": 4880, "handle": 3714564, "block": -1, "etype": 18, "space": 0, "layer": "0_Limits", "olinetype": "bylayer", "linetype": "", "color": "0,0,0,65", "ocolor": 256, "color24": -1, "transparency": 0, "lweight": -1, "linewidth": 0.13, "ltscale": 1.0, "visible": 1, "width": 1.0, "thickness": 0.0, "ext": "(3:0,0,0.1)" }, "geometry": { "type": "LineString", "coordinates": [ [ 2241341.076966241933405, 540190.976115989964455, 0.0 ], [ 2241310.826010300312191, 540205.143451878684573, 0.0 ], [ 2241302.092266350984573, 540184.536404485115781, 0.0 ], [ 2241333.654334277380258, 540170.20645817683544, 0.0 ], [ 2241338.287041572388262, 540183.039526762673631, 0.0 ], [ 2241341.076966241933405, 540190.976115989964455, 0.0 ] ] } },
{ "type": "Feature", "properties": { "fid": 4881, "handle": 3714600, "block": -1, "etype": 18, "space": 0, "layer": "0_Limits", "olinetype": "bylayer", "linetype": "", "color": "0,0,0,65", "ocolor": 256, "color24": -1, "transparency": 0, "lweight": -1, "linewidth": 0.13, "ltscale": 1.0, "visible": 1, "width": 1.0, "thickness": 0.0, "ext": "(3:0,0,0.1)" }, "geometry": { "type": "LineString", "coordinates": [ [ 2241333.654334277380258, 540170.206458176719025, 0.0 ], [ 2241302.092266350984573, 540184.536404485115781, 0.0 ], [ 2241293.123772324062884, 540163.839901637518778, 0.0 ], [ 2241294.790289248339832, 540162.762979800347239, 0.0 ], [ 2241296.474317989777774, 540161.713653111248277, 0.0 ], [ 2241298.17540165502578, 540160.692206262378022, 0.0 ], [ 2241299.893078724388033, 540159.698916381923482, 0.0 ], [ 2241301.626883176155388, 540158.734052958781831, 0.0 ], [ 2241303.376344612799585, 540157.797877769568004, 0.0 ], [ 2241305.140988388098776, 540156.890644807484932, 0.0 ], [ 2241306.920335738454014, 540156.012600213289261, 0.0 ], [ 2241308.713903909549117, 540155.163982208701782, 0.0 ], [ 2241310.5212062895298, 540154.345021032029763, 0.0 ], [ 2241312.341752540320158, 540153.555938875069842, 0.0 ], [ 2241314.17504873033613, 540152.796949823154137, 0.0 ], [ 2241316.020597469527274, 540152.06825979729183, 0.0 ], [ 2241317.877898042555898, 540151.370066498056985, 0.0 ], [ 2241319.746446546632797, 540150.702559351571836, 0.0 ], [ 2241321.625736026559025, 540150.065919459215365, 0.0 ], [ 2241327.435792066622525, 540152.980466198874637, 0.0 ], [ 2241333.654334277380258, 540170.206458176719025, 0.0 ] ] } },
{ "type": "Feature", "properties": { "fid": 4882, "handle": 3714635, "block": -1, "etype": 18, "space": 0, "layer": "0_Limits", "olinetype": "bylayer", "linetype": "", "color": "0,0,0,65", "ocolor": 256, "color24": -1, "transparency": 0, "lweight": -1, "linewidth": 0.13, "ltscale": 1.0, "visible": 1, "width": 1.0, "thickness": 0.0, "ext": "(3:0,0,0.1)" }, "geometry": { "type": "LineString", "coordinates": [ [ 2241310.826010300312191, 540205.143451878684573, 0.0 ], [ 2241295.549682685639709, 540217.989947903668508, 0.0 ], [ 2241269.893720699474216, 540183.780969161656685, 0.0 ], [ 2241271.27717835502699, 540182.273451514309272, 0.0 ], [ 2241272.686041351407766, 540180.789649101789109, 0.0 ], [ 2241274.119903224520385, 540179.329990008031018, 0.0 ], [ 2241275.578350299037993, 540177.894895351724699, 0.0 ], [ 2241277.060961805749685, 540176.484779164311476, 0.0 ], [ 2241278.567310004029423, 540175.100048271007836, 0.0 ], [ 2241280.096960305701941, 540173.741102173458785, 0.0 ], [ 2241281.649471399374306, 540172.408332933788188, 0.0 ], [ 2241283.224395378027111, 540171.102125062257983, 0.0 ], [ 2241284.821277868468314, 540169.822855406207964, 0.0 ], [ 2241286.439658163115382, 540168.570893040858209, 0.0 ], [ 2241288.079069350846112, 540167.346599163254723, 0.0 ], [ 2241289.739038454368711, 540166.150326988077722, 0.0 ], [ 2241291.419086564332247, 540164.982421645428985, 0.0 ], [ 2241293.118728979490697, 540163.84322008152958, 0.0 ], [ 2241310.826010300312191, 540205.143451878684573, 0.0 ] ] } },
{ "type": "Feature", "properties": { "fid": 4883, "handle": 3714672, "block": -1, "etype": 18, "space": 0, "layer": "0_Limits", "olinetype": "bylayer", "linetype": "", "color": "0,0,0,65", "ocolor": 256, "color24": -1, "transparency": 0, "lweight": -1, "linewidth": 0.13, "ltscale": 1.0, "visible": 1, "width": 1.0, "thickness": 0.0, "ext": "(3:0,0,0.1)" }, "geometry": { "type": "LineString", "coordinates": [ [ 2241295.549682685639709, 540217.989947903668508, 0.0 ], [ 2241276.87424757424742, 540233.694894077605568, 0.0 ], [ 2241269.987333861645311, 540225.823847998748533, 0.0 ], [ 2241262.970600351691246, 540218.068308190791868, 0.0 ], [ 2241255.825983995571733, 540210.43041555036325, 0.0 ], [ 2241255.084753717761487, 540204.117002360173501, 0.0 ], [ 2241258.449975636322051, 540198.646201880299486, 0.0 ], [ 2241259.605262155178934, 540196.908708404749632, 0.0 ], [ 2241260.790469190105796, 540195.191485412884504, 0.0 ], [ 2241262.005241161677986, 540193.49504809465725, 0.0 ], [ 2241263.249213623348624, 540191.819905404001474, 0.0 ], [ 2241264.52201336575672, 540190.166559906443581, 0.0 ], [ 2241265.823258532211185, 540188.535507627879269, 0.0 ], [ 2241267.15255873138085, 540186.927237905794755, 0.0 ], [ 2241268.509515155572444, 540185.342233242816292, 0.0 ], [ 2241269.893720699474216, 540183.7809691617731, 0.0 ], [ 2241295.549682685639709, 540217.989947903668508, 0.0 ] ] } },
{ "type": "Feature", "properties": { "fid": 4884, "handle": 3714843, "block": -1, "etype": 18, "space": 0, "layer": "0_Limits", "olinetype": "bylayer", "linetype": "", "color": "0,0,0,65", "ocolor": 256, "color24": -1, "transparency": 0, "lweight": -1, "linewidth": 0.13, "ltscale": 1.0, "visible": 1, "width": 1.0, "thickness": 0.0, "ext": "(3:0,0,0.1)" }, "geometry": { "type": "LineString", "coordinates": [ [ 2241321.823512994684279, 540137.433884541969746, 0.0 ], [ 2241319.723767838906497, 540138.072855627629906, 0.0 ], [ 2241317.634897866286337, 540138.746529142488725, 0.0 ], [ 2241315.557476559653878, 540139.454720134846866, 0.0 ], [ 2241313.492074258625507, 540140.197234176332131, 0.0 ], [ 2241311.43925800267607, 540140.973867415799759, 0.0 ], [ 2241309.399591377470642, 540141.784406634513289, 0.0 ], [ 2241307.373634357005358, 540142.628629305283539, 0.0 ], [ 2241305.361943151336163, 540143.506303653353825, 0.0 ], [ 2241303.365070055238903, 540144.41718872031197, 0.0 ], [ 2241301.383563294075429, 540145.361034429748543, 0.0 ], [ 2241299.417966875247657, 540146.337581656174734, 0.0 ], [ 2241297.468820437788963, 540147.34656229626853, 0.0 ], [ 2241291.81155785638839, 540144.885265008313581, 0.0 ], [ 2241290.437446393072605, 540141.476168419118039, 0.0 ], [ 2241289.010582633782178, 540138.088812269736081, 0.0 ], [ 2241287.531310402322561, 540134.724012790829875, 0.0 ], [ 2241285.99998614937067, 540131.382580777397379, 0.0 ], [ 2241284.416978868190199, 540128.0653213938931, 0.0 ], [ 2241313.417312235105783, 540114.147856733412482, 0.0 ], [ 2241321.823512994684279, 540137.433884541969746, 0.0 ] ] } },
{ "type": "Feature", "properties": { "fid": 4885, "handle": 3714922, "block": -1, "etype": 18, "space": 0, "layer": "0_Limits", "olinetype": "bylayer", "linetype": "", "color": "0,0,0,65", "ocolor": 256, "color24": -1, "transparency": 0, "lweight": -1, "linewidth": 0.13, "ltscale": 1.0, "visible": 1, "width": 1.0, "thickness": 0.0, "ext": "(3:0,0,0.1)" }, "geometry": { "type": "LineString", "coordinates": [ [ 2241313.417312235105783, 540114.147856733412482, 0.0 ], [ 2241284.416978868190199, 540128.0653213938931, 0.0 ], [ 2241282.878945568576455, 540124.96347080450505, 0.0 ], [ 2241281.295723133720458, 540121.884440075489692, 0.0 ], [ 2241279.66765005281195, 540118.82888749812264, 0.0 ], [ 2241277.99507440533489, 540115.797466344200075, 0.0 ], [ 2241276.278353785164654, 540112.790824725758284, 0.0 ], [ 2241274.517855223733932, 540109.809605457703583, 0.0 ], [ 2241306.133443912025541, 540093.970803488395177, 0.0 ], [ 2241313.417312235105783, 540114.147856733412482, 0.0 ] ] } },
{ "type": "Feature", "properties": { "fid": 4886, "handle": 3715001, "block": -1, "etype": 18, "space": 0, "layer": "0_Limits", "olinetype": "bylayer", "linetype": "", "color": "0,0,0,65", "ocolor": 256, "color24": -1, "transparency": 0, "lweight": -1, "linewidth": 0.13, "ltscale": 1.0, "visible": 1, "width": 1.0, "thickness": 0.0, "ext": "(3:0,0,0.1)" }, "geometry": { "type": "LineString", "coordinates": [ [ 2241306.133443912025541, 540093.970803488278762, 0.0 ], [ 2241274.517855223733932, 540109.809605457703583, 0.0 ], [ 2241272.375332208350301, 540106.310368602280505, 0.0 ], [ 2241270.172497619409114, 540102.848781796055846, 0.0 ], [ 2241267.910012895707041, 540099.425884438911453, 0.0 ], [ 2241265.588557386305183, 540096.042704313760623, 0.0 ], [ 2241263.208828147035092, 540092.70025727734901, 0.0 ], [ 2241298.464064836036414, 540072.725846396991983, 0.0 ], [ 2241306.133443912025541, 540093.970803488278762, 0.0 ] ] } },
{ "type": "Feature", "properties": { "fid": 4887, "handle": 3715080, "block": -1, "etype": 18, "space": 0, "layer": "0_Limits", "olinetype": "bylayer", "linetype": "", "color": "0,0,0,65", "ocolor": 256, "color24": -1, "transparency": 0, "lweight": -1, "linewidth": 0.13, "ltscale": 1.0, "visible": 1, "width": 1.0, "thickness": 0.0, "ext": "(3:0,0,0.1)" }, "geometry": { "type": "LineString", "coordinates": [ [ 2241298.464064836036414, 540072.725846396991983, 0.0 ], [ 2241263.208828147035092, 540092.70025727734901, 0.0 ], [ 2241260.964069184381515, 540089.655969490529969, 0.0 ], [ 2241258.670968566089869, 540086.647926856880076, 0.0 ], [ 2241256.330111424438655, 540083.676896939170547, 0.0 ], [ 2241253.94209507573396, 540080.743637856212445, 0.0 ], [ 2241251.507528870832175, 540077.848898088210262, 0.0 ], [ 2241249.027034038677812, 540074.993416286772117, 0.0 ], [ 2241251.136535078287125, 540073.474229195620865, 0.0 ], [ 2241290.005484187044203, 540049.294720987789333, 0.0 ], [ 2241298.464064836036414, 540072.725846396991983, 0.0 ] ] } },
{ "type": "Feature", "properties": { "fid": 4888, "handle": 3715160, "block": -1, "etype": 18, "space": 0, "layer": "0_Limits", "olinetype": "bylayer", "linetype": "", "color": "0,0,0,65", "ocolor": 256, "color24": -1, "transparency": 0, "lweight": -1, "linewidth": 0.13, "ltscale": 1.0, "visible": 1, "width": 1.0, "thickness": 0.0, "ext": "(3:0,0,0.1)" }, "geometry": { "type": "LineString", "coordinates": [ [ 2241251.136535078287125, 540073.474229195620865, 0.0 ], [ 2241242.37064809538424, 540061.302161770639941, 0.0 ], [ 2241231.673033341765404, 540046.447750766412355, 0.0 ], [ 2241282.561503370758146, 540028.674139914219268, 0.0 ], [ 2241289.99781254818663, 540049.27346977184061, 0.0 ], [ 2241251.136535078287125, 540073.474229195620865, 0.0 ] ] } },
{ "type": "Feature", "properties": { "fid": 4889, "handle": 3715228, "block": -1, "etype": 18, "space": 0, "layer": "0_Limits", "olinetype": "bylayer", "linetype": "", "color": "0,0,0,65", "ocolor": 256, "color24": -1, "transparency": 0, "lweight": -1, "linewidth": 0.13, "ltscale": 1.0, "visible": 1, "width": 1.0, "thickness": 0.0, "ext": "(3:0,0,0.1)" }, "geometry": { "type": "LineString", "coordinates": [ [ 2241239.91713524563238, 540063.028818319202401, 0.0 ], [ 2241230.19857447873801, 540070.068053429364227, 0.0 ], [ 2241230.201323070563376, 540070.071856775204651, 0.0 ], [ 2241208.806977874133736, 540084.728831308544613, 0.0 ], [ 2241190.558677434455603, 540060.807596167782322, 0.0 ], [ 2241228.719055033288896, 540047.47947486594785, 0.0 ], [ 2241239.91713524563238, 540063.028818319202401, 0.0 ] ] } },
{ "type": "Feature", "properties": { "fid": 4890, "handle": 3715296, "block": -1, "etype": 18, "space": 0, "layer": "0_Limits", "olinetype": "bylayer", "linetype": "", "color": "0,0,0,65", "ocolor": 256, "color24": -1, "transparency": 0, "lweight": -1, "linewidth": 0.13, "ltscale": 1.0, "visible": 1, "width": 1.0, "thickness": 0.0, "ext": "(3:0,0,0.1)" }, "geometry": { "type": "LineString", "coordinates": [ [ 2241248.659593387972564, 540090.096527585526928, 0.0 ], [ 2241223.494573902338743, 540109.32309713982977, 0.0 ], [ 2241208.806977874133736, 540084.728831308544613, 0.0 ], [ 2241230.201323070563376, 540070.071856775204651, 0.0 ], [ 2241238.964467653539032, 540082.24011617898941, 0.0 ], [ 2241240.870539001654834, 540080.867431865306571, 0.0 ], [ 2241242.863712253980339, 540083.135609343415126, 0.0 ], [ 2241244.826510128565133, 540085.430123058729805, 0.0 ], [ 2241246.758584674447775, 540087.750566256581806, 0.0 ], [ 2241248.659593387972564, 540090.096527585526928, 0.0 ] ] } },
{ "type": "Feature", "properties": { "fid": 4891, "handle": 3715363, "block": -1, "etype": 18, "space": 0, "layer": "0_Limits", "olinetype": "bylayer", "linetype": "", "color": "0,0,0,65", "ocolor": 256, "color24": -1, "transparency": 0, "lweight": -1, "linewidth": 0.13, "ltscale": 1.0, "visible": 1, "width": 1.0, "thickness": 0.0, "ext": "(3:0,0,0.1)" }, "geometry": { "type": "LineString", "coordinates": [ [ 2241264.0102106067352, 540111.794563051080331, 0.0 ], [ 2241235.411100034601986, 540129.277227884740569, 0.0 ], [ 2241232.493699200451374, 540124.392062775557861, 0.0 ], [ 2241223.494573902338743, 540109.32309713982977, 0.0 ], [ 2241248.659593387972564, 540090.096527585410513, 0.0 ], [ 2241251.00680456450209, 540093.083844824344851, 0.0 ], [ 2241253.303644042927772, 540096.110062431078404, 0.0 ], [ 2241255.549467247910798, 540099.174331140704453, 0.0 ], [ 2241257.743643921334296, 540102.275791010004468, 0.0 ], [ 2241259.885558297857642, 540105.413571658078581, 0.0 ], [ 2241261.974609280470759, 540108.586792511516251, 0.0 ], [ 2241264.0102106067352, 540111.794563051080331, 0.0 ] ] } },
{ "type": "Feature", "properties": { "fid": 4892, "handle": 3715429, "block": -1, "etype": 18, "space": 0, "layer": "0_Limits", "olinetype": "bylayer", "linetype": "", "color": "0,0,0,65", "ocolor": 256, "color24": -1, "transparency": 0, "lweight": -1, "linewidth": 0.13, "ltscale": 1.0, "visible": 1, "width": 1.0, "thickness": 0.0, "ext": "(3:0,0,0.1)" }, "geometry": { "type": "LineString", "coordinates": [ [ 2241247.617355884984136, 540149.716508799465373, 0.0 ], [ 2241235.411100034601986, 540129.277227884740569, 0.0 ], [ 2241264.0102106067352, 540111.794563051080331, 0.0 ], [ 2241265.793828132562339, 540114.706613332848065, 0.0 ], [ 2241267.533395755570382, 540117.645189996459521, 0.0 ], [ 2241269.228519052732736, 540120.609626760706306, 0.0 ], [ 2241270.87881367886439, 540123.599251481238753, 0.0 ], [ 2241272.483905452303588, 540126.613386302371509, 0.0 ], [ 2241274.043430441524833, 540129.651347811333835, 0.0 ], [ 2241275.557035046163946, 540132.712447192869149, 0.0 ], [ 2241247.617355884984136, 540149.716508799465373, 0.0 ] ] } },
{ "type": "Feature", "properties": { "fid": 4893, "handle": 3715496, "block": -1, "etype": 18, "space": 0, "layer": "0_Limits", "olinetype": "bylayer", "linetype": "", "color": "0,0,0,65", "ocolor": 256, "color24": -1, "transparency": 0, "lweight": -1, "linewidth": 0.13, "ltscale": 1.0, "visible": 1, "width": 1.0, "thickness": 0.0, "ext": "(3:0,0,0.1)" }, "geometry": { "type": "LineString", "coordinates": [ [ 2241283.480166541878134, 540151.062380924238823, 0.0 ], [ 2241281.622530938591808, 540157.20328862266615, 0.0 ], [ 2241279.888846213463694, 540158.480891768471338, 0.0 ], [ 2241278.176161280367523, 540159.78651148523204, 0.0 ], [ 2241276.484928844030946, 540161.119802665431052, 0.0 ], [ 2241274.815595938824117, 540162.480412887525745, 0.0 ], [ 2241273.168603810481727, 540163.867982508731075, 0.0 ], [ 2241271.544387799222022, 540165.282144760363735, 0.0 ], [ 2241269.943377225659788, 540166.722525844583288, 0.0 ], [ 2241268.365995275788009, 540168.18874503322877, 0.0 ], [ 2241266.812658890616149, 540169.680414768634364, 0.0 ], [ 2241265.283778655342758, 540171.19714076584205, 0.0 ], [ 2241263.779758690390736, 540172.738522116909735, 0.0 ], [ 2241262.300996544770896, 540174.304151396732777, 0.0 ], [ 2241247.617355884984136, 540149.716508799465373, 0.0 ], [ 2241275.560311994049698, 540132.719202271429822, 0.0 ], [ 2241276.992084966041148, 540135.726824678131379, 0.0 ], [ 2241278.379528501536697, 540138.755152074736543, 0.0 ], [ 2241279.722343273460865, 540141.803531131241471, 0.0 ], [ 2241281.02023958414793, 540144.871304191881791, 0.0 ], [ 2241282.272937425877899, 540147.957809416693635, 0.0 ], [ 2241283.480166541878134, 540151.062380924238823, 0.0 ] ] } },
{ "type": "Feature", "properties": { "fid": 4894, "handle": 3715578, "block": -1, "etype": 18, "space": 0, "layer": "0_Limits", "olinetype": "bylayer", "linetype": "", "color": "0,0,0,65", "ocolor": 256, "color24": -1, "transparency": 0, "lweight": -1, "linewidth": 0.13, "ltscale": 1.0, "visible": 1, "width": 1.0, "thickness": 0.0, "ext": "(3:0,0,0.1)" }, "geometry": { "type": "LineString", "coordinates": [ [ 2241262.300996544770896, 540174.304151396732777, 0.0 ], [ 2241260.768381633795798, 540175.982088241842575, 0.0 ], [ 2241259.26477786898613, 540177.686070706811734, 0.0 ], [ 2241257.790627803653479, 540179.415597262443043, 0.0 ], [ 2241256.346365320961922, 540181.170158860622905, 0.0 ], [ 2241254.932415506802499, 540182.949239085312001, 0.0 ], [ 2241253.549194526858628, 540184.752314303419553, 0.0 ], [ 2241252.19710950134322, 540186.578853819868527, 0.0 ], [ 2241250.876558386255056, 540188.428320033242926, 0.0 ], [ 2241249.587929856497794, 540190.30016859411262, 0.0 ], [ 2241248.331603191792965, 540192.193848565337248, 0.0 ], [ 2241247.107948163989931, 540194.108802584116347, 0.0 ], [ 2241240.671628199052066, 540195.035041044582613, 0.0 ], [ 2241233.942790655884892, 540188.527355558937415, 0.0 ], [ 2241227.117924822028726, 540182.12045058014337, 0.0 ], [ 2241220.198539967648685, 540175.815742950071581, 0.0 ], [ 2241247.617355884984136, 540149.716508799465373, 0.0 ], [ 2241262.300996544770896, 540174.304151396732777, 0.0 ] ] } },
{ "type": "Feature", "properties": { "fid": 4895, "handle": 3715660, "block": -1, "etype": 18, "space": 0, "layer": "0_Limits", "olinetype": "bylayer", "linetype": "", "color": "0,0,0,65", "ocolor": 256, "color24": -1, "transparency": 0, "lweight": -1, "linewidth": 0.13, "ltscale": 1.0, "visible": 1, "width": 1.0, "thickness": 0.0, "ext": "(3:0,0,0.1)" }, "geometry": { "type": "LineString", "coordinates": [ [ 2241220.198539967648685, 540175.815742950071581, 0.0 ], [ 2241199.376075605396181, 540157.928776638349518, 0.0 ], [ 2241218.863287367392331, 540138.194962013163604, 0.0 ], [ 2241232.493699200451374, 540124.392062775557861, 0.0 ], [ 2241235.411100034601986, 540129.277227884740569, 0.0 ], [ 2241247.617355884984136, 540149.716508799465373, 0.0 ], [ 2241220.198539967648685, 540175.815742950071581, 0.0 ] ] } },
{ "type": "Feature", "properties": { "fid": 4896, "handle": 3715741, "block": -1, "etype": 18, "space": 0, "layer": "0_Limits", "olinetype": "bylayer", "linetype": "", "color": "0,0,0,65", "ocolor": 256, "color24": -1, "transparency": 0, "lweight": -1, "linewidth": 0.13, "ltscale": 1.0, "visible": 1, "width": 1.0, "thickness": 0.0, "ext": "(3:0,0,0.1)" }, "geometry": { "type": "LineString", "coordinates": [ [ 2241232.493699200451374, 540124.392062775557861, 0.0 ], [ 2241218.863287367392331, 540138.194962013163604, 0.0 ], [ 2241186.915823381859809, 540107.922819036990404, 0.0 ], [ 2241181.646789412479848, 540103.091692732414231, 0.0 ], [ 2241208.806977874133736, 540084.728831308544613, 0.0 ], [ 2241223.494573902338743, 540109.32309713982977, 0.0 ], [ 2241232.493699200451374, 540124.392062775557861, 0.0 ] ] } },
{ "type": "Feature", "properties": { "fid": 4897, "handle": 3715917, "block": -1, "etype": 18, "space": 0, "layer": "0_Limits", "olinetype": "bylayer", "linetype": "", "color": "0,0,0,65", "ocolor": 256, "color24": -1, "transparency": 0, "lweight": -1, "linewidth": 0.13, "ltscale": 1.0, "visible": 1, "width": 1.0, "thickness": 0.0, "ext": "(3:0,0,0.1)" }, "geometry": { "type": "LineString", "coordinates": [ [ 2241208.806977874133736, 540084.728831308544613, 0.0 ], [ 2241181.64678940596059, 540103.091692726593465, 0.0 ], [ 2241175.85974312433973, 540097.78560594143346, 0.0 ], [ 2241155.930549415294081, 540072.902022893540561, 0.0 ], [ 2241190.558677434455603, 540060.807596167782322, 0.0 ], [ 2241208.806977874133736, 540084.728831308544613, 0.0 ] ] } },
{ "type": "Feature", "properties": { "fid": 4898, "handle": 3715956, "block": -1, "etype": 18, "space": 0, "layer": "0_Limits", "olinetype": "bylayer", "linetype": "", "color": "0,0,0,65", "ocolor": 256, "color24": -1, "transparency": 0, "lweight": -1, "linewidth": 0.13, "ltscale": 1.0, "visible": 1, "width": 1.0, "thickness": 0.0, "ext": "(3:0,0,0.1)" }, "geometry": { "type": "LineString", "coordinates": [ [ 2241175.85974312433973, 540097.78560594143346, 0.0 ], [ 2241165.722530028782785, 540108.841686198487878, 0.0 ], [ 2241167.521224155556411, 540110.490891453344375, 0.0 ], [ 2241166.871126815211028, 540111.362151562585495, 0.0 ], [ 2241166.23563912557438, 540112.244124422664754, 0.0 ], [ 2241165.614937583450228, 540113.136565078981221, 0.0 ], [ 2241165.0091945794411, 540114.039225669926964, 0.0 ], [ 2241164.418578348588198, 540114.951855495106429, 0.0 ], [ 2241163.843252926599234, 540115.874201085651293, 0.0 ], [ 2241163.283378100953996, 540116.806006274069659, 0.0 ], [ 2241162.739109368063509, 540117.747012265608646, 0.0 ], [ 2241162.210597890429199, 540118.696957710199058, 0.0 ], [ 2241161.69799045426771, 540119.655578775098547, 0.0 ], [ 2241161.20142942853272, 540120.622609217884019, 0.0 ], [ 2241160.72105272533372, 540121.597780460491776, 0.0 ], [ 2241160.256993761751801, 540122.580821664072573, 0.0 ], [ 2241159.8093814230524, 540123.57145980396308, 0.0 ], [ 2241159.378340027295053, 540124.569419745355844, 0.0 ], [ 2241153.441314529627562, 540127.101615003775805, 0.0 ], [ 2241151.661490902770311, 540126.422118668211624, 0.0 ], [ 2241149.870554856024683, 540125.772476082085632, 0.0 ], [ 2241148.069007099606097, 540125.152868872391991, 0.0 ], [ 2241146.257351310458034, 540124.563470268971287, 0.0 ], [ 2241144.436093990691006, 540124.004445055848919, 0.0 ], [ 2241142.605744327884167, 540123.475949525367469, 0.0 ], [ 2241140.76681405166164, 540122.978131434414536, 0.0 ], [ 2241138.919817289803177, 540122.511129962862469, 0.0 ], [ 2241140.019643945153803, 540078.459160727914423, 0.0 ], [ 2241155.930549415294081, 540072.902022893540561, 0.0 ], [ 2241175.85974312433973, 540097.78560594143346, 0.0 ] ] } },
{ "type": "Feature", "properties": { "fid": 4899, "handle": 3715991, "block": -1, "etype": 18, "space": 0, "layer": "0_Limits", "olinetype": "bylayer", "linetype": "", "color": "0,0,0,65", "ocolor": 256, "color24": -1, "transparency": 0, "lweight": -1, "linewidth": 0.13, "ltscale": 1.0, "visible": 1, "width": 1.0, "thickness": 0.0, "ext": "(3:0,0,0.1)" }, "geometry": { "type": "LineString", "coordinates": [ [ 2241138.919817289803177, 540122.511129962862469, 0.0 ], [ 2241136.98738300986588, 540122.057476757909171, 0.0 ], [ 2241135.047338987700641, 540121.637556922272779, 0.0 ], [ 2241133.100274039432406, 540121.251497904304415, 0.0 ], [ 2241131.146779113449156, 540120.899416875676252, 0.0 ], [ 2241129.187447108794004, 540120.581420695409179, 0.0 ], [ 2241127.222872694954276, 540120.297605877392925, 0.0 ], [ 2241125.253652135375887, 540120.048058561515063, 0.0 ], [ 2241123.280383100733161, 540119.832854487001896, 0.0 ], [ 2241121.303664491977543, 540119.652058969717473, 0.0 ], [ 2241119.324096256867051, 540119.505726882489398, 0.0 ], [ 2241117.342279207892716, 540119.39390263799578, 0.0 ], [ 2241115.358814840205014, 540119.316620175726712, 0.0 ], [ 2241113.374305149074644, 540119.273902951390482, 0.0 ], [ 2241111.38935244595632, 540119.265763929928653, 0.0 ], [ 2241109.40455917827785, 540119.292205581674352, 0.0 ], [ 2241107.420527744106948, 540119.35321988130454, 0.0 ], [ 2241105.437860310543329, 540119.448788310750388, 0.0 ], [ 2241103.45715863071382, 540119.578881864086725, 0.0 ], [ 2241098.87916236044839, 540092.828130939393304, 0.0 ], [ 2241140.019643945153803, 540078.459160727914423, 0.0 ], [ 2241138.919817289803177, 540122.511129962862469, 0.0 ] ] } },
{ "type": "Feature", "properties": { "fid": 4900, "handle": 3716023, "block": -1, "etype": 18, "space": 0, "layer": "0_Limits", "olinetype": "bylayer", "linetype": "", "color": "0,0,0,65", "ocolor": 256, "color24": -1, "transparency": 0, "lweight": -1, "linewidth": 0.13, "ltscale": 1.0, "visible": 1, "width": 1.0, "thickness": 0.0, "ext": "(3:0,0,0.1)" }, "geometry": { "type": "LineString", "coordinates": [ [ 2241218.863287367392331, 540138.194962013163604, 0.0 ], [ 2241199.376075605396181, 540157.928776638349518, 0.0 ], [ 2241192.253354168962687, 540152.161557994317263, 0.0 ], [ 2241185.047423093114048, 540146.498649830347858, 0.0 ], [ 2241177.759809846058488, 540140.941252534626983, 0.0 ], [ 2241170.392059210222214, 540135.490544129512273, 0.0 ], [ 2241168.218203217256814, 540129.364378039026633, 0.0 ], [ 2241168.56939810840413, 540128.510005977354012, 0.0 ], [ 2241168.934833178762347, 540127.661627122783102, 0.0 ], [ 2241169.314406200777739, 540126.819478802848607, 0.0 ], [ 2241169.708010991103947, 540125.983796602115035, 0.0 ], [ 2241170.11553744180128, 540125.154814296402037, 0.0 ], [ 2241170.536871551070362, 540124.332763787009753, 0.0 ], [ 2241170.971895453520119, 540123.517875036457554, 0.0 ], [ 2241171.420487454626709, 540122.710376003640704, 0.0 ], [ 2241171.882522064261138, 540121.910492580267601, 0.0 ], [ 2241172.357870032079518, 540121.118448527529836, 0.0 ], [ 2241172.846398381981999, 540120.334465413819999, 0.0 ], [ 2241173.347970453090966, 540119.55876255244948, 0.0 ], [ 2241173.862445933744311, 540118.791556940297596, 0.0 ], [ 2241174.389680903404951, 540118.033063197392039, 0.0 ], [ 2241174.929527872707695, 540117.283493506489322, 0.0 ], [ 2241176.778610286302865, 540118.978899294044822, 0.0 ], [ 2241186.915823381859809, 540107.922819036990404, 0.0 ], [ 2241218.863287367392331, 540138.194962013163604, 0.0 ] ] } },
{ "type": "Feature", "properties": { "fid": 4901, "handle": 3716140, "block": -1, "etype": 18, "space": 0, "layer": "0_Limits", "olinetype": "bylayer", "linetype": "", "color": "0,0,0,65", "ocolor": 256, "color24": -1, "transparency": 0, "lweight": -1, "linewidth": 0.13, "ltscale": 1.0, "visible": 1, "width": 1.0, "thickness": 0.0, "ext": "(3:0,0,0.1)" }, "geometry": { "type": "LineString", "coordinates": [ [ 2241089.845809274818748, 540170.954389501246624, 0.0 ], [ 2241081.190718700643629, 540187.341427976149134, 0.0 ], [ 2241075.938144485000521, 540184.933858394157141, 0.0 ], [ 2241070.647093145176768, 540182.612069665687159, 0.0 ], [ 2241065.318965474143624, 540180.376676478656009, 0.0 ], [ 2241059.955172080546618, 540178.228270647930913, 0.0 ], [ 2241054.557133016176522, 540176.167420958983712, 0.0 ], [ 2241049.126277398783714, 540174.194673016783781, 0.0 ], [ 2241043.664043034426868, 540172.310549101559445, 0.0 ], [ 2241038.171876036096364, 540170.515548030496575, 0.0 ], [ 2241037.022365784272552, 540164.04681182524655, 0.0 ], [ 2241038.196166739799082, 540162.789593990310095, 0.0 ], [ 2241039.391354529187083, 540161.552689986187033, 0.0 ], [ 2241040.607577655464411, 540160.336463578511029, 0.0 ], [ 2241041.844478435348719, 540159.141272451961413, 0.0 ], [ 2241043.101693103089929, 540157.967468104674481, 0.0 ], [ 2241044.37885192129761, 540156.815395745215937, 0.0 ], [ 2241045.675579284317791, 540155.685394190484658, 0.0 ], [ 2241046.991493833251297, 540154.577795767225325, 0.0 ], [ 2241048.326208565849811, 540153.492926212842576, 0.0 ], [ 2241049.67933095106855, 540152.431104580871761, 0.0 ], [ 2241051.050463044084609, 540151.392643146333285, 0.0 ], [ 2241052.439201603177935, 540150.377847313997336, 0.0 ], [ 2241053.845138209871948, 540149.387015529093333, 0.0 ], [ 2241055.26785938674584, 540148.42043918906711, 0.0 ], [ 2241056.706946719903499, 540147.478402557899244, 0.0 ], [ 2241058.161976983305067, 540146.561182682518847, 0.0 ], [ 2241059.632522261701524, 540145.669049311545677, 0.0 ], [ 2241061.118150077294558, 540144.802264815894887, 0.0 ], [ 2241062.618423515465111, 540143.961084111360833, 0.0 ], [ 2241064.13290135608986, 540143.145754583994858, 0.0 ], [ 2241065.661138200201094, 540142.35651601688005, 0.0 ], [ 2241067.202684603165835, 540141.593600520282052, 0.0 ], [ 2241089.845809274818748, 540170.954389501246624, 0.0 ] ] } },
{ "type": "Feature", "properties": { "fid": 4902, "handle": 3716176, "block": -1, "etype": 18, "space": 0, "layer": "0_Limits", "olinetype": "bylayer", "linetype": "", "color": "0,0,0,65", "ocolor": 256, "color24": -1, "transparency": 0, "lweight": -1, "linewidth": 0.13, "ltscale": 1.0, "visible": 1, "width": 1.0, "thickness": 0.0, "ext": "(3:0,0,0.1)" }, "geometry": { "type": "LineString", "coordinates": [ [ 2241106.134944287594408, 540166.289101673639379, 0.0 ], [ 2241089.845809274818748, 540170.954389501246624, 0.0 ], [ 2241067.202684603165835, 540141.593600520282052, 0.0 ], [ 2241068.782364712562412, 540140.841800258145668, 0.0 ], [ 2241070.374622236471623, 540140.11701831954997, 0.0 ], [ 2241071.978995104320347, 540139.41946503543295, 0.0 ], [ 2241073.595017727464437, 540138.749342835159041, 0.0 ], [ 2241075.222221137955785, 540138.106846187612973, 0.0 ], [ 2241076.86013312311843, 540137.492161544738337, 0.0 ], [ 2241078.508278362918645, 540136.905467287288047, 0.0 ], [ 2241080.166178565938026, 540136.346933673485182, 0.0 ], [ 2241081.83335261233151, 540135.816722789313644, 0.0 ], [ 2241083.509316688869148, 540135.314988501253538, 0.0 ], [ 2241085.193584432825446, 540134.841876412392594, 0.0 ], [ 2241086.885667071212083, 540134.397523819236085, 0.0 ], [ 2241088.585073563270271, 540133.982059672591276, 0.0 ], [ 2241090.291310742497444, 540133.595604539732449, 0.0 ], [ 2241092.003883460536599, 540133.238270569476299, 0.0 ], [ 2241093.722294731065631, 540132.910161459934898, 0.0 ], [ 2241095.446045872289687, 540132.611372428014874, 0.0 ], [ 2241097.174636653158814, 540132.341990182059817, 0.0 ], [ 2241098.907565438188612, 540132.102092896355316, 0.0 ], [ 2241100.644329333212227, 540131.891750189126469, 0.0 ], [ 2241102.384424331132323, 540131.711023101466708, 0.0 ], [ 2241106.134944287594408, 540166.289101673639379, 0.0 ] ] } },
{ "type": "Feature", "properties": { "fid": 4903, "handle": 3716212, "block": -1, "etype": 18, "space": 0, "layer": "0_Limits", "olinetype": "bylayer", "linetype": "", "color": "0,0,0,65", "ocolor": 256, "color24": -1, "transparency": 0, "lweight": -1, "linewidth": 0.13, "ltscale": 1.0, "visible": 1, "width": 1.0, "thickness": 0.0, "ext": "(3:0,0,0.1)" }, "geometry": { "type": "LineString", "coordinates": [ [ 2241143.027099519968033, 540174.227902219048701, 0.0 ], [ 2241126.747446950990707, 540167.698321533040144, 0.0 ], [ 2241131.769124417100102, 540133.216768029029481, 0.0 ], [ 2241133.341935541015118, 540133.516777979559265, 0.0 ], [ 2241134.909317149780691, 540133.843971646041609, 0.0 ], [ 2241136.470799448899925, 540134.198250957997516, 0.0 ], [ 2241138.025914413388819, 540134.579509726958349, 0.0 ], [ 2241139.574195926543325, 540134.987633677432314, 0.0 ], [ 2241141.115179918706417, 540135.422500481829047, 0.0 ], [ 2241142.648404508829117, 540135.883979797014035, 0.0 ], [ 2241144.173410140909255, 540136.371933302958496, 0.0 ], [ 2241145.689739722758532, 540136.886214744532481, 0.0 ], [ 2241147.196938762906939, 540137.426669975393452, 0.0 ], [ 2241148.694555505178869, 540137.993137004086748, 0.0 ], [ 2241150.182141067460179, 540138.585446042474359, 0.0 ], [ 2241151.659249573014677, 540139.20341955695767, 0.0 ], [ 2241153.125438286457211, 540139.846872321330011, 0.0 ], [ 2241154.580267743673176, 540140.515611472423188, 0.0 ], [ 2241156.023301886860281, 540141.20943656808231, 0.0 ], [ 2241157.45410819305107, 540141.928139647003263, 0.0 ], [ 2241158.872257804963738, 540142.671505291131325, 0.0 ], [ 2241160.277325657662004, 540143.439310690388083, 0.0 ], [ 2241161.668890608474612, 540144.231325709261, 0.0 ], [ 2241143.027099519968033, 540174.227902219048701, 0.0 ] ] } },
{ "type": "Feature", "properties": { "fid": 4904, "handle": 3716250, "block": -1, "etype": 18, "space": 0, "layer": "0_Limits", "olinetype": "bylayer", "linetype": "", "color": "0,0,0,65", "ocolor": 256, "color24": -1, "transparency": 0, "lweight": -1, "linewidth": 0.13, "ltscale": 1.0, "visible": 1, "width": 1.0, "thickness": 0.0, "ext": "(3:0,0,0.1)" }, "geometry": { "type": "LineString", "coordinates": [ [ 2241160.963711474090815, 540187.044421774335206, 0.0 ], [ 2241143.027099519968033, 540174.227902219048701, 0.0 ], [ 2241161.668890608474612, 540144.231325709261, 0.0 ], [ 2241165.927507018204778, 540147.217157572624274, 0.0 ], [ 2241170.143102320376784, 540150.263427732279524, 0.0 ], [ 2241174.314818840939552, 540153.369516415987164, 0.0 ], [ 2241178.441807832568884, 540156.53479168121703, 0.0 ], [ 2241182.523229646962136, 540159.758609543787315, 0.0 ], [ 2241160.963711474090815, 540187.044421774335206, 0.0 ] ] } },
{ "type": "Feature", "properties": { "fid": 4905, "handle": 3716286, "block": -1, "etype": 18, "space": 0, "layer": "0_Limits", "olinetype": "bylayer", "linetype": "", "color": "0,0,0,65", "ocolor": 256, "color24": -1, "transparency": 0, "lweight": -1, "linewidth": 0.13, "ltscale": 1.0, "visible": 1, "width": 1.0, "thickness": 0.0, "ext": "(3:0,0,0.1)" }, "geometry": { "type": "LineString", "coordinates": [ [ 2241198.28444744553417, 540219.185857199714519, 0.0 ], [ 2241179.890659851953387, 540202.657640986260958, 0.0 ], [ 2241202.579722008202225, 540176.303612238494679, 0.0 ], [ 2241221.921936555299908, 540193.67827011749614, 0.0 ], [ 2241198.28444744553417, 540219.185857199714519, 0.0 ] ] } },
{ "type": "Feature", "properties": { "fid": 4906, "handle": 3716322, "block": -1, "etype": 18, "space": 0, "layer": "0_Limits", "olinetype": "bylayer", "linetype": "", "color": "0,0,0,65", "ocolor": 256, "color24": -1, "transparency": 0, "lweight": -1, "linewidth": 0.13, "ltscale": 1.0, "visible": 1, "width": 1.0, "thickness": 0.0, "ext": "(3:0,0,0.1)" }, "geometry": { "type": "LineString", "coordinates": [ [ 2241215.623191419523209, 540236.135662242537364, 0.0 ], [ 2241198.28444744553417, 540219.185857199714519, 0.0 ], [ 2241221.921936555299908, 540193.678270117612556, 0.0 ], [ 2241228.290498279966414, 540199.731663818005472, 0.0 ], [ 2241234.572280446998775, 540205.875064060790464, 0.0 ], [ 2241240.766011122148484, 540212.107226932304911, 0.0 ], [ 2241215.623191419523209, 540236.135662242537364, 0.0 ] ] } },
{ "type": "Feature", "properties": { "fid": 4907, "handle": 3716358, "block": -1, "etype": 18, "space": 0, "layer": "0_Limits", "olinetype": "bylayer", "linetype": "", "color": "0,0,0,65", "ocolor": 256, "color24": -1, "transparency": 0, "lweight": -1, "linewidth": 0.13, "ltscale": 1.0, "visible": 1, "width": 1.0, "thickness": 0.0, "ext": "(3:0,0,0.1)" }, "geometry": { "type": "LineString", "coordinates": [ [ 2241232.315342790912837, 540253.87364073714707, 0.0 ], [ 2241215.623191419523209, 540236.135662242420949, 0.0 ], [ 2241240.766011122148484, 540212.107226932304911, 0.0 ], [ 2241246.705939118750393, 540218.254217415698804, 0.0 ], [ 2241252.560205220244825, 540224.482845275313593, 0.0 ], [ 2241258.327687530312687, 540230.791916871909052, 0.0 ], [ 2241232.315342790912837, 540253.87364073714707, 0.0 ] ] } },
{ "type": "Feature", "properties": { "fid": 4908, "handle": 3716394, "block": -1, "etype": 18, "space": 0, "layer": "0_Limits", "olinetype": "bylayer", "linetype": "", "color": "0,0,0,65", "ocolor": 256, "color24": -1, "transparency": 0, "lweight": -1, "linewidth": 0.13, "ltscale": 1.0, "visible": 1, "width": 1.0, "thickness": 0.0, "ext": "(3:0,0,0.1)" }, "geometry": { "type": "LineString", "coordinates": [ [ 2241275.290794770233333, 540250.492906039347872, 0.0 ], [ 2241247.552973817568272, 540271.452798469574191, 0.0 ], [ 2241243.379791513551027, 540266.736923979478888, 0.0 ], [ 2241239.149023664649576, 540262.072642024373636, 0.0 ], [ 2241232.315342790912837, 540253.873640737030655, 0.0 ], [ 2241258.327687530312687, 540230.791916871792637, 0.0 ], [ 2241264.085562432650477, 540237.269316204008646, 0.0 ], [ 2241269.740401862654835, 540243.836858858703636, 0.0 ], [ 2241275.290794770233333, 540250.492906039347872, 0.0 ] ] } },
{ "type": "Feature", "properties": { "fid": 4909, "handle": 3716430, "block": -1, "etype": 18, "space": 0, "layer": "0_Limits", "olinetype": "bylayer", "linetype": "", "color": "0,0,0,65", "ocolor": 256, "color24": -1, "transparency": 0, "lweight": -1, "linewidth": 0.13, "ltscale": 1.0, "visible": 1, "width": 1.0, "thickness": 0.0, "ext": "(3:0,0,0.1)" }, "geometry": { "type": "LineString", "coordinates": [ [ 2241264.006501575931907, 540291.317245182348415, 0.0 ], [ 2241261.395437062717974, 540288.022811261471361, 0.0 ], [ 2241256.860269065480679, 540282.433807375491597, 0.0 ], [ 2241252.245801364537328, 540276.910094761755317, 0.0 ], [ 2241247.552973817568272, 540271.452798469690606, 0.0 ], [ 2241275.290794770233333, 540250.492906039347872, 0.0 ], [ 2241280.801211586687714, 540257.186735763447359, 0.0 ], [ 2241286.200446328613907, 540263.97056315431837, 0.0 ], [ 2241291.487029381562024, 540270.842541726306081, 0.0 ], [ 2241264.006501575931907, 540291.317245182348415, 0.0 ] ] } },
{ "type": "Feature", "properties": { "fid": 4910, "handle": 3716465, "block": -1, "etype": 18, "space": 0, "layer": "0_Limits", "olinetype": "bylayer", "linetype": "", "color": "0,0,0,65", "ocolor": 256, "color24": -1, "transparency": 0, "lweight": -1, "linewidth": 0.13, "ltscale": 1.0, "visible": 1, "width": 1.0, "thickness": 0.0, "ext": "(3:0,0,0.1)" }, "geometry": { "type": "LineString", "coordinates": [ [ 2241278.86724126432091, 540311.233149149804376, 0.0 ], [ 2241274.024220512714237, 540304.512493833433837, 0.0 ], [ 2241269.07018455164507, 540297.873247973970138, 0.0 ], [ 2241264.006501575931907, 540291.317245182348415, 0.0 ], [ 2241291.487029381562024, 540270.842541726306081, 0.0 ], [ 2241296.717312838416547, 540277.832870823098347, 0.0 ], [ 2241301.848241215571761, 540284.896449229912832, 0.0 ], [ 2241306.878788813017309, 540292.031864900374785, 0.0 ], [ 2241278.86724126432091, 540311.233149149804376, 0.0 ] ] } },
{ "type": "Feature", "properties": { "fid": 4911, "handle": 3716500, "block": -1, "etype": 18, "space": 0, "layer": "0_Limits", "olinetype": "bylayer", "linetype": "", "color": "0,0,0,65", "ocolor": 256, "color24": -1, "transparency": 0, "lweight": -1, "linewidth": 0.13, "ltscale": 1.0, "visible": 1, "width": 1.0, "thickness": 0.0, "ext": "(3:0,0,0.1)" }, "geometry": { "type": "LineString", "coordinates": [ [ 2241320.85783281410113, 540313.066125358804129, 0.0 ], [ 2241292.380467084236443, 540331.336266423226334, 0.0 ], [ 2241287.984815250616521, 540324.562547068926506, 0.0 ], [ 2241283.480012585874647, 540317.860921752289869, 0.0 ], [ 2241278.86724126432091, 540311.233149149920791, 0.0 ], [ 2241306.878788813017309, 540292.031864900374785, 0.0 ], [ 2241311.633927346672863, 540298.979532467317767, 0.0 ], [ 2241316.293897446710616, 540305.99138712650165, 0.0 ], [ 2241320.85783281410113, 540313.066125358804129, 0.0 ] ] } },
{ "type": "Feature", "properties": { "fid": 4912, "handle": 3716537, "block": -1, "etype": 18, "space": 0, "layer": "0_Limits", "olinetype": "bylayer", "linetype": "", "color": "0,0,0,65", "ocolor": 256, "color24": -1, "transparency": 0, "lweight": -1, "linewidth": 0.13, "ltscale": 1.0, "visible": 1, "width": 1.0, "thickness": 0.0, "ext": "(3:0,0,0.1)" }, "geometry": { "type": "LineString", "coordinates": [ [ 2241326.761449638288468, 540329.556479272199795, 0.0 ], [ 2241325.296237902715802, 540331.472930686781183, 0.0 ], [ 2241323.864039907231927, 540333.41417780064512, 0.0 ], [ 2241322.465275183320045, 540335.379651967785321, 0.0 ], [ 2241321.100353468209505, 540337.368777445633896, 0.0 ], [ 2241319.769674585666507, 540339.380971563281491, 0.0 ], [ 2241318.473628329578787, 540341.4156448924914, 0.0 ], [ 2241317.21259434800595, 540343.472201420343481, 0.0 ], [ 2241315.986942032817751, 540345.550038723391481, 0.0 ], [ 2241314.797030413057655, 540347.648548144730739, 0.0 ], [ 2241313.64320804644376, 540349.767114971997216, 0.0 ], [ 2241312.525812920648605, 540351.905118617229164, 0.0 ], [ 2241311.445172351319343, 540354.061932799173519, 0.0 ], [ 2241304.464624606072903, 540351.309405168052763, 0.0 ], [ 2241300.54068061709404, 540344.589073947048746, 0.0 ], [ 2241296.51230082847178, 540337.930820089648478, 0.0 ], [ 2241292.380467084236443, 540331.336266423342749, 0.0 ], [ 2241320.85783281410113, 540313.066125358687714, 0.0 ], [ 2241323.991102935280651, 540318.048903570277616, 0.0 ], [ 2241327.076733741909266, 540323.061322435853072, 0.0 ], [ 2241326.761449638288468, 540329.556479272199795, 0.0 ] ] } },
{ "type": "Feature", "properties": { "fid": 4913, "handle": 3716600, "block": -1, "etype": 18, "space": 0, "layer": "0_Limits", "olinetype": "bylayer", "linetype": "", "color": "0,0,0,65", "ocolor": 256, "color24": -1, "transparency": 0, "lweight": -1, "linewidth": 0.13, "ltscale": 1.0, "visible": 1, "width": 1.0, "thickness": 0.0, "ext": "(3:0,0,0.1)" }, "geometry": { "type": "LineString", "coordinates": [ [ 2241292.42535551963374, 540393.949638282181695, 0.0 ], [ 2241286.056245142128319, 540392.55584359029308, 0.0 ], [ 2241283.073330910410732, 540386.691094780573621, 0.0 ], [ 2241280.008444940205663, 540380.868764499435201, 0.0 ], [ 2241276.862190302927047, 540375.089998396462761, 0.0 ], [ 2241273.635186082217842, 540369.35593354923185, 0.0 ], [ 2241304.464624606072903, 540351.309405168052763, 0.0 ], [ 2241311.445172351319343, 540354.061932799173519, 0.0 ], [ 2241310.096905545331538, 540356.865744165377691, 0.0 ], [ 2241308.794287384487689, 540359.691052553011104, 0.0 ], [ 2241307.537660497706383, 540362.537114819395356, 0.0 ], [ 2241306.327355415560305, 540365.403182363137603, 0.0 ], [ 2241305.163690485525876, 540368.288501320988871, 0.0 ], [ 2241304.046971787232906, 540371.192312765750103, 0.0 ], [ 2241302.977493051905185, 540374.113852906157263, 0.0 ], [ 2241301.955535585060716, 540377.0523532879306, 0.0 ], [ 2241300.981368192471564, 540380.007040995405987, 0.0 ], [ 2241300.783358406741172, 540380.585266943089664, 0.0 ], [ 2241300.575571043416858, 540381.16005171474535, 0.0 ], [ 2241300.358065868262202, 540381.731229988625273, 0.0 ], [ 2241300.130905440077186, 540382.298637480358593, 0.0 ], [ 2241299.894155095331371, 540382.862110990216024, 0.0 ], [ 2241299.647882930003107, 540383.421488449908793, 0.0 ], [ 2241299.392159777227789, 540383.976608969154768, 0.0 ], [ 2241299.12705918867141, 540384.527312882244587, 0.0 ], [ 2241298.85265741404146, 540385.073441793792881, 0.0 ], [ 2241298.569033377803862, 540385.614838624140248, 0.0 ], [ 2241298.276268656365573, 540386.151347654638812, 0.0 ], [ 2241297.9744474561885, 540386.682814572937787, 0.0 ], [ 2241297.663656588643789, 540387.209086516173556, 0.0 ], [ 2241297.343985443469137, 540387.730012116488069, 0.0 ], [ 2241297.015525966882706, 540388.245441543171182, 0.0 ], [ 2241296.678372630383819, 540388.755226546549238, 0.0 ], [ 2241296.33262240793556, 540389.259220500476658, 0.0 ], [ 2241295.978374745231122, 540389.757278444245458, 0.0 ], [ 2241295.615731532219797, 540390.249257124844007, 0.0 ], [ 2241295.244797074235976, 540390.735015037353151, 0.0 ], [ 2241294.865678059868515, 540391.214412466390058, 0.0 ], [ 2241294.478483533486724, 540391.687311526038684, 0.0 ], [ 2241294.083324861247092, 540392.153576199198142, 0.0 ], [ 2241293.68031569942832, 540392.613072377280332, 0.0 ], [ 2241293.269571964163333, 540393.065667898161337, 0.0 ], [ 2241292.851211793720722, 540393.51123258471489, 0.0 ], [ 2241292.42535551963374, 540393.949638282181695, 0.0 ] ] } },
{ "type": "Feature", "properties": { "fid": 4914, "handle": 3716635, "block": -1, "etype": 18, "space": 0, "layer": "0_Limits", "olinetype": "bylayer", "linetype": "", "color": "0,0,0,65", "ocolor": 256, "color24": -1, "transparency": 0, "lweight": -1, "linewidth": 0.13, "ltscale": 1.0, "visible": 1, "width": 1.0, "thickness": 0.0, "ext": "(3:0,0,0.1)" }, "geometry": { "type": "LineString", "coordinates": [ [ 2241304.464624606072903, 540351.309405168052763, 0.0 ], [ 2241273.635186082217842, 540369.355933549348265, 0.0 ], [ 2241269.80971591360867, 540362.800021770177409, 0.0 ], [ 2241265.8772983844392, 540356.307696020463482, 0.0 ], [ 2241261.838990133721381, 540349.880700786481611, 0.0 ], [ 2241292.380467084236443, 540331.336266423226334, 0.0 ], [ 2241296.51230082847178, 540337.930820089532062, 0.0 ], [ 2241300.54068061709404, 540344.589073946932331, 0.0 ], [ 2241304.464624606072903, 540351.309405168052763, 0.0 ] ] } },
{ "type": "Feature", "properties": { "fid": 4915, "handle": 3717223, "block": -1, "etype": 18, "space": 0, "layer": "0_Limits", "olinetype": "bylayer", "linetype": "", "color": "0,0,0,65", "ocolor": 256, "color24": -1, "transparency": 0, "lweight": -1, "linewidth": 0.13, "ltscale": 1.0, "visible": 1, "width": 1.0, "thickness": 0.0, "ext": "(3:0,0,0.1)" }, "geometry": { "type": "LineString", "coordinates": [ [ 2241276.558305934071541, 540407.311950750183314, 0.0 ], [ 2241269.245313955936581, 540410.937178487773053, 0.0 ], [ 2241261.871396278962493, 540414.436816457193345, 0.0 ], [ 2241254.438709525857121, 540417.809841132140718, 0.0 ], [ 2241238.176759026013315, 540382.113381227245554, 0.0 ], [ 2241243.530902459286153, 540379.649757182342, 0.0 ], [ 2241248.855661490932107, 540377.123250384349376, 0.0 ], [ 2241254.150297612417489, 540374.534211242222227, 0.0 ], [ 2241260.379020800814033, 540376.392442984040827, 0.0 ], [ 2241263.806938736699522, 540382.473929446307011, 0.0 ], [ 2241267.139624663162977, 540388.608120793360285, 0.0 ], [ 2241270.376268442254514, 540394.793525874149054, 0.0 ], [ 2241273.516083283815533, 540401.028641087934375, 0.0 ], [ 2241276.558305934071541, 540407.311950750183314, 0.0 ] ] } },
{ "type": "Feature", "properties": { "fid": 4916, "handle": 3717228, "block": -1, "etype": 18, "space": 0, "layer": "0_Limits", "olinetype": "bylayer", "linetype": "", "color": "0,0,0,65", "ocolor": 256, "color24": -1, "transparency": 0, "lweight": -1, "linewidth": 0.13, "ltscale": 1.0, "visible": 1, "width": 1.0, "thickness": 0.0, "ext": "(3:0,0,0.1)" }, "geometry": { "type": "LineString", "coordinates": [ [ 2241254.438709525857121, 540417.809841132140718, 0.0 ], [ 2241246.994391293264925, 540421.034585667192005, 0.0 ], [ 2241239.495873339474201, 540424.131209597806446, 0.0 ], [ 2241231.945360496640205, 540427.098802405991592, 0.0 ], [ 2241216.917167812585831, 540391.15489320049528, 0.0 ], [ 2241224.050033919978887, 540388.250791098107584, 0.0 ], [ 2241231.137129491660744, 540385.236713413265534, 0.0 ], [ 2241238.176759026013315, 540382.113381227129139, 0.0 ], [ 2241254.438709525857121, 540417.809841132140718, 0.0 ] ] } },
{ "type": "Feature", "properties": { "fid": 4917, "handle": 3717233, "block": -1, "etype": 18, "space": 0, "layer": "0_Limits", "olinetype": "bylayer", "linetype": "", "color": "0,0,0,65", "ocolor": 256, "color24": -1, "transparency": 0, "lweight": -1, "linewidth": 0.13, "ltscale": 1.0, "visible": 1, "width": 1.0, "thickness": 0.0, "ext": "(3:0,0,0.1)" }, "geometry": { "type": "LineString", "coordinates": [ [ 2241231.945360496640205, 540427.098802405991592, 0.0 ], [ 2241226.106444596778601, 540429.292051848839037, 0.0 ], [ 2241220.239122432656586, 540431.408136118086986, 0.0 ], [ 2241214.344413744285703, 540433.446687438641675, 0.0 ], [ 2241208.423343030270189, 540435.407351510948502, 0.0 ], [ 2241195.031114382203668, 540399.279877466382459, 0.0 ], [ 2241202.368502201046795, 540396.685692938626744, 0.0 ], [ 2241209.664447481743991, 540393.977144282194786, 0.0 ], [ 2241216.917167812585831, 540391.154893200378865, 0.0 ], [ 2241231.945360496640205, 540427.098802405991592, 0.0 ] ] } },
{ "type": "Feature", "properties": { "fid": 4918, "handle": 3717239, "block": -1, "etype": 18, "space": 0, "layer": "0_Limits", "olinetype": "bylayer", "linetype": "", "color": "0,0,0,65", "ocolor": 256, "color24": -1, "transparency": 0, "lweight": -1, "linewidth": 0.13, "ltscale": 1.0, "visible": 1, "width": 1.0, "thickness": 0.0, "ext": "(3:0,0,0.1)" }, "geometry": { "type": "LineString", "coordinates": [ [ 2241208.423343030270189, 540435.407351510948502, 0.0 ], [ 2241202.850764987524599, 540437.182396678603254, 0.0 ], [ 2241197.253039529081434, 540438.876469016307965, 0.0 ], [ 2241191.631343170534819, 540440.489212468499318, 0.0 ], [ 2241185.986857464537024, 540442.020288073224947, 0.0 ], [ 2241180.320768754463643, 540443.469374032923952, 0.0 ], [ 2241179.076368183363229, 540438.097481234231964, 0.0 ], [ 2241177.75122591201216, 540432.744933898327872, 0.0 ], [ 2241176.34564237203449, 540427.412945532472804, 0.0 ], [ 2241174.859936230815947, 540422.102724982891232, 0.0 ], [ 2241173.294444322120398, 540416.815476160962135, 0.0 ], [ 2241171.649521567393094, 540411.552397769642994, 0.0 ], [ 2241174.666597932111472, 540405.795032903086394, 0.0 ], [ 2241181.48796471208334, 540403.727996896253899, 0.0 ], [ 2241188.2766740815714, 540401.556106546311639, 0.0 ], [ 2241195.031114382203668, 540399.279877466382459, 0.0 ], [ 2241208.423343030270189, 540435.407351510948502, 0.0 ] ] } },
{ "type": "Feature", "properties": { "fid": 4919, "handle": 3717245, "block": -1, "etype": 18, "space": 0, "layer": "0_Limits", "olinetype": "bylayer", "linetype": "", "color": "0,0,0,65", "ocolor": 256, "color24": -1, "transparency": 0, "lweight": -1, "linewidth": 0.13, "ltscale": 1.0, "visible": 1, "width": 1.0, "thickness": 0.0, "ext": "(3:0,0,0.1)" }, "geometry": { "type": "LineString", "coordinates": [ [ 2241173.552492042072117, 540445.279123634216376, 0.0 ], [ 2241165.941350934095681, 540447.025249258731492, 0.0 ], [ 2241158.304186999797821, 540448.653791768243536, 0.0 ], [ 2241150.642816646024585, 540450.164363833726384, 0.0 ], [ 2241142.959062036592513, 540451.556606183992699, 0.0 ], [ 2241135.10851679649204, 540415.83533078187611, 0.0 ], [ 2241143.162150174379349, 540414.073523214436136, 0.0 ], [ 2241151.185509981587529, 540412.178615855053067, 0.0 ], [ 2241159.176396678667516, 540410.151128176948987, 0.0 ], [ 2241164.860812596045434, 540413.307113813003525, 0.0 ], [ 2241166.513735723216087, 540418.577984005329199, 0.0 ], [ 2241168.085411117877811, 540423.873648637905717, 0.0 ], [ 2241169.575467113405466, 540429.192855400033295, 0.0 ], [ 2241170.983551342971623, 540434.534346413682215, 0.0 ], [ 2241172.309330825228244, 540439.89685853139963, 0.0 ], [ 2241173.552492042072117, 540445.279123634216376, 0.0 ] ] } },
{ "type": "Feature", "properties": { "fid": 4920, "handle": 3717250, "block": -1, "etype": 18, "space": 0, "layer": "0_Limits", "olinetype": "bylayer", "linetype": "", "color": "0,0,0,65", "ocolor": 256, "color24": -1, "transparency": 0, "lweight": -1, "linewidth": 0.13, "ltscale": 1.0, "visible": 1, "width": 1.0, "thickness": 0.0, "ext": "(3:0,0,0.1)" }, "geometry": { "type": "LineString", "coordinates": [ [ 2241142.959062036592513, 540451.556606183992699, 0.0 ], [ 2241135.64295090129599, 540452.75759241625201, 0.0 ], [ 2241128.308918462600559, 540453.843786808312871, 0.0 ], [ 2241120.958765722811222, 540454.814922625664622, 0.0 ], [ 2241113.594297643750906, 540455.670761388610117, 0.0 ], [ 2241109.029123068321496, 540420.593483978998847, 0.0 ], [ 2241115.572147583123296, 540419.534245540737174, 0.0 ], [ 2241122.100492156576365, 540418.388002549414523, 0.0 ], [ 2241128.612999916542321, 540417.154958128114231, 0.0 ], [ 2241135.10851679649204, 540415.83533078187611, 0.0 ], [ 2241142.959062036592513, 540451.556606183992699, 0.0 ] ] } },
{ "type": "Feature", "properties": { "fid": 4921, "handle": 3717255, "block": -1, "etype": 18, "space": 0, "layer": "0_Limits", "olinetype": "bylayer", "linetype": "", "color": "0,0,0,65", "ocolor": 256, "color24": -1, "transparency": 0, "lweight": -1, "linewidth": 0.13, "ltscale": 1.0, "visible": 1, "width": 1.0, "thickness": 0.0, "ext": "(3:0,0,0.1)" }, "geometry": { "type": "LineString", "coordinates": [ [ 2241113.594297643750906, 540455.670761388610117, 0.0 ], [ 2241106.780507511459291, 540456.358687614672817, 0.0 ], [ 2241099.957473665010184, 540456.947913877200335, 0.0 ], [ 2241093.126625729724765, 540457.438316716230474, 0.0 ], [ 2241086.289394968189299, 540457.829793377779424, 0.0 ], [ 2241082.239491881802678, 540424.00647760136053, 0.0 ], [ 2241088.953641305677593, 540423.289552229922265, 0.0 ], [ 2241095.657451204024255, 540422.481642998638563, 0.0 ], [ 2241102.349688705522567, 540421.582898486754857, 0.0 ], [ 2241109.029123068321496, 540420.593483978882432, 0.0 ], [ 2241113.594297643750906, 540455.670761388610117, 0.0 ] ] } },
{ "type": "Feature", "properties": { "fid": 4922, "handle": 3717261, "block": -1, "etype": 18, "space": 0, "layer": "0_Limits", "olinetype": "bylayer", "linetype": "", "color": "0,0,0,65", "ocolor": 256, "color24": -1, "transparency": 0, "lweight": -1, "linewidth": 0.13, "ltscale": 1.0, "visible": 1, "width": 1.0, "thickness": 0.0, "ext": "(3:0,0,0.1)" }, "geometry": { "type": "LineString", "coordinates": [ [ 2241086.289394968189299, 540457.829793377779424, 0.0 ], [ 2241078.724149680696428, 540458.147374314372428, 0.0 ], [ 2241071.154790766537189, 540458.343841977184638, 0.0 ], [ 2241063.583257024176419, 540458.41914604336489, 0.0 ], [ 2241062.871577125042677, 540457.044056752580218, 0.0 ], [ 2241062.136959068477154, 540455.681083844741806, 0.0 ], [ 2241061.379609069786966, 540454.330609921948053, 0.0 ], [ 2241060.599739726632833, 540452.993014077306725, 0.0 ], [ 2241059.797569956164807, 540451.668671789229847, 0.0 ], [ 2241058.973324936814606, 540450.357954815612175, 0.0 ], [ 2241058.127236044034362, 540449.061231089523062, 0.0 ], [ 2241057.259540783707052, 540447.778864616178907, 0.0 ], [ 2241056.370482728350908, 540446.51121537014842, 0.0 ], [ 2241055.460311446804553, 540445.258639195119031, 0.0 ], [ 2241054.529282433912158, 540444.021487703314051, 0.0 ], [ 2241053.577657040208578, 540442.800108177238144, 0.0 ], [ 2241052.605702397879213, 540441.594843472004868, 0.0 ], [ 2241051.613691345322877, 540440.406031918944791, 0.0 ], [ 2241050.601902351714671, 540439.234007231076248, 0.0 ], [ 2241049.570619437843561, 540438.079098409041762, 0.0 ], [ 2241048.520132095552981, 540436.941629648674279, 0.0 ], [ 2241047.45073520950973, 540435.821920250426047, 0.0 ], [ 2241046.36272897105664, 540434.720284529495984, 0.0 ], [ 2241045.256418796256185, 540433.637031727470458, 0.0 ], [ 2241044.132115238346159, 540432.57246592559386, 0.0 ], [ 2241046.424030668567866, 540426.285567636485212, 0.0 ], [ 2241053.598778829909861, 540426.036419435520656, 0.0 ], [ 2241060.769189028535038, 540425.683852297370322, 0.0 ], [ 2241067.933770630974323, 540425.227939515956677, 0.0 ], [ 2241075.091034215409309, 540424.66877586976625, 0.0 ], [ 2241082.239491881802678, 540424.00647760136053, 0.0 ], [ 2241086.289394968189299, 540457.829793377779424, 0.0 ] ] } },
{ "type": "Feature", "properties": { "fid": 4923, "handle": 3717359, "block": -1, "etype": 18, "space": 0, "layer": "0_Limits", "olinetype": "bylayer", "linetype": "", "color": "0,0,0,65", "ocolor": 256, "color24": -1, "transparency": 0, "lweight": -1, "linewidth": 0.13, "ltscale": 1.0, "visible": 1, "width": 1.0, "thickness": 0.0, "ext": "(3:0,0,0.1)" }, "geometry": { "type": "LineString", "coordinates": [ [ 2241195.324220220092684, 540383.279211235698313, 0.0 ], [ 2241189.494708070065826, 540385.352158496156335, 0.0 ], [ 2241183.632942027412355, 540387.332062815898098, 0.0 ], [ 2241177.740407015196979, 540389.218422638950869, 0.0 ], [ 2241171.818595750257373, 540391.010760106146336, 0.0 ], [ 2241165.895168378017843, 540388.319899407913908, 0.0 ], [ 2241164.87531013507396, 540385.999063141644001, 0.0 ], [ 2241163.817692447453737, 540383.695188874960877, 0.0 ], [ 2241162.72259730938822, 540381.408890895894729, 0.0 ], [ 2241161.590316710062325, 540379.140778805594891, 0.0 ], [ 2241160.42115255119279, 540376.891457356628962, 0.0 ], [ 2241159.215416571125388, 540374.661526291398332, 0.0 ], [ 2241157.973430257290602, 540372.451580181950703, 0.0 ], [ 2241156.695524764247239, 540370.262208271771669, 0.0 ], [ 2241155.38204082287848, 540368.093994318740442, 0.0 ], [ 2241154.033328650519252, 540365.947516439249739, 0.0 ], [ 2241152.649747858755291, 540363.823346954071894, 0.0 ], [ 2241151.231667353771627, 540361.72205223585479, 0.0 ], [ 2241149.779465243220329, 540359.644192558247596, 0.0 ], [ 2241179.102095616050065, 540349.28211291343905, 0.0 ], [ 2241195.324220220092684, 540383.279211235698313, 0.0 ] ] } },
{ "type": "Feature", "properties": { "fid": 4924, "handle": 3717365, "block": -1, "etype": 18, "space": 0, "layer": "0_Limits", "olinetype": "bylayer", "linetype": "", "color": "0,0,0,65", "ocolor": 256, "color24": -1, "transparency": 0, "lweight": -1, "linewidth": 0.13, "ltscale": 1.0, "visible": 1, "width": 1.0, "thickness": 0.0, "ext": "(3:0,0,0.1)" }, "geometry": { "type": "LineString", "coordinates": [ [ 2241154.028705357108265, 540391.138668098836206, 0.0 ], [ 2241150.868973302654922, 540396.858131703455001, 0.0 ], [ 2241143.016361721791327, 540398.728355096420273, 0.0 ], [ 2241135.138239355757833, 540400.488023293553852, 0.0 ], [ 2241127.236162606161088, 540402.136788654956035, 0.0 ], [ 2241115.078076984267682, 540366.934217236703262, 0.0 ], [ 2241131.739457325078547, 540356.061824944219552, 0.0 ], [ 2241133.325698011554778, 540357.933333864901215, 0.0 ], [ 2241134.879655345343053, 540359.831733653903939, 0.0 ], [ 2241136.400873538572341, 540361.756467495928518, 0.0 ], [ 2241137.888906406704336, 540363.706970851053484, 0.0 ], [ 2241139.343317497521639, 540365.682671621441841, 0.0 ], [ 2241140.763680220581591, 540367.682990318513475, 0.0 ], [ 2241142.149577972479165, 540369.70734023291152, 0.0 ], [ 2241143.500604258384556, 540371.755127607029863, 0.0 ], [ 2241144.816362811718136, 540373.825751808471978, 0.0 ], [ 2241146.096467710100114, 540375.918605507002212, 0.0 ], [ 2241147.340543488971889, 540378.033074852079153, 0.0 ], [ 2241148.548225251026452, 540380.168539653299376, 0.0 ], [ 2241149.719158772844821, 540382.324373561888933, 0.0 ], [ 2241150.85300061153248, 540384.499944254755974, 0.0 ], [ 2241151.94941820204258, 540386.69461361982394, 0.0 ], [ 2241153.008089955896139, 540388.907737943576649, 0.0 ], [ 2241154.028705357108265, 540391.138668098836206, 0.0 ] ] } },
{ "type": "Feature", "properties": { "fid": 4925, "handle": 3717450, "block": -1, "etype": 18, "space": 0, "layer": "0_Limits", "olinetype": "bylayer", "linetype": "", "color": "0,0,0,65", "ocolor": 256, "color24": -1, "transparency": 0, "lweight": -1, "linewidth": 0.13, "ltscale": 1.0, "visible": 1, "width": 1.0, "thickness": 0.0, "ext": "(3:0,0,0.1)" }, "geometry": { "type": "LineString", "coordinates": [ [ 2241127.236162606161088, 540402.136788654956035, 0.0 ], [ 2241116.376099381130189, 540404.099345175083727, 0.0 ], [ 2241105.485835299361497, 540405.886731414706446, 0.0 ], [ 2241094.568195627070963, 540407.498483671224676, 0.0 ], [ 2241089.823166519869119, 540369.004841272602789, 0.0 ], [ 2241115.078076984267682, 540366.934217236703262, 0.0 ], [ 2241127.236162606161088, 540402.136788654956035, 0.0 ] ] } },
{ "type": "Feature", "properties": { "fid": 4926, "handle": 3717464, "block": -1, "etype": 18, "space": 0, "layer": "0_Limits", "olinetype": "bylayer", "linetype": "", "color": "0,0,0,65", "ocolor": 256, "color24": -1, "transparency": 0, "lweight": -1, "linewidth": 0.13, "ltscale": 1.0, "visible": 1, "width": 1.0, "thickness": 0.0, "ext": "(3:0,0,0.1)" }, "geometry": { "type": "LineString", "coordinates": [ [ 2241094.568195627536625, 540407.498483671224676, 0.0 ], [ 2241087.289163153152913, 540408.388648859458044, 0.0 ], [ 2241079.996193667408079, 540409.156310179387219, 0.0 ], [ 2241072.691348724532872, 540409.801250630873255, 0.0 ], [ 2241065.376693236175925, 540410.323287904146127, 0.0 ], [ 2241062.730498524848372, 540370.798306722892448, 0.0 ], [ 2241089.823166519869119, 540369.004841272719204, 0.0 ], [ 2241094.568195627536625, 540407.498483671224676, 0.0 ] ] } },
{ "type": "Feature", "properties": { "fid": 4927, "handle": 3717612, "block": -1, "etype": 18, "space": 0, "layer": "0_Limits", "olinetype": "bylayer", "linetype": "", "color": "0,0,0,65", "ocolor": 256, "color24": -1, "transparency": 0, "lweight": -1, "linewidth": 0.13, "ltscale": 1.0, "visible": 1, "width": 1.0, "thickness": 0.0, "ext": "(3:0,0,0.1)" }, "geometry": { "type": "LineString", "coordinates": [ [ 2241247.672617584932595, 540355.588287792284973, 0.0 ], [ 2241245.940746263135225, 540361.853319454006851, 0.0 ], [ 2241234.265296333003789, 540367.332242264528759, 0.0 ], [ 2241222.503668938297778, 540372.623635962721892, 0.0 ], [ 2241204.600070904474705, 540339.068192121456377, 0.0 ], [ 2241227.496303134132177, 540327.001636179746129, 0.0 ], [ 2241231.709354768507183, 540332.591390426503494, 0.0 ], [ 2241235.83450929960236, 540338.246322495513596, 0.0 ], [ 2241239.870758570265025, 540343.965050364029594, 0.0 ], [ 2241243.817116152495146, 540349.746176417567767, 0.0 ], [ 2241247.672617584932595, 540355.588287792284973, 0.0 ] ] } },
{ "type": "Feature", "properties": { "fid": 4928, "handle": 3717621, "block": -1, "etype": 18, "space": 0, "layer": "0_Limits", "olinetype": "bylayer", "linetype": "", "color": "0,0,0,65", "ocolor": 256, "color24": -1, "transparency": 0, "lweight": -1, "linewidth": 0.13, "ltscale": 1.0, "visible": 1, "width": 1.0, "thickness": 0.0, "ext": "(3:0,0,0.1)" }, "geometry": { "type": "LineString", "coordinates": [ [ 2241222.503668938297778, 540372.623635962721892, 0.0 ], [ 2241215.77654506219551, 540375.45751846767962, 0.0 ], [ 2241209.002998853567988, 540378.178576617268845, 0.0 ], [ 2241202.184922398068011, 540380.786050325841643, 0.0 ], [ 2241195.324220220092684, 540383.279211235698313, 0.0 ], [ 2241179.102095616050065, 540349.28211291343905, 0.0 ], [ 2241186.445396785158664, 540346.313153821276501, 0.0 ], [ 2241204.600070904474705, 540339.068192121339962, 0.0 ], [ 2241222.503668938297778, 540372.623635962721892, 0.0 ] ] } },
{ "type": "Feature", "properties": { "fid": 4929, "handle": 3717634, "block": -1, "etype": 18, "space": 0, "layer": "0_Limits", "olinetype": "bylayer", "linetype": "", "color": "0,0,0,65", "ocolor": 256, "color24": -1, "transparency": 0, "lweight": -1, "linewidth": 0.13, "ltscale": 1.0, "visible": 1, "width": 1.0, "thickness": 0.0, "ext": "(3:0,0,0.1)" }, "geometry": { "type": "LineString", "coordinates": [ [ 2241163.664462928660214, 540313.489075823454186, 0.0 ], [ 2241146.94608589168638, 540298.104561392916366, 0.0 ], [ 2241172.893218011595309, 540267.66279576648958, 0.0 ], [ 2241178.923601537477225, 540273.286558490246534, 0.0 ], [ 2241184.875407006125897, 540278.993417898658663, 0.0 ], [ 2241190.747489476576447, 540284.782276171259582, 0.0 ], [ 2241163.664462928660214, 540313.489075823454186, 0.0 ] ] } },
{ "type": "Feature", "properties": { "fid": 4930, "handle": 3717640, "block": -1, "etype": 18, "space": 0, "layer": "0_Limits", "olinetype": "bylayer", "linetype": "", "color": "0,0,0,65", "ocolor": 256, "color24": -1, "transparency": 0, "lweight": -1, "linewidth": 0.13, "ltscale": 1.0, "visible": 1, "width": 1.0, "thickness": 0.0, "ext": "(3:0,0,0.1)" }, "geometry": { "type": "LineString", "coordinates": [ [ 2241177.157715396024287, 540328.313116383156739, 0.0 ], [ 2241163.664462928660214, 540313.489075823454186, 0.0 ], [ 2241190.747489476576447, 540284.782276171259582, 0.0 ], [ 2241195.493502807337791, 540289.634587632375769, 0.0 ], [ 2241200.155153793282807, 540294.568002184154466, 0.0 ], [ 2241204.731056703720242, 540299.581053311703727, 0.0 ], [ 2241209.219851298257709, 540304.672250827192329, 0.0 ], [ 2241177.157715396024287, 540328.313116383156739, 0.0 ] ] } },
{ "type": "Feature", "properties": { "fid": 4931, "handle": 3717647, "block": -1, "etype": 18, "space": 0, "layer": "0_Limits", "olinetype": "bylayer", "linetype": "", "color": "0,0,0,65", "ocolor": 256, "color24": -1, "transparency": 0, "lweight": -1, "linewidth": 0.13, "ltscale": 1.0, "visible": 1, "width": 1.0, "thickness": 0.0, "ext": "(3:0,0,0.1)" }, "geometry": { "type": "LineString", "coordinates": [ [ 2241227.496303134132177, 540327.001636179862544, 0.0 ], [ 2241204.600070904474705, 540339.068192121456377, 0.0 ], [ 2241186.445396785158664, 540346.313153821276501, 0.0 ], [ 2241177.157715396024287, 540328.313116383156739, 0.0 ], [ 2241209.219851298257709, 540304.672250827075914, 0.0 ], [ 2241213.908907630480826, 540310.155460427165963, 0.0 ], [ 2241218.5186343989335, 540315.705528528429568, 0.0 ], [ 2241223.048078425694257, 540321.321307514095679, 0.0 ], [ 2241227.496303134132177, 540327.001636179862544, 0.0 ] ] } },
{ "type": "Feature", "properties": { "fid": 4932, "handle": 3717759, "block": -1, "etype": 18, "space": 0, "layer": "0_Limits", "olinetype": "bylayer", "linetype": "", "color": "0,0,0,65", "ocolor": 256, "color24": -1, "transparency": 0, "lweight": -1, "linewidth": 0.13, "ltscale": 1.0, "visible": 1, "width": 1.0, "thickness": 0.0, "ext": "(3:0,0,0.1)" }, "geometry": { "type": "LineString", "coordinates": [ [ 2241053.219993260223418, 540225.008111004019156, 0.0 ], [ 2241013.017983188852668, 540203.699490297585726, 0.0 ], [ 2241016.333995717111975, 540197.676127211772837, 0.0 ], [ 2241019.728388829156756, 540191.69658397231251, 0.0 ], [ 2241023.200583566445857, 540185.761880470090546, 0.0 ], [ 2241029.280325425323099, 540183.460833394899964, 0.0 ], [ 2241034.927034981083125, 540185.233171427738853, 0.0 ], [ 2241040.542689711321145, 540187.101575254229829, 0.0 ], [ 2241046.125655408482999, 540189.065501151490025, 0.0 ], [ 2241051.674307378008962, 540191.12437759898603, 0.0 ], [ 2241057.187030911445618, 540193.277605444658548, 0.0 ], [ 2241062.66222175443545, 540195.52455807919614, 0.0 ], [ 2241068.098286575637758, 540197.864581618574448, 0.0 ], [ 2241053.219993260223418, 540225.008111004019156, 0.0 ] ] } },
{ "type": "Feature", "properties": { "fid": 4933, "handle": 3717774, "block": -1, "etype": 18, "space": 0, "layer": "0_Limits", "olinetype": "bylayer", "linetype": "", "color": "0,0,0,65", "ocolor": 256, "color24": -1, "transparency": 0, "lweight": -1, "linewidth": 0.13, "ltscale": 1.0, "visible": 1, "width": 1.0, "thickness": 0.0, "ext": "(3:0,0,0.1)" }, "geometry": { "type": "LineString", "coordinates": [ [ 2241041.155430056620389, 540249.095308159012347, 0.0 ], [ 2241000.074351378716528, 540230.463188551133499, 0.0 ], [ 2241002.04737448785454, 540225.915942395920865, 0.0 ], [ 2241004.094854260794818, 540221.401732125785202, 0.0 ], [ 2241006.216237779706717, 540216.921776796574704, 0.0 ], [ 2241008.410952167119831, 540212.477286213659681, 0.0 ], [ 2241010.678404744248837, 540208.06946060503833, 0.0 ], [ 2241013.017983188852668, 540203.699490297702141, 0.0 ], [ 2241053.219993260223418, 540225.008111004019156, 0.0 ], [ 2241043.397334641311318, 540242.928286203066818, 0.0 ], [ 2241041.155430056620389, 540249.095308159012347, 0.0 ] ] } },
{ "type": "Feature", "properties": { "fid": 4934, "handle": 3717802, "block": -1, "etype": 18, "space": 0, "layer": "0_Limits", "olinetype": "bylayer", "linetype": "", "color": "0,0,0,65", "ocolor": 256, "color24": -1, "transparency": 0, "lweight": -1, "linewidth": 0.13, "ltscale": 1.0, "visible": 1, "width": 1.0, "thickness": 0.0, "ext": "(3:0,0,0.1)" }, "geometry": { "type": "LineString", "coordinates": [ [ 2241024.991465563420206, 540293.559075526776724, 0.0 ], [ 2241020.894937729928643, 540293.300925923511386, 0.0 ], [ 2241016.794535939116031, 540293.114146203617565, 0.0 ], [ 2241012.691503505688161, 540292.998793001868762, 0.0 ], [ 2241008.587084542028606, 540292.954901295364834, 0.0 ], [ 2241004.482523581478745, 540292.982484393054619, 0.0 ], [ 2241000.379065198358148, 540293.081533931195736, 0.0 ], [ 2240996.277953635435551, 540293.252019876032136, 0.0 ], [ 2240992.180432422086596, 540293.493890533456579, 0.0 ], [ 2240988.087743999436498, 540293.807072563795373, 0.0 ], [ 2240984.001129343174398, 540294.191471004858613, 0.0 ], [ 2240979.968401541933417, 540289.066099942894652, 0.0 ], [ 2240981.265079825185239, 540283.985115570016205, 0.0 ], [ 2240982.644256952684373, 540278.92590147908777, 0.0 ], [ 2240984.105567789636552, 540273.889797091251239, 0.0 ], [ 2240985.648625455331057, 540268.878135709092021, 0.0 ], [ 2240987.273021426517516, 540263.892244164366275, 0.0 ], [ 2240988.978325646836311, 540258.933442466077395, 0.0 ], [ 2241032.414510036353022, 540273.139795172843151, 0.0 ], [ 2241024.991465563420206, 540293.559075526776724, 0.0 ] ] } },
{ "type": "Feature", "properties": { "fid": 4935, "handle": 3717808, "block": -1, "etype": 18, "space": 0, "layer": "0_Limits", "olinetype": "bylayer", "linetype": "", "color": "0,0,0,65", "ocolor": 256, "color24": -1, "transparency": 0, "lweight": -1, "linewidth": 0.13, "ltscale": 1.0, "visible": 1, "width": 1.0, "thickness": 0.0, "ext": "(3:0,0,0.1)" }, "geometry": { "type": "LineString", "coordinates": [ [ 2241032.414510036353022, 540273.139795172843151, 0.0 ], [ 2240988.978325646836311, 540258.933442466077395, 0.0 ], [ 2240991.003881388343871, 540253.165802627336234, 0.0 ], [ 2240993.126885429024696, 540247.433316324371845, 0.0 ], [ 2240995.346728059463203, 540241.737629880546592, 0.0 ], [ 2240997.662771759089082, 540236.080379050807096, 0.0 ], [ 2241000.074351378716528, 540230.463188551249914, 0.0 ], [ 2241041.155430056620389, 540249.095308159012347, 0.0 ], [ 2241032.414510036353022, 540273.139795172843151, 0.0 ] ] } },
{ "type": "Feature", "properties": { "fid": 4936, "handle": 3719475, "block": -1, "etype": 18, "space": 0, "layer": "0_Limits", "olinetype": "bylayer", "linetype": "", "color": "0,0,0,65", "ocolor": 256, "color24": -1, "transparency": 0, "lweight": -1, "linewidth": 0.13, "ltscale": 1.0, "visible": 1, "width": 0.0, "thickness": 0.0, "ext": "(3:0,0,0.1)" }, "geometry": { "type": "LineString", "coordinates": [ [ 2241009.180000000633299, 540104.089999999734573, 0.0 ], [ 2241046.650000001303852, 540111.069999999483116, 0.0 ], [ 2241056.80980409681797, 540133.476279069553129, 0.0 ], [ 2241055.104069773573428, 540134.438024051487446, 0.0 ], [ 2241053.415115644689649, 540135.428941274993122, 0.0 ], [ 2241051.743440579157323, 540136.448738052044064, 0.0 ], [ 2241050.089538339991122, 540137.497113164397888, 0.0 ], [ 2241048.453897442668676, 540138.573756952537224, 0.0 ], [ 2241046.837001007050276, 540139.678351407172158, 0.0 ], [ 2241045.23932661768049, 540140.810570263303816, 0.0 ], [ 2241043.661346181295812, 540141.97007909649983, 0.0 ], [ 2241042.103525787126273, 540143.156535421614535, 0.0 ], [ 2241040.566325569991022, 540144.369588793953881, 0.0 ], [ 2241039.050199573859572, 540145.60888091288507, 0.0 ], [ 2241037.555595618207008, 540146.874045727658086, 0.0 ], [ 2241036.08295516576618, 540148.164709545322694, 0.0 ], [ 2241034.632713191676885, 540149.480491141439416, 0.0 ], [ 2241033.20529805496335, 540150.821001872420311, 0.0 ], [ 2241031.801131372805685, 540152.185845790430903, 0.0 ], [ 2241030.420627894811332, 540153.574619760271162, 0.0 ], [ 2241029.064195381477475, 540154.986913578701206, 0.0 ], [ 2241027.732234483584762, 540156.422310095047578, 0.0 ], [ 2241026.425138623919338, 540157.880385335185565, 0.0 ], [ 2241025.143293880391866, 540159.360708625987172, 0.0 ], [ 2241023.887078872416168, 540160.862842723028734, 0.0 ], [ 2241022.656864649150521, 540162.386343939811923, 0.0 ], [ 2241016.639573090244085, 540164.950481209205464, 0.0 ], [ 2241013.499805128201842, 540164.470596787985414, 0.0 ], [ 2241010.354243480600417, 540164.030285722692497, 0.0 ], [ 2241007.203386906534433, 540163.629617829108611, 0.0 ], [ 2241009.180000000633299, 540104.089999999734573, 0.0 ] ] } },
{ "type": "Feature", "properties": { "fid": 4937, "handle": 3719532, "block": -1, "etype": 18, "space": 0, "layer": "0_Limits", "olinetype": "bylayer", "linetype": "", "color": "0,0,0,65", "ocolor": 256, "color24": -1, "transparency": 0, "lweight": -1, "linewidth": 0.13, "ltscale": 1.0, "visible": 1, "width": 1.0, "thickness": 0.0, "ext": "(3:0,0,0.1)" }, "geometry": { "type": "LineString", "coordinates": [ [ 2240893.522401175927371, 540190.936177960014902, 0.0 ], [ 2240889.750594445038587, 540193.175210353569128, 0.0 ], [ 2240886.018329367507249, 540195.479551792494021, 0.0 ], [ 2240882.326736656483263, 540197.848504162509926, 0.0 ], [ 2240878.676934702321887, 540200.281349774566479, 0.0 ], [ 2240875.070029235444963, 540202.777351583354175, 0.0 ], [ 2240871.507112990133464, 540205.335753409541212, 0.0 ], [ 2240867.989265373907983, 540207.955780169577338, 0.0 ], [ 2240861.475926038343459, 540207.611038289731368, 0.0 ], [ 2240860.746140246745199, 540206.95726621535141, 0.0 ], [ 2240860.027730632573366, 540206.291013370500877, 0.0 ], [ 2240859.320910612586886, 540205.612477677641436, 0.0 ], [ 2240858.625890160445124, 540204.921860708389431, 0.0 ], [ 2240857.942875744774938, 540204.219367622863501, 0.0 ], [ 2240857.272070267703384, 540203.505207109614275, 0.0 ], [ 2240856.613673003390431, 540202.779591322992928, 0.0 ], [ 2240855.967879541683942, 540202.042735820286907, 0.0 ], [ 2240855.334881727118045, 540201.294859498040751, 0.0 ], [ 2240854.71486760256812, 540200.536184526281431, 0.0 ], [ 2240854.108021355234087, 540199.766936283558607, 0.0 ], [ 2240853.514523259364069, 540198.987343288725242, 0.0 ], [ 2240852.93454962503165, 540198.197637134348042, 0.0 ], [ 2240852.368272743187845, 540197.398052416974679, 0.0 ], [ 2240851.815860837232322, 540196.588826667750254, 0.0 ], [ 2240851.27747801085934, 540195.770200281986035, 0.0 ], [ 2240850.753284201025963, 540194.942416447564028, 0.0 ], [ 2240850.243435128591955, 540194.105721072759479, 0.0 ], [ 2240849.748082253150642, 540193.260362713132054, 0.0 ], [ 2240849.267372729256749, 540192.406592497834936, 0.0 ], [ 2240848.801449359860271, 540191.544664054876193, 0.0 ], [ 2240848.350450555793941, 540190.674833435681649, 0.0 ], [ 2240847.914510295260698, 540189.797359039541334, 0.0 ], [ 2240847.493758081458509, 540188.912501535960473, 0.0 ], [ 2240847.088318906724453, 540188.020523788058199, 0.0 ], [ 2240847.127894955221564, 540187.996440426446497, 0.0 ], [ 2240847.16787627665326, 540187.973036028910428, 0.0 ], [ 2240847.208251224830747, 540187.950317413313314, 0.0 ], [ 2240847.249008036684245, 540187.928291197982617, 0.0 ], [ 2240847.290134840644896, 540187.906963799498044, 0.0 ], [ 2240847.331619654782116, 540187.886341430828907, 0.0 ], [ 2240847.373450394719839, 540187.866430099587888, 0.0 ], [ 2240847.415614874102175, 540187.847235606051981, 0.0 ], [ 2240847.45810081018135, 540187.828763541881926, 0.0 ], [ 2240847.500895826146007, 540187.811019288492389, 0.0 ], [ 2240847.543987454846501, 540187.794008014723659, 0.0 ], [ 2240847.587363143451512, 540187.77773467625957, 0.0 ], [ 2240847.631010255776346, 540187.762204013881274, 0.0 ], [ 2240847.674916077405214, 540187.747420551837422, 0.0 ], [ 2240847.719067817553878, 540187.733388596680015, 0.0 ], [ 2240847.763452613726258, 540187.720112236100249, 0.0 ], [ 2240847.808057536836714, 540187.70759533776436, 0.0 ], [ 2240847.852869592607021, 540187.695841548033059, 0.0 ], [ 2240847.897875726688653, 540187.68485429091379, 0.0 ], [ 2240847.943062827922404, 540187.674636767012998, 0.0 ], [ 2240847.988417732529342, 540187.665191953070462, 0.0 ], [ 2240848.033927228767425, 540187.656522600445896, 0.0 ], [ 2240848.07957805832848, 540187.648631234420463, 0.0 ], [ 2240848.125356923323125, 540187.641520154080354, 0.0 ], [ 2240848.17125048674643, 540187.635191430919804, 0.0 ], [ 2240848.217245379462838, 540187.629646908608265, 0.0 ], [ 2240848.263328203000128, 540187.624888202291913, 0.0 ], [ 2240848.309485532809049, 540187.6209166982444, 0.0 ], [ 2240848.355703921988606, 540187.617733553401195, 0.0 ], [ 2240848.40196990640834, 540187.61533969512675, 0.0 ], [ 2240848.448270009364933, 540187.613735820748843, 0.0 ], [ 2240848.494590741582215, 540187.612922397558577, 0.0 ], [ 2240848.540918610058725, 540187.612899662461132, 0.0 ], [ 2240848.587240118533373, 540187.613667621975765, 0.0 ], [ 2240848.633541773073375, 540187.615226052585058, 0.0 ], [ 2240848.679810084868222, 540187.617574500152841, 0.0 ], [ 2240848.726031576283276, 540187.620712280622683, 0.0 ], [ 2240848.77219278132543, 540187.624638479785062, 0.0 ], [ 2240843.770449126604944, 540166.350028662593104, 0.0 ], [ 2240865.556172974407673, 540147.767458149814047, 0.0 ], [ 2240893.522401175927371, 540190.936177960014902, 0.0 ] ] } },
{ "type": "Feature", "properties": { "fid": 4938, "handle": 3719617, "block": -1, "etype": 18, "space": 0, "layer": "0_Limits", "olinetype": "bylayer", "linetype": "", "color": "0,0,0,65", "ocolor": 256, "color24": -1, "transparency": 0, "lweight": -1, "linewidth": 0.13, "ltscale": 1.0, "visible": 1, "width": 1.0, "thickness": 0.0, "ext": "(3:0,0,0.1)" }, "geometry": { "type": "LineString", "coordinates": [ [ 2240853.14174758316949, 540213.542502835625783, 0.0 ], [ 2240852.712423585355282, 540220.055264082970098, 0.0 ], [ 2240849.458958513569087, 540222.848049324820749, 0.0 ], [ 2240846.247739912942052, 540225.689309516106732, 0.0 ], [ 2240843.079489962663502, 540228.578405677923001, 0.0 ], [ 2240839.95492117991671, 540231.51468807272613, 0.0 ], [ 2240836.874736258760095, 540234.497496351716109, 0.0 ], [ 2240833.839627909939736, 540237.526159702218138, 0.0 ], [ 2240830.850278708618134, 540240.599996999604627, 0.0 ], [ 2240798.5, 540201.560076581779867, 0.0 ], [ 2240830.669364748056978, 540176.166514193406329, 0.0 ], [ 2240834.170316226780415, 540191.057596547179855, 0.0 ], [ 2240837.207259204704314, 540190.343599421204999, 0.0 ], [ 2240837.647114626131952, 540191.389079271466471, 0.0 ], [ 2240838.10464544640854, 540192.426945571904071, 0.0 ], [ 2240838.579719941131771, 540193.456899519078434, 0.0 ], [ 2240839.072201335802674, 540194.478644587448798, 0.0 ], [ 2240839.581947844475508, 540195.491886614821851, 0.0 ], [ 2240840.108812709804624, 540196.496333886985667, 0.0 ], [ 2240840.652644246816635, 540197.4916972219944, 0.0 ], [ 2240841.213285885285586, 540198.477690052706748, 0.0 ], [ 2240841.790576215367764, 540199.454028510372154, 0.0 ], [ 2240842.384349034167826, 540200.420431505306624, 0.0 ], [ 2240842.994433393701911, 540201.37662080838345, 0.0 ], [ 2240843.620653649326414, 540202.32232113101054, 0.0 ], [ 2240844.262829511426389, 540203.257260204409249, 0.0 ], [ 2240844.920776096638292, 540204.181168858194724, 0.0 ], [ 2240845.594303980469704, 540205.093781097210012, 0.0 ], [ 2240846.283219253178686, 540205.99483417882584, 0.0 ], [ 2240846.987323574721813, 540206.884068688377738, 0.0 ], [ 2240847.706414232961833, 540207.761228613671847, 0.0 ], [ 2240848.440284199547023, 540208.626061418792233, 0.0 ], [ 2240849.188722192775458, 540209.47831811697688, 0.0 ], [ 2240849.951512735337019, 540210.317753341863863, 0.0 ], [ 2240850.728436219505966, 540211.144125418737531, 0.0 ], [ 2240851.519268966279924, 540211.957196433562785, 0.0 ], [ 2240852.323783294763416, 540212.756732301786542, 0.0 ], [ 2240853.14174758316949, 540213.542502835625783, 0.0 ] ] } },
{ "type": "Feature", "properties": { "fid": 4939, "handle": 3719657, "block": -1, "etype": 18, "space": 0, "layer": "0_Limits", "olinetype": "bylayer", "linetype": "", "color": "0,0,0,65", "ocolor": 256, "color24": -1, "transparency": 0, "lweight": -1, "linewidth": 0.13, "ltscale": 1.0, "visible": 1, "width": 1.0, "thickness": 0.0, "ext": "(3:0,0,0.1)" }, "geometry": { "type": "LineString", "coordinates": [ [ 2240837.253903642296791, 540171.402874327846803, 0.0 ], [ 2240830.669364748056978, 540176.166514193406329, 0.0 ], [ 2240798.5, 540201.560076581779867, 0.0 ], [ 2240767.627617765218019, 540163.535415753140114, 0.0 ], [ 2240774.470000000204891, 540147.979999999399297, 0.0 ], [ 2240792.720000000204891, 540144.349999999976717, 0.0 ], [ 2240795.109999999869615, 540142.539999999920838, 0.0 ], [ 2240800.33, 540138.589999999967404, 0.0 ], [ 2240837.253903642296791, 540171.402874327846803, 0.0 ] ] } },
{ "type": "Feature", "properties": { "fid": 4940, "handle": 3719697, "block": -1, "etype": 18, "space": 0, "layer": "0_Limits", "olinetype": "bylayer", "linetype": "", "color": "0,0,0,65", "ocolor": 256, "color24": -1, "transparency": 0, "lweight": -1, "linewidth": 0.13, "ltscale": 1.0, "visible": 1, "width": 1.0, "thickness": 0.0, "ext": "(3:0,0,0.1)" }, "geometry": { "type": "LineString", "coordinates": [ [ 2240865.556172974407673, 540147.767458149814047, 0.0 ], [ 2240843.770449127536267, 540166.350028661894612, 0.0 ], [ 2240837.253903642296791, 540171.402874327730387, 0.0 ], [ 2240800.33, 540138.589999999967404, 0.0 ], [ 2240804.83, 540135.180000000051223, 0.0 ], [ 2240818.330000000540167, 540124.970000000554137, 0.0 ], [ 2240818.915000000502914, 540119.589999999967404, 0.0 ], [ 2240847.354431490879506, 540124.938231109525077, 0.0 ], [ 2240865.556172974407673, 540147.767458149814047, 0.0 ] ] } },
{ "type": "Feature", "properties": { "fid": 4941, "handle": 3719794, "block": -1, "etype": 18, "space": 0, "layer": "0_Limits", "olinetype": "bylayer", "linetype": "", "color": "0,0,0,65", "ocolor": 256, "color24": -1, "transparency": 0, "lweight": -1, "linewidth": 0.13, "ltscale": 1.0, "visible": 1, "width": 1.0, "thickness": 0.0, "ext": "(3:0,0,0.1)" }, "geometry": { "type": "LineString", "coordinates": [ [ 2240994.048392177559435, 540207.831030142609961, 0.0 ], [ 2240950.67163847014308, 540201.532278913888149, 0.0 ], [ 2240945.034693355672061, 540183.452941637486219, 0.0 ], [ 2240947.640410856809467, 540182.750109525048174, 0.0 ], [ 2240950.257654356304556, 540182.091494964086451, 0.0 ], [ 2240952.885673563927412, 540181.477286760811694, 0.0 ], [ 2240955.523715102113783, 540180.907660991186276, 0.0 ], [ 2240958.171022718772292, 540180.382780950749293, 0.0 ], [ 2240960.826837506145239, 540179.90279710770119, 0.0 ], [ 2240963.490398117341101, 540179.467847059830092, 0.0 ], [ 2240966.160940985661, 540179.07805549504701, 0.0 ], [ 2240968.83770054159686, 540178.733534155297093, 0.0 ], [ 2240971.519909434486181, 540178.434381805243902, 0.0 ], [ 2240974.206798751372844, 540178.180684203281999, 0.0 ], [ 2240976.897598237264901, 540177.972514077438973, 0.0 ], [ 2240979.591536516323686, 540177.809931104071438, 0.0 ], [ 2240982.287841313052922, 540177.692981891101226, 0.0 ], [ 2240984.985739673022181, 540177.621699964511208, 0.0 ], [ 2240987.684458185452968, 540177.596105758915655, 0.0 ], [ 2240990.383223204873502, 540177.616206611390226, 0.0 ], [ 2240993.081261071842164, 540177.681996759492904, 0.0 ], [ 2240995.777798335067928, 540177.793457343243062, 0.0 ], [ 2240998.472061974462122, 540177.950556410010904, 0.0 ], [ 2241001.163279620464891, 540178.153248923830688, 0.0 ], [ 2241003.85067977802828, 540178.401476778672077, 0.0 ], [ 2241006.659312122967094, 540184.26490558241494, 0.0 ], [ 2241003.358420053496957, 540190.076079364982434, 0.0 ], [ 2241000.155703704338521, 540195.941932855290361, 0.0 ], [ 2240997.052068581338972, 540201.860807596938685, 0.0 ], [ 2240994.048392177559435, 540207.831030142609961, 0.0 ] ] } },
{ "type": "Feature", "properties": { "fid": 4942, "handle": 3719867, "block": -1, "etype": 18, "space": 0, "layer": "0_Limits", "olinetype": "bylayer", "linetype": "", "color": "0,0,0,65", "ocolor": 256, "color24": -1, "transparency": 0, "lweight": -1, "linewidth": 0.13, "ltscale": 1.0, "visible": 1, "width": 1.0, "thickness": 0.0, "ext": "(3:0,0,0.1)" }, "geometry": { "type": "LineString", "coordinates": [ [ 2240966.741280941292644, 540280.361901682219468, 0.0 ], [ 2240933.978272631764412, 540247.552299749921076, 0.0 ], [ 2240950.906067047268152, 540229.119324267259799, 0.0 ], [ 2240979.889766806270927, 540240.109152172575705, 0.0 ], [ 2240977.73801941331476, 540245.76621112797875, 0.0 ], [ 2240975.676571059972048, 540251.456796647398733, 0.0 ], [ 2240973.705943853594363, 540257.179467464447953, 0.0 ], [ 2240971.826636898331344, 540262.932774186367169, 0.0 ], [ 2240970.039126171264797, 540268.71525966131594, 0.0 ], [ 2240968.34386439807713, 540274.525459346943535, 0.0 ], [ 2240966.741280941292644, 540280.361901682219468, 0.0 ] ] } },
{ "type": "Feature", "properties": { "fid": 4943, "handle": 3719904, "block": -1, "etype": 18, "space": 0, "layer": "0_Limits", "olinetype": "bylayer", "linetype": "", "color": "0,0,0,65", "ocolor": 256, "color24": -1, "transparency": 0, "lweight": -1, "linewidth": 0.13, "ltscale": 1.0, "visible": 1, "width": 1.0, "thickness": 0.0, "ext": "(3:0,0,0.1)" }, "geometry": { "type": "LineString", "coordinates": [ [ 2240963.317391798831522, 540294.07700076198671, 0.0 ], [ 2240958.602357913739979, 540298.694207819760777, 0.0 ], [ 2240955.925972834695131, 540299.447100210469216, 0.0 ], [ 2240953.2614292264916, 540300.240883181337267, 0.0 ], [ 2240950.609351788181812, 540301.075370631297119, 0.0 ], [ 2240947.970362294465303, 540301.950366915669292, 0.0 ], [ 2240945.345079453662038, 540302.86566689319443, 0.0 ], [ 2240942.734118758700788, 540303.82105597294867, 0.0 ], [ 2240913.405452194157988, 540257.739867814001627, 0.0 ], [ 2240933.978272631764412, 540247.552299749921076, 0.0 ], [ 2240966.741280941292644, 540280.361901682219468, 0.0 ], [ 2240966.216940506827086, 540282.050577702000737, 0.0 ], [ 2240965.719889410305768, 540283.747486597159877, 0.0 ], [ 2240965.25025681918487, 540285.45218739786651, 0.0 ], [ 2240964.80816477490589, 540287.164237109594978, 0.0 ], [ 2240964.393728162627667, 540288.883190827793442, 0.0 ], [ 2240964.007054680027068, 540290.608601853949949, 0.0 ], [ 2240963.648244811221957, 540292.340021811309271, 0.0 ], [ 2240963.317391798831522, 540294.07700076198671, 0.0 ] ] } },
{ "type": "Feature", "properties": { "fid": 4944, "handle": 3719941, "block": -1, "etype": 18, "space": 0, "layer": "0_Limits", "olinetype": "bylayer", "linetype": "", "color": "0,0,0,65", "ocolor": 256, "color24": -1, "transparency": 0, "lweight": -1, "linewidth": 0.13, "ltscale": 1.0, "visible": 1, "width": 1.0, "thickness": 0.0, "ext": "(3:0,0,0.1)" }, "geometry": { "type": "LineString", "coordinates": [ [ 2240942.734118758700788, 540303.82105597294867, 0.0 ], [ 2240939.211404339410365, 540305.217566840816289, 0.0 ], [ 2240935.712541190907359, 540306.67280433094129, 0.0 ], [ 2240932.238508256152272, 540308.186361284344457, 0.0 ], [ 2240928.790277529973537, 540309.757814224809408, 0.0 ], [ 2240925.368813788983971, 540311.386723477509804, 0.0 ], [ 2240921.975074320100248, 540313.072633291827515, 0.0 ], [ 2240918.610008653718978, 540314.815071969176643, 0.0 ], [ 2240915.274558296892792, 540316.613551994902082, 0.0 ], [ 2240890.741488533094525, 540271.904478389420547, 0.0 ], [ 2240903.225746000185609, 540262.780812497832812, 0.0 ], [ 2240913.405452194623649, 540257.739867815980688, 0.0 ], [ 2240942.734118758700788, 540303.82105597294867, 0.0 ] ] } },
{ "type": "Feature", "properties": { "fid": 4945, "handle": 3719979, "block": -1, "etype": 18, "space": 0, "layer": "0_Limits", "olinetype": "bylayer", "linetype": "", "color": "0,0,0,65", "ocolor": 256, "color24": -1, "transparency": 0, "lweight": -1, "linewidth": 0.13, "ltscale": 1.0, "visible": 1, "width": 1.0, "thickness": 0.0, "ext": "(3:0,0,0.1)" }, "geometry": { "type": "LineString", "coordinates": [ [ 2240915.274558296892792, 540316.613551995018497, 0.0 ], [ 2240906.608297287020832, 540322.433216475066729, 0.0 ], [ 2240897.864375005010515, 540328.135531590902247, 0.0 ], [ 2240889.044380368199199, 540333.719461135915481, 0.0 ], [ 2240866.195344435051084, 540293.07919521688018, 0.0 ], [ 2240878.257231065537781, 540281.028144281008281, 0.0 ], [ 2240890.741488533094525, 540271.904478389420547, 0.0 ], [ 2240915.274558296892792, 540316.613551995018497, 0.0 ] ] } },
{ "type": "Feature", "properties": { "fid": 4946, "handle": 3720016, "block": -1, "etype": 18, "space": 0, "layer": "0_Limits", "olinetype": "bylayer", "linetype": "", "color": "0,0,0,65", "ocolor": 256, "color24": -1, "transparency": 0, "lweight": -1, "linewidth": 0.13, "ltscale": 1.0, "visible": 1, "width": 1.0, "thickness": 0.0, "ext": "(3:0,0,0.1)" }, "geometry": { "type": "LineString", "coordinates": [ [ 2240878.257231065537781, 540281.028144281008281, 0.0 ], [ 2240856.972923985682428, 540302.293330782093108, 0.0 ], [ 2240819.334401583764702, 540276.92839406139683, 0.0 ], [ 2240822.038406101986766, 540273.391218559467234, 0.0 ], [ 2240824.801079406868666, 540269.899673460400663, 0.0 ], [ 2240827.62165162153542, 540266.454731755773537, 0.0 ], [ 2240830.499336735345423, 540263.0573534501018, 0.0 ], [ 2240833.433332821819931, 540259.708485293318518, 0.0 ], [ 2240836.422822261694819, 540256.409060516976751, 0.0 ], [ 2240839.466971972025931, 540253.15999857429415, 0.0 ], [ 2240842.564933637622744, 540249.962204883689992, 0.0 ], [ 2240845.715843946207315, 540246.816570576746017, 0.0 ], [ 2240878.257231065537781, 540281.028144281008281, 0.0 ] ] } },
{ "type": "Feature", "properties": { "fid": 4947, "handle": 3720053, "block": -1, "etype": 18, "space": 0, "layer": "0_Limits", "olinetype": "bylayer", "linetype": "", "color": "0,0,0,65", "ocolor": 256, "color24": -1, "transparency": 0, "lweight": -1, "linewidth": 0.13, "ltscale": 1.0, "visible": 1, "width": 1.0, "thickness": 0.0, "ext": "(3:0,0,0.1)" }, "geometry": { "type": "LineString", "coordinates": [ [ 2240903.225746000185609, 540262.780812497832812, 0.0 ], [ 2240890.741488533094525, 540271.904478389420547, 0.0 ], [ 2240878.257231065537781, 540281.028144281008281, 0.0 ], [ 2240845.715843946207315, 540246.816570576629601, 0.0 ], [ 2240849.156105560716242, 540243.460137625457719, 0.0 ], [ 2240852.651674086228013, 540240.1613434801111, 0.0 ], [ 2240856.201583959627897, 540236.921099349972792, 0.0 ], [ 2240859.804854606743902, 540233.740300271660089, 0.0 ], [ 2240863.460490713827312, 540230.619824861758389, 0.0 ], [ 2240867.167482502758503, 540227.56053507339675, 0.0 ], [ 2240870.924806009512395, 540224.563275959226303, 0.0 ], [ 2240874.731423367280513, 540221.628875437309034, 0.0 ], [ 2240903.225746000185609, 540262.780812497832812, 0.0 ] ] } },
{ "type": "Feature", "properties": { "fid": 4948, "handle": 3720090, "block": -1, "etype": 18, "space": 0, "layer": "0_Limits", "olinetype": "bylayer", "linetype": "", "color": "0,0,0,65", "ocolor": 256, "color24": -1, "transparency": 0, "lweight": -1, "linewidth": 0.13, "ltscale": 1.0, "visible": 1, "width": 1.0, "thickness": 0.0, "ext": "(3:0,0,0.1)" }, "geometry": { "type": "LineString", "coordinates": [ [ 2240933.978272631764412, 540247.552299749921076, 0.0 ], [ 2240913.405452194623649, 540257.73986781691201, 0.0 ], [ 2240903.225746000185609, 540262.780812497832812, 0.0 ], [ 2240874.731423367280513, 540221.628875437425449, 0.0 ], [ 2240878.804973795544356, 540218.607139834202826, 0.0 ], [ 2240882.930570046417415, 540215.656859385897405, 0.0 ], [ 2240887.106958853080869, 540212.77893032412976, 0.0 ], [ 2240891.33287151902914, 540209.974226901307702, 0.0 ], [ 2240895.607024303171784, 540207.243601125548594, 0.0 ], [ 2240899.928118810523301, 540204.58788250212092, 0.0 ], [ 2240904.294842386152595, 540202.007877780590206, 0.0 ], [ 2240933.978272631764412, 540247.552299749921076, 0.0 ] ] } },
{ "type": "Feature", "properties": { "fid": 4950, "handle": 3720228, "block": -1, "etype": 18, "space": 0, "layer": "0_Limits", "olinetype": "bylayer", "linetype": "", "color": "0,0,0,65", "ocolor": 256, "color24": -1, "transparency": 0, "lweight": -1, "linewidth": 0.13, "ltscale": 1.0, "visible": 1, "width": 1.0, "thickness": 0.0, "ext": "(3:0,0,0.1)" }, "geometry": { "type": "LineString", "coordinates": [ [ 2240799.335996125359088, 540272.596516367397271, 0.0 ], [ 2240799.443928068969399, 540279.048222364392132, 0.0 ], [ 2240796.758027809672058, 540283.164327519247308, 0.0 ], [ 2240794.139954404439777, 540287.323903638636693, 0.0 ], [ 2240791.590411263052374, 540291.525833149906248, 0.0 ], [ 2240789.110083383042365, 540295.768987101386301, 0.0 ], [ 2240737.050950069911778, 540273.03240121609997, 0.0 ], [ 2240740.413761491887271, 540238.860377746750601, 0.0 ], [ 2240754.949433956295252, 540242.563650085474364, 0.0 ], [ 2240755.562803171575069, 540240.156121499836445, 0.0 ], [ 2240757.0520547949709, 540240.686669326969422, 0.0 ], [ 2240758.531858132220805, 540241.243026656913571, 0.0 ], [ 2240760.001765929628164, 540241.825025336933322, 0.0 ], [ 2240761.461333923507482, 540242.432489464525133, 0.0 ], [ 2240762.910120976623148, 540243.065235440502875, 0.0 ], [ 2240764.347689209505916, 540243.723072024644352, 0.0 ], [ 2240765.773604133166373, 540244.405800393316895, 0.0 ], [ 2240767.187434781342745, 540245.113214199664071, 0.0 ], [ 2240768.588753839954734, 540245.845099635887891, 0.0 ], [ 2240769.977137775626034, 540246.601235497975722, 0.0 ], [ 2240771.35216696606949, 540247.381393252406269, 0.0 ], [ 2240772.71342582302168, 540248.185337105300277, 0.0 ], [ 2240774.060502922628075, 540249.012824073899537, 0.0 ], [ 2240775.39299112604931, 540249.863604059559293, 0.0 ], [ 2240776.710487702861428, 540250.737419923767447, 0.0 ], [ 2240778.012594455853105, 540251.634007565560751, 0.0 ], [ 2240779.298917837440968, 540252.553096001618542, 0.0 ], [ 2240780.569069071207196, 540253.494407447869889, 0.0 ], [ 2240781.822664268314838, 540254.457657403545454, 0.0 ], [ 2240783.05932454392314, 540255.442554737324826, 0.0 ], [ 2240784.278676131274551, 540256.448801775230095, 0.0 ], [ 2240785.480350495781749, 540257.47609439061489, 0.0 ], [ 2240786.663984444458038, 540258.524122095783241, 0.0 ], [ 2240787.829220237676054, 540259.592568136402406, 0.0 ], [ 2240788.975705695804209, 540260.681109586730599, 0.0 ], [ 2240790.103094307240099, 540261.789417447522283, 0.0 ], [ 2240791.211045331321657, 540262.917156745330431, 0.0 ], [ 2240792.299223902635276, 540264.063986633671448, 0.0 ], [ 2240793.367301130667329, 540265.229560496401973, 0.0 ], [ 2240794.414954202249646, 540266.413526052027009, 0.0 ], [ 2240795.441866476088762, 540267.615525460452773, 0.0 ], [ 2240796.447727579157799, 540268.835195430903696, 0.0 ], [ 2240797.43223350122571, 540270.072167332051322, 0.0 ], [ 2240798.395086687523872, 540271.326067303190939, 0.0 ], [ 2240799.335996125359088, 540272.596516367397271, 0.0 ] ] } },
{ "type": "Feature", "properties": { "fid": 4951, "handle": 3720264, "block": -1, "etype": 18, "space": 0, "layer": "0_Limits", "olinetype": "bylayer", "linetype": "", "color": "0,0,0,65", "ocolor": 256, "color24": -1, "transparency": 0, "lweight": -1, "linewidth": 0.13, "ltscale": 1.0, "visible": 1, "width": 1.0, "thickness": 0.0, "ext": "(3:0,0,0.1)" }, "geometry": { "type": "LineString", "coordinates": [ [ 2240830.850278708618134, 540240.599996999721043, 0.0 ], [ 2240827.894073729868978, 540243.668727691983804, 0.0 ], [ 2240824.985299604944885, 540246.782453599851578, 0.0 ], [ 2240822.12464110320434, 540249.940441705402918, 0.0 ], [ 2240819.312771666329354, 540253.141948570962995, 0.0 ], [ 2240816.55035325139761, 540256.386220513726585, 0.0 ], [ 2240813.838036172091961, 540259.672493783175014, 0.0 ], [ 2240811.176458949688822, 540262.999994741403498, 0.0 ], [ 2240804.692744957283139, 540263.123535866849124, 0.0 ], [ 2240803.609389160294086, 540261.786788624362089, 0.0 ], [ 2240802.503325090743601, 540260.468769183265977, 0.0 ], [ 2240801.374876434914768, 540259.169863257673569, 0.0 ], [ 2240800.224373429082334, 540257.890450968174264, 0.0 ], [ 2240799.052152764517814, 540256.630906730541028, 0.0 ], [ 2240797.85855748783797, 540255.391599146299995, 0.0 ], [ 2240796.643936900421977, 540254.172890894929878, 0.0 ], [ 2240795.40864645736292, 540252.975138627225533, 0.0 ], [ 2240794.153047662694007, 540251.798692861688323, 0.0 ], [ 2240792.877507962752134, 540250.643897881149314, 0.0 ], [ 2240791.58240064047277, 540249.511091632768512, 0.0 ], [ 2240790.268104704562575, 540248.400605628383346, 0.0 ], [ 2240788.935004779603332, 540247.312764848349616, 0.0 ], [ 2240787.583490992430598, 540246.24788764573168, 0.0 ], [ 2240786.213958859909326, 540245.206285653170198, 0.0 ], [ 2240784.826809171121567, 540244.188263692194596, 0.0 ], [ 2240783.422447870019823, 540243.194119683699682, 0.0 ], [ 2240782.001285939477384, 540242.224144560517743, 0.0 ], [ 2240780.563739276956767, 540241.278622182901017, 0.0 ], [ 2240779.110228576697409, 540240.35782925481908, 0.0 ], [ 2240777.641179203055799, 540239.462035243283026, 0.0 ], [ 2240776.157021068967879, 540238.591502299532294, 0.0 ], [ 2240774.658188508357853, 540237.746485182200558, 0.0 ], [ 2240773.145120149943978, 540236.927231182809919, 0.0 ], [ 2240771.618258788250387, 540236.133980053360574, 0.0 ], [ 2240770.07805125368759, 540235.366963936132379, 0.0 ], [ 2240798.5, 540201.560076581779867, 0.0 ], [ 2240830.850278708618134, 540240.599996999721043, 0.0 ] ] } },
{ "type": "Feature", "properties": { "fid": 4952, "handle": 3720302, "block": -1, "etype": 18, "space": 0, "layer": "0_Limits", "olinetype": "bylayer", "linetype": "", "color": "0,0,0,65", "ocolor": 256, "color24": -1, "transparency": 0, "lweight": -1, "linewidth": 0.13, "ltscale": 1.0, "visible": 1, "width": 1.0, "thickness": 0.0, "ext": "(3:0,0,0.1)" }, "geometry": { "type": "LineString", "coordinates": [ [ 2240770.07805125368759, 540235.366963936132379, 0.0 ], [ 2240768.609497969970107, 540234.665886324364692, 0.0 ], [ 2240767.129794381558895, 540233.988659732509404, 0.0 ], [ 2240765.639327826909721, 540233.33546143642161, 0.0 ], [ 2240764.138488459866494, 540232.70646242168732, 0.0 ], [ 2240762.627669151872396, 540232.101827339385636, 0.0 ], [ 2240761.107265384402126, 540231.521714463131502, 0.0 ], [ 2240759.57767514931038, 540230.966275647399016, 0.0 ], [ 2240758.039298842661083, 540230.435656287474558, 0.0 ], [ 2240758.652706294320524, 540228.027977620949969, 0.0 ], [ 2240744.224746118765324, 540224.35214728419669, 0.0 ], [ 2240747.980001497548074, 540174.899999134126119, 0.0 ], [ 2240767.627617765218019, 540163.535415753140114, 0.0 ], [ 2240798.5, 540201.560076581779867, 0.0 ], [ 2240770.07805125368759, 540235.366963936132379, 0.0 ] ] } },
{ "type": "Feature", "properties": { "fid": 4953, "handle": 3720388, "block": -1, "etype": 18, "space": 0, "layer": "0_Limits", "olinetype": "bylayer", "linetype": "", "color": "0,0,0,65", "ocolor": 256, "color24": -1, "transparency": 0, "lweight": -1, "linewidth": 0.13, "ltscale": 1.0, "visible": 1, "width": 1.0, "thickness": 0.0, "ext": "(3:0,0,0.1)" }, "geometry": { "type": "LineString", "coordinates": [ [ 2240737.050950069911778, 540273.03240121609997, 0.0 ], [ 2240690.042499996721745, 540266.640000045998022, 0.0 ], [ 2240691.100000000558794, 540252.060000000405125, 0.0 ], [ 2240693.740000000223517, 540219.319999999715947, 0.0 ], [ 2240694.044379347003996, 540215.533013624255545, 0.0 ], [ 2240741.893153136130422, 540233.053634290816262, 0.0 ], [ 2240740.413761491887271, 540238.860377746750601, 0.0 ], [ 2240737.050950069911778, 540273.03240121609997, 0.0 ] ] } },
{ "type": "Feature", "properties": { "fid": 4954, "handle": 3720428, "block": -1, "etype": 18, "space": 0, "layer": "0_Limits", "olinetype": "bylayer", "linetype": "", "color": "0,0,0,65", "ocolor": 256, "color24": -1, "transparency": 0, "lweight": -1, "linewidth": 0.13, "ltscale": 1.0, "visible": 1, "width": 1.0, "thickness": 0.0, "ext": "(3:0,0,0.1)" }, "geometry": { "type": "LineString", "coordinates": [ [ 2240744.224746118765324, 540224.35214728419669, 0.0 ], [ 2240742.637642261572182, 540230.131448434083723, 0.0 ], [ 2240694.169099631719291, 540212.429557533585466, 0.0 ], [ 2240697.339999999850988, 540174.53000000002794, 0.0 ], [ 2240697.720000000204891, 540171.49, 0.0 ], [ 2240718.819999999832362, 540173.26, 0.0 ], [ 2240725.549999999813735, 540173.800000000046566, 0.0 ], [ 2240735.5, 540174.290000000037253, 0.0 ], [ 2240747.980001426301897, 540174.900000069756061, 0.0 ], [ 2240744.224746118765324, 540224.35214728419669, 0.0 ] ] } },
{ "type": "Feature", "properties": { "fid": 4955, "handle": 3720493, "block": -1, "etype": 18, "space": 0, "layer": "0_Limits", "olinetype": "bylayer", "linetype": "", "color": "0,0,0,65", "ocolor": 256, "color24": -1, "transparency": 0, "lweight": -1, "linewidth": 0.13, "ltscale": 1.0, "visible": 1, "width": 1.0, "thickness": 0.0, "ext": "(3:0,0,0.1)" }, "geometry": { "type": "LineString", "coordinates": [ [ 2240771.342120888177305, 540332.267499279929325, 0.0 ], [ 2240765.244454058818519, 540334.530717523652129, 0.0 ], [ 2240759.751496887300164, 540331.811635475140065, 0.0 ], [ 2240754.305428983643651, 540328.999815769260749, 0.0 ], [ 2240748.907815896440297, 540326.096066703554243, 0.0 ], [ 2240750.140809135977179, 540323.927105279057287, 0.0 ], [ 2240733.008057162631303, 540314.115237564663403, 0.0 ], [ 2240737.050950069911778, 540273.03240121609997, 0.0 ], [ 2240789.110083383042365, 540295.768987101269886, 0.0 ], [ 2240786.620845892000943, 540300.195049777394161, 0.0 ], [ 2240784.206919251941144, 540304.662632152088918, 0.0 ], [ 2240781.868995785247535, 540309.170452907448635, 0.0 ], [ 2240779.607746016234159, 540313.717219184851274, 0.0 ], [ 2240777.423818479292095, 540318.301626956090331, 0.0 ], [ 2240775.31783953262493, 540322.922361397184432, 0.0 ], [ 2240773.290413178037852, 540327.578097265446559, 0.0 ], [ 2240771.342120888177305, 540332.267499279929325, 0.0 ] ] } },
{ "type": "Feature", "properties": { "fid": 4956, "handle": 3720576, "block": -1, "etype": 18, "space": 0, "layer": "0_Limits", "olinetype": "bylayer", "linetype": "", "color": "0,0,0,65", "ocolor": 256, "color24": -1, "transparency": 0, "lweight": -1, "linewidth": 0.13, "ltscale": 1.0, "visible": 1, "width": 1.0, "thickness": 0.0, "ext": "(3:0,0,0.1)" }, "geometry": { "type": "LineString", "coordinates": [ [ 2240733.008057162631303, 540314.115237564663403, 0.0 ], [ 2240731.681456127204001, 540321.061806615674868, 0.0 ], [ 2240687.033077444881201, 540311.423919774359092, 0.0 ], [ 2240688.03000000026077, 540295.380000000237487, 0.0 ], [ 2240688.259999999776483, 540291.229999999864958, 0.0 ], [ 2240689.69, 540271.499999999883585, 0.0 ], [ 2240690.042499996721745, 540266.640000045998022, 0.0 ], [ 2240690.042500003706664, 540266.639999954029918, 0.0 ], [ 2240737.050950069911778, 540273.03240121609997, 0.0 ], [ 2240733.008057162631303, 540314.115237564663403, 0.0 ] ] } },
{ "type": "Feature", "properties": { "fid": 4957, "handle": 3720615, "block": -1, "etype": 18, "space": 0, "layer": "0_Limits", "olinetype": "bylayer", "linetype": "", "color": "0,0,0,65", "ocolor": 256, "color24": -1, "transparency": 0, "lweight": -1, "linewidth": 0.13, "ltscale": 1.0, "visible": 1, "width": 1.0, "thickness": 0.0, "ext": "(3:0,0,0.1)" }, "geometry": { "type": "LineString", "coordinates": [ [ 2240718.97434320859611, 540372.050405679619871, 0.0 ], [ 2240688.168476035818458, 540367.267356279771775, 0.0 ], [ 2240686.049999999813735, 540330.330000000423752, 0.0 ], [ 2240686.955998714081943, 540314.475023351958953, 0.0 ], [ 2240730.874225710052997, 540323.956645046244375, 0.0 ], [ 2240729.677657908760011, 540329.475314901093952, 0.0 ], [ 2240718.97434320859611, 540372.050405679619871, 0.0 ] ] } },
{ "type": "Feature", "properties": { "fid": 4958, "handle": 3720653, "block": -1, "etype": 18, "space": 0, "layer": "0_Limits", "olinetype": "bylayer", "linetype": "", "color": "0,0,0,65", "ocolor": 256, "color24": -1, "transparency": 0, "lweight": -1, "linewidth": 0.13, "ltscale": 1.0, "visible": 1, "width": 1.0, "thickness": 0.0, "ext": "(3:0,0,0.1)" }, "geometry": { "type": "LineString", "coordinates": [ [ 2240756.943852993194014, 540377.945712569402531, 0.0 ], [ 2240718.97434320859611, 540372.050405679619871, 0.0 ], [ 2240729.677657908760011, 540329.475314901093952, 0.0 ], [ 2240742.791815070435405, 540336.759370882762596, 0.0 ], [ 2240743.935344832483679, 540334.762624457944185, 0.0 ], [ 2240748.452767230570316, 540337.211670973338187, 0.0 ], [ 2240753.004574654623866, 540339.596200933679938, 0.0 ], [ 2240757.58984575746581, 540341.915731677901931, 0.0 ], [ 2240762.20765241747722, 540344.169793701614253, 0.0 ], [ 2240764.741383166052401, 540350.155627686530352, 0.0 ], [ 2240763.256493147928268, 540354.73316987499129, 0.0 ], [ 2240761.845258220098913, 540359.333953159512021, 0.0 ], [ 2240760.508041887078434, 540363.956792474607937, 0.0 ], [ 2240759.245188588276505, 540368.600497073144652, 0.0 ], [ 2240758.057023608125746, 540373.263870834023692, 0.0 ], [ 2240756.943852993194014, 540377.945712569402531, 0.0 ] ] } },
{ "type": "Feature", "properties": { "fid": 4959, "handle": 3720840, "block": -1, "etype": 18, "space": 0, "layer": "0_Limits", "olinetype": "bylayer", "linetype": "", "color": "0,0,0,65", "ocolor": 256, "color24": -1, "transparency": 0, "lweight": -1, "linewidth": 0.13, "ltscale": 1.0, "visible": 1, "width": 1.0, "thickness": 0.0, "ext": "(3:0,0,0.1)" }, "geometry": { "type": "LineString", "coordinates": [ [ 2240752.100318775977939, 540404.507718824432231, 0.0 ], [ 2240690.025707080028951, 540399.081823009531945, 0.0 ], [ 2240689.240000000689179, 540386.459999999846332, 0.0 ], [ 2240688.65, 540376.979999999864958, 0.0 ], [ 2240688.168476035818458, 540367.267356279771775, 0.0 ], [ 2240723.450203736778349, 540372.745346740470268, 0.0 ], [ 2240756.943852993194014, 540377.945712569402531, 0.0 ], [ 2240755.97073267120868, 540382.340749951312318, 0.0 ], [ 2240755.063700591679662, 540386.749900612980127, 0.0 ], [ 2240754.222961176652461, 540391.172170842764899, 0.0 ], [ 2240753.448703907430172, 540395.606563972658478, 0.0 ], [ 2240752.74110328219831, 540400.052080602268688, 0.0 ], [ 2240752.100318775977939, 540404.507718824432231, 0.0 ] ] } },
{ "type": "Feature", "properties": { "fid": 4960, "handle": 3720889, "block": -1, "etype": 18, "space": 0, "layer": "0_Limits", "olinetype": "bylayer", "linetype": "", "color": "0,0,0,65", "ocolor": 256, "color24": -1, "transparency": 0, "lweight": -1, "linewidth": 0.13, "ltscale": 1.0, "visible": 1, "width": 1.0, "thickness": 0.0, "ext": "(3:0,0,0.1)" }, "geometry": { "type": "LineString", "coordinates": [ [ 2240749.50843674922362, 540435.490783169050701, 0.0 ], [ 2240692.343263424467295, 540435.561625626171008, 0.0 ], [ 2240692.040000000502914, 540431.439999999827705, 0.0 ], [ 2240690.025707080028951, 540399.081823009531945, 0.0 ], [ 2240752.100318775977939, 540404.507718824432231, 0.0 ], [ 2240751.405255661346018, 540410.688281200011261, 0.0 ], [ 2240750.79842142155394, 540416.87812903476879, 0.0 ], [ 2240750.279939527623355, 540423.076002907007933, 0.0 ], [ 2240749.849915471393615, 540429.280641762190498, 0.0 ], [ 2240749.50843674922362, 540435.490783169050701, 0.0 ] ] } },
{ "type": "Feature", "properties": { "fid": 4961, "handle": 3720939, "block": -1, "etype": 18, "space": 0, "layer": "0_Limits", "olinetype": "bylayer", "linetype": "", "color": "0,0,0,65", "ocolor": 256, "color24": -1, "transparency": 0, "lweight": -1, "linewidth": 0.13, "ltscale": 1.0, "visible": 1, "width": 1.0, "thickness": 0.0, "ext": "(3:0,0,0.1)" }, "geometry": { "type": "LineString", "coordinates": [ [ 2240750.129380334168673, 540466.445000567589886, 0.0 ], [ 2240694.965752040036023, 540471.037234767456539, 0.0 ], [ 2240693.580000000540167, 540452.37, 0.0 ], [ 2240692.343263424467295, 540435.561625626171008, 0.0 ], [ 2240749.50843674922362, 540435.490783169050701, 0.0 ], [ 2240749.366636678110808, 540439.914101021015085, 0.0 ], [ 2240749.301678020041436, 540444.339214403997175, 0.0 ], [ 2240749.313580368179828, 540448.764788537868299, 0.0 ], [ 2240749.402340133208781, 540453.189488503267057, 0.0 ], [ 2240749.567930541466922, 540457.611979644745588, 0.0 ], [ 2240749.810301644261926, 540462.030927973100916, 0.0 ], [ 2240750.129380334168673, 540466.445000567589886, 0.0 ] ] } },
{ "type": "Feature", "properties": { "fid": 4962, "handle": 3720987, "block": -1, "etype": 18, "space": 0, "layer": "0_Limits", "olinetype": "bylayer", "linetype": "", "color": "0,0,0,65", "ocolor": 256, "color24": -1, "transparency": 0, "lweight": -1, "linewidth": 0.13, "ltscale": 1.0, "visible": 1, "width": 1.0, "thickness": 0.0, "ext": "(3:0,0,0.1)" }, "geometry": { "type": "LineString", "coordinates": [ [ 2240762.447903621476144, 540537.807355615310371, 0.0 ], [ 2240700.819999999366701, 540550.119999997434206, 0.0 ], [ 2240698.84683544607833, 540523.518501581507735, 0.0 ], [ 2240697.889488253276795, 540510.55550310399849, 0.0 ], [ 2240755.310000511351973, 540504.405368403880857, 0.0 ], [ 2240757.497995876241475, 540515.579673438100144, 0.0 ], [ 2240759.877530764322728, 540526.714763488504104, 0.0 ], [ 2240762.447903621476144, 540537.807355615310371, 0.0 ] ] } },
{ "type": "Feature", "properties": { "fid": 4963, "handle": 3721038, "block": -1, "etype": 18, "space": 0, "layer": "0_Limits", "olinetype": "bylayer", "linetype": "", "color": "0,0,0,65", "ocolor": 256, "color24": -1, "transparency": 0, "lweight": -1, "linewidth": 0.13, "ltscale": 1.0, "visible": 1, "width": 1.0, "thickness": 0.0, "ext": "(3:0,0,0.1)" }, "geometry": { "type": "LineString", "coordinates": [ [ 2240770.4, 540569.315091994125396, 0.0 ], [ 2240709.106569320429116, 540584.027802954427898, 0.0 ], [ 2240702.560000000521541, 540557.259999999660067, 0.0 ], [ 2240700.820000717416406, 540550.120009676436894, 0.0 ], [ 2240762.447903621476144, 540537.807355615310371, 0.0 ], [ 2240764.953498824499547, 540548.346201462671161, 0.0 ], [ 2240767.604366075713187, 540558.849447719636373, 0.0 ], [ 2240770.4, 540569.315091994125396, 0.0 ] ] } },
{ "type": "Feature", "properties": { "fid": 4964, "handle": 3721088, "block": -1, "etype": 18, "space": 0, "layer": "0_Limits", "olinetype": "bylayer", "linetype": "", "color": "0,0,0,65", "ocolor": 256, "color24": -1, "transparency": 0, "lweight": -1, "linewidth": 0.13, "ltscale": 1.0, "visible": 1, "width": 1.0, "thickness": 0.0, "ext": "(3:0,0,0.1)" }, "geometry": { "type": "LineString", "coordinates": [ [ 2240778.95864067459479, 540599.094158644089475, 0.0 ], [ 2240721.224095718003809, 540615.766292596585117, 0.0 ], [ 2240710.940000000409782, 540591.539999999920838, 0.0 ], [ 2240709.990000000223517, 540587.64000000001397, 0.0 ], [ 2240709.106569320429116, 540584.027802954427898, 0.0 ], [ 2240770.4, 540569.315091994125396, 0.0 ], [ 2240773.11343241808936, 540579.281172496965155, 0.0 ], [ 2240775.96650006249547, 540589.208180157584138, 0.0 ], [ 2240778.95864067459479, 540599.094158644089475, 0.0 ] ] } },
{ "type": "Feature", "properties": { "fid": 4965, "handle": 3721138, "block": -1, "etype": 18, "space": 0, "layer": "0_Limits", "olinetype": "bylayer", "linetype": "", "color": "0,0,0,65", "ocolor": 256, "color24": -1, "transparency": 0, "lweight": -1, "linewidth": 0.13, "ltscale": 1.0, "visible": 1, "width": 1.0, "thickness": 0.0, "ext": "(3:0,0,0.1)" }, "geometry": { "type": "LineString", "coordinates": [ [ 2240788.979307481087744, 540629.363644958124496, 0.0 ], [ 2240735.934082375839353, 540650.626391143654473, 0.0 ], [ 2240731.580000000540167, 540640.329999999492429, 0.0 ], [ 2240721.907233720645308, 540617.375563998124562, 0.0 ], [ 2240721.224095718003809, 540615.766292596585117, 0.0 ], [ 2240778.95864067459479, 540599.094158644089475, 0.0 ], [ 2240782.153467014897615, 540609.23173366941046, 0.0 ], [ 2240785.493920114822686, 540619.322259712731466, 0.0 ], [ 2240788.979307481087744, 540629.363644958124496, 0.0 ] ] } },
{ "type": "Feature", "properties": { "fid": 4966, "handle": 3721189, "block": -1, "etype": 18, "space": 0, "layer": "0_Limits", "olinetype": "bylayer", "linetype": "", "color": "0,0,0,65", "ocolor": 256, "color24": -1, "transparency": 0, "lweight": -1, "linewidth": 0.13, "ltscale": 1.0, "visible": 1, "width": 1.0, "thickness": 0.0, "ext": "(3:0,0,0.1)" }, "geometry": { "type": "LineString", "coordinates": [ [ 2240802.760552138555795, 540659.226173522416502, 0.0 ], [ 2240750.260989980306476, 540684.703867265372537, 0.0 ], [ 2240746.390000000596046, 540675.499999999417923, 0.0 ], [ 2240743.94, 540669.700000000069849, 0.0 ], [ 2240740.060000000521541, 540660.469999999622814, 0.0 ], [ 2240735.934082375839353, 540650.626391143654473, 0.0 ], [ 2240788.989208713639528, 540629.359676129650325, 0.0 ], [ 2240790.493176810909063, 540633.188931387034245, 0.0 ], [ 2240792.060170437209308, 540636.992830286733806, 0.0 ], [ 2240793.689762303140014, 540640.770335576497018, 0.0 ], [ 2240795.381508049089462, 540644.520417201565579, 0.0 ], [ 2240797.134946368169039, 540648.242052584770136, 0.0 ], [ 2240798.94959913007915, 540651.934226905810647, 0.0 ], [ 2240800.824971512891352, 540655.595933377975598, 0.0 ], [ 2240802.760552138555795, 540659.226173522416502, 0.0 ] ] } },
{ "type": "Feature", "properties": { "fid": 4967, "handle": 3721239, "block": -1, "etype": 18, "space": 0, "layer": "0_Limits", "olinetype": "bylayer", "linetype": "", "color": "0,0,0,65", "ocolor": 256, "color24": -1, "transparency": 0, "lweight": -1, "linewidth": 0.13, "ltscale": 1.0, "visible": 1, "width": 1.0, "thickness": 0.0, "ext": "(3:0,0,0.1)" }, "geometry": { "type": "LineString", "coordinates": [ [ 2240764.648954991716892, 540724.772783636697568, 0.0 ], [ 2240758.490000000223517, 540706.909999999566935, 0.0 ], [ 2240753.460000000428408, 540692.309999999473803, 0.0 ], [ 2240751.425736065488309, 540687.473228182760067, 0.0 ], [ 2240804.070345133543015, 540661.925144565175287, 0.0 ], [ 2240806.420749787706882, 540666.151107550715096, 0.0 ], [ 2240808.84375067288056, 540670.335869420319796, 0.0 ], [ 2240811.338625779841095, 540674.478183193248697, 0.0 ], [ 2240813.904631683137268, 540678.576814537867904, 0.0 ], [ 2240816.541003760416061, 540682.630542138824239, 0.0 ], [ 2240819.246956422924995, 540686.638158061308786, 0.0 ], [ 2240764.648954991716892, 540724.772783636697568, 0.0 ] ] } },
{ "type": "Feature", "properties": { "fid": 4968, "handle": 3721291, "block": -1, "etype": 18, "space": 0, "layer": "0_Limits", "olinetype": "bylayer", "linetype": "", "color": "0,0,0,65", "ocolor": 256, "color24": -1, "transparency": 0, "lweight": -1, "linewidth": 0.13, "ltscale": 1.0, "visible": 1, "width": 1.0, "thickness": 0.0, "ext": "(3:0,0,0.1)" }, "geometry": { "type": "LineString", "coordinates": [ [ 2240787.761187051888555, 540763.078622065950185, 0.0 ], [ 2240775.330000558868051, 540755.840001624659635, 0.0 ], [ 2240773.350000000558794, 540750.079999999026768, 0.0 ], [ 2240771.670000000391155, 540745.200000000069849, 0.0 ], [ 2240768.310000000521541, 540735.45999999938067, 0.0 ], [ 2240764.648954991716892, 540724.772783636697568, 0.0 ], [ 2240819.246956422924995, 540686.638158061308786, 0.0 ], [ 2240821.836139112710953, 540690.320719289011322, 0.0 ], [ 2240824.483903772197664, 540693.961387703660876, 0.0 ], [ 2240827.189572706818581, 540697.559231476741843, 0.0 ], [ 2240829.952453400474042, 540701.113329740706831, 0.0 ], [ 2240832.771838694345206, 540704.622772824950516, 0.0 ], [ 2240835.647006968036294, 540708.086662487825379, 0.0 ], [ 2240787.761187051888555, 540763.078622065950185, 0.0 ] ] } },
{ "type": "Feature", "properties": { "fid": 4969, "handle": 3721340, "block": -1, "etype": 18, "space": 0, "layer": "0_Limits", "olinetype": "bylayer", "linetype": "", "color": "0,0,0,65", "ocolor": 256, "color24": -1, "transparency": 0, "lweight": -1, "linewidth": 0.13, "ltscale": 1.0, "visible": 1, "width": 1.0, "thickness": 0.0, "ext": "(3:0,0,0.1)" }, "geometry": { "type": "LineString", "coordinates": [ [ 2240868.936000845395029, 540746.910795129020698, 0.0 ], [ 2240862.649357125163078, 540757.086087399278767, 0.0 ], [ 2240856.467309312429279, 540767.325264460523613, 0.0 ], [ 2240810.437861628830433, 540737.147632318548858, 0.0 ], [ 2240835.648429949767888, 540708.088347642100416, 0.0 ], [ 2240838.521356365643442, 540711.436017856933177, 0.0 ], [ 2240841.447322987485677, 540714.737429886241443, 0.0 ], [ 2240844.425585102755576, 540717.991743459366262, 0.0 ], [ 2240847.455384688451886, 540721.198130293516442, 0.0 ], [ 2240850.535950604360551, 540724.3557743037818, 0.0 ], [ 2240853.666498790029436, 540727.463871811400168, 0.0 ], [ 2240856.445058302488178, 540730.150956189725548, 0.0 ], [ 2240859.263045814819634, 540732.796662484877743, 0.0 ], [ 2240862.119845192879438, 540735.400412230170332, 0.0 ], [ 2240865.014831814914942, 540737.96163613256067, 0.0 ], [ 2240867.947372711263597, 540740.479774196981452, 0.0 ], [ 2240868.936000845395029, 540746.910795129020698, 0.0 ] ] } },
{ "type": "Feature", "properties": { "fid": 4970, "handle": 3721387, "block": -1, "etype": 18, "space": 0, "layer": "0_Limits", "olinetype": "bylayer", "linetype": "", "color": "0,0,0,65", "ocolor": 256, "color24": -1, "transparency": 0, "lweight": -1, "linewidth": 0.13, "ltscale": 1.0, "visible": 1, "width": 1.0, "thickness": 0.0, "ext": "(3:0,0,0.1)" }, "geometry": { "type": "LineString", "coordinates": [ [ 2240840.892677853815258, 540794.224804083234631, 0.0 ], [ 2240787.761187051888555, 540763.078622065950185, 0.0 ], [ 2240810.437861628830433, 540737.147632318548858, 0.0 ], [ 2240856.467309312429279, 540767.325264460407197, 0.0 ], [ 2240848.590774516109377, 540780.723377102054656, 0.0 ], [ 2240840.892677853815258, 540794.224804083234631, 0.0 ] ] } },
{ "type": "Feature", "properties": { "fid": 4971, "handle": 3721437, "block": -1, "etype": 18, "space": 0, "layer": "0_Limits", "olinetype": "bylayer", "linetype": "", "color": "0,0,0,65", "ocolor": 256, "color24": -1, "transparency": 0, "lweight": -1, "linewidth": 0.13, "ltscale": 1.0, "visible": 1, "width": 1.0, "thickness": 0.0, "ext": "(3:0,0,0.1)" }, "geometry": { "type": "LineString", "coordinates": [ [ 2240840.892677853815258, 540794.224804083234631, 0.0 ], [ 2240837.954451754689217, 540799.490135779022239, 0.0 ], [ 2240837.10784556902945, 540799.565227408194914, 0.0 ], [ 2240836.262666150927544, 540799.654963340726681, 0.0 ], [ 2240835.419166793581098, 540799.759316683630459, 0.0 ], [ 2240834.577600285876542, 540799.878256162977777, 0.0 ], [ 2240833.738218838814646, 540800.011746133561246, 0.0 ], [ 2240832.901274007279426, 540800.15974658972118, 0.0 ], [ 2240832.067016615998, 540800.322213176870719, 0.0 ], [ 2240831.235696685500443, 540800.499097205349244, 0.0 ], [ 2240830.407563355285674, 540800.690345664392225, 0.0 ], [ 2240829.58286480884999, 540800.89590123842936, 0.0 ], [ 2240828.761848201975226, 540801.115702324430458, 0.0 ], [ 2240827.944759585894644, 540801.349683049833402, 0.0 ], [ 2240827.131843835115433, 540801.597773292567581, 0.0 ], [ 2240826.323344573844224, 540801.85989870224148, 0.0 ], [ 2240825.519504101481289, 540802.135980722028762, 0.0 ], [ 2240824.720563322771341, 540802.425936612533405, 0.0 ], [ 2240823.926761673297733, 540802.72967947658617, 0.0 ], [ 2240823.138337048236281, 540803.047118284855969, 0.0 ], [ 2240822.355525732040405, 540803.378157903905958, 0.0 ], [ 2240821.578562326263636, 540803.722699124016799, 0.0 ], [ 2240820.807679680176079, 540804.080638688988984, 0.0 ], [ 2240820.043108820449561, 540804.451869327458553, 0.0 ], [ 2240819.28507888270542, 540804.836279784911312, 0.0 ], [ 2240818.533817042130977, 540805.233754856744781, 0.0 ], [ 2240817.78954844456166, 540805.644175423192792, 0.0 ], [ 2240817.052496141754091, 540806.06741848483216, 0.0 ], [ 2240816.322881021536887, 540806.503357199137099, 0.0 ], [ 2240815.600921743549407, 540806.951860919129103, 0.0 ], [ 2240814.886834672186524, 540807.412795232259668, 0.0 ], [ 2240814.180833813734353, 540807.886022000340745, 0.0 ], [ 2240813.483130750246346, 540808.371399401454255, 0.0 ], [ 2240812.793934577144682, 540808.868781972210854, 0.0 ], [ 2240812.113451841287315, 540809.378020651172847, 0.0 ], [ 2240811.441886476706713, 540809.898962824139744, 0.0 ], [ 2240810.779439746402204, 540810.431452369084582, 0.0 ], [ 2240810.126310179475695, 540810.975329703651369, 0.0 ], [ 2240809.482693512924016, 540811.530431832303293, 0.0 ], [ 2240808.848782633896917, 540812.096592395799235, 0.0 ], [ 2240808.224767519626766, 540812.673641720670275, 0.0 ], [ 2240807.610835182014853, 540813.261406870326027, 0.0 ], [ 2240807.007169611286372, 540813.859711696510203, 0.0 ], [ 2240806.413951721042395, 540814.468376892618835, 0.0 ], [ 2240805.831359293311834, 540815.087220046669245, 0.0 ], [ 2240805.259566925931722, 540815.716055696830153, 0.0 ], [ 2240804.698745980393142, 540816.354695386602543, 0.0 ], [ 2240804.149064529687166, 540817.002947721048258, 0.0 ], [ 2240803.610687308944762, 540817.660618424532004, 0.0 ], [ 2240803.083775664679706, 540818.327510398929007, 0.0 ], [ 2240750.145210618153214, 540794.219305940088816, 0.0 ], [ 2240759.56, 540782.119999999529682, 0.0 ], [ 2240768.819999999832362, 540766.700000000069849, 0.0 ], [ 2240775.3198381671682, 540755.856951998430304, 0.0 ], [ 2240840.892677853815258, 540794.224804083234631, 0.0 ] ] } },
{ "type": "Feature", "properties": { "fid": 4972, "handle": 3721490, "block": -1, "etype": 18, "space": 0, "layer": "0_Limits", "olinetype": "bylayer", "linetype": "", "color": "0,0,0,65", "ocolor": 256, "color24": -1, "transparency": 0, "lweight": -1, "linewidth": 0.13, "ltscale": 1.0, "visible": 1, "width": 1.0, "thickness": 0.0, "ext": "(3:0,0,0.1)" }, "geometry": { "type": "LineString", "coordinates": [ [ 2240792.833964012097567, 540850.88274923642166, 0.0 ], [ 2240788.875486553180963, 540866.158691011019982, 0.0 ], [ 2240755.831790113355964, 540857.94529811036773, 0.0 ], [ 2240758.529999999795109, 540847.089999999734573, 0.0 ], [ 2240755.859999999869615, 540840.110000000218861, 0.0 ], [ 2240754.040000000502914, 540835.3599999997532, 0.0 ], [ 2240750.35, 540825.719999999622814, 0.0 ], [ 2240742.200000000651926, 540804.430000000051223, 0.0 ], [ 2240750.145210618153214, 540794.219305939972401, 0.0 ], [ 2240803.083775664679706, 540818.327510398929007, 0.0 ], [ 2240802.568331439979374, 540819.003632218809798, 0.0 ], [ 2240802.064672394189984, 540819.688578224158846, 0.0 ], [ 2240801.572949562687427, 540820.382143016671762, 0.0 ], [ 2240801.09331040084362, 540821.084118613624014, 0.0 ], [ 2240800.625898740254343, 540821.794294510153122, 0.0 ], [ 2240800.170854746364057, 540822.512457742122933, 0.0 ], [ 2240799.728314874693751, 540823.238392950268462, 0.0 ], [ 2240799.298411832656711, 540823.971882445039228, 0.0 ], [ 2240798.881274537649006, 540824.712706270976923, 0.0 ], [ 2240798.477028077468276, 540825.460642273537815, 0.0 ], [ 2240798.085793676786125, 540826.215466165565886, 0.0 ], [ 2240797.707688656635582, 540826.97695159423165, 0.0 ], [ 2240797.342826400883496, 540827.744870208902285, 0.0 ], [ 2240796.991316323168576, 540828.518991730059497, 0.0 ], [ 2240796.653263831976801, 540829.299084017984569, 0.0 ], [ 2240796.328770301304758, 540830.084913142491132, 0.0 ], [ 2240796.01793303899467, 540830.876243453123607, 0.0 ], [ 2240795.720845256466419, 540831.672837649588473, 0.0 ], [ 2240795.437596043106169, 540832.474456853233278, 0.0 ], [ 2240795.168270338792354, 540833.280860678409226, 0.0 ], [ 2240794.912948907352984, 540834.091807304881513, 0.0 ], [ 2240794.671708313282579, 540834.907053550006822, 0.0 ], [ 2240794.444620898459107, 540835.726354941609316, 0.0 ], [ 2240794.231754761189222, 540836.549465791904368, 0.0 ], [ 2240794.033173733856529, 540837.376139270374551, 0.0 ], [ 2240793.848937367089093, 540838.206127478391863, 0.0 ], [ 2240793.679100907873362, 540839.039181523141451, 0.0 ], [ 2240793.523715286049992, 540839.875051592476666, 0.0 ], [ 2240793.382827098015696, 540840.713487030006945, 0.0 ], [ 2240793.25647859275341, 540841.554236409720033, 0.0 ], [ 2240793.144707658793777, 540842.397047612001188, 0.0 ], [ 2240793.047547813504934, 540843.241667898837477, 0.0 ], [ 2240792.965028193313628, 540844.087843989487737, 0.0 ], [ 2240792.897173542529345, 540844.935322137200274, 0.0 ], [ 2240792.844004210084677, 540845.783848204184324, 0.0 ], [ 2240792.805536139756441, 540846.633167738909833, 0.0 ], [ 2240792.781780867371708, 540847.483026051428169, 0.0 ], [ 2240792.77274551615119, 540848.333168290555477, 0.0 ], [ 2240792.778432796243578, 540849.183339519891888, 0.0 ], [ 2240792.798841001465917, 540850.033284794306383, 0.0 ], [ 2240792.833964012097567, 540850.88274923642166, 0.0 ] ] } },
{ "type": "Feature", "properties": { "fid": 4973, "handle": 3721539, "block": -1, "etype": 18, "space": 0, "layer": "0_Limits", "olinetype": "bylayer", "linetype": "", "color": "0,0,0,65", "ocolor": 256, "color24": -1, "transparency": 0, "lweight": -1, "linewidth": 0.13, "ltscale": 1.0, "visible": 1, "width": 1.0, "thickness": 0.0, "ext": "(3:0,0,0.1)" }, "geometry": { "type": "LineString", "coordinates": [ [ 2240810.810000000521541, 540907.71999999973923, 0.0 ], [ 2240787.04, 540921.99, 0.0 ], [ 2240742.300000000279397, 540912.42000000027474, 0.0 ], [ 2240755.831790112890303, 540857.945298110251315, 0.0 ], [ 2240788.875486553180963, 540866.158691011019982, 0.0 ], [ 2240815.693154949229211, 540872.824532637489028, 0.0 ], [ 2240810.810000000521541, 540907.71999999973923, 0.0 ] ] } },
{ "type": "Feature", "properties": { "fid": 4974, "handle": 3721669, "block": -1, "etype": 18, "space": 0, "layer": "0_Limits", "olinetype": "bylayer", "linetype": "", "color": "0,0,0,65", "ocolor": 256, "color24": -1, "transparency": 0, "lweight": -1, "linewidth": 0.13, "ltscale": 1.0, "visible": 1, "width": 1.0, "thickness": 0.0, "ext": "(3:0,0,0.1)" }, "geometry": { "type": "LineString", "coordinates": [ [ 2240846.050380456261337, 540348.57640099839773, 0.0 ], [ 2240843.982758224476129, 540348.879376257769763, 0.0 ], [ 2240841.910455763339996, 540349.148482575081289, 0.0 ], [ 2240839.834027829114348, 540349.383647910319269, 0.0 ], [ 2240837.754030282609165, 540349.584809309570119, 0.0 ], [ 2240835.671019941102713, 540349.75191292189993, 0.0 ], [ 2240833.585554427001625, 540349.884914013557136, 0.0 ], [ 2240831.498192020691931, 540349.98377698007971, 0.0 ], [ 2240829.409491510596126, 540350.048475355724804, 0.0 ], [ 2240827.320012042764574, 540350.078991820802912, 0.0 ], [ 2240825.230312972329557, 540350.075318205868825, 0.0 ], [ 2240823.140953712631017, 540350.037455494515598, 0.0 ], [ 2240821.052493586204946, 540349.965413822676055, 0.0 ], [ 2240818.965491675771773, 540349.859212475712411, 0.0 ], [ 2240816.880506672430784, 540349.718879883992486, 0.0 ], [ 2240814.798096727579832, 540349.544453614507802, 0.0 ], [ 2240812.53869197703898, 540349.2260798815405, 0.0 ], [ 2240810.284968848805875, 540348.86970406700857, 0.0 ], [ 2240808.037566472310573, 540348.475427235011011, 0.0 ], [ 2240805.797122186049819, 540348.043361197924241, 0.0 ], [ 2240803.564271354116499, 540347.573628484737128, 0.0 ], [ 2240801.339647186920047, 540347.066362306242809, 0.0 ], [ 2240799.123880562838167, 540346.521706517320126, 0.0 ], [ 2240796.917599848005921, 540345.939815576188266, 0.0 ], [ 2240794.721430717967451, 540345.32085450051818, 0.0 ], [ 2240792.535995981656015, 540344.664998820284382, 0.0 ], [ 2240790.361915402580053, 540343.972434528986923, 0.0 ], [ 2240788.199805526062846, 540343.243358029751107, 0.0 ], [ 2240785.471735553815961, 540337.341341538354754, 0.0 ], [ 2240787.51131197437644, 540332.51898493245244, 0.0 ], [ 2240789.632493865676224, 540327.731962622725405, 0.0 ], [ 2240791.834669364150614, 540322.981655444949865, 0.0 ], [ 2240794.117203244008124, 540318.269433644367382, 0.0 ], [ 2240796.479437098838389, 540313.596656480338424, 0.0 ], [ 2240798.920689532533288, 540308.964671834022738, 0.0 ], [ 2240841.171412384137511, 540328.007723795133643, 0.0 ], [ 2240846.050380456261337, 540348.57640099839773, 0.0 ] ] } },
{ "type": "Feature", "properties": { "fid": 4975, "handle": 3722438, "block": -1, "etype": 18, "space": 0, "layer": "0_Limits", "olinetype": "bylayer", "linetype": "", "color": "0,0,0,65", "ocolor": 256, "color24": -1, "transparency": 0, "lweight": -1, "linewidth": 0.13, "ltscale": 1.0, "visible": 1, "width": 1.0, "thickness": 0.0, "ext": "(3:0,0,0.1)" }, "geometry": { "type": "LineString", "coordinates": [ [ 2240923.340919533744454, 540823.754183133249171, 0.0 ], [ 2240902.400000000372529, 540832.600000000442378, 0.0 ], [ 2240897.790000000502914, 540834.549999999231659, 0.0 ], [ 2240888.290000000502914, 540838.559999999473803, 0.0 ], [ 2240878.022079731803387, 540842.900222876691259, 0.0 ], [ 2240848.335536399390548, 540805.514064958901145, 0.0 ], [ 2240855.257445644121617, 540793.206001676036976, 0.0 ], [ 2240862.328733281232417, 540780.983148468891159, 0.0 ], [ 2240923.340919533744454, 540823.754183133249171, 0.0 ] ] } },
{ "type": "Feature", "properties": { "fid": 4976, "handle": 3722480, "block": -1, "etype": 18, "space": 0, "layer": "0_Limits", "olinetype": "bylayer", "linetype": "", "color": "0,0,0,65", "ocolor": 256, "color24": -1, "transparency": 0, "lweight": -1, "linewidth": 0.13, "ltscale": 1.0, "visible": 1, "width": 1.0, "thickness": 0.0, "ext": "(3:0,0,0.1)" }, "geometry": { "type": "LineString", "coordinates": [ [ 2240903.288863840512931, 540809.672118672984652, 0.0 ], [ 2240862.328733281232417, 540780.983148468891159, 0.0 ], [ 2240870.1721799261868, 540767.814291980117559, 0.0 ], [ 2240878.189020746387541, 540754.75026887236163, 0.0 ], [ 2240884.560607163235545, 540753.422199566964991, 0.0 ], [ 2240888.215307490900159, 540755.992852021474391, 0.0 ], [ 2240891.913412331137806, 540758.500661646481603, 0.0 ], [ 2240895.653841214254498, 540760.944895738502964, 0.0 ], [ 2240899.43550130398944, 540763.324840169050731, 0.0 ], [ 2240903.257287717424333, 540765.639799593016505, 0.0 ], [ 2240907.118083849083632, 540767.889097651815973, 0.0 ], [ 2240911.016761694569141, 540770.072077171062119, 0.0 ], [ 2240914.952182183042169, 540772.188100352534093, 0.0 ], [ 2240918.923195507843047, 540774.236548960558139, 0.0 ], [ 2240922.928641463629901, 540776.216824502800591, 0.0 ], [ 2240903.288863840512931, 540809.672118672984652, 0.0 ] ] } },
{ "type": "Feature", "properties": { "fid": 4977, "handle": 3722523, "block": -1, "etype": 18, "space": 0, "layer": "0_Limits", "olinetype": "bylayer", "linetype": "", "color": "0,0,0,65", "ocolor": 256, "color24": -1, "transparency": 0, "lweight": -1, "linewidth": 0.13, "ltscale": 1.0, "visible": 1, "width": 1.0, "thickness": 0.0, "ext": "(3:0,0,0.1)" }, "geometry": { "type": "LineString", "coordinates": [ [ 2240959.750000018626451, 540815.669999995850958, 0.0 ], [ 2240930.010000000242144, 540822.169999999809079, 0.0 ], [ 2240923.196403326932341, 540823.652692963252775, 0.0 ], [ 2240903.288863840512931, 540809.672118672984652, 0.0 ], [ 2240922.928641463629901, 540776.216824502800591, 0.0 ], [ 2240926.699176613707095, 540778.004031833261251, 0.0 ], [ 2240930.497758320067078, 540779.730827241204679, 0.0 ], [ 2240934.323418731335551, 540781.396770751336589, 0.0 ], [ 2240938.175183096434921, 540783.001437893253751, 0.0 ], [ 2240942.052070013713092, 540784.544419809244573, 0.0 ], [ 2240945.953091679606587, 540786.025323358713649, 0.0 ], [ 2240949.877254141960293, 540787.443771217716858, 0.0 ], [ 2240953.823557552415878, 540788.799401976168156, 0.0 ], [ 2240957.790996421128511, 540790.091870228992775, 0.0 ], [ 2240961.778559872880578, 540791.320846664602868, 0.0 ], [ 2240965.785231905058026, 540792.486018148367293, 0.0 ], [ 2240959.750000018626451, 540815.669999995850958, 0.0 ] ] } },
{ "type": "Feature", "properties": { "fid": 4978, "handle": 3722582, "block": -1, "etype": 18, "space": 0, "layer": "0_Limits", "olinetype": "bylayer", "linetype": "", "color": "0,0,0,65", "ocolor": 256, "color24": -1, "transparency": 0, "lweight": -1, "linewidth": 0.13, "ltscale": 1.0, "visible": 1, "width": 1.0, "thickness": 0.0, "ext": "(3:0,0,0.1)" }, "geometry": { "type": "LineString", "coordinates": [ [ 2240999.695334100164473, 540838.073181045707315, 0.0 ], [ 2240971.900000000372529, 540836.95999999938067, 0.0 ], [ 2240971.190000000409782, 540830.069999999715947, 0.0 ], [ 2240959.750000018626451, 540815.669999995967373, 0.0 ], [ 2240965.785231905058026, 540792.486018148367293, 0.0 ], [ 2240970.142276589758694, 540793.674914216040634, 0.0 ], [ 2240974.519210758153349, 540794.788359109195881, 0.0 ], [ 2240978.914727922063321, 540795.826020471402444, 0.0 ], [ 2240983.327516047749668, 540796.787588567356579, 0.0 ], [ 2240987.756257944274694, 540797.672776374733075, 0.0 ], [ 2240992.19963166071102, 540798.481319670681842, 0.0 ], [ 2240996.656310876831412, 540799.21297710982617, 0.0 ], [ 2241001.124965301714838, 540799.867530297022313, 0.0 ], [ 2241005.604261069558561, 540800.444783852202818, 0.0 ], [ 2240999.695334100164473, 540838.073181045707315, 0.0 ] ] } },
{ "type": "Feature", "properties": { "fid": 4979, "handle": 3722619, "block": -1, "etype": 18, "space": 0, "layer": "0_Limits", "olinetype": "bylayer", "linetype": "", "color": "0,0,0,65", "ocolor": 256, "color24": -1, "transparency": 0, "lweight": -1, "linewidth": 0.13, "ltscale": 1.0, "visible": 1, "width": 1.0, "thickness": 0.0, "ext": "(3:0,0,0.1)" }, "geometry": { "type": "LineString", "coordinates": [ [ 2241045.156711149029434, 540842.194289662176743, 0.0 ], [ 2241024.888157592620701, 540839.082133523537777, 0.0 ], [ 2240999.695334100164473, 540838.073181045707315, 0.0 ], [ 2241005.604261069558561, 540800.444783852202818, 0.0 ], [ 2241010.137369098141789, 540800.949128454667516, 0.0 ], [ 2241014.678586634807289, 540801.374305076431483, 0.0 ], [ 2241019.226531165186316, 540801.720184277859516, 0.0 ], [ 2241023.779818127397448, 540801.986660760710947, 0.0 ], [ 2241028.337061332538724, 540802.173653399455361, 0.0 ], [ 2241032.896873386576772, 540802.281105267000385, 0.0 ], [ 2241037.457866115495563, 540802.308983650640585, 0.0 ], [ 2241041.986814818810672, 540806.995083043933846, 0.0 ], [ 2241041.895121342502534, 540809.078980793012306, 0.0 ], [ 2241041.838288662023842, 540811.164120493107475, 0.0 ], [ 2241041.816332670394331, 540813.249919010908343, 0.0 ], [ 2241041.829259508755058, 540815.335793028934859, 0.0 ], [ 2241041.877065561246127, 540817.4211592086358, 0.0 ], [ 2241041.959737458731979, 540819.50543435360305, 0.0 ], [ 2241042.0772520811297, 540821.588035572203808, 0.0 ], [ 2241042.229576563928276, 540823.668380441260524, 0.0 ], [ 2241042.416668307501823, 540825.745887168566696, 0.0 ], [ 2241042.638474990613759, 540827.819974755286239, 0.0 ], [ 2241042.894934581127018, 540829.890063159400597, 0.0 ], [ 2241043.18597535835579, 540831.955573456711136, 0.0 ], [ 2241043.511515928432345, 540834.015928003820591, 0.0 ], [ 2241043.871465250849724, 540836.070550598669797, 0.0 ], [ 2241044.265722661279142, 540838.118866642820649, 0.0 ], [ 2241044.694177901837975, 540840.160303301061504, 0.0 ], [ 2241045.156711149029434, 540842.194289662176743, 0.0 ] ] } },
{ "type": "Feature", "properties": { "fid": 4980, "handle": 3722703, "block": -1, "etype": 18, "space": 0, "layer": "0_Limits", "olinetype": "bylayer", "linetype": "", "color": "0,0,0,65", "ocolor": 256, "color24": -1, "transparency": 0, "lweight": -1, "linewidth": 0.13, "ltscale": 1.0, "visible": 1, "width": 1.0, "thickness": 0.0, "ext": "(3:0,0,0.1)" }, "geometry": { "type": "LineString", "coordinates": [ [ 2240976.294987659435719, 540922.141638307715766, 0.0 ], [ 2240961.198185072280467, 540915.751643210765906, 0.0 ], [ 2240963.890000000596046, 540907.960000000311993, 0.0 ], [ 2240969.580850376747549, 540885.836694143596105, 0.0 ], [ 2240971.821225580759346, 540868.738507263129577, 0.0 ], [ 2241014.592490959446877, 540892.038100686855614, 0.0 ], [ 2241012.242572255898267, 540893.400462398305535, 0.0 ], [ 2241009.915538365487009, 540894.801555050886236, 0.0 ], [ 2241007.612027586437762, 540896.240994329680689, 0.0 ], [ 2241005.332671763375401, 540897.718385401414707, 0.0 ], [ 2241003.078096115961671, 540899.233323022839613, 0.0 ], [ 2241000.848919066600502, 540900.785391651676036, 0.0 ], [ 2240998.645752070471644, 540902.374165560933761, 0.0 ], [ 2240996.46919944928959, 540903.999208955327049, 0.0 ], [ 2240994.319858223665506, 540905.660076091066003, 0.0 ], [ 2240992.198317950591445, 540907.356311397976242, 0.0 ], [ 2240990.10516056092456, 540909.087449604528956, 0.0 ], [ 2240988.040960201527923, 540910.853015865315683, 0.0 ], [ 2240986.006283074151725, 540912.652525891899131, 0.0 ], [ 2240984.001687285024673, 540914.485486084595323, 0.0 ], [ 2240982.027722686994821, 540916.35139366867952, 0.0 ], [ 2240980.084930731914937, 540918.249736832338385, 0.0 ], [ 2240978.173844321165234, 540920.179994866368361, 0.0 ], [ 2240976.294987659435719, 540922.141638307715766, 0.0 ] ] } },
{ "type": "Feature", "properties": { "fid": 4981, "handle": 3722750, "block": -1, "etype": 18, "space": 0, "layer": "0_Limits", "olinetype": "bylayer", "linetype": "", "color": "0,0,0,65", "ocolor": 256, "color24": -1, "transparency": 0, "lweight": -1, "linewidth": 0.13, "ltscale": 1.0, "visible": 1, "width": 1.0, "thickness": 0.0, "ext": "(3:0,0,0.1)" }, "geometry": { "type": "LineString", "coordinates": [ [ 2241006.902124672662467, 540874.724996999488212, 0.0 ], [ 2241025.182878151535988, 540885.933131538913585, 0.0 ], [ 2241014.592490959446877, 540892.038100686855614, 0.0 ], [ 2240971.821225580759346, 540868.738507263129577, 0.0 ], [ 2240973.700000000651926, 540854.399999999790452, 0.0 ], [ 2240972.970000000670552, 540847.409999999566935, 0.0 ], [ 2240972.470000000670552, 540842.159999999566935, 0.0 ], [ 2240971.900000000372529, 540836.95999999938067, 0.0 ], [ 2240999.695334100164473, 540838.073181045707315, 0.0 ], [ 2241024.888157592620701, 540839.082133523537777, 0.0 ], [ 2241006.902124672662467, 540874.724996999488212, 0.0 ] ] } },
{ "type": "Feature", "properties": { "fid": 4982, "handle": 3722793, "block": -1, "etype": 18, "space": 0, "layer": "0_Limits", "olinetype": "bylayer", "linetype": "", "color": "0,0,0,65", "ocolor": 256, "color24": -1, "transparency": 0, "lweight": -1, "linewidth": 0.13, "ltscale": 1.0, "visible": 1, "width": 1.0, "thickness": 0.0, "ext": "(3:0,0,0.1)" }, "geometry": { "type": "LineString", "coordinates": [ [ 2241052.87778651015833, 540876.276123740011826, 0.0 ], [ 2241048.195672422647476, 540877.688320375746116, 0.0 ], [ 2241043.538283805828542, 540879.18003849091474, 0.0 ], [ 2241038.906971151940525, 540880.750845535076223, 0.0 ], [ 2241034.303077394142747, 540882.400286024785601, 0.0 ], [ 2241029.727937512565404, 540884.127881675143726, 0.0 ], [ 2241025.182878151535988, 540885.933131538913585, 0.0 ], [ 2241006.902124672662467, 540874.724996999371797, 0.0 ], [ 2241024.888157592620701, 540839.082133523537777, 0.0 ], [ 2241045.156711149029434, 540842.194289662176743, 0.0 ], [ 2241045.668120699469, 540844.27898094127886, 0.0 ], [ 2241046.215328307356685, 540846.354563098517247, 0.0 ], [ 2241046.798171920701861, 540848.420421462506056, 0.0 ], [ 2241047.416478933766484, 540850.475944241625257, 0.0 ], [ 2241048.070066238287836, 540852.52052270504646, 0.0 ], [ 2241048.758740278892219, 540854.553551362943836, 0.0 ], [ 2241049.482297108042985, 540856.574428146006539, 0.0 ], [ 2241050.240522449370474, 540858.582554583670571, 0.0 ], [ 2241051.033191758673638, 540860.577335981186479, 0.0 ], [ 2241051.860070291440934, 540862.558181595988572, 0.0 ], [ 2241052.720913173165172, 540864.5245048123179, 0.0 ], [ 2241053.615465469658375, 540866.475723315379582, 0.0 ], [ 2241054.543462264817208, 540868.41125926328823, 0.0 ], [ 2241055.504628737922758, 540870.330539458664134, 0.0 ], [ 2241052.87778651015833, 540876.276123740011826, 0.0 ] ] } },
{ "type": "Feature", "properties": { "fid": 4983, "handle": 3722860, "block": -1, "etype": 18, "space": 0, "layer": "0_Limits", "olinetype": "bylayer", "linetype": "", "color": "0,0,0,65", "ocolor": 256, "color24": -1, "transparency": 0, "lweight": -1, "linewidth": 0.13, "ltscale": 1.0, "visible": 1, "width": 1.0, "thickness": 0.0, "ext": "(3:0,0,0.1)" }, "geometry": { "type": "LineString", "coordinates": [ [ 2241117.055087971966714, 540881.252051623188891, 0.0 ], [ 2241101.58942818781361, 540871.859612571774051, 0.0 ], [ 2241100.76638664258644, 540873.214838883723132, 0.0 ], [ 2241100.117392235901207, 540872.987275711144321, 0.0 ], [ 2241099.464538019616157, 540872.771034850389697, 0.0 ], [ 2241098.808021505828947, 540872.566181721980684, 0.0 ], [ 2241098.148041313514113, 540872.37277830124367, 0.0 ], [ 2241097.484797110315412, 540872.19088309968356, 0.0 ], [ 2241096.818489551078528, 540872.020551146939397, 0.0 ], [ 2241096.149320217780769, 540871.861833974602632, 0.0 ], [ 2241095.477491557598114, 540871.714779600151815, 0.0 ], [ 2241094.80320682330057, 540871.579432512866333, 0.0 ], [ 2241094.126670008990914, 540871.45583365985658, 0.0 ], [ 2241093.448085791431367, 540871.344020434422418, 0.0 ], [ 2241092.767659466713667, 540871.244026663829572, 0.0 ], [ 2241092.085596887860447, 540871.155882599879988, 0.0 ], [ 2241091.402104403357953, 540871.079614909249358, 0.0 ], [ 2241090.717388793360442, 540871.015246665570885, 0.0 ], [ 2241090.031657208688557, 540870.962797342566773, 0.0 ], [ 2241092.209502790588886, 540830.599996999837458, 0.0 ], [ 2241117.318127141334116, 540846.163616536417976, 0.0 ], [ 2241138.111733747180551, 540866.751860158634372, 0.0 ], [ 2241117.055087971966714, 540881.252051623188891, 0.0 ] ] } },
{ "type": "Feature", "properties": { "fid": 4984, "handle": 3722903, "block": -1, "etype": 18, "space": 0, "layer": "0_Limits", "olinetype": "bylayer", "linetype": "", "color": "0,0,0,65", "ocolor": 256, "color24": -1, "transparency": 0, "lweight": -1, "linewidth": 0.13, "ltscale": 1.0, "visible": 1, "width": 1.0, "thickness": 0.0, "ext": "(3:0,0,0.1)" }, "geometry": { "type": "LineString", "coordinates": [ [ 2241090.031657208688557, 540870.962797342566773, 0.0 ], [ 2241089.359130850993097, 540870.922989956452511, 0.0 ], [ 2241088.686023872811347, 540870.894646961241961, 0.0 ], [ 2241088.01253168983385, 540870.877776585402898, 0.0 ], [ 2241087.338849831372499, 540870.87238372687716, 0.0 ], [ 2241086.665173879824579, 540870.878469951217994, 0.0 ], [ 2241085.991699417121708, 540870.896033491473645, 0.0 ], [ 2241085.318621966522187, 540870.925069248653017, 0.0 ], [ 2241084.646136935800314, 540870.965568793122657, 0.0 ], [ 2241082.066128170117736, 540871.159867065260187, 0.0 ], [ 2241079.48950557783246, 540871.394841680186801, 0.0 ], [ 2241076.916910422034562, 540871.670434158178978, 0.0 ], [ 2241074.348982961382717, 540871.986575910588726, 0.0 ], [ 2241068.465964598115534, 540869.222503745811991, 0.0 ], [ 2241067.5117192491889, 540867.486407836666331, 0.0 ], [ 2241066.587432221509516, 540865.734178775688633, 0.0 ], [ 2241065.693376184906811, 540863.966333478572778, 0.0 ], [ 2241064.829814889002591, 540862.183393468265422, 0.0 ], [ 2241063.997003089636564, 540860.385884720482863, 0.0 ], [ 2241063.195186469703913, 540858.574337508995086, 0.0 ], [ 2241062.424601568840444, 540856.749286248814315, 0.0 ], [ 2241061.685475713573396, 540854.911269338801503, 0.0 ], [ 2241060.97802694933489, 540853.060829002643004, 0.0 ], [ 2241060.302463977131993, 540851.198511129128747, 0.0 ], [ 2241059.658986090682447, 540849.324865110917017, 0.0 ], [ 2241059.047783120069653, 540847.440443682484329, 0.0 ], [ 2241058.469035372138023, 540845.54580275726039, 0.0 ], [ 2241057.922913580201566, 540843.64150126313325, 0.0 ], [ 2241057.409578853752464, 540841.728100978303701, 0.0 ], [ 2241056.929182628169656, 540839.806166364927776, 0.0 ], [ 2241056.481866622809321, 540837.876264402992092, 0.0 ], [ 2241056.06776279816404, 540835.938964422559366, 0.0 ], [ 2241092.209502790588886, 540830.599996999488212, 0.0 ], [ 2241090.031657208688557, 540870.962797342566773, 0.0 ] ] } },
{ "type": "Feature", "properties": { "fid": 4985, "handle": 3722945, "block": -1, "etype": 18, "space": 0, "layer": "0_Limits", "olinetype": "bylayer", "linetype": "", "color": "0,0,0,65", "ocolor": 256, "color24": -1, "transparency": 0, "lweight": -1, "linewidth": 0.13, "ltscale": 1.0, "visible": 1, "width": 1.0, "thickness": 0.0, "ext": "(3:0,0,0.1)" }, "geometry": { "type": "LineString", "coordinates": [ [ 2241092.209502790123224, 540830.599996999604627, 0.0 ], [ 2241056.06776279816404, 540835.938964422559366, 0.0 ], [ 2241055.709961248096079, 540834.097217166563496, 0.0 ], [ 2241055.382859924808145, 540832.249770380090922, 0.0 ], [ 2241055.086549430154264, 540830.397135770879686, 0.0 ], [ 2241054.821111836005002, 540828.539826483814977, 0.0 ], [ 2241054.586620663758367, 540826.678356958320364, 0.0 ], [ 2241054.383140862453729, 540824.813242786214687, 0.0 ], [ 2241054.210728792939335, 540822.945000568870455, 0.0 ], [ 2241054.069432209711522, 540821.074147774139419, 0.0 ], [ 2241053.959290249273181, 540819.201202592579648, 0.0 ], [ 2241053.880333418492228, 540817.326683794846758, 0.0 ], [ 2241053.832583587616682, 540815.451110586989671, 0.0 ], [ 2241053.816053982358426, 540813.57500246737618, 0.0 ], [ 2241053.830749180633575, 540811.698879082454368, 0.0 ], [ 2241053.876665112096816, 540809.823260082863271, 0.0 ], [ 2241053.953789059538394, 540807.948664979659952, 0.0 ], [ 2241054.062099660746753, 540806.075613000080921, 0.0 ], [ 2241058.587847000919282, 540801.39822133933194, 0.0 ], [ 2241062.734588021412492, 540801.017709405394271, 0.0 ], [ 2241066.874741643667221, 540800.571191311464645, 0.0 ], [ 2241071.007257275283337, 540800.058780364692211, 0.0 ], [ 2241075.131086261942983, 540799.480606592725962, 0.0 ], [ 2241079.245182154234499, 540798.836816711118445, 0.0 ], [ 2241083.348500972148031, 540798.127574086072855, 0.0 ], [ 2241087.440001470968127, 540797.353058692533523, 0.0 ], [ 2241091.518645403441042, 540796.5134670692496, 0.0 ], [ 2241092.209502790123224, 540830.599996999604627, 0.0 ] ] } },
{ "type": "Feature", "properties": { "fid": 4986, "handle": 3722988, "block": -1, "etype": 18, "space": 0, "layer": "0_Limits", "olinetype": "bylayer", "linetype": "", "color": "0,0,0,65", "ocolor": 256, "color24": -1, "transparency": 0, "lweight": -1, "linewidth": 0.13, "ltscale": 1.0, "visible": 1, "width": 1.0, "thickness": 0.0, "ext": "(3:0,0,0.1)" }, "geometry": { "type": "LineString", "coordinates": [ [ 2241117.318127141334116, 540846.163616536417976, 0.0 ], [ 2241092.209502790123224, 540830.599996999604627, 0.0 ], [ 2241091.518645403441042, 540796.5134670692496, 0.0 ], [ 2241093.991629810072482, 540795.971297746174969, 0.0 ], [ 2241096.459247423801571, 540795.405203442205675, 0.0 ], [ 2241102.697682727593929, 540797.048659740947187, 0.0 ], [ 2241104.147466444410384, 540798.357810952002183, 0.0 ], [ 2241105.619362899102271, 540799.642050239490345, 0.0 ], [ 2241107.112944079563022, 540800.901004160987213, 0.0 ], [ 2241108.627775670029223, 540802.134306626976468, 0.0 ], [ 2241110.163417174015194, 540803.341599006787874, 0.0 ], [ 2241111.719422044698149, 540804.522530233603902, 0.0 ], [ 2241113.295337812975049, 540805.676756905741058, 0.0 ], [ 2241114.890706220641732, 540806.803943387232721, 0.0 ], [ 2241116.505063352175057, 540807.903761904803105, 0.0 ], [ 2241118.137939770705998, 540808.975892643560655, 0.0 ], [ 2241119.788860654458404, 540810.020023840130307, 0.0 ], [ 2241121.457345933653414, 540811.03585187275894, 0.0 ], [ 2241123.142910432070494, 540812.023081350023858, 0.0 ], [ 2241124.845064006745815, 540812.981425196980126, 0.0 ], [ 2241126.563311689998955, 540813.910604737699032, 0.0 ], [ 2241128.297153834719211, 540814.810349777457304, 0.0 ], [ 2241130.046086259186268, 540815.680398680386133, 0.0 ], [ 2241131.80960039421916, 540816.520498446072452, 0.0 ], [ 2241133.587183428462595, 540817.330404783017002, 0.0 ], [ 2241135.378318462055176, 540818.109882179531269, 0.0 ], [ 2241137.18248465238139, 540818.858703972422518, 0.0 ], [ 2241117.318127141334116, 540846.163616536417976, 0.0 ] ] } },
{ "type": "Feature", "properties": { "fid": 4987, "handle": 3723027, "block": -1, "etype": 18, "space": 0, "layer": "0_Limits", "olinetype": "bylayer", "linetype": "", "color": "0,0,0,65", "ocolor": 256, "color24": -1, "transparency": 0, "lweight": -1, "linewidth": 0.13, "ltscale": 1.0, "visible": 1, "width": 1.0, "thickness": 0.0, "ext": "(3:0,0,0.1)" }, "geometry": { "type": "LineString", "coordinates": [ [ 2241105.392293448094279, 540925.818596772965975, 0.0 ], [ 2241090.450000000651926, 540929.979999999864958, 0.0 ], [ 2241076.080612767953426, 540933.982096954598092, 0.0 ], [ 2241063.797266956418753, 540885.974074411322363, 0.0 ], [ 2241066.17936686379835, 540885.483102165977471, 0.0 ], [ 2241068.569017439614981, 540885.030306581174955, 0.0 ], [ 2241070.965606886893511, 540884.61580358131323, 0.0 ], [ 2241073.368521632626653, 540884.239699287340045, 0.0 ], [ 2241075.777146484237164, 540883.90208998892922, 0.0 ], [ 2241078.190864787902683, 540883.603062120848335, 0.0 ], [ 2241080.60905858501792, 540883.342692239675671, 0.0 ], [ 2241083.031108771450818, 540883.121047005290166, 0.0 ], [ 2241085.456395255401731, 540882.938183163176291, 0.0 ], [ 2241085.90415046736598, 540882.908334351726808, 0.0 ], [ 2241086.352347808424383, 540882.886089702835307, 0.0 ], [ 2241086.800858148373663, 540882.871455625281669, 0.0 ], [ 2241087.249552265740931, 540882.864436335279606, 0.0 ], [ 2241087.69830088596791, 540882.865033855312504, 0.0 ], [ 2241088.146974719595164, 540882.873248013202101, 0.0 ], [ 2241088.595444498118013, 540882.889076442224905, 0.0 ], [ 2241089.043581011705101, 540882.912514582159929, 0.0 ], [ 2241089.491255146916956, 540882.9435556801036, 0.0 ], [ 2241089.938337923958898, 540882.98219079291448, 0.0 ], [ 2241090.384700532071292, 540883.028408789075911, 0.0 ], [ 2241090.830214369576424, 540883.082196352886967, 0.0 ], [ 2241091.27475107787177, 540883.143537987256423, 0.0 ], [ 2241091.718182581011206, 540883.21241601917427, 0.0 ], [ 2241092.160381120629609, 540883.28881060378626, 0.0 ], [ 2241092.601219294592738, 540883.372699731145985, 0.0 ], [ 2241093.040570091921836, 540883.464059231686406, 0.0 ], [ 2241093.478306930046529, 540883.562862783437595, 0.0 ], [ 2241093.914303691592067, 540883.669081920175813, 0.0 ], [ 2241094.348434761166573, 540883.78268603887409, 0.0 ], [ 2241093.803197022061795, 540884.680478542577475, 0.0 ], [ 2241106.525564714800566, 540892.406890788348392, 0.0 ], [ 2241105.392293448094279, 540925.818596772965975, 0.0 ] ] } },
{ "type": "Feature", "properties": { "fid": 4988, "handle": 3723066, "block": -1, "etype": 18, "space": 0, "layer": "0_Limits", "olinetype": "bylayer", "linetype": "", "color": "0,0,0,65", "ocolor": 256, "color24": -1, "transparency": 0, "lweight": -1, "linewidth": 0.13, "ltscale": 1.0, "visible": 1, "width": 1.0, "thickness": 0.0, "ext": "(3:0,0,0.1)" }, "geometry": { "type": "LineString", "coordinates": [ [ 2241146.82141582434997, 540900.183952077873982, 0.0 ], [ 2241134.219024562742561, 540931.152382025844418, 0.0 ], [ 2241129.080000000540167, 540930.260000000125729, 0.0 ], [ 2241122.380000000353903, 540929.039999999455176, 0.0 ], [ 2241105.387758805882186, 540925.952289504464716, 0.0 ], [ 2241106.525564714800566, 540892.406890788348392, 0.0 ], [ 2241117.055087972432375, 540881.25205162295606, 0.0 ], [ 2241138.11173375044018, 540866.751860156422481, 0.0 ], [ 2241146.82141582434997, 540900.183952077873982, 0.0 ] ] } },
{ "type": "Feature", "properties": { "fid": 4989, "handle": 3723109, "block": -1, "etype": 18, "space": 0, "layer": "0_Limits", "olinetype": "bylayer", "linetype": "", "color": "0,0,0,65", "ocolor": 256, "color24": -1, "transparency": 0, "lweight": -1, "linewidth": 0.13, "ltscale": 1.0, "visible": 1, "width": 1.0, "thickness": 0.0, "ext": "(3:0,0,0.1)" }, "geometry": { "type": "LineString", "coordinates": [ [ 2241044.902579892426729, 540942.671793044661172, 0.0 ], [ 2241037.200000000651926, 540944.819999999250285, 0.0 ], [ 2241031.359999999869615, 540946.759999999194406, 0.0 ], [ 2241003.725893035065383, 540955.955338064348325, 0.0 ], [ 2240990.180257509928197, 540925.159956780145876, 0.0 ], [ 2240992.070487183053046, 540923.36888864194043, 0.0 ], [ 2240993.991121669299901, 540921.610464215627871, 0.0 ], [ 2240995.941597298718989, 540919.885199565673247, 0.0 ], [ 2240997.921341642737389, 540918.193601024802774, 0.0 ], [ 2240999.929773684591055, 540916.536165045457892, 0.0 ], [ 2241001.966303986962885, 540914.913378053694032, 0.0 ], [ 2241004.030334866605699, 540913.325716307153925, 0.0 ], [ 2241006.121260568965226, 540911.773645754670724, 0.0 ], [ 2241008.238467446528375, 540910.257621899596415, 0.0 ], [ 2241010.381334139965475, 540908.778089666506276, 0.0 ], [ 2241012.549231756944209, 540907.33548327034805, 0.0 ], [ 2241014.74152406072244, 540905.930226088850759, 0.0 ], [ 2241016.957567655481398, 540904.562730538542382, 0.0 ], [ 2241019.196712173055857, 540903.233397953677922, 0.0 ], [ 2241021.458300467580557, 540901.942618468310684, 0.0 ], [ 2241023.741668804548681, 540900.690770901972428, 0.0 ], [ 2241026.046147059183568, 540899.478222648380324, 0.0 ], [ 2241044.902579892426729, 540942.671793044661172, 0.0 ] ] } },
{ "type": "Feature", "properties": { "fid": 4990, "handle": 3723151, "block": -1, "etype": 18, "space": 0, "layer": "0_Limits", "olinetype": "bylayer", "linetype": "", "color": "0,0,0,65", "ocolor": 256, "color24": -1, "transparency": 0, "lweight": -1, "linewidth": 0.13, "ltscale": 1.0, "visible": 1, "width": 1.0, "thickness": 0.0, "ext": "(3:0,0,0.1)" }, "geometry": { "type": "LineString", "coordinates": [ [ 2241076.080612767953426, 540933.982096954598092, 0.0 ], [ 2241061.080000000540167, 540938.159999999566935, 0.0 ], [ 2241044.902579892426729, 540942.671793044661172, 0.0 ], [ 2241026.046147059183568, 540899.478222648380324, 0.0 ], [ 2241028.289593278896064, 540898.345577114610933, 0.0 ], [ 2241030.551458941306919, 540897.250177384237759, 0.0 ], [ 2241032.83112574275583, 540896.192322895745747, 0.0 ], [ 2241035.127970513422042, 540895.172302824677899, 0.0 ], [ 2241037.441365386825055, 540894.190396003774367, 0.0 ], [ 2241039.770677973050624, 540893.246870847302489, 0.0 ], [ 2241042.115271530579776, 540892.341985277482308, 0.0 ], [ 2241044.474505140911788, 540891.475986654055305, 0.0 ], [ 2241046.847733884118497, 540890.649111706530675, 0.0 ], [ 2241049.234309013001621, 540889.861586469691247, 0.0 ], [ 2241051.633578133303672, 540889.113626221427694, 0.0 ], [ 2241054.044885380193591, 540888.405435424530879, 0.0 ], [ 2241056.467571598943323, 540887.737207669881172, 0.0 ], [ 2241058.900974522810429, 540887.109125624643639, 0.0 ], [ 2241061.344428956042975, 540886.521360981278121, 0.0 ], [ 2241063.797266956418753, 540885.974074411322363, 0.0 ], [ 2241076.080612767953426, 540933.982096954598092, 0.0 ] ] } },
{ "type": "Feature", "properties": { "fid": 4991, "handle": 3723188, "block": -1, "etype": 18, "space": 0, "layer": "0_Limits", "olinetype": "bylayer", "linetype": "", "color": "0,0,0,65", "ocolor": 256, "color24": -1, "transparency": 0, "lweight": -1, "linewidth": 0.13, "ltscale": 1.0, "visible": 1, "width": 1.0, "thickness": 0.0, "ext": "(3:0,0,0.1)" }, "geometry": { "type": "LineString", "coordinates": [ [ 2241171.294247896410525, 540847.996085172635503, 0.0 ], [ 2241138.111733756028116, 540866.751860167481937, 0.0 ], [ 2241117.318127141334116, 540846.163616536417976, 0.0 ], [ 2241137.18248465238139, 540818.858703972306103, 0.0 ], [ 2241139.01458671502769, 540819.582597210071981, 0.0 ], [ 2241140.858866108581424, 540820.274878154159524, 0.0 ], [ 2241142.714777420740575, 540820.935342074604705, 0.0 ], [ 2241144.581771797500551, 540821.563793650828302, 0.0 ], [ 2241146.459297109395266, 540822.160047029494308, 0.0 ], [ 2241148.346798110753298, 540822.72392587910872, 0.0 ], [ 2241150.243716606870294, 540823.255263442639261, 0.0 ], [ 2241152.14949161792174, 540823.753902586293407, 0.0 ], [ 2241154.063559544272721, 540824.219695846317336, 0.0 ], [ 2241155.985354334115982, 540824.652505472768098, 0.0 ], [ 2241157.914307651109993, 540825.052203469793312, 0.0 ], [ 2241159.84984904108569, 540825.418671633698978, 0.0 ], [ 2241164.748999153263867, 540829.691165096592158, 0.0 ], [ 2241165.930588094517589, 540833.396481467527337, 0.0 ], [ 2241167.17629210324958, 540837.080737614538521, 0.0 ], [ 2241168.485736100003123, 540840.74282421276439, 0.0 ], [ 2241169.858525812625885, 540844.381638612947427, 0.0 ], [ 2241171.294247896410525, 540847.996085172635503, 0.0 ] ] } },
{ "type": "Feature", "properties": { "fid": 4992, "handle": 3723223, "block": -1, "etype": 18, "space": 0, "layer": "0_Limits", "olinetype": "bylayer", "linetype": "", "color": "0,0,0,65", "ocolor": 256, "color24": -1, "transparency": 0, "lweight": -1, "linewidth": 0.13, "ltscale": 1.0, "visible": 1, "width": 1.0, "thickness": 0.0, "ext": "(3:0,0,0.1)" }, "geometry": { "type": "LineString", "coordinates": [ [ 2241186.898554570507258, 540879.133800637209788, 0.0 ], [ 2241146.82141582434997, 540900.183952077873982, 0.0 ], [ 2241138.111733753699809, 540866.751860168762505, 0.0 ], [ 2241171.294247896410525, 540847.996085172519088, 0.0 ], [ 2241172.786406272556633, 540851.570895748096518, 0.0 ], [ 2241174.340124323032796, 540855.119383805198595, 0.0 ], [ 2241175.954937927424908, 540858.640489355195314, 0.0 ], [ 2241177.63036471651867, 540862.133160588797182, 0.0 ], [ 2241179.365904213860631, 540865.596354190958664, 0.0 ], [ 2241181.161037986166775, 540869.02903565147426, 0.0 ], [ 2241183.01522979978472, 540872.430179575108923, 0.0 ], [ 2241184.92792577855289, 540875.79876998718828, 0.0 ], [ 2241186.898554570507258, 540879.133800637209788, 0.0 ] ] } },
{ "type": "Feature", "properties": { "fid": 4993, "handle": 3723282, "block": -1, "etype": 18, "space": 0, "layer": "0_Limits", "olinetype": "bylayer", "linetype": "", "color": "0,0,0,65", "ocolor": 256, "color24": -1, "transparency": 0, "lweight": -1, "linewidth": 0.13, "ltscale": 1.0, "visible": 1, "width": 1.0, "thickness": 0.0, "ext": "(3:0,0,0.1)" }, "geometry": { "type": "LineString", "coordinates": [ [ 2241159.299999999813735, 540935.799999999231659, 0.0 ], [ 2241142.210000000428408, 540932.539999999455176, 0.0 ], [ 2241134.219024562742561, 540931.152382025844418, 0.0 ], [ 2241146.82141582434997, 540900.183952077873982, 0.0 ], [ 2241186.898554570507258, 540879.133800637326203, 0.0 ], [ 2241188.829477917402983, 540882.279206616571173, 0.0 ], [ 2241190.811933809425682, 540885.392390257446095, 0.0 ], [ 2241192.845384665299207, 540888.472507359459996, 0.0 ], [ 2241194.92927907500416, 540891.518722689128481, 0.0 ], [ 2241197.063051950186491, 540894.530210205703042, 0.0 ], [ 2241199.246124676894397, 540897.506153285852633, 0.0 ], [ 2241201.477905272040516, 540900.445744944503531, 0.0 ], [ 2241159.299999999813735, 540935.799999999231659, 0.0 ] ] } },
{ "type": "Feature", "properties": { "fid": 4994, "handle": 3723318, "block": -1, "etype": 18, "space": 0, "layer": "0_Limits", "olinetype": "bylayer", "linetype": "", "color": "0,0,0,65", "ocolor": 256, "color24": -1, "transparency": 0, "lweight": -1, "linewidth": 0.13, "ltscale": 1.0, "visible": 1, "width": 1.0, "thickness": 0.0, "ext": "(3:0,0,0.1)" }, "geometry": { "type": "LineString", "coordinates": [ [ 2241182.800929725635797, 540956.304331384715624, 0.0 ], [ 2241159.299999999813735, 540935.799999999231659, 0.0 ], [ 2241201.477905272040516, 540900.445744944503531, 0.0 ], [ 2241203.824094829615206, 540903.431144105968997, 0.0 ], [ 2241206.220521645620465, 540906.376369412872009, 0.0 ], [ 2241208.666497949045151, 540909.280575589509681, 0.0 ], [ 2241211.161321748048067, 540912.142929132562131, 0.0 ], [ 2241213.704277031123638, 540914.962608550442383, 0.0 ], [ 2241216.294633974321187, 540917.738804599037394, 0.0 ], [ 2241217.656239810399711, 540919.232338759466074, 0.0 ], [ 2241219.042710967827588, 540920.70281911327038, 0.0 ], [ 2241220.453657173551619, 540922.149831741000526, 0.0 ], [ 2241221.888681266922504, 540923.572969328495674, 0.0 ], [ 2241182.800929725635797, 540956.304331384715624, 0.0 ] ] } },
{ "type": "Feature", "properties": { "fid": 4995, "handle": 3723354, "block": -1, "etype": 18, "space": 0, "layer": "0_Limits", "olinetype": "bylayer", "linetype": "", "color": "0,0,0,65", "ocolor": 256, "color24": -1, "transparency": 0, "lweight": -1, "linewidth": 0.13, "ltscale": 1.0, "visible": 1, "width": 1.0, "thickness": 0.0, "ext": "(3:0,0,0.1)" }, "geometry": { "type": "LineString", "coordinates": [ [ 2241205.969566401094198, 540976.519455447094515, 0.0 ], [ 2241182.800929725635797, 540956.304331384599209, 0.0 ], [ 2241221.888681266922504, 540923.572969328612089, 0.0 ], [ 2241224.010006476659328, 540925.640522925299592, 0.0 ], [ 2241226.097856153734028, 540927.74187540623825, 0.0 ], [ 2241228.151691851206124, 540929.876484843436629, 0.0 ], [ 2241230.170983895659447, 540932.043800731771626, 0.0 ], [ 2241232.155211522243917, 540934.243264131597243, 0.0 ], [ 2241234.103863008785993, 540936.474307812517509, 0.0 ], [ 2241236.016435807570815, 540938.736356399604119, 0.0 ], [ 2241237.892436676193029, 540941.028826522175223, 0.0 ], [ 2241239.731381803285331, 540943.351126963854767, 0.0 ], [ 2241241.532796934247017, 540945.702658814960159, 0.0 ], [ 2241243.296217493712902, 540948.08281562756747, 0.0 ], [ 2241245.021188703831285, 540950.490983571391553, 0.0 ], [ 2241205.969566401094198, 540976.519455447094515, 0.0 ] ] } },
{ "type": "Feature", "properties": { "fid": 4996, "handle": 3723392, "block": -1, "etype": 18, "space": 0, "layer": "0_Limits", "olinetype": "bylayer", "linetype": "", "color": "0,0,0,65", "ocolor": 256, "color24": -1, "transparency": 0, "lweight": -1, "linewidth": 0.13, "ltscale": 1.0, "visible": 1, "width": 0.0, "thickness": 0.0, "ext": "(3:0,0,0.1)" }, "geometry": { "type": "LineString", "coordinates": [ [ 2240848.335536399390548, 540805.514064958901145, 0.0 ], [ 2240878.022079731803387, 540842.900222876691259, 0.0 ], [ 2240815.670000000391155, 540872.989999999874271, 0.0 ], [ 2240809.320613376330584, 540870.522698708693497, 0.0 ], [ 2240808.850545512977988, 540866.013302158680744, 0.0 ], [ 2240807.295344540383667, 540851.094141661771573, 0.0 ], [ 2240804.887382339220494, 540851.345152109628543, 0.0 ], [ 2240804.842282163910568, 540850.701686256797984, 0.0 ], [ 2240804.808377305511385, 540850.057533487444744, 0.0 ], [ 2240804.785678016021848, 540849.412888568243943, 0.0 ], [ 2240804.774191157892346, 540848.767946414416656, 0.0 ], [ 2240804.773920205421746, 540848.122902031289414, 0.0 ], [ 2240804.784865240100771, 540847.477950454922393, 0.0 ], [ 2240804.807022952008992, 540846.833286693436094, 0.0 ], [ 2240804.840386642608792, 540846.189105667755939, 0.0 ], [ 2240804.884946222882718, 540845.54560215305537, 0.0 ], [ 2240804.940688220318407, 540844.902970719500445, 0.0 ], [ 2240805.007595781236887, 540844.26140567380935, 0.0 ], [ 2240805.08564867451787, 540843.621100999764167, 0.0 ], [ 2240805.174823300447315, 540842.982250300701708, 0.0 ], [ 2240805.275092695839703, 540842.345046739908867, 0.0 ], [ 2240805.386426543351263, 540841.709682982647792, 0.0 ], [ 2240805.508791180327535, 540841.076351138181053, 0.0 ], [ 2240805.642149608116597, 540840.445242701098323, 0.0 ], [ 2240805.78646150464192, 540839.816548493807204, 0.0 ], [ 2240805.941683235112578, 540839.190458608907647, 0.0 ], [ 2240806.107767867390066, 540838.567162351333536, 0.0 ], [ 2240806.284665183164179, 540837.946848181542009, 0.0 ], [ 2240806.472321695648134, 540837.329703658120707, 0.0 ], [ 2240806.670680665411055, 540836.71591538132634, 0.0 ], [ 2240806.879682116676122, 540836.105668936739676, 0.0 ], [ 2240807.099262854550034, 540835.499148838920519, 0.0 ], [ 2240807.329356487374753, 540834.89653847576119, 0.0 ], [ 2240807.56989344349131, 540834.298020053072833, 0.0 ], [ 2240807.820800994057208, 540833.703774539171718, 0.0 ], [ 2240808.082003274466842, 540833.113981610862538, 0.0 ], [ 2240808.353421307634562, 540832.528819598141126, 0.0 ], [ 2240808.634973026812077, 540831.948465431225486, 0.0 ], [ 2240808.926573301665485, 540831.373094586306252, 0.0 ], [ 2240809.228133964817971, 540830.802881033159792, 0.0 ], [ 2240809.539563835132867, 540830.237997181829996, 0.0 ], [ 2240809.86076874891296, 540829.678613831172697, 0.0 ], [ 2240810.191651585977525, 540829.124900116585195, 0.0 ], [ 2240810.532112300861627, 540828.577023459598422, 0.0 ], [ 2240810.882047951221466, 540828.035149516537786, 0.0 ], [ 2240811.241352730430663, 540827.499442128813826, 0.0 ], [ 2240811.609917998779565, 540826.970063273212872, 0.0 ], [ 2240811.987632316537201, 540826.447173013468273, 0.0 ], [ 2240812.374381477478892, 540825.930929450783879, 0.0 ], [ 2240812.770048544276506, 540825.421488677035086, 0.0 ], [ 2240813.174513882491738, 540824.91900472715497, 0.0 ], [ 2240813.587655197829008, 540824.423629532684572, 0.0 ], [ 2240814.009347571991384, 540823.935512875556014, 0.0 ], [ 2240814.439463502727449, 540823.454802343156189, 0.0 ], [ 2240814.8778729387559, 540822.98164328339044, 0.0 ], [ 2240815.324443323072046, 540822.516178761026822, 0.0 ], [ 2240815.779039630200714, 540822.058549514389597, 0.0 ], [ 2240816.2415244076401, 540821.608893912518397, 0.0 ], [ 2240816.711757818236947, 540821.16734791372437, 0.0 ], [ 2240817.189597682096064, 540820.734045024146326, 0.0 ], [ 2240817.674899518955499, 540820.309116257587448, 0.0 ], [ 2240818.167516592890024, 540819.89269009581767, 0.0 ], [ 2240818.667299955617636, 540819.48489244969096, 0.0 ], [ 2240819.174098491668701, 540819.085846621426754, 0.0 ], [ 2240819.687758966349065, 540818.695673266774975, 0.0 ], [ 2240820.208126067649573, 540818.314490358810872, 0.0 ], [ 2240820.735042457468808, 540817.942413152195513, 0.0 ], [ 2240821.268348817247897, 540817.579554148716852, 0.0 ], [ 2240821.807883895467967, 540817.226023062481545, 0.0 ], [ 2240822.353484558407217, 540816.881926787667908, 0.0 ], [ 2240822.904985837172717, 540816.547369365231134, 0.0 ], [ 2240823.462220980320126, 540816.22245195240248, 0.0 ], [ 2240824.025021500885487, 540815.907272791257128, 0.0 ], [ 2240824.593217230401933, 540815.601927179959603, 0.0 ], [ 2240825.16663636919111, 540815.306507442728616, 0.0 ], [ 2240825.745105537120253, 540815.021102903061546, 0.0 ], [ 2240826.32844982855022, 540814.745799856027588, 0.0 ], [ 2240826.916492862161249, 540814.480681542539969, 0.0 ], [ 2240827.509056837297976, 540814.225828123860992, 0.0 ], [ 2240828.105962585657835, 540813.981316657853313, 0.0 ], [ 2240828.707029626704752, 540813.747221075114794, 0.0 ], [ 2240829.312076221220195, 540813.523612156859599, 0.0 ], [ 2240829.920919426251203, 540813.3105575137306, 0.0 ], [ 2240830.533375152386725, 540813.108121565193869, 0.0 ], [ 2240831.149258216377348, 540812.916365519864485, 0.0 ], [ 2240831.768382399808615, 540812.73534735722933, 0.0 ], [ 2240832.390560503583401, 540812.565121810068376, 0.0 ], [ 2240833.015604405198246, 540812.405740347923711, 0.0 ], [ 2240833.643325116485357, 540812.25725116149988, 0.0 ], [ 2240834.273532839026302, 540812.119699148111977, 0.0 ], [ 2240834.906037022359669, 540811.993125898181461, 0.0 ], [ 2240835.540646422188729, 540811.877569682314061, 0.0 ], [ 2240836.177169158123434, 540811.773065440356731, 0.0 ], [ 2240836.815412769559771, 540811.679644770221785, 0.0 ], [ 2240837.455184278078377, 540811.597335918573663, 0.0 ], [ 2240838.096290240529925, 540811.52616377256345, 0.0 ], [ 2240838.738536812365055, 540811.466149851679802, 0.0 ], [ 2240839.381729803048074, 540811.417312301811762, 0.0 ], [ 2240840.025674736592919, 540811.379665889660828, 0.0 ], [ 2240840.670176908839494, 540811.353221997851506, 0.0 ], [ 2240841.315041447989643, 540811.33798862202093, 0.0 ], [ 2240841.960073372349143, 540811.333970368257724, 0.0 ], [ 2240842.605077649001032, 540811.34116845135577, 0.0 ], [ 2240843.249859254807234, 540811.359580695047043, 0.0 ], [ 2240843.894223232287914, 540811.389201532001607, 0.0 ], [ 2240844.53797475155443, 540811.430022006155923, 0.0 ], [ 2240848.335536399390548, 540805.514064958901145, 0.0 ] ] } },
{ "type": "Feature", "properties": { "fid": 4997, "handle": 3723396, "block": -1, "etype": 18, "space": 0, "layer": "0_Limits", "olinetype": "bylayer", "linetype": "", "color": "0,0,0,65", "ocolor": 256, "color24": -1, "transparency": 0, "lweight": -1, "linewidth": 0.13, "ltscale": 1.0, "visible": 1, "width": 0.0, "thickness": 0.0, "ext": "(3:0,0,0.1)" }, "geometry": { "type": "LineString", "coordinates": [ [ 2240961.198185072280467, 540915.751643210765906, 0.0 ], [ 2240977.277604595758021, 540922.557548721204512, 0.0 ], [ 2240985.476792426314205, 540928.450793979573064, 0.0 ], [ 2240990.727383929304779, 540933.854819771018811, 0.0 ], [ 2241000.866978419944644, 540956.906722939456813, 0.0 ], [ 2240965.550000000279397, 540968.659999999916181, 0.0 ], [ 2240951.350000000558794, 540944.269999999902211, 0.0 ], [ 2240961.198185072280467, 540915.751643210765906, 0.0 ] ] } },
{ "type": "Feature", "properties": { "fid": 4998, "handle": 3723629, "block": -1, "etype": 18, "space": 0, "layer": "0_Limits", "olinetype": "bylayer", "linetype": "", "color": "0,0,0,65", "ocolor": 256, "color24": -1, "transparency": 0, "lweight": -1, "linewidth": 0.13, "ltscale": 1.0, "visible": 1, "width": 1.0, "thickness": 0.0, "ext": "(3:0,0,0.1)" }, "geometry": { "type": "LineString", "coordinates": [ [ 2240919.788393520284444, 540757.768220582045615, 0.0 ], [ 2240916.865194637328386, 540756.204893170855939, 0.0 ], [ 2240913.967647697776556, 540754.594518668134697, 0.0 ], [ 2240911.096509831957519, 540752.937517865444534, 0.0 ], [ 2240908.252531269099563, 540751.234323737327941, 0.0 ], [ 2240905.436455141287297, 540749.485381329199299, 0.0 ], [ 2240902.649017290212214, 540747.691147639998235, 0.0 ], [ 2240899.89094607392326, 540745.852091503678821, 0.0 ], [ 2240897.162962178234011, 540743.968693466042168, 0.0 ], [ 2240894.465778424870223, 540742.041445659589954, 0.0 ], [ 2240891.800099589861929, 540740.070851674885489, 0.0 ], [ 2240890.467872162815183, 540733.708275263779797, 0.0 ], [ 2240891.298013115301728, 540732.368243248201907, 0.0 ], [ 2240892.150639092549682, 540731.042404364096001, 0.0 ], [ 2240893.025507492013276, 540729.73113586101681, 0.0 ], [ 2240893.922369381412864, 540728.434810842154548, 0.0 ], [ 2240894.840969571843743, 540727.153798158979043, 0.0 ], [ 2240895.781046687159687, 540725.888462306233123, 0.0 ], [ 2240896.74233324220404, 540724.639163317740895, 0.0 ], [ 2240897.724555715918541, 540723.406256664311513, 0.0 ], [ 2240898.727434630040079, 540722.190093152690679, 0.0 ], [ 2240899.7506846296601, 540720.991018825443462, 0.0 ], [ 2240900.794014562387019, 540719.809374862699769, 0.0 ], [ 2240901.857127564027905, 540718.64549748506397, 0.0 ], [ 2240902.939721139147878, 540717.499717857805081, 0.0 ], [ 2240904.041487251408398, 540716.372361996676773, 0.0 ], [ 2240905.162112408317626, 540715.263750675483607, 0.0 ], [ 2240906.301277751103044, 540714.174199334345758, 0.0 ], [ 2240907.458659146446735, 540713.104017989942804, 0.0 ], [ 2240908.63392727682367, 540712.053511147852987, 0.0 ], [ 2240909.826747735962272, 540711.022977715241723, 0.0 ], [ 2240911.036781123373657, 540710.012710916227661, 0.0 ], [ 2240912.263683140277863, 540709.022998208529316, 0.0 ], [ 2240913.507104689255357, 540708.054121201043017, 0.0 ], [ 2240914.766691971570253, 540707.106355574680492, 0.0 ], [ 2240916.042086588218808, 540706.179971002973616, 0.0 ], [ 2240917.332925644237548, 540705.275231075938791, 0.0 ], [ 2240918.638841848354787, 540704.392393224872649, 0.0 ], [ 2240941.00481237238273, 540729.966442178818397, 0.0 ], [ 2240919.788393520284444, 540757.768220582045615, 0.0 ] ] } },
{ "type": "Feature", "properties": { "fid": 4999, "handle": 3723907, "block": -1, "etype": 18, "space": 0, "layer": "0_Limits", "olinetype": "bylayer", "linetype": "", "color": "0,0,0,65", "ocolor": 256, "color24": -1, "transparency": 0, "lweight": -1, "linewidth": 0.13, "ltscale": 1.0, "visible": 1, "width": 1.0, "thickness": 0.0, "ext": "(3:0,0,0.1)" }, "geometry": { "type": "LineString", "coordinates": [ [ 2240962.376284351572394, 540775.777931767515838, 0.0 ], [ 2240958.701922418549657, 540774.597473975503817, 0.0 ], [ 2240955.047192940954119, 540773.357567262835801, 0.0 ], [ 2240951.413057695142925, 540772.058537922916003, 0.0 ], [ 2240947.800473038107157, 540770.700727807590738, 0.0 ], [ 2240944.210389656480402, 540769.284494237508625, 0.0 ], [ 2240940.643752314615995, 540767.81020990817342, 0.0 ], [ 2240937.101499607320875, 540766.278262791456655, 0.0 ], [ 2240933.58456371165812, 540764.689056033734232, 0.0 ], [ 2240930.093870143406093, 540763.043007849948481, 0.0 ], [ 2240926.630337511189282, 540761.340551413362846, 0.0 ], [ 2240923.194877276662737, 540759.582134741707705, 0.0 ], [ 2240919.788393514696509, 540757.768220578902401, 0.0 ], [ 2240941.00481237238273, 540729.966442178818397, 0.0 ], [ 2240969.142228994518518, 540734.710826304508373, 0.0 ], [ 2240974.427807876374573, 540735.450241197715513, 0.0 ], [ 2240962.376284351572394, 540775.777931767515838, 0.0 ] ] } },
{ "type": "Feature", "properties": { "fid": 5000, "handle": 3723942, "block": -1, "etype": 18, "space": 0, "layer": "0_Limits", "olinetype": "bylayer", "linetype": "", "color": "0,0,0,65", "ocolor": 256, "color24": -1, "transparency": 0, "lweight": -1, "linewidth": 0.13, "ltscale": 1.0, "visible": 1, "width": 1.0, "thickness": 0.0, "ext": "(3:0,0,0.1)" }, "geometry": { "type": "LineString", "coordinates": [ [ 2241038.937481268309057, 540787.300386984599754, 0.0 ], [ 2241034.771840077824891, 540787.301732109626755, 0.0 ], [ 2241030.60677140718326, 540787.23265745327808, 0.0 ], [ 2241026.443465611431748, 540787.093182756681927, 0.0 ], [ 2241022.283112541772425, 540786.883347881259397, 0.0 ], [ 2241018.126901205163449, 540786.603212796384469, 0.0 ], [ 2241013.976019425317645, 540786.2528575634351, 0.0 ], [ 2241009.831653502769768, 540785.832382311928086, 0.0 ], [ 2241005.694987874943763, 540785.341907211695798, 0.0 ], [ 2241001.567204779945314, 540784.781572437728755, 0.0 ], [ 2241003.212990656960756, 540738.646464686258696, 0.0 ], [ 2241031.701735165901482, 540740.44236152106896, 0.0 ], [ 2241038.937481268309057, 540787.300386984599754, 0.0 ] ] } },
{ "type": "Feature", "properties": { "fid": 5001, "handle": 3723978, "block": -1, "etype": 18, "space": 0, "layer": "0_Limits", "olinetype": "bylayer", "linetype": "", "color": "0,0,0,65", "ocolor": 256, "color24": -1, "transparency": 0, "lweight": -1, "linewidth": 0.13, "ltscale": 1.0, "visible": 1, "width": 1.0, "thickness": 0.0, "ext": "(3:0,0,0.1)" }, "geometry": { "type": "LineString", "coordinates": [ [ 2241081.353996507357806, 540777.418566239066422, 0.0 ], [ 2241079.338378951884806, 540783.605952615500428, 0.0 ], [ 2241075.700257836375386, 540784.240439321962185, 0.0 ], [ 2241072.052281531970948, 540784.815563233802095, 0.0 ], [ 2241068.395418588072062, 540785.331171653466299, 0.0 ], [ 2241064.730639914050698, 540785.787127685500309, 0.0 ], [ 2241061.058918520342559, 540786.183310271822847, 0.0 ], [ 2241057.381229261867702, 540786.519614224787802, 0.0 ], [ 2241053.698548576328903, 540786.795950254658237, 0.0 ], [ 2241050.011854228097945, 540787.01224499323871, 0.0 ], [ 2241046.322125046048313, 540787.168441013549455, 0.0 ], [ 2241042.630340666044503, 540787.264496845076792, 0.0 ], [ 2241038.937481268309057, 540787.300386984599754, 0.0 ], [ 2241031.701735165901482, 540740.44236152106896, 0.0 ], [ 2241047.665019711945206, 540735.494769076933153, 0.0 ], [ 2241051.569399856496602, 540740.97351092484314, 0.0 ], [ 2241055.563655808568001, 540746.387078689411283, 0.0 ], [ 2241059.646699860226363, 540751.733998159761541, 0.0 ], [ 2241063.817420126404613, 540757.012813274166547, 0.0 ], [ 2241068.07468084525317, 540762.222086517256685, 0.0 ], [ 2241072.417322689201683, 540767.36039931117557, 0.0 ], [ 2241076.844163079280406, 540772.426352401496843, 0.0 ], [ 2241081.353996507357806, 540777.418566239066422, 0.0 ] ] } },
{ "type": "Feature", "properties": { "fid": 5002, "handle": 3724015, "block": -1, "etype": 18, "space": 0, "layer": "0_Limits", "olinetype": "bylayer", "linetype": "", "color": "0,0,0,65", "ocolor": 256, "color24": -1, "transparency": 0, "lweight": -1, "linewidth": 0.13, "ltscale": 1.0, "visible": 1, "width": 1.0, "thickness": 0.0, "ext": "(3:0,0,0.1)" }, "geometry": { "type": "LineString", "coordinates": [ [ 2241047.665019711945206, 540735.494769076933153, 0.0 ], [ 2241031.701735165901482, 540740.44236152106896, 0.0 ], [ 2241003.212990656960756, 540738.646464686258696, 0.0 ], [ 2241002.258743827231228, 540691.490832024137489, 0.0 ], [ 2241016.871152317151427, 540691.133560879621655, 0.0 ], [ 2241022.500854576006532, 540694.384187989984639, 0.0 ], [ 2241031.474920093547553, 540710.407831370714121, 0.0 ], [ 2241036.736138057895005, 540718.857062117313035, 0.0 ], [ 2241042.13330847164616, 540727.220103800762445, 0.0 ], [ 2241047.665019711945206, 540735.494769076933153, 0.0 ] ] } },
{ "type": "Feature", "properties": { "fid": 5003, "handle": 3724780, "block": -1, "etype": 18, "space": 0, "layer": "0_Limits", "olinetype": "bylayer", "linetype": "", "color": "0,0,0,65", "ocolor": 256, "color24": -1, "transparency": 0, "lweight": -1, "linewidth": 0.13, "ltscale": 1.0, "visible": 1, "width": 1.0, "thickness": 0.0, "ext": "(3:0,0,0.1)" }, "geometry": { "type": "LineString", "coordinates": [ [ 2241101.457449015695602, 540537.435141236986965, 0.0 ], [ 2241094.844129863195121, 540538.683467340422794, 0.0 ], [ 2241088.252148838248104, 540540.039968148455955, 0.0 ], [ 2241081.683275241870433, 540541.504279573331587, 0.0 ], [ 2241075.139272172469646, 540543.076008591218852, 0.0 ], [ 2241068.621896054130048, 540544.754733346751891, 0.0 ], [ 2241064.815644490066916, 540539.46991232666187, 0.0 ], [ 2241065.478955534286797, 540538.024357986287214, 0.0 ], [ 2241066.117290743160993, 540536.567602326045744, 0.0 ], [ 2241066.730461043305695, 540535.100076832226478, 0.0 ], [ 2241067.318284816574305, 540533.62221618113108, 0.0 ], [ 2241067.880587950814515, 540532.134458110202104, 0.0 ], [ 2241068.417203893419355, 540530.637243288569152, 0.0 ], [ 2241068.927973701152951, 540529.131015186314471, 0.0 ], [ 2241069.412746085319668, 540527.616219943505712, 0.0 ], [ 2241069.871377458330244, 540526.09330623736605, 0.0 ], [ 2241070.303731974214315, 540524.562725150142796, 0.0 ], [ 2241070.709681571926922, 540523.024930034880526, 0.0 ], [ 2241071.089106009807438, 540521.480376381543465, 0.0 ], [ 2241071.441892904229462, 540519.92952168174088, 0.0 ], [ 2241071.767937759868801, 540518.372825293801725, 0.0 ], [ 2241072.067144004162401, 540516.810748306103051, 0.0 ], [ 2241072.339423012919724, 540515.243753400631249, 0.0 ], [ 2241072.584694138262421, 540513.672304716310464, 0.0 ], [ 2241072.802884730976075, 540512.096867711050436, 0.0 ], [ 2241072.993930164258927, 540510.517909024260007, 0.0 ], [ 2241073.157773850951344, 540508.935896338196471, 0.0 ], [ 2241073.294367261230946, 540507.351298240129836, 0.0 ], [ 2241073.403669936582446, 540505.764584082644433, 0.0 ], [ 2241080.312235644087195, 540504.217496563214809, 0.0 ], [ 2241087.241678892634809, 540502.766780812758952, 0.0 ], [ 2241094.190655402839184, 540501.412718263571151, 0.0 ], [ 2241101.457449015695602, 540537.435141236986965, 0.0 ] ] } },
{ "type": "Feature", "properties": { "fid": 5004, "handle": 3724785, "block": -1, "etype": 18, "space": 0, "layer": "0_Limits", "olinetype": "bylayer", "linetype": "", "color": "0,0,0,65", "ocolor": 256, "color24": -1, "transparency": 0, "lweight": -1, "linewidth": 0.13, "ltscale": 1.0, "visible": 1, "width": 1.0, "thickness": 0.0, "ext": "(3:0,0,0.1)" }, "geometry": { "type": "LineString", "coordinates": [ [ 2241127.44057406578213, 540533.313753742258996, 0.0 ], [ 2241120.919793237000704, 540534.180591164855286, 0.0 ], [ 2241114.414460667874664, 540535.156622872920707, 0.0 ], [ 2241107.926404749043286, 540536.241574542596936, 0.0 ], [ 2241101.457449015695602, 540537.435141236986965, 0.0 ], [ 2241094.190655402839184, 540501.412718263571151, 0.0 ], [ 2241101.290103515144438, 540500.13267006422393, 0.0 ], [ 2241108.407003056257963, 540498.95350603281986, 0.0 ], [ 2241115.539920521900058, 540497.875463679549284, 0.0 ], [ 2241122.687419182155281, 540496.898760146577843, 0.0 ], [ 2241127.44057406578213, 540533.313753742258996, 0.0 ] ] } },
{ "type": "Feature", "properties": { "fid": 5005, "handle": 3724790, "block": -1, "etype": 18, "space": 0, "layer": "0_Limits", "olinetype": "bylayer", "linetype": "", "color": "0,0,0,65", "ocolor": 256, "color24": -1, "transparency": 0, "lweight": -1, "linewidth": 0.13, "ltscale": 1.0, "visible": 1, "width": 1.0, "thickness": 0.0, "ext": "(3:0,0,0.1)" }, "geometry": { "type": "LineString", "coordinates": [ [ 2241154.668574861250818, 540530.696951088728383, 0.0 ], [ 2241147.847699978854507, 540531.198839345248416, 0.0 ], [ 2241141.035065693315119, 540531.8023624017369, 0.0 ], [ 2241134.232186335138977, 540532.507386105600744, 0.0 ], [ 2241127.44057406578213, 540533.313753742258996, 0.0 ], [ 2241122.687419182155281, 540496.898760146577843, 0.0 ], [ 2241130.004240625537932, 540496.005990818142891, 0.0 ], [ 2241137.333160220179707, 540495.218684851075523, 0.0 ], [ 2241144.672657915391028, 540494.537005536141805, 0.0 ], [ 2241152.021211467683315, 540493.961094256606884, 0.0 ], [ 2241154.668574861250818, 540530.696951088728383, 0.0 ] ] } },
{ "type": "Feature", "properties": { "fid": 5006, "handle": 3724796, "block": -1, "etype": 18, "space": 0, "layer": "0_Limits", "olinetype": "bylayer", "linetype": "", "color": "0,0,0,65", "ocolor": 256, "color24": -1, "transparency": 0, "lweight": -1, "linewidth": 0.13, "ltscale": 1.0, "visible": 1, "width": 1.0, "thickness": 0.0, "ext": "(3:0,0,0.1)" }, "geometry": { "type": "LineString", "coordinates": [ [ 2241182.152201434597373, 540525.083600577781908, 0.0 ], [ 2241177.647013681475073, 540529.770247489679605, 0.0 ], [ 2241169.982760665006936, 540529.952061406685971, 0.0 ], [ 2241162.322578346822411, 540530.260990946204402, 0.0 ], [ 2241154.668574861250818, 540530.696951088728383, 0.0 ], [ 2241152.021211467683315, 540493.961094256606884, 0.0 ], [ 2241159.219902980141342, 540493.501814305549487, 0.0 ], [ 2241166.424714910797775, 540493.151410804595798, 0.0 ], [ 2241173.634000653866678, 540492.909963835845701, 0.0 ], [ 2241180.846112582366914, 540492.777528580045328, 0.0 ], [ 2241181.26573149394244, 540498.15168530237861, 0.0 ], [ 2241181.604659002274275, 540503.531533687841147, 0.0 ], [ 2241181.862818784080446, 540508.915862247115001, 0.0 ], [ 2241182.0401527043432, 540514.303458481677808, 0.0 ], [ 2241182.13662082888186, 540519.693109157611616, 0.0 ], [ 2241182.152201434597373, 540525.083600577781908, 0.0 ] ] } },
{ "type": "Feature", "properties": { "fid": 5007, "handle": 3724802, "block": -1, "etype": 18, "space": 0, "layer": "0_Limits", "olinetype": "bylayer", "linetype": "", "color": "0,0,0,65", "ocolor": 256, "color24": -1, "transparency": 0, "lweight": -1, "linewidth": 0.13, "ltscale": 1.0, "visible": 1, "width": 1.0, "thickness": 0.0, "ext": "(3:0,0,0.1)" }, "geometry": { "type": "LineString", "coordinates": [ [ 2241213.03612906485796, 540530.710993631742895, 0.0 ], [ 2241208.205864993389696, 540530.383913078578189, 0.0 ], [ 2241203.371347222477198, 540530.127260364824906, 0.0 ], [ 2241198.533602573908865, 540529.941090001841076, 0.0 ], [ 2241193.693658553529531, 540529.825441531138495, 0.0 ], [ 2241189.151847347151488, 540525.175455723539926, 0.0 ], [ 2241189.137984212022275, 540519.791761369910091, 0.0 ], [ 2241189.044979398604482, 540514.408852566499263, 0.0 ], [ 2241188.872853006236255, 540509.027892653481103, 0.0 ], [ 2241188.621642234735191, 540503.650044549605809, 0.0 ], [ 2241188.291401375085115, 540498.276470501092263, 0.0 ], [ 2241187.882201798260212, 540492.908331830520183, 0.0 ], [ 2241192.451816074084491, 540492.822916455683298, 0.0 ], [ 2241197.022223375272006, 540492.816023173741996, 0.0 ], [ 2241201.592074514832348, 540492.887654019636102, 0.0 ], [ 2241206.16002047015354, 540493.03778784791939, 0.0 ], [ 2241210.724712780676782, 540493.266380338813178, 0.0 ], [ 2241215.284803946502507, 540493.57336401194334, 0.0 ], [ 2241213.03612906485796, 540530.710993631742895, 0.0 ] ] } },
{ "type": "Feature", "properties": { "fid": 5008, "handle": 3724807, "block": -1, "etype": 18, "space": 0, "layer": "0_Limits", "olinetype": "bylayer", "linetype": "", "color": "0,0,0,65", "ocolor": 256, "color24": -1, "transparency": 0, "lweight": -1, "linewidth": 0.13, "ltscale": 1.0, "visible": 1, "width": 1.0, "thickness": 0.0, "ext": "(3:0,0,0.1)" }, "geometry": { "type": "LineString", "coordinates": [ [ 2241236.361355824396014, 540532.728701347019523, 0.0 ], [ 2241230.542750431690365, 540532.085944634163752, 0.0 ], [ 2241224.714704692363739, 540531.53531974775251, 0.0 ], [ 2241218.878677329514176, 540531.076964505831711, 0.0 ], [ 2241213.03612906485796, 540530.710993631742895, 0.0 ], [ 2241215.284803946502507, 540493.57336401194334, 0.0 ], [ 2241220.24877853365615, 540493.793527513043955, 0.0 ], [ 2241225.209150033071637, 540494.083752004546113, 0.0 ], [ 2241230.164929660968482, 540494.443979633972049, 0.0 ], [ 2241235.115129549521953, 540494.874138594837859, 0.0 ], [ 2241240.058762942440808, 540495.374143140739761, 0.0 ], [ 2241236.361355824396014, 540532.728701347019523, 0.0 ] ] } },
{ "type": "Feature", "properties": { "fid": 5009, "handle": 3724812, "block": -1, "etype": 18, "space": 0, "layer": "0_Limits", "olinetype": "bylayer", "linetype": "", "color": "0,0,0,65", "ocolor": 256, "color24": -1, "transparency": 0, "lweight": -1, "linewidth": 0.13, "ltscale": 1.0, "visible": 1, "width": 1.0, "thickness": 0.0, "ext": "(3:0,0,0.1)" }, "geometry": { "type": "LineString", "coordinates": [ [ 2241258.876615566667169, 540535.907936844974756, 0.0 ], [ 2241251.389617535751313, 540534.722620306536555, 0.0 ], [ 2241243.883830086793751, 540533.662776175420731, 0.0 ], [ 2241236.361355824396014, 540532.728701347019523, 0.0 ], [ 2241240.058762942440808, 540495.374143140739761, 0.0 ], [ 2241248.348171507474035, 540496.297553474665619, 0.0 ], [ 2241256.621312279254198, 540497.356856442755088, 0.0 ], [ 2241264.875957649666816, 540498.55176681955345, 0.0 ], [ 2241258.876615566667169, 540535.907936844974756, 0.0 ] ] } },
{ "type": "Feature", "properties": { "fid": 5010, "handle": 3724819, "block": -1, "etype": 18, "space": 0, "layer": "0_Limits", "olinetype": "bylayer", "linetype": "", "color": "0,0,0,65", "ocolor": 256, "color24": -1, "transparency": 0, "lweight": -1, "linewidth": 0.13, "ltscale": 1.0, "visible": 1, "width": 1.0, "thickness": 0.0, "ext": "(3:0,0,0.1)" }, "geometry": { "type": "LineString", "coordinates": [ [ 2241281.469577389303595, 540535.733538286876865, 0.0 ], [ 2241275.90017179492861, 540539.084944268106483, 0.0 ], [ 2241270.239305537659675, 540537.953638892155141, 0.0 ], [ 2241264.564479468856007, 540536.894579063169658, 0.0 ], [ 2241258.876615566667169, 540535.907936844974756, 0.0 ], [ 2241264.875957649666816, 540498.55176681955345, 0.0 ], [ 2241289.421161061618477, 540502.804405492031947, 0.0 ], [ 2241288.018725918140262, 540509.434187643346377, 0.0 ], [ 2241286.52203703019768, 540516.043329651118256, 0.0 ], [ 2241284.931397829670459, 540522.630491607589647, 0.0 ], [ 2241283.247130795847625, 540529.194338061031885, 0.0 ], [ 2241281.469577389303595, 540535.733538286876865, 0.0 ] ] } },
{ "type": "Feature", "properties": { "fid": 5011, "handle": 3724904, "block": -1, "etype": 18, "space": 0, "layer": "0_Limits", "olinetype": "bylayer", "linetype": "", "color": "0,0,0,65", "ocolor": 256, "color24": -1, "transparency": 0, "lweight": -1, "linewidth": 0.13, "ltscale": 1.0, "visible": 1, "width": 0.0, "thickness": 0.0, "ext": "(3:0,0,0.1)" }, "geometry": { "type": "LineString", "coordinates": [ [ 2241289.407129726372659, 540502.926441262359731, 0.0 ], [ 2241281.254268632736057, 540501.334641002002172, 0.0 ], [ 2241273.076483246870339, 540499.876286357874051, 0.0 ], [ 2241264.875957649666816, 540498.55176681955345, 0.0 ], [ 2241256.621312279254198, 540497.356856442755088, 0.0 ], [ 2241248.348171507474035, 540496.297553474665619, 0.0 ], [ 2241240.058762942440808, 540495.374143140739761, 0.0 ], [ 2241232.279520369600505, 540494.632511980948038, 0.0 ], [ 2241224.48979569831863, 540494.010562357492745, 0.0 ], [ 2241216.691430087201297, 540493.508441272657365, 0.0 ], [ 2241210.935250139329582, 540493.194675332400948, 0.0 ], [ 2241205.174608419183642, 540492.977733783540316, 0.0 ], [ 2241199.411133490037173, 540492.857677956693806, 0.0 ], [ 2241193.646454715169966, 540492.834541792050004, 0.0 ], [ 2241187.882201798260212, 540492.908331830520183, 0.0 ], [ 2241180.846112582366914, 540492.777528580045328, 0.0 ], [ 2241173.312727103941143, 540492.917139518423937, 0.0 ], [ 2241165.782527189236134, 540493.176903297076933, 0.0 ], [ 2241158.257429079618305, 540493.55675381293986, 0.0 ], [ 2241150.739347717724741, 540494.056594403926283, 0.0 ], [ 2241143.712257230188698, 540494.621161354938522, 0.0 ], [ 2241136.693672573193908, 540495.283132638083771, 0.0 ], [ 2241129.684943828731775, 540496.042380917817354, 0.0 ], [ 2241122.687419182155281, 540496.898760146577843, 0.0 ], [ 2241115.539920521900058, 540497.8754636796657, 0.0 ], [ 2241108.407003056257963, 540498.953506032936275, 0.0 ], [ 2241101.290103515144438, 540500.13267006422393, 0.0 ], [ 2241094.190655402839184, 540501.412718263571151, 0.0 ], [ 2241087.241678892634809, 540502.766780812875368, 0.0 ], [ 2241080.312235644087195, 540504.217496563214809, 0.0 ], [ 2241073.403669936582446, 540505.764584082644433, 0.0 ], [ 2241073.485118257813156, 540504.188562554656528, 0.0 ], [ 2241073.539642385672778, 540502.611380001879297, 0.0 ], [ 2241073.567226420622319, 540501.033496353891678, 0.0 ], [ 2241073.567862318828702, 540499.455371744930744, 0.0 ], [ 2241073.541549894027412, 540497.877466379664838, 0.0 ], [ 2241073.488296820316464, 540496.300240398501046, 0.0 ], [ 2241073.408118626102805, 540494.72415374382399, 0.0 ], [ 2241073.301038693170995, 540493.149666026001796, 0.0 ], [ 2241073.167088247835636, 540491.577236388926394, 0.0 ], [ 2241073.006306351162493, 540490.007323376252316, 0.0 ], [ 2241072.818739890120924, 540488.440384797868319, 0.0 ], [ 2241072.604443562217057, 540486.876877596369013, 0.0 ], [ 2241072.363479858729988, 540485.317257713410072, 0.0 ], [ 2241072.095919048413634, 540483.761979957460426, 0.0 ], [ 2241071.801839156076312, 540482.211497870273888, 0.0 ], [ 2241071.481325939763337, 540480.666263595572673, 0.0 ], [ 2241071.134472865611315, 540479.126727746450342, 0.0 ], [ 2241070.761381081771106, 540477.59333927440457, 0.0 ], [ 2241070.36215938674286, 540476.066545338137075, 0.0 ], [ 2241069.936924199573696, 540474.546791173401289, 0.0 ], [ 2241069.485799525398761, 540473.034519963082857, 0.0 ], [ 2241069.008916918188334, 540471.53017270762939, 0.0 ], [ 2241068.5064154448919, 540470.034188097110018, 0.0 ], [ 2241067.978441641665995, 540468.547002382809296, 0.0 ], [ 2241067.425149473827332, 540467.069049250101671, 0.0 ], [ 2241066.846700289752334, 540465.600759691908024, 0.0 ], [ 2241066.243262773379683, 540464.14256188319996, 0.0 ], [ 2241065.615012895781547, 540462.694881055969745, 0.0 ], [ 2241064.962133864872158, 540461.258139375597239, 0.0 ], [ 2241064.284816069062799, 540459.832755817100406, 0.0 ], [ 2241063.583257024176419, 540458.41914604336489, 0.0 ], [ 2241071.154790766537189, 540458.343841977301054, 0.0 ], [ 2241078.724149680696428, 540458.147374314488843, 0.0 ], [ 2241086.289394968189299, 540457.829793377779424, 0.0 ], [ 2241093.126625729724765, 540457.438316716114059, 0.0 ], [ 2241099.957473665010184, 540456.94791387708392, 0.0 ], [ 2241106.780507511924952, 540456.358687614556402, 0.0 ], [ 2241113.594297644216567, 540455.670761388610117, 0.0 ], [ 2241120.958765728399158, 540454.814922625082545, 0.0 ], [ 2241128.308918473310769, 540453.843786806915887, 0.0 ], [ 2241135.642950917128474, 540452.757592413807288, 0.0 ], [ 2241142.959062057547271, 540451.556606180383824, 0.0 ], [ 2241150.642816661857069, 540450.16436383058317, 0.0 ], [ 2241158.304187010508031, 540448.653791765798815, 0.0 ], [ 2241165.941350939217955, 540447.025249257334508, 0.0 ], [ 2241173.552492042072117, 540445.279123634216376, 0.0 ], [ 2241180.320768754463643, 540443.469374032923952, 0.0 ], [ 2241185.986857464537024, 540442.020288073224947, 0.0 ], [ 2241191.631343170534819, 540440.489212468615733, 0.0 ], [ 2241197.253039529081434, 540438.87646901642438, 0.0 ], [ 2241202.850764987524599, 540437.182396678603254, 0.0 ], [ 2241208.423343030270189, 540435.407351510948502, 0.0 ], [ 2241214.344413744285703, 540433.446687438641675, 0.0 ], [ 2241220.239122432656586, 540431.408136118086986, 0.0 ], [ 2241226.106444596778601, 540429.292051848839037, 0.0 ], [ 2241231.945360496640205, 540427.098802405991592, 0.0 ], [ 2241239.495873339474201, 540424.131209597806446, 0.0 ], [ 2241246.994391293264925, 540421.034585667192005, 0.0 ], [ 2241254.438709525857121, 540417.809841132140718, 0.0 ], [ 2241261.871396278962493, 540414.436816457426175, 0.0 ], [ 2241269.245313955936581, 540410.937178487889469, 0.0 ], [ 2241276.558305934071541, 540407.311950750066899, 0.0 ], [ 2241277.67645222088322, 540409.935770898126066, 0.0 ], [ 2241278.751416344661266, 540412.577576231909916, 0.0 ], [ 2241279.782909147907048, 540415.236656126449816, 0.0 ], [ 2241280.770653167273849, 540417.912295309943147, 0.0 ], [ 2241281.714382707607001, 540420.603774056653492, 0.0 ], [ 2241282.613843912724406, 540423.310368379577994, 0.0 ], [ 2241283.468794834334403, 540426.031350226257928, 0.0 ], [ 2241284.279005498159677, 540428.765987673657946, 0.0 ], [ 2241285.044257963076234, 540431.5135451258393, 0.0 ], [ 2241285.764346383046359, 540434.273283511400223, 0.0 ], [ 2241286.439077058807015, 540437.044460482196882, 0.0 ], [ 2241287.068268494214863, 540439.826330613344908, 0.0 ], [ 2241287.651751440484077, 540442.61814560345374, 0.0 ], [ 2241288.189368946477771, 540445.419154476374388, 0.0 ], [ 2241288.680976396426558, 540448.228603782481514, 0.0 ], [ 2241289.126441552303731, 540451.045737801934592, 0.0 ], [ 2241289.560054202564061, 540454.735050676739775, 0.0 ], [ 2241289.930271844379604, 540458.431263375794515, 0.0 ], [ 2241290.236985376570374, 540462.133286637137644, 0.0 ], [ 2241290.480104411952198, 540465.840029486804269, 0.0 ], [ 2241290.659557302948087, 540469.550399559782818, 0.0 ], [ 2241290.77529116673395, 540473.263303422136232, 0.0 ], [ 2241290.827271895948797, 540476.977646893355995, 0.0 ], [ 2241290.815484172198921, 540480.692335368599743, 0.0 ], [ 2241290.739931469783187, 540484.406274141394533, 0.0 ], [ 2241290.600636053364724, 540488.118368726107292, 0.0 ], [ 2241290.397638973314315, 540491.827525180531666, 0.0 ], [ 2241290.131000051740557, 540495.532650428707711, 0.0 ], [ 2241289.800797866191715, 540499.232652582111768, 0.0 ], [ 2241289.407129726372659, 540502.926441262359731, 0.0 ] ] } },
{ "type": "Feature", "properties": { "fid": 5012, "handle": 3725032, "block": -1, "etype": 18, "space": 0, "layer": "0_Limits", "olinetype": "bylayer", "linetype": "", "color": "0,0,0,65", "ocolor": 256, "color24": -1, "transparency": 0, "lweight": -1, "linewidth": 0.13, "ltscale": 1.0, "visible": 1, "width": 1.0, "thickness": 0.0, "ext": "(3:0,0,0.1)" }, "geometry": { "type": "LineString", "coordinates": [ [ 2241045.741471233312041, 540607.936813650652766, 0.0 ], [ 2241008.142201161477715, 540621.280902376980521, 0.0 ], [ 2241006.326167439110577, 540615.29336310911458, 0.0 ], [ 2241004.607738019432873, 540609.277084749774076, 0.0 ], [ 2241002.987367328256369, 540603.233658255659975, 0.0 ], [ 2241001.465483859647065, 540597.164681762689725, 0.0 ], [ 2241000.042490062769502, 540591.071760162943974, 0.0 ], [ 2241003.549466147553176, 540585.597688609617762, 0.0 ], [ 2241005.552111433818936, 540585.061316089355387, 0.0 ], [ 2241007.545617948751897, 540584.491916934843175, 0.0 ], [ 2241009.529441073536873, 540583.889646703726612, 0.0 ], [ 2241011.503038834780455, 540583.254669934278354, 0.0 ], [ 2241013.465872053522617, 540582.587160099647008, 0.0 ], [ 2241015.417404489591718, 540581.887299561174586, 0.0 ], [ 2241017.357102991547436, 540581.155279518454336, 0.0 ], [ 2241019.284437641035765, 540580.391299956594594, 0.0 ], [ 2241021.19888189714402, 540579.595569591969252, 0.0 ], [ 2241023.099912740290165, 540578.76830581552349, 0.0 ], [ 2241024.987010815646499, 540577.90973463258706, 0.0 ], [ 2241026.859660574700683, 540577.020090601756237, 0.0 ], [ 2241028.71735041635111, 540576.09961677074898, 0.0 ], [ 2241030.55957282660529, 540575.148564609466121, 0.0 ], [ 2241032.385824516881257, 540574.16719394212123, 0.0 ], [ 2241045.741471233312041, 540607.936813650652766, 0.0 ] ] } },
{ "type": "Feature", "properties": { "fid": 5013, "handle": 3725068, "block": -1, "etype": 18, "space": 0, "layer": "0_Limits", "olinetype": "bylayer", "linetype": "", "color": "0,0,0,65", "ocolor": 256, "color24": -1, "transparency": 0, "lweight": -1, "linewidth": 0.13, "ltscale": 1.0, "visible": 1, "width": 1.0, "thickness": 0.0, "ext": "(3:0,0,0.1)" }, "geometry": { "type": "LineString", "coordinates": [ [ 2241057.966234777122736, 540638.993426312459633, 0.0 ], [ 2241019.678460754919797, 540653.207120979903266, 0.0 ], [ 2241017.560754619073123, 540647.958714450476691, 0.0 ], [ 2241015.520475268829614, 540642.679726806352846, 0.0 ], [ 2241013.558064138982445, 540637.371300209662877, 0.0 ], [ 2241011.673945817165077, 540632.034583192202263, 0.0 ], [ 2241009.86852795118466, 540626.670730406767689, 0.0 ], [ 2241008.142201161477715, 540621.280902376980521, 0.0 ], [ 2241045.741471233312041, 540607.936813650652766, 0.0 ], [ 2241057.966234777122736, 540638.993426312459633, 0.0 ] ] } },
{ "type": "Feature", "properties": { "fid": 5014, "handle": 3725113, "block": -1, "etype": 18, "space": 0, "layer": "0_Limits", "olinetype": "bylayer", "linetype": "", "color": "0,0,0,65", "ocolor": 256, "color24": -1, "transparency": 0, "lweight": -1, "linewidth": 0.13, "ltscale": 1.0, "visible": 1, "width": 1.0, "thickness": 0.0, "ext": "(3:0,0,0.1)" }, "geometry": { "type": "LineString", "coordinates": [ [ 2241090.411134107969701, 540695.70035794947762, 0.0 ], [ 2241054.567219141405076, 540718.985171804437414, 0.0 ], [ 2241051.378810184076428, 540714.079492664895952, 0.0 ], [ 2241048.264186560176313, 540709.126639024936594, 0.0 ], [ 2241045.224046111106873, 540704.127720587304793, 0.0 ], [ 2241042.259069989435375, 540699.083857375662774, 0.0 ], [ 2241039.369922508485615, 540693.996179483830929, 0.0 ], [ 2241041.904865089803934, 540687.997079662629403, 0.0 ], [ 2241046.100556986406446, 540687.104180977097712, 0.0 ], [ 2241050.280387951992452, 540686.139758012490347, 0.0 ], [ 2241054.443138799630105, 540685.104092074907385, 0.0 ], [ 2241058.587595324963331, 540683.997485250467435, 0.0 ], [ 2241062.712548659183085, 540682.82026031811256, 0.0 ], [ 2241066.816795623395592, 540681.572760654380545, 0.0 ], [ 2241070.899139077402651, 540680.255350133986212, 0.0 ], [ 2241074.958388269878924, 540678.868413023534231, 0.0 ], [ 2241078.993359185755253, 540677.412353869411163, 0.0 ], [ 2241090.411134107969701, 540695.70035794947762, 0.0 ] ] } },
{ "type": "Feature", "properties": { "fid": 5015, "handle": 3725118, "block": -1, "etype": 18, "space": 0, "layer": "0_Limits", "olinetype": "bylayer", "linetype": "", "color": "0,0,0,65", "ocolor": 256, "color24": -1, "transparency": 0, "lweight": -1, "linewidth": 0.13, "ltscale": 1.0, "visible": 1, "width": 1.0, "thickness": 0.0, "ext": "(3:0,0,0.1)" }, "geometry": { "type": "LineString", "coordinates": [ [ 2241104.736637950874865, 540717.04092011845205, 0.0 ], [ 2241070.52839846117422, 540741.321918374043889, 0.0 ], [ 2241066.396552972029895, 540735.840093909529969, 0.0 ], [ 2241062.358304196037352, 540730.288959482684731, 0.0 ], [ 2241058.414814541582018, 540724.670112986350432, 0.0 ], [ 2241054.567219141405076, 540718.985171804437414, 0.0 ], [ 2241090.411134107969701, 540695.700357949594036, 0.0 ], [ 2241104.736637950874865, 540717.04092011845205, 0.0 ] ] } },
{ "type": "Feature", "properties": { "fid": 5016, "handle": 3725124, "block": -1, "etype": 18, "space": 0, "layer": "0_Limits", "olinetype": "bylayer", "linetype": "", "color": "0,0,0,65", "ocolor": 256, "color24": -1, "transparency": 0, "lweight": -1, "linewidth": 0.13, "ltscale": 1.0, "visible": 1, "width": 1.0, "thickness": 0.0, "ext": "(3:0,0,0.1)" }, "geometry": { "type": "LineString", "coordinates": [ [ 2241143.25268097827211, 540758.116875754320063, 0.0 ], [ 2241140.77444563806057, 540759.724111599149182, 0.0 ], [ 2241138.26997974794358, 540761.290160151198506, 0.0 ], [ 2241135.739967759232968, 540762.814593421877362, 0.0 ], [ 2241133.185101103037596, 540764.296994795557112, 0.0 ], [ 2241130.60607800539583, 540765.736959143541753, 0.0 ], [ 2241128.003603292629123, 540767.134092935011722, 0.0 ], [ 2241125.378388200886548, 540768.488014344242401, 0.0 ], [ 2241122.731150180101395, 540769.798353355261497, 0.0 ], [ 2241120.062612700276077, 540771.064751862664707, 0.0 ], [ 2241117.373505051247776, 540772.286863769753836, 0.0 ], [ 2241114.664562144782394, 540773.464355082833208, 0.0 ], [ 2241111.936524314340204, 540774.596904003061354, 0.0 ], [ 2241109.190137110650539, 540775.684201013413258, 0.0 ], [ 2241106.426151099614799, 540776.725948964478448, 0.0 ], [ 2241100.066300506237894, 540775.356327247689478, 0.0 ], [ 2241095.684186259750277, 540770.791324105579406, 0.0 ], [ 2241091.376046597957611, 540766.156444214168005, 0.0 ], [ 2241087.14299561502412, 540761.452886163955554, 0.0 ], [ 2241122.878791745286435, 540737.183431393816136, 0.0 ], [ 2241143.25268097827211, 540758.116875754320063, 0.0 ] ] } },
{ "type": "Feature", "properties": { "fid": 5017, "handle": 3725300, "block": -1, "etype": 18, "space": 0, "layer": "0_Limits", "olinetype": "bylayer", "linetype": "", "color": "0,0,0,65", "ocolor": 256, "color24": -1, "transparency": 0, "lweight": -1, "linewidth": 0.13, "ltscale": 1.0, "visible": 1, "width": 1.0, "thickness": 0.0, "ext": "(3:0,0,0.1)" }, "geometry": { "type": "LineString", "coordinates": [ [ 2241103.251131324097514, 540647.997589948703535, 0.0 ], [ 2241101.160737591329962, 540654.216934421798214, 0.0 ], [ 2241097.743300519417971, 540655.988925507990643, 0.0 ], [ 2241094.296506543178111, 540657.703113314229995, 0.0 ], [ 2241090.821333272848278, 540659.359011647640727, 0.0 ], [ 2241087.31876636762172, 540660.956150847603567, 0.0 ], [ 2241083.789799256250262, 540662.494077919516712, 0.0 ], [ 2241080.235432856250554, 540663.972356662736274, 0.0 ], [ 2241076.656675287522376, 540665.390567794907838, 0.0 ], [ 2241073.054541589692235, 540666.748309070477262, 0.0 ], [ 2241069.430053431075066, 540668.045195394777693, 0.0 ], [ 2241057.966234777122736, 540638.993426312576048, 0.0 ], [ 2241085.570515521802008, 540624.833579474361613, 0.0 ], [ 2241092.182379137258977, 540638.279598439112306, 0.0 ], [ 2241096.611295370385051, 540636.004848119104281, 0.0 ], [ 2241097.635383768007159, 540638.048169522196986, 0.0 ], [ 2241098.692881528753787, 540640.074401959194802, 0.0 ], [ 2241099.783503582235426, 540642.08299921581056, 0.0 ], [ 2241100.906955927610397, 540644.073419832275249, 0.0 ], [ 2241102.062935714609921, 540646.045127248507924, 0.0 ], [ 2241103.251131324097514, 540647.997589948703535, 0.0 ] ] } },
{ "type": "Feature", "properties": { "fid": 5018, "handle": 3725453, "block": -1, "etype": 18, "space": 0, "layer": "0_Limits", "olinetype": "bylayer", "linetype": "", "color": "0,0,0,65", "ocolor": 256, "color24": -1, "transparency": 0, "lweight": -1, "linewidth": 0.13, "ltscale": 1.0, "visible": 1, "width": 1.0, "thickness": 0.0, "ext": "(3:0,0,0.1)" }, "geometry": { "type": "LineString", "coordinates": [ [ 2241148.744524248410016, 540618.624270608648658, 0.0 ], [ 2241130.536949683912098, 540605.449076839722693, 0.0 ], [ 2241128.992966866586357, 540584.74715017573908, 0.0 ], [ 2241151.00109343463555, 540582.303230206947774, 0.0 ], [ 2241168.893595843110234, 540586.450805926579051, 0.0 ], [ 2241168.03451057523489, 540588.38555471599102, 0.0 ], [ 2241167.143308621365577, 540590.305721233366057, 0.0 ], [ 2241166.220237404108047, 540592.210772388498299, 0.0 ], [ 2241165.265553192701191, 540594.100179288070649, 0.0 ], [ 2241164.279521032702178, 540595.973417381872423, 0.0 ], [ 2241163.262414673808962, 540597.8299666083185, 0.0 ], [ 2241162.214516491629183, 540599.66931153961923, 0.0 ], [ 2241161.136117411311716, 540601.490941523807123, 0.0 ], [ 2241160.027516825124621, 540603.294350827578455, 0.0 ], [ 2241158.889022510964423, 540605.079038775642402, 0.0 ], [ 2241157.720950544811785, 540606.844509890885092, 0.0 ], [ 2241156.523625215515494, 540608.590274030691944, 0.0 ], [ 2241155.297378932591528, 540610.315846524084918, 0.0 ], [ 2241154.042552135419101, 540612.020748305483721, 0.0 ], [ 2241152.75949319684878, 540613.70450604846701, 0.0 ], [ 2241151.448558329604566, 540615.366652296273969, 0.0 ], [ 2241150.110111483838409, 540617.006725592538714, 0.0 ], [ 2241148.744524248410016, 540618.624270608648658, 0.0 ] ] } },
{ "type": "Feature", "properties": { "fid": 5019, "handle": 3725514, "block": -1, "etype": 18, "space": 0, "layer": "0_Limits", "olinetype": "bylayer", "linetype": "", "color": "0,0,0,65", "ocolor": 256, "color24": -1, "transparency": 0, "lweight": -1, "linewidth": 0.13, "ltscale": 1.0, "visible": 1, "width": 1.0, "thickness": 0.0, "ext": "(3:0,0,0.1)" }, "geometry": { "type": "LineString", "coordinates": [ [ 2241265.389973676763475, 540592.526945149176754, 0.0 ], [ 2241241.843038383871317, 540587.433730322401971, 0.0 ], [ 2241249.490392413921654, 540549.567965601803735, 0.0 ], [ 2241257.539473441429436, 540550.888035237905569, 0.0 ], [ 2241265.566518026404083, 540552.336083740810864, 0.0 ], [ 2241273.569491461385041, 540553.911744056851603, 0.0 ], [ 2241276.882215067278594, 540559.478564169956371, 0.0 ], [ 2241274.795951640233397, 540566.160127296461724, 0.0 ], [ 2241272.603020471986383, 540572.807445085723884, 0.0 ], [ 2241270.303983303252608, 540579.418814762029797, 0.0 ], [ 2241267.899429054465145, 540585.992542758234777, 0.0 ], [ 2241265.389973676763475, 540592.526945149176754, 0.0 ] ] } },
{ "type": "Feature", "properties": { "fid": 5020, "handle": 3725519, "block": -1, "etype": 18, "space": 0, "layer": "0_Limits", "olinetype": "bylayer", "linetype": "", "color": "0,0,0,65", "ocolor": 256, "color24": -1, "transparency": 0, "lweight": -1, "linewidth": 0.13, "ltscale": 1.0, "visible": 1, "width": 1.0, "thickness": 0.0, "ext": "(3:0,0,0.1)" }, "geometry": { "type": "LineString", "coordinates": [ [ 2241241.84303688397631, 540587.433737747021951, 0.0 ], [ 2241215.433945360127836, 540584.161980562959798, 0.0 ], [ 2241219.808404052630067, 540546.169070824747905, 0.0 ], [ 2241229.719558711629361, 540547.148690669680946, 0.0 ], [ 2241239.614346569869667, 540548.28174625756219, 0.0 ], [ 2241249.490392413921654, 540549.56796560192015, 0.0 ], [ 2241241.84303688397631, 540587.433737747021951, 0.0 ] ] } },
{ "type": "Feature", "properties": { "fid": 5021, "handle": 3725525, "block": -1, "etype": 18, "space": 0, "layer": "0_Limits", "olinetype": "bylayer", "linetype": "", "color": "0,0,0,65", "ocolor": 256, "color24": -1, "transparency": 0, "lweight": -1, "linewidth": 0.13, "ltscale": 1.0, "visible": 1, "width": 1.0, "thickness": 0.0, "ext": "(3:0,0,0.1)" }, "geometry": { "type": "LineString", "coordinates": [ [ 2241215.433945360127836, 540584.161980562959798, 0.0 ], [ 2241183.912213595118374, 540580.875904206419364, 0.0 ], [ 2241184.646668017841876, 540578.669320617918856, 0.0 ], [ 2241185.344115667045116, 540576.450762255350128, 0.0 ], [ 2241186.004361446481198, 540574.220849714009091, 0.0 ], [ 2241186.627220666501671, 540571.98020676523447, 0.0 ], [ 2241187.212519095279276, 540569.729460182134062, 0.0 ], [ 2241187.760093007236719, 540567.469239564030431, 0.0 ], [ 2241188.26978923054412, 540565.200177160440944, 0.0 ], [ 2241188.741465188097209, 540562.922907693893649, 0.0 ], [ 2241189.174988938495517, 540560.638068183208816, 0.0 ], [ 2241189.570239212363958, 540558.346297764452174, 0.0 ], [ 2241189.927105446811765, 540556.048237512237392, 0.0 ], [ 2241190.245487816166133, 540553.744530261261389, 0.0 ], [ 2241190.525297259446234, 540551.435820425162092, 0.0 ], [ 2241190.766455505508929, 540549.12275381735526, 0.0 ], [ 2241195.699079411104321, 540544.876320163137279, 0.0 ], [ 2241201.733797180466354, 540545.045379508286715, 0.0 ], [ 2241207.764757864177227, 540545.317248672596179, 0.0 ], [ 2241213.790210082195699, 540545.691848705871962, 0.0 ], [ 2241219.808404052630067, 540546.169070824747905, 0.0 ], [ 2241215.433945360127836, 540584.161980562959798, 0.0 ] ] } },
{ "type": "Feature", "properties": { "fid": 5022, "handle": 3725531, "block": -1, "etype": 18, "space": 0, "layer": "0_Limits", "olinetype": "bylayer", "linetype": "", "color": "0,0,0,65", "ocolor": 256, "color24": -1, "transparency": 0, "lweight": -1, "linewidth": 0.13, "ltscale": 1.0, "visible": 1, "width": 1.0, "thickness": 0.0, "ext": "(3:0,0,0.1)" }, "geometry": { "type": "LineString", "coordinates": [ [ 2241168.893595843110234, 540586.450805926579051, 0.0 ], [ 2241151.00109343463555, 540582.303230206947774, 0.0 ], [ 2241147.762770799919963, 540546.222931483294815, 0.0 ], [ 2241156.491098260972649, 540545.613209741888568, 0.0 ], [ 2241165.228725852910429, 540545.155689321924001, 0.0 ], [ 2241173.97299974784255, 540544.85050918336492, 0.0 ], [ 2241178.665236466564238, 540549.508045833557844, 0.0 ], [ 2241178.418568262364715, 540551.624739871942438, 0.0 ], [ 2241178.136432192754, 540553.736998874228448, 0.0 ], [ 2241177.818907633889467, 540555.844228574424051, 0.0 ], [ 2241177.466083918698132, 540557.945836121216416, 0.0 ], [ 2241177.07806031126529, 540560.041230245260522, 0.0 ], [ 2241176.65494597889483, 540562.129821425070986, 0.0 ], [ 2241176.196859960444272, 540564.21102205326315, 0.0 ], [ 2241175.70393113559112, 540566.284246601746418, 0.0 ], [ 2241175.176298184785992, 540568.348911786219105, 0.0 ], [ 2241174.614109553396702, 540570.404436730896123, 0.0 ], [ 2241174.017523408867419, 540572.450243131024763, 0.0 ], [ 2241173.386707595083863, 540574.485755416331813, 0.0 ], [ 2241172.721839587204158, 540576.510400912840851, 0.0 ], [ 2241172.023106439504772, 540578.523610003758222, 0.0 ], [ 2241171.290704735089093, 540580.524816289544106, 0.0 ], [ 2241170.524840529076755, 540582.513456747867167, 0.0 ], [ 2241169.725729290861636, 540584.488971891696565, 0.0 ], [ 2241168.893595843110234, 540586.450805926579051, 0.0 ] ] } },
{ "type": "Feature", "properties": { "fid": 5023, "handle": 3725537, "block": -1, "etype": 18, "space": 0, "layer": "0_Limits", "olinetype": "bylayer", "linetype": "", "color": "0,0,0,65", "ocolor": 256, "color24": -1, "transparency": 0, "lweight": -1, "linewidth": 0.13, "ltscale": 1.0, "visible": 1, "width": 1.0, "thickness": 0.0, "ext": "(3:0,0,0.1)" }, "geometry": { "type": "LineString", "coordinates": [ [ 2241151.00109343463555, 540582.303230206947774, 0.0 ], [ 2241128.992966866586357, 540584.74715017573908, 0.0 ], [ 2241124.277795056812465, 540585.431293419795111, 0.0 ], [ 2241117.901752430479974, 540549.751820121193305, 0.0 ], [ 2241125.346841327380389, 540548.705817201756872, 0.0 ], [ 2241132.806439421139657, 540547.768871595850214, 0.0 ], [ 2241140.278949303086847, 540546.941183942253701, 0.0 ], [ 2241147.762770799919963, 540546.222931483294815, 0.0 ], [ 2241151.00109343463555, 540582.303230206947774, 0.0 ] ] } },
{ "type": "Feature", "properties": { "fid": 5024, "handle": 3725543, "block": -1, "etype": 18, "space": 0, "layer": "0_Limits", "olinetype": "bylayer", "linetype": "", "color": "0,0,0,65", "ocolor": 256, "color24": -1, "transparency": 0, "lweight": -1, "linewidth": 0.13, "ltscale": 1.0, "visible": 1, "width": 1.0, "thickness": 0.0, "ext": "(3:0,0,0.1)" }, "geometry": { "type": "LineString", "coordinates": [ [ 2241124.277795056812465, 540585.431293419795111, 0.0 ], [ 2241097.003084431868047, 540590.523089354508556, 0.0 ], [ 2241088.49729730328545, 540555.340153962024488, 0.0 ], [ 2241103.17945175152272, 540552.440367184113711, 0.0 ], [ 2241117.901752430479974, 540549.751820121193305, 0.0 ], [ 2241124.277795056812465, 540585.431293419795111, 0.0 ] ] } },
{ "type": "Feature", "properties": { "fid": 5025, "handle": 3725549, "block": -1, "etype": 18, "space": 0, "layer": "0_Limits", "olinetype": "bylayer", "linetype": "", "color": "0,0,0,65", "ocolor": 256, "color24": -1, "transparency": 0, "lweight": -1, "linewidth": 0.13, "ltscale": 1.0, "visible": 1, "width": 1.0, "thickness": 0.0, "ext": "(3:0,0,0.1)" }, "geometry": { "type": "LineString", "coordinates": [ [ 2241130.536949683912098, 540605.449076839722693, 0.0 ], [ 2241100.890093787573278, 540621.994953017565422, 0.0 ], [ 2241099.023955289274454, 540618.199936197372153, 0.0 ], [ 2241092.925796905532479, 540621.015201211441308, 0.0 ], [ 2241084.055075858719647, 540594.92155568965245, 0.0 ], [ 2241097.002885994035751, 540590.523126463755034, 0.0 ], [ 2241124.277795056812465, 540585.431293419795111, 0.0 ], [ 2241128.992966866586357, 540584.74715017573908, 0.0 ], [ 2241130.536949683912098, 540605.449076839722693, 0.0 ] ] } },
{ "type": "Feature", "properties": { "fid": 5026, "handle": 3725554, "block": -1, "etype": 18, "space": 0, "layer": "0_Limits", "olinetype": "bylayer", "linetype": "", "color": "0,0,0,65", "ocolor": 256, "color24": -1, "transparency": 0, "lweight": -1, "linewidth": 0.13, "ltscale": 1.0, "visible": 1, "width": 1.0, "thickness": 0.0, "ext": "(3:0,0,0.1)" }, "geometry": { "type": "LineString", "coordinates": [ [ 2241148.744524248410016, 540618.624270608648658, 0.0 ], [ 2241147.351006782148033, 540620.220154693932272, 0.0 ], [ 2241145.931071043014526, 540621.792579394532368, 0.0 ], [ 2241144.485111898742616, 540623.341107436455786, 0.0 ], [ 2241143.013531455770135, 540624.865308191510849, 0.0 ], [ 2241141.516738943289965, 540626.364757796283811, 0.0 ], [ 2241139.995150602888316, 540627.839039270416833, 0.0 ], [ 2241138.449189571663737, 540629.287742632790469, 0.0 ], [ 2241136.879285763483495, 540630.710465014912188, 0.0 ], [ 2241135.285875752102584, 540632.106810773606412, 0.0 ], [ 2241133.669402646366507, 540633.476391600561328, 0.0 ], [ 2241132.03031597007066, 540634.818826630711555, 0.0 ], [ 2241130.369071534834802, 540636.133742547594011, 0.0 ], [ 2241128.686131313908845, 540637.420773687772453, 0.0 ], [ 2241126.981963314581662, 540638.679562142235227, 0.0 ], [ 2241125.257041447330266, 540639.90975785581395, 0.0 ], [ 2241123.511845393106341, 540641.111018724855967, 0.0 ], [ 2241121.746860472019762, 540642.283010691870004, 0.0 ], [ 2241119.962577506899834, 540643.425407839124091, 0.0 ], [ 2241118.159492686390877, 540644.537892478634603, 0.0 ], [ 2241111.862007524818182, 540642.908306150464341, 0.0 ], [ 2241110.153513257391751, 540639.997091955156066, 0.0 ], [ 2241108.4913689061068, 540637.05916804401204, 0.0 ], [ 2241106.875991931650788, 540634.09527229971718, 0.0 ], [ 2241105.307788048870862, 540631.106149128172547, 0.0 ], [ 2241103.787151124328375, 540628.092549271415919, 0.0 ], [ 2241102.314463078044355, 540625.055229618912563, 0.0 ], [ 2241100.890093787573278, 540621.994953017565422, 0.0 ], [ 2241130.536949683912098, 540605.449076839722693, 0.0 ], [ 2241148.744524248410016, 540618.624270608648658, 0.0 ] ] } },
{ "type": "Feature", "properties": { "fid": 5027, "handle": 3725849, "block": -1, "etype": 18, "space": 0, "layer": "0_Limits", "olinetype": "bylayer", "linetype": "", "color": "0,0,0,65", "ocolor": 256, "color24": -1, "transparency": 0, "lweight": -1, "linewidth": 0.13, "ltscale": 1.0, "visible": 1, "width": 1.0, "thickness": 0.0, "ext": "(3:0,0,0.1)" }, "geometry": { "type": "LineString", "coordinates": [ [ 2241161.126977999228984, 540813.544427307555452, 0.0 ], [ 2241159.40571978315711, 540813.193122892873362, 0.0 ], [ 2241157.690612256526947, 540812.812924510217272, 0.0 ], [ 2241155.982140413019806, 540812.403939670999534, 0.0 ], [ 2241154.280787370633334, 540811.966284027090296, 0.0 ], [ 2241152.587034232914448, 540811.500081337639131, 0.0 ], [ 2241150.901359956245869, 540811.005463434383273, 0.0 ], [ 2241149.2242412106134, 540810.482570183929056, 0.0 ], [ 2241147.556152247823775, 540809.931549448869191, 0.0 ], [ 2241145.897564765997231, 540809.352557045524009, 0.0 ], [ 2241144.248947775922716, 540808.745756699936464, 0.0 ], [ 2241142.610767470207065, 540808.111320001538843, 0.0 ], [ 2241140.983487089164555, 540807.449426354840398, 0.0 ], [ 2241139.36756679136306, 540806.760262928437442, 0.0 ], [ 2241137.763463521841913, 540806.044024602277204, 0.0 ], [ 2241136.171630885917693, 540805.300913912476972, 0.0 ], [ 2241134.592519017867744, 540804.531140994047746, 0.0 ], [ 2241133.026574454735965, 540803.734923521522433, 0.0 ], [ 2241131.474240010604262, 540802.912486647255719, 0.0 ], [ 2241129.935954650864005, 540802.064062937861308, 0.0 ], [ 2241128.412153368350118, 540801.189892308670096, 0.0 ], [ 2241126.903267059475183, 540800.290221955277957, 0.0 ], [ 2241125.409722403157502, 540799.365306284395047, 0.0 ], [ 2241123.931941740680486, 540798.41540684143547, 0.0 ], [ 2241122.47034295508638, 540797.440792236593552, 0.0 ], [ 2241121.025339353363961, 540796.441738068824634, 0.0 ], [ 2241119.597339550964534, 540795.418526848312467, 0.0 ], [ 2241118.186747353058308, 540794.371447916375473, 0.0 ], [ 2241119.3734126156196, 540787.975770801887847, 0.0 ], [ 2241122.41607846878469, 540786.671380644198507, 0.0 ], [ 2241125.436156860087067, 540785.315513508976437, 0.0 ], [ 2241128.432776957284659, 540783.908560357056558, 0.0 ], [ 2241131.405074692331254, 540782.450926880002953, 0.0 ], [ 2241134.352193010039628, 540780.943033382878639, 0.0 ], [ 2241137.273282116744667, 540779.385314663057216, 0.0 ], [ 2241140.167499722912908, 540777.778219884959981, 0.0 ], [ 2241143.034011288546026, 540776.122212450252846, 0.0 ], [ 2241145.871990261599422, 540774.417769864900038, 0.0 ], [ 2241148.68061831779778, 540772.665383600513451, 0.0 ], [ 2241151.459085596259683, 540770.865558953490108, 0.0 ], [ 2241154.206590933259577, 540769.018814898910932, 0.0 ], [ 2241156.922342091333121, 540767.125683940714225, 0.0 ], [ 2241170.940133259631693, 540779.58368313650135, 0.0 ], [ 2241161.126977999228984, 540813.544427307555452, 0.0 ] ] } },
{ "type": "Feature", "properties": { "fid": 5028, "handle": 3725854, "block": -1, "etype": 18, "space": 0, "layer": "0_Limits", "olinetype": "bylayer", "linetype": "", "color": "0,0,0,65", "ocolor": 256, "color24": -1, "transparency": 0, "lweight": -1, "linewidth": 0.13, "ltscale": 1.0, "visible": 1, "width": 1.0, "thickness": 0.0, "ext": "(3:0,0,0.1)" }, "geometry": { "type": "LineString", "coordinates": [ [ 2241203.702197295613587, 540812.507846325752325, 0.0 ], [ 2241201.881199926603585, 540812.905702678021044, 0.0 ], [ 2241200.053577155806124, 540813.27192133164499, 0.0 ], [ 2241198.219878607895225, 540813.606392152840272, 0.0 ], [ 2241196.380655734799802, 540813.909014555509202, 0.0 ], [ 2241194.536461650393903, 540814.179697531391867, 0.0 ], [ 2241192.687850962392986, 540814.418359677540138, 0.0 ], [ 2241190.835379607975483, 540814.624929220415652, 0.0 ], [ 2241188.979604684747756, 540814.799344038008712, 0.0 ], [ 2241187.121084283106029, 540814.941551678115502, 0.0 ], [ 2241185.260377320926636, 540815.051509374403395, 0.0 ], [ 2241183.398043371737003, 540815.129184059100226, 0.0 ], [ 2241181.534642499405891, 540815.174552372773178, 0.0 ], [ 2241179.670735088177025, 540815.18760067189578, 0.0 ], [ 2241177.806881675496697, 540815.168325032340363, 0.0 ], [ 2241175.943642781116068, 540815.116731250891462, 0.0 ], [ 2241174.081578741781414, 540815.032834843383171, 0.0 ], [ 2241172.221249538939446, 540814.916661040391773, 0.0 ], [ 2241170.363214633893222, 540814.768244778853841, 0.0 ], [ 2241168.508032797370106, 540814.587630692403764, 0.0 ], [ 2241166.656261941883713, 540814.374873097636737, 0.0 ], [ 2241164.808458954561502, 540814.130035977461375, 0.0 ], [ 2241162.965179529506713, 540813.853192962124012, 0.0 ], [ 2241161.126977999228984, 540813.544427307555452, 0.0 ], [ 2241170.940133259631693, 540779.58368313650135, 0.0 ], [ 2241195.485277653671801, 540777.866398447542451, 0.0 ], [ 2241203.702197295613587, 540812.507846325752325, 0.0 ] ] } },
{ "type": "Feature", "properties": { "fid": 5029, "handle": 3725859, "block": -1, "etype": 18, "space": 0, "layer": "0_Limits", "olinetype": "bylayer", "linetype": "", "color": "0,0,0,65", "ocolor": 256, "color24": -1, "transparency": 0, "lweight": -1, "linewidth": 0.13, "ltscale": 1.0, "visible": 1, "width": 1.0, "thickness": 0.0, "ext": "(3:0,0,0.1)" }, "geometry": { "type": "LineString", "coordinates": [ [ 2241239.295525858178735, 540796.494190078228712, 0.0 ], [ 2241237.89955760538578, 540797.478889156831428, 0.0 ], [ 2241236.486654065083712, 540798.439130388549529, 0.0 ], [ 2241235.057243698742241, 540799.374622581177391, 0.0 ], [ 2241233.611759973689914, 540800.285082047455944, 0.0 ], [ 2241232.150641232728958, 540801.170232691103593, 0.0 ], [ 2241230.674330558162183, 540802.029806091100909, 0.0 ], [ 2241229.183275640010834, 540802.863541582366452, 0.0 ], [ 2241227.677928639575839, 540803.671186335152015, 0.0 ], [ 2241226.158746052533388, 540804.452495432109572, 0.0 ], [ 2241224.626188569702208, 540805.207231941749342, 0.0 ], [ 2241223.080720937345177, 540805.935166990850121, 0.0 ], [ 2241221.522811817936599, 540806.636079833493568, 0.0 ], [ 2241219.952933645341545, 540807.309757918701507, 0.0 ], [ 2241218.371562485117465, 540807.955996953998692, 0.0 ], [ 2241216.779177885968238, 540808.574600967927836, 0.0 ], [ 2241215.176262737251818, 540809.165382369305007, 0.0 ], [ 2241213.563303121831268, 540809.728162004146725, 0.0 ], [ 2241211.940788168460131, 540810.262769209919497, 0.0 ], [ 2241210.30920990370214, 540810.769041867577471, 0.0 ], [ 2241208.669063102453947, 540811.246826450107619, 0.0 ], [ 2241207.020845137070864, 540811.69597806991078, 0.0 ], [ 2241205.365055829286575, 540812.116360521991737, 0.0 ], [ 2241203.702197295613587, 540812.507846325752325, 0.0 ], [ 2241195.485277653671801, 540777.866398447542451, 0.0 ], [ 2241218.776522054336965, 540767.399288195651025, 0.0 ], [ 2241239.295525858178735, 540796.494190078228712, 0.0 ] ] } },
{ "type": "Feature", "properties": { "fid": 5030, "handle": 3725867, "block": -1, "etype": 18, "space": 0, "layer": "0_Limits", "olinetype": "bylayer", "linetype": "", "color": "0,0,0,65", "ocolor": 256, "color24": -1, "transparency": 0, "lweight": -1, "linewidth": 0.13, "ltscale": 1.0, "visible": 1, "width": 1.0, "thickness": 0.0, "ext": "(3:0,0,0.1)" }, "geometry": { "type": "LineString", "coordinates": [ [ 2241218.776522055733949, 540767.39928819402121, 0.0 ], [ 2241195.485277654137462, 540777.866398447426036, 0.0 ], [ 2241170.940133259631693, 540779.58368313650135, 0.0 ], [ 2241156.922342091333121, 540767.125683940714225, 0.0 ], [ 2241159.650549444369972, 540765.189630910987034, 0.0 ], [ 2241162.346687412820756, 540763.209162090322934, 0.0 ], [ 2241165.010032972320914, 540761.18480858206749, 0.0 ], [ 2241167.639871892053634, 540759.11711325799115, 0.0 ], [ 2241170.235498926136643, 540757.006630613119341, 0.0 ], [ 2241172.796218004543334, 540754.853926616720855, 0.0 ], [ 2241175.3213424179703, 540752.659578560269438, 0.0 ], [ 2241177.810195002239197, 540750.424174903426319, 0.0 ], [ 2241180.262108320370317, 540748.148315115482546, 0.0 ], [ 2241182.676424841862172, 540745.832609514822252, 0.0 ], [ 2241185.05249711824581, 540743.477679105475545, 0.0 ], [ 2241187.389687957242131, 540741.084155410411768, 0.0 ], [ 2241189.687370592262596, 540738.652680301922373, 0.0 ], [ 2241218.776522055733949, 540767.39928819402121, 0.0 ] ] } },
{ "type": "Feature", "properties": { "fid": 5031, "handle": 3726184, "block": -1, "etype": 18, "space": 0, "layer": "0_Limits", "olinetype": "bylayer", "linetype": "", "color": "0,0,0,65", "ocolor": 256, "color24": -1, "transparency": 0, "lweight": -1, "linewidth": 0.13, "ltscale": 1.0, "visible": 1, "width": 1.0, "thickness": 0.0, "ext": "(3:0,0,0.1)" }, "geometry": { "type": "LineString", "coordinates": [ [ 2241337.212567153852433, 540532.031265507917851, 0.0 ], [ 2241333.408999664243311, 540552.000812360667624, 0.0 ], [ 2241298.001429286785424, 540538.196158213540912, 0.0 ], [ 2241299.294387761969119, 540532.375610472983681, 0.0 ], [ 2241300.498059262987226, 540526.535945025621913, 0.0 ], [ 2241301.612161492928863, 540520.678531446261331, 0.0 ], [ 2241302.636433161795139, 540514.804743471904658, 0.0 ], [ 2241307.996135136112571, 540511.127064257976599, 0.0 ], [ 2241308.744894953910261, 540511.316447907243855, 0.0 ], [ 2241309.49027386913076, 540511.518729158095084, 0.0 ], [ 2241310.232049734331667, 540511.733847724273801, 0.0 ], [ 2241310.970001476351172, 540511.961739493184723, 0.0 ], [ 2241311.703909161034971, 540512.202336545917206, 0.0 ], [ 2241312.433554060291499, 540512.455567176570185, 0.0 ], [ 2241313.158718716353178, 540512.721355914254673, 0.0 ], [ 2241313.879187006969005, 540512.999623545212671, 0.0 ], [ 2241314.59474420780316, 540513.290287136565894, 0.0 ], [ 2241315.305177060887218, 540513.593260061345063, 0.0 ], [ 2241316.010273833293468, 540513.908452023519203, 0.0 ], [ 2241316.709824383724481, 540514.235769085702486, 0.0 ], [ 2241317.403620223049074, 540514.575113696744666, 0.0 ], [ 2241318.091454577166587, 540514.926384720951319, 0.0 ], [ 2241318.773122449871153, 540515.289477468119003, 0.0 ], [ 2241319.448420681525022, 540515.66428372473456, 0.0 ], [ 2241320.117148011457175, 540516.050691786338575, 0.0 ], [ 2241320.779105136636645, 540516.448586490820162, 0.0 ], [ 2241321.434094772674143, 540516.857849252643064, 0.0 ], [ 2241322.081921711564064, 540517.278358098003082, 0.0 ], [ 2241322.722392879426479, 540517.709987701615319, 0.0 ], [ 2241323.355317394714803, 540518.152609423967078, 0.0 ], [ 2241323.980506626423448, 540518.606091349269263, 0.0 ], [ 2241324.597774246707559, 540519.070298325153999, 0.0 ], [ 2241325.206936290021986, 540519.545092002837919, 0.0 ], [ 2241325.807811206672341, 540520.030330878333189, 0.0 ], [ 2241326.400219915900379, 540520.525870334706269, 0.0 ], [ 2241326.983985860832036, 540521.031562685035169, 0.0 ], [ 2241327.558935060165823, 540521.547257216414437, 0.0 ], [ 2241328.124896160326898, 540522.072800235357136, 0.0 ], [ 2241328.681700486224145, 540522.608035112731159, 0.0 ], [ 2241329.229182092938572, 540523.15280233125668, 0.0 ], [ 2241329.767177811823785, 540523.706939532421529, 0.0 ], [ 2241330.295527303591371, 540524.270281565375626, 0.0 ], [ 2241330.814073102548718, 540524.842660535941832, 0.0 ], [ 2241331.322660665493459, 540525.423905856441706, 0.0 ], [ 2241333.255382792558521, 540527.65349213546142, 0.0 ], [ 2241335.21881059743464, 540529.856086299289018, 0.0 ], [ 2241337.212567153852433, 540532.031265507917851, 0.0 ] ] } },
{ "type": "Feature", "properties": { "fid": 5032, "handle": 3726221, "block": -1, "etype": 18, "space": 0, "layer": "0_Limits", "olinetype": "bylayer", "linetype": "", "color": "0,0,0,65", "ocolor": 256, "color24": -1, "transparency": 0, "lweight": -1, "linewidth": 0.13, "ltscale": 1.0, "visible": 1, "width": 1.0, "thickness": 0.0, "ext": "(3:0,0,0.1)" }, "geometry": { "type": "LineString", "coordinates": [ [ 2241368.480275542940944, 540562.5364040650893, 0.0 ], [ 2241366.387487977743149, 540569.784667557105422, 0.0 ], [ 2241364.206299547571689, 540577.006821008515544, 0.0 ], [ 2241330.186396976932883, 540564.524466131115332, 0.0 ], [ 2241331.84002605965361, 540558.273531074170023, 0.0 ], [ 2241333.408999664243311, 540552.000812360667624, 0.0 ], [ 2241337.212567153852433, 540532.031265507917851, 0.0 ], [ 2241339.240615175571293, 540534.130294546252117, 0.0 ], [ 2241341.304717557039112, 540536.193879543803632, 0.0 ], [ 2241343.40425493940711, 540538.221401297720149, 0.0 ], [ 2241345.538597332313657, 540540.212251425953582, 0.0 ], [ 2241347.707104300614446, 540542.165832550730556, 0.0 ], [ 2241349.909125158563256, 540544.081558476784267, 0.0 ], [ 2241352.143999163527042, 540545.958854368072934, 0.0 ], [ 2241354.411055715754628, 540547.797156919841655, 0.0 ], [ 2241356.709614558145404, 540549.595914527657442, 0.0 ], [ 2241359.038985980208963, 540551.354587453184649, 0.0 ], [ 2241361.398471027612686, 540553.072647985885851, 0.0 ], [ 2241363.78736170893535, 540554.749580601463094, 0.0 ], [ 2241366.204941208474338, 540556.384882116457447, 0.0 ], [ 2241368.480275542940944, 540562.5364040650893, 0.0 ] ] } },
{ "type": "Feature", "properties": { "fid": 5033, "handle": 3726755, "block": -1, "etype": 18, "space": 0, "layer": "0_Limits", "olinetype": "bylayer", "linetype": "", "color": "0,0,0,65", "ocolor": 256, "color24": -1, "transparency": 0, "lweight": -1, "linewidth": 0.13, "ltscale": 1.0, "visible": 1, "width": 1.0, "thickness": 0.0, "ext": "(3:0,0,0.1)" }, "geometry": { "type": "LineString", "coordinates": [ [ 2241256.059149561449885, 540945.43714731791988, 0.0 ], [ 2241254.648312438745052, 540943.314331191475503, 0.0 ], [ 2241253.202592288609594, 540941.215116351959296, 0.0 ], [ 2241251.722383842337877, 540939.140075955074281, 0.0 ], [ 2241250.208091245032847, 540937.089776556240395, 0.0 ], [ 2241248.660127950366586, 540935.064777955878526, 0.0 ], [ 2241247.078916603233665, 540933.06563304620795, 0.0 ], [ 2241245.464888927526772, 540931.092887660721317, 0.0 ], [ 2241243.818485606461763, 540929.147080424823798, 0.0 ], [ 2241242.140156163834035, 540927.228742609033361, 0.0 ], [ 2241275.065561508294195, 540897.732536928495392, 0.0 ], [ 2241295.787244575563818, 540906.059756227652542, 0.0 ], [ 2241295.012707998044789, 540907.485472359112464, 0.0 ], [ 2241294.213783437851816, 540908.897666731383651, 0.0 ], [ 2241293.390706882346421, 540910.295922209508717, 0.0 ], [ 2241292.543721452821046, 540911.679825775441714, 0.0 ], [ 2241291.673077332321554, 540913.048968650749885, 0.0 ], [ 2241290.779031692072749, 540914.402946416870691, 0.0 ], [ 2241289.861848616506904, 540915.741359134786762, 0.0 ], [ 2241288.921799023635685, 540917.063811463071033, 0.0 ], [ 2241287.95916058588773, 540918.369912774651311, 0.0 ], [ 2241286.974217648617923, 540919.659277272294275, 0.0 ], [ 2241285.96726114442572, 540920.931524102576077, 0.0 ], [ 2241284.938588509801775, 540922.186277467990294, 0.0 ], [ 2241283.888503593858331, 540923.423166738706641, 0.0 ], [ 2241282.817316572647542, 540924.641826561186463, 0.0 ], [ 2241281.725343853700906, 540925.841896966798231, 0.0 ], [ 2241280.612907984293997, 540927.023023477755487, 0.0 ], [ 2241279.480337557382882, 540928.184857212007046, 0.0 ], [ 2241278.327967112418264, 540929.327054986148141, 0.0 ], [ 2241277.156137037556618, 540930.449279416818172, 0.0 ], [ 2241275.965193468146026, 540931.551199020585045, 0.0 ], [ 2241274.755488187074661, 540932.632488311384805, 0.0 ], [ 2241273.527378517668694, 540933.69282789726276, 0.0 ], [ 2241272.281227219849825, 540934.731904574204236, 0.0 ], [ 2241271.017402382567525, 540935.749411418801174, 0.0 ], [ 2241269.736277315765619, 540936.745047879288904, 0.0 ], [ 2241268.4382304395549, 540937.718519863556139, 0.0 ], [ 2241267.123645171057433, 540938.669539826805703, 0.0 ], [ 2241265.792909814510494, 540939.597826855955645, 0.0 ], [ 2241264.446417442988604, 540940.503106752759777, 0.0 ], [ 2241263.084565785247833, 540941.385112114949152, 0.0 ], [ 2241261.707757105119526, 540942.243582415161654, 0.0 ], [ 2241260.316398086026311, 540943.078264077659696, 0.0 ], [ 2241258.91089970851317, 540943.888910553534515, 0.0 ], [ 2241257.491677130106837, 540944.675282393349335, 0.0 ], [ 2241256.059149561449885, 540945.43714731791988, 0.0 ] ] } },
{ "type": "Feature", "properties": { "fid": 5034, "handle": 3726791, "block": -1, "etype": 18, "space": 0, "layer": "0_Limits", "olinetype": "bylayer", "linetype": "", "color": "0,0,0,65", "ocolor": 256, "color24": -1, "transparency": 0, "lweight": -1, "linewidth": 0.13, "ltscale": 1.0, "visible": 1, "width": 1.0, "thickness": 0.0, "ext": "(3:0,0,0.1)" }, "geometry": { "type": "LineString", "coordinates": [ [ 2241242.140156163834035, 540927.228742609033361, 0.0 ], [ 2241235.923896517138928, 540920.963583485921845, 0.0 ], [ 2241229.798613019753247, 540914.609450586256571, 0.0 ], [ 2241223.765579024329782, 540908.167664837092161, 0.0 ], [ 2241257.138855427969247, 540879.508273892803118, 0.0 ], [ 2241265.68773896060884, 540888.007072883890942, 0.0 ], [ 2241275.065561508294195, 540897.732536928495392, 0.0 ], [ 2241242.140156163834035, 540927.228742609033361, 0.0 ] ] } },
{ "type": "Feature", "properties": { "fid": 5035, "handle": 3726826, "block": -1, "etype": 18, "space": 0, "layer": "0_Limits", "olinetype": "bylayer", "linetype": "", "color": "0,0,0,65", "ocolor": 256, "color24": -1, "transparency": 0, "lweight": -1, "linewidth": 0.13, "ltscale": 1.0, "visible": 1, "width": 1.0, "thickness": 0.0, "ext": "(3:0,0,0.1)" }, "geometry": { "type": "LineString", "coordinates": [ [ 2241206.073728470131755, 540886.601202680147253, 0.0 ], [ 2241203.872549719642848, 540883.405848163645715, 0.0 ], [ 2241201.724457139149308, 540880.174567203153856, 0.0 ], [ 2241199.630036974325776, 540876.908241660567001, 0.0 ], [ 2241197.589860820677131, 540873.60776296176482, 0.0 ], [ 2241195.604485471267253, 540870.274031853652559, 0.0 ], [ 2241193.674452763050795, 540866.907958158059046, 0.0 ], [ 2241191.800289428792894, 540863.510460523772053, 0.0 ], [ 2241189.982506954111159, 540860.082466175430454, 0.0 ], [ 2241226.324802801012993, 540842.493945530848578, 0.0 ], [ 2241239.483830191660672, 540862.393567288643681, 0.0 ], [ 2241206.073728470131755, 540886.601202680147253, 0.0 ] ] } },
{ "type": "Feature", "properties": { "fid": 5036, "handle": 3726909, "block": -1, "etype": 18, "space": 0, "layer": "0_Limits", "olinetype": "bylayer", "linetype": "", "color": "0,0,0,65", "ocolor": 256, "color24": -1, "transparency": 0, "lweight": -1, "linewidth": 0.13, "ltscale": 1.0, "visible": 1, "width": 1.0, "thickness": 0.0, "ext": "(3:0,0,0.1)" }, "geometry": { "type": "LineString", "coordinates": [ [ 2241239.483830191660672, 540862.393567288527265, 0.0 ], [ 2241226.324802801012993, 540842.493945530848578, 0.0 ], [ 2241216.246529733296484, 540821.417113637900911, 0.0 ], [ 2241217.571042441297323, 540821.014823891804554, 0.0 ], [ 2241218.888569974340498, 540820.590215656440705, 0.0 ], [ 2241220.198736287653446, 540820.143410121905617, 0.0 ], [ 2241221.501167437527329, 540819.674534814315848, 0.0 ], [ 2241222.795491687953472, 540819.183723558555357, 0.0 ], [ 2241224.081339616794139, 540818.671116440324113, 0.0 ], [ 2241225.358344221487641, 540818.136859766556881, 0.0 ], [ 2241226.626141023356467, 540817.581106023048051, 0.0 ], [ 2241227.884368171449751, 540817.004013831377961, 0.0 ], [ 2241229.132666546385735, 540816.405747903394513, 0.0 ], [ 2241230.370679863262922, 540815.78647899441421, 0.0 ], [ 2241231.598054771311581, 540815.146383854094893, 0.0 ], [ 2241232.814440957736224, 540814.485645176609978, 0.0 ], [ 2241234.019491244573146, 540813.804451547912322, 0.0 ], [ 2241240.321049898862839, 540815.408320558490232, 0.0 ], [ 2241241.459098262246698, 540816.968820058857091, 0.0 ], [ 2241242.623579361010343, 540818.509695310145617, 0.0 ], [ 2241243.814154867548496, 540820.030498628155328, 0.0 ], [ 2241245.030478873290122, 540821.530788160627708, 0.0 ], [ 2241246.272197989281267, 540823.010128015070222, 0.0 ], [ 2241247.53895144816488, 540824.468088386114687, 0.0 ], [ 2241248.830371208488941, 540825.904245679383166, 0.0 ], [ 2241250.146082062739879, 540827.318182635703124, 0.0 ], [ 2241251.485701746307313, 540828.70948845136445, 0.0 ], [ 2241252.848841046914458, 540830.077758898027241, 0.0 ], [ 2241254.235103920102119, 540831.422596440068446, 0.0 ], [ 2241255.64408760285005, 540832.743610350065865, 0.0 ], [ 2241257.075382730923593, 540834.040416822070256, 0.0 ], [ 2241258.52857345668599, 540835.312639083596878, 0.0 ], [ 2241239.483830191660672, 540862.393567288527265, 0.0 ] ] } },
{ "type": "Feature", "properties": { "fid": 5037, "handle": 3726945, "block": -1, "etype": 18, "space": 0, "layer": "0_Limits", "olinetype": "bylayer", "linetype": "", "color": "0,0,0,65", "ocolor": 256, "color24": -1, "transparency": 0, "lweight": -1, "linewidth": 0.13, "ltscale": 1.0, "visible": 1, "width": 1.0, "thickness": 0.0, "ext": "(3:0,0,0.1)" }, "geometry": { "type": "LineString", "coordinates": [ [ 2241239.483830191660672, 540862.393567288643681, 0.0 ], [ 2241258.52857345668599, 540835.312639083596878, 0.0 ], [ 2241259.966251862701029, 540836.533987777773291, 0.0 ], [ 2241261.424918321892619, 540837.730191770824604, 0.0 ], [ 2241262.904133114498109, 540838.900890463381074, 0.0 ], [ 2241264.403450326994061, 540840.045730944722891, 0.0 ], [ 2241265.922417985741049, 540841.164368099183775, 0.0 ], [ 2241267.460578192956746, 540842.256464710226282, 0.0 ], [ 2241269.017467266414315, 540843.321691562072374, 0.0 ], [ 2241270.592615875881165, 540844.359727538772859, 0.0 ], [ 2241272.185549188870937, 540845.370259721181355, 0.0 ], [ 2241273.795787010807544, 540846.352983481367119, 0.0 ], [ 2241275.422843930311501, 540847.307602574233897, 0.0 ], [ 2241277.066229466348886, 540848.2338292269269, 0.0 ], [ 2241278.72544821491465, 540849.13138422567863, 0.0 ], [ 2241280.4, 540849.999996999744326, 0.0 ], [ 2241279.179217928089201, 540852.292615873855539, 0.0 ], [ 2241265.68773896060884, 540888.007072883890942, 0.0 ], [ 2241257.138855427969247, 540879.508273892803118, 0.0 ], [ 2241239.483830191660672, 540862.393567288643681, 0.0 ] ] } },
{ "type": "Feature", "properties": { "fid": 5038, "handle": 3726983, "block": -1, "etype": 18, "space": 0, "layer": "0_Limits", "olinetype": "bylayer", "linetype": "", "color": "0,0,0,65", "ocolor": 256, "color24": -1, "transparency": 0, "lweight": -1, "linewidth": 0.13, "ltscale": 1.0, "visible": 1, "width": 1.0, "thickness": 0.0, "ext": "(3:0,0,0.1)" }, "geometry": { "type": "LineString", "coordinates": [ [ 2241295.787244575563818, 540906.059756227652542, 0.0 ], [ 2241275.065561508294195, 540897.732536928495392, 0.0 ], [ 2241265.68773896060884, 540888.007072883890942, 0.0 ], [ 2241279.179217928089201, 540852.292615873855539, 0.0 ], [ 2241292.683496310841292, 540858.822123157908209, 0.0 ], [ 2241311.27274791104719, 540867.731612712377682, 0.0 ], [ 2241310.007234232034534, 540870.473293071961962, 0.0 ], [ 2241308.785242145881057, 540873.234646256198175, 0.0 ], [ 2241307.60707736061886, 540876.014981452841312, 0.0 ], [ 2241306.473034619819373, 540878.813603100832552, 0.0 ], [ 2241305.383397628553212, 540881.62981106445659, 0.0 ], [ 2241304.338438983540982, 540884.462900808313861, 0.0 ], [ 2241303.338420103304088, 540887.312163573689759, 0.0 ], [ 2241302.383591164834797, 540890.176886555738747, 0.0 ], [ 2241301.47419103840366, 540893.056353082181886, 0.0 ], [ 2241301.004007942508906, 540894.397192550008185, 0.0 ], [ 2241300.511539991945028, 540895.730008343583904, 0.0 ], [ 2241299.99692402780056, 540897.05443011620082, 0.0 ], [ 2241299.460303045809269, 540898.37008985329885, 0.0 ], [ 2241298.901826155371964, 540899.676621975027956, 0.0 ], [ 2241298.321648539509624, 540900.973663437762298, 0.0 ], [ 2241297.719931411091238, 540902.260853835381567, 0.0 ], [ 2241297.09684196813032, 540903.537835498573259, 0.0 ], [ 2241296.452553347218782, 540904.804253595066257, 0.0 ], [ 2241295.787244575563818, 540906.059756227652542, 0.0 ] ] } },
{ "type": "Feature", "properties": { "fid": 5039, "handle": 3727057, "block": -1, "etype": 18, "space": 0, "layer": "0_Limits", "olinetype": "bylayer", "linetype": "", "color": "0,0,0,65", "ocolor": 256, "color24": -1, "transparency": 0, "lweight": -1, "linewidth": 0.13, "ltscale": 1.0, "visible": 1, "width": 1.0, "thickness": 0.0, "ext": "(3:0,0,0.1)" }, "geometry": { "type": "LineString", "coordinates": [ [ 2241189.982506954111159, 540860.082466175430454, 0.0 ], [ 2241188.316097548231483, 540856.722026718081906, 0.0 ], [ 2241186.70700154453516, 540853.333769982680678, 0.0 ], [ 2241185.155683119315654, 540849.918673381092958, 0.0 ], [ 2241183.662589782383293, 540846.477722067735158, 0.0 ], [ 2241182.228152246680111, 540843.011908655287698, 0.0 ], [ 2241180.852784304879606, 540839.522232928313315, 0.0 ], [ 2241179.536882710177451, 540836.009701555245556, 0.0 ], [ 2241178.280827061273158, 540832.475327797234058, 0.0 ], [ 2241182.110279072076082, 540827.223157053696923, 0.0 ], [ 2241184.152964422479272, 540827.15476856706664, 0.0 ], [ 2241186.194204871077091, 540827.051919867284596, 0.0 ], [ 2241188.23341911425814, 540826.914640243863687, 0.0 ], [ 2241190.270026424899697, 540826.742968791048042, 0.0 ], [ 2241192.303446818143129, 540826.536954397568479, 0.0 ], [ 2241194.333101216237992, 540826.296655732207, 0.0 ], [ 2241196.35841161524877, 540826.022141227032989, 0.0 ], [ 2241198.378801246639341, 540825.713489058427513, 0.0 ], [ 2241200.393694744911045, 540825.370787124265917, 0.0 ], [ 2241202.402518308721483, 540824.994133019004948, 0.0 ], [ 2241204.404699865262955, 540824.583634006325155, 0.0 ], [ 2241206.399669233709574, 540824.139406988047995, 0.0 ], [ 2241208.386858287267387, 540823.661578471073881, 0.0 ], [ 2241210.365701113827527, 540823.150284531293437, 0.0 ], [ 2241212.335634178947657, 540822.605670775170438, 0.0 ], [ 2241214.296096485573798, 540822.027892297366634, 0.0 ], [ 2241216.246529733296484, 540821.417113637900911, 0.0 ], [ 2241226.324802801012993, 540842.493945530848578, 0.0 ], [ 2241189.982506954111159, 540860.082466175430454, 0.0 ] ] } },
{ "type": "Feature", "properties": { "fid": 5040, "handle": 3727131, "block": -1, "etype": 18, "space": 0, "layer": "0_Limits", "olinetype": "bylayer", "linetype": "", "color": "0,0,0,65", "ocolor": 256, "color24": -1, "transparency": 0, "lweight": -1, "linewidth": 0.13, "ltscale": 1.0, "visible": 1, "width": 1.0, "thickness": 0.0, "ext": "(3:0,0,0.1)" }, "geometry": { "type": "LineString", "coordinates": [ [ 2241294.81420474126935, 540843.19096406805329, 0.0 ], [ 2241285.708725212607533, 540838.788337491219863, 0.0 ], [ 2241284.637290220707655, 540841.004271369543858, 0.0 ], [ 2241283.191080236807466, 540840.244841482723132, 0.0 ], [ 2241281.757854534313083, 540839.461182655650191, 0.0 ], [ 2241280.338018993847072, 540838.653516815509647, 0.0 ], [ 2241278.931975703686476, 540837.822072688024491, 0.0 ], [ 2241277.540122846141458, 540836.96708573284559, 0.0 ], [ 2241276.162854584865272, 540836.088798076612875, 0.0 ], [ 2241274.800560953095555, 540835.187458444735967, 0.0 ], [ 2241273.453627743758261, 540834.263322090730071, 0.0 ], [ 2241272.122436399571598, 540833.316650724154897, 0.0 ], [ 2241270.807363905478269, 540832.34771243610885, 0.0 ], [ 2241269.508782681077719, 540831.356781623675488, 0.0 ], [ 2241299.652869104407728, 540793.683988188160583, 0.0 ], [ 2241321.80538790486753, 540808.602530081989244, 0.0 ], [ 2241294.81420474126935, 540843.19096406805329, 0.0 ] ] } },
{ "type": "Feature", "properties": { "fid": 5041, "handle": 3727167, "block": -1, "etype": 18, "space": 0, "layer": "0_Limits", "olinetype": "bylayer", "linetype": "", "color": "0,0,0,65", "ocolor": 256, "color24": -1, "transparency": 0, "lweight": -1, "linewidth": 0.13, "ltscale": 1.0, "visible": 1, "width": 1.0, "thickness": 0.0, "ext": "(3:0,0,0.1)" }, "geometry": { "type": "LineString", "coordinates": [ [ 2241269.508782681077719, 540831.356781623559073, 0.0 ], [ 2241268.135689075570554, 540830.279917639913037, 0.0 ], [ 2241266.780759172514081, 540829.180287227034569, 0.0 ], [ 2241265.444370403885841, 540828.058196701109409, 0.0 ], [ 2241264.126895039342344, 540826.913958634948358, 0.0 ], [ 2241262.828700078185648, 540825.747891771025024, 0.0 ], [ 2241261.550147149711847, 540824.560320932418108, 0.0 ], [ 2241260.291592410765588, 540823.351576932240278, 0.0 ], [ 2241259.05338644888252, 540822.121996481786482, 0.0 ], [ 2241257.83587418217212, 540820.871922096703202, 0.0 ], [ 2241256.639394763857126, 540819.601702001527883, 0.0 ], [ 2241255.464281489606947, 540818.311690032249317, 0.0 ], [ 2241254.310861702077091, 540817.002245538635179, 0.0 ], [ 2241253.179456701502204, 540815.673733283416368, 0.0 ], [ 2241252.070381654892117, 540814.326523340772837, 0.0 ], [ 2241250.983945509884506, 540812.960990993655287, 0.0 ], [ 2241249.920450907200575, 540811.577516628662124, 0.0 ], [ 2241248.880194097291678, 540810.176485630567186, 0.0 ], [ 2241249.73246559407562, 540803.715740813175216, 0.0 ], [ 2241261.370647970121354, 540793.50846728857141, 0.0 ], [ 2241265.433654692489654, 540788.490733396844007, 0.0 ], [ 2241287.470953626092523, 540808.908426541252993, 0.0 ], [ 2241269.508782681077719, 540831.356781623559073, 0.0 ] ] } },
{ "type": "Feature", "properties": { "fid": 5042, "handle": 3727204, "block": -1, "etype": 18, "space": 0, "layer": "0_Limits", "olinetype": "bylayer", "linetype": "", "color": "0,0,0,65", "ocolor": 256, "color24": -1, "transparency": 0, "lweight": -1, "linewidth": 0.13, "ltscale": 1.0, "visible": 1, "width": 1.0, "thickness": 0.0, "ext": "(3:0,0,0.1)" }, "geometry": { "type": "LineString", "coordinates": [ [ 2241306.742237054742873, 540783.146241358132102, 0.0 ], [ 2241282.182468970771879, 540766.588724874774925, 0.0 ], [ 2241287.716620584949851, 540758.928448678692803, 0.0 ], [ 2241293.138821385335177, 540751.188525942154229, 0.0 ], [ 2241298.447925293352455, 540743.370592635939829, 0.0 ], [ 2241304.934276149142534, 540742.695969056687318, 0.0 ], [ 2241306.079027475789189, 540744.011965898913331, 0.0 ], [ 2241307.245905959047377, 540745.308383229305036, 0.0 ], [ 2241308.434576770290732, 540746.584849049570039, 0.0 ], [ 2241309.644698829390109, 540747.840997086488642, 0.0 ], [ 2241310.87592489970848, 540749.07646689703688, 0.0 ], [ 2241312.127901689149439, 540750.290903971297666, 0.0 ], [ 2241313.400269951671362, 540751.483959834789857, 0.0 ], [ 2241314.692664589732885, 540752.655292148352601, 0.0 ], [ 2241316.004714759066701, 540753.804564806050621, 0.0 ], [ 2241317.336043975781649, 540754.931448031915352, 0.0 ], [ 2241318.686270224861801, 540756.035618474241346, 0.0 ], [ 2241320.055006066802889, 540757.11675929906778, 0.0 ], [ 2241321.441858753096312, 540758.174560280167498, 0.0 ], [ 2241322.846430335193872, 540759.208717888686806, 0.0 ], [ 2241306.742237054742873, 540783.146241358132102, 0.0 ] ] } },
{ "type": "Feature", "properties": { "fid": 5043, "handle": 3727241, "block": -1, "etype": 18, "space": 0, "layer": "0_Limits", "olinetype": "bylayer", "linetype": "", "color": "0,0,0,65", "ocolor": 256, "color24": -1, "transparency": 0, "lweight": -1, "linewidth": 0.13, "ltscale": 1.0, "visible": 1, "width": 1.0, "thickness": 0.0, "ext": "(3:0,0,0.1)" }, "geometry": { "type": "LineString", "coordinates": [ [ 2241321.80538790486753, 540808.602530081989244, 0.0 ], [ 2241299.652869104407728, 540793.683988188044168, 0.0 ], [ 2241322.846430335193872, 540759.208717888686806, 0.0 ], [ 2241324.359975532628596, 540760.244855646742508, 0.0 ], [ 2241325.89054767228663, 540761.255671872990206, 0.0 ], [ 2241327.437723168637604, 540762.240886824321933, 0.0 ], [ 2241329.001073842402548, 540763.200227842899039, 0.0 ], [ 2241330.580167035572231, 540764.133429431240074, 0.0 ], [ 2241332.174565735273063, 540765.040233326377347, 0.0 ], [ 2241333.783828692510724, 540765.920388570288196, 0.0 ], [ 2241335.407510543242097, 540766.77365158055909, 0.0 ], [ 2241337.045161935035139, 540767.599786216858774, 0.0 ], [ 2241338.696329647675157, 540768.398563846712932, 0.0 ], [ 2241340.360556721687317, 540769.169763408601284, 0.0 ], [ 2241342.037382582668215, 540769.913171473424882, 0.0 ], [ 2241343.726343168877065, 540770.628582303063013, 0.0 ], [ 2241345.426971062086523, 540771.315797907998785, 0.0 ], [ 2241347.138795613311231, 540771.974628101452254, 0.0 ], [ 2241348.861343075986952, 540772.604890552349389, 0.0 ], [ 2241350.594136735424399, 540773.206410835729912, 0.0 ], [ 2241321.80538790486753, 540808.602530081989244, 0.0 ] ] } },
{ "type": "Feature", "properties": { "fid": 5044, "handle": 3727466, "block": -1, "etype": 18, "space": 0, "layer": "0_Limits", "olinetype": "bylayer", "linetype": "", "color": "0,0,0,65", "ocolor": 256, "color24": -1, "transparency": 0, "lweight": -1, "linewidth": 0.13, "ltscale": 1.0, "visible": 1, "width": 1.0, "thickness": 0.0, "ext": "(3:0,0,0.1)" }, "geometry": { "type": "LineString", "coordinates": [ [ 2241324.965037752408534, 540748.269690117798746, 0.0 ], [ 2241323.674216002225876, 540747.20027834083885, 0.0 ], [ 2241322.402044974733144, 540746.108745832461864, 0.0 ], [ 2241321.148903703782707, 540744.995417806087062, 0.0 ], [ 2241319.915165552403778, 540743.86062596924603, 0.0 ], [ 2241318.701198102906346, 540742.704708423814736, 0.0 ], [ 2241317.507363047916442, 540741.528009566478431, 0.0 ], [ 2241316.334016080480069, 540740.330879985354841, 0.0 ], [ 2241315.181506790686399, 540739.113676355569623, 0.0 ], [ 2241314.050178559031337, 540737.876761333434843, 0.0 ], [ 2241312.940368456300348, 540736.620503447949886, 0.0 ], [ 2241311.852407140657306, 540735.345276991138235, 0.0 ], [ 2241310.786618762649596, 540734.051461906754412, 0.0 ], [ 2241309.743320865090936, 540732.739443676546216, 0.0 ], [ 2241309.401057949755341, 540726.339029960683547, 0.0 ], [ 2241314.509418359491974, 540717.876289038918912, 0.0 ], [ 2241319.49986013956368, 540709.343480543466285, 0.0 ], [ 2241324.371422403026372, 540700.742247428628616, 0.0 ], [ 2241342.740442737936974, 540717.123223472968675, 0.0 ], [ 2241324.965037752408534, 540748.269690117798746, 0.0 ] ] } },
{ "type": "Feature", "properties": { "fid": 5045, "handle": 3727502, "block": -1, "etype": 18, "space": 0, "layer": "0_Limits", "olinetype": "bylayer", "linetype": "", "color": "0,0,0,65", "ocolor": 256, "color24": -1, "transparency": 0, "lweight": -1, "linewidth": 0.13, "ltscale": 1.0, "visible": 1, "width": 1.0, "thickness": 0.0, "ext": "(3:0,0,0.1)" }, "geometry": { "type": "LineString", "coordinates": [ [ 2241342.740442737936974, 540717.123223472968675, 0.0 ], [ 2241324.371422403026372, 540700.742247428745031, 0.0 ], [ 2241329.108772808685899, 540692.061104819294997, 0.0 ], [ 2241333.709155498538166, 540683.306608547223732, 0.0 ], [ 2241338.171434971038252, 540674.480919464724138, 0.0 ], [ 2241344.666023600380868, 540674.169705804204568, 0.0 ], [ 2241345.486710734199733, 540675.430173815810122, 0.0 ], [ 2241346.329120005480945, 540676.676229031174444, 0.0 ], [ 2241347.192998360376805, 540677.907497144886293, 0.0 ], [ 2241348.078086296562105, 540679.1236082931282, 0.0 ], [ 2241348.984117940533906, 540680.324197165318765, 0.0 ], [ 2241349.910821127239615, 540681.508903113659471, 0.0 ], [ 2241350.857917481567711, 540682.677370261517353, 0.0 ], [ 2241351.825122503563762, 540683.829247609945014, 0.0 ], [ 2241352.812145651318133, 540684.964189143851399, 0.0 ], [ 2241353.818690431304276, 540686.081853935378604, 0.0 ], [ 2241354.844454484526068, 540687.181906246347353, 0.0 ], [ 2241355.889129679184407, 540688.26401562942192, 0.0 ], [ 2241356.952402203343809, 540689.327857027179562, 0.0 ], [ 2241358.033952657599002, 540690.373110869550146, 0.0 ], [ 2241359.133456152398139, 540691.399463170208037, 0.0 ], [ 2241342.740442737936974, 540717.123223472968675, 0.0 ] ] } },
{ "type": "Feature", "properties": { "fid": 5046, "handle": 3727537, "block": -1, "etype": 18, "space": 0, "layer": "0_Limits", "olinetype": "bylayer", "linetype": "", "color": "0,0,0,65", "ocolor": 256, "color24": -1, "transparency": 0, "lweight": -1, "linewidth": 0.13, "ltscale": 1.0, "visible": 1, "width": 1.0, "thickness": 0.0, "ext": "(3:0,0,0.1)" }, "geometry": { "type": "LineString", "coordinates": [ [ 2241362.485557745210826, 540732.880041945725679, 0.0 ], [ 2241342.740442737936974, 540717.123223472968675, 0.0 ], [ 2241359.133456152398139, 540691.399463170324452, 0.0 ], [ 2241360.648861196823418, 540692.900376356788911, 0.0 ], [ 2241362.189029266126454, 540694.375867854803801, 0.0 ], [ 2241363.753533955663443, 540695.825529166264459, 0.0 ], [ 2241365.341942124068737, 540697.2489589441102, 0.0 ], [ 2241366.953814011067152, 540698.645763103966601, 0.0 ], [ 2241368.588703361339867, 540700.015554932644591, 0.0 ], [ 2241370.246157546527684, 540701.3579551957082, 0.0 ], [ 2241371.925717690959573, 540702.67259224189911, 0.0 ], [ 2241373.626918798778206, 540703.959102106746286, 0.0 ], [ 2241375.349289883393794, 540705.217128612566739, 0.0 ], [ 2241377.092354096006602, 540706.446323467767797, 0.0 ], [ 2241378.85562886018306, 540707.646346362773329, 0.0 ], [ 2241362.485557745210826, 540732.880041945725679, 0.0 ] ] } },
{ "type": "Feature", "properties": { "fid": 5047, "handle": 3727609, "block": -1, "etype": 18, "space": 0, "layer": "0_Limits", "olinetype": "bylayer", "linetype": "", "color": "0,0,0,65", "ocolor": 256, "color24": -1, "transparency": 0, "lweight": -1, "linewidth": 0.13, "ltscale": 1.0, "visible": 1, "width": 1.0, "thickness": 0.0, "ext": "(3:0,0,0.1)" }, "geometry": { "type": "LineString", "coordinates": [ [ 2241389.00051828706637, 540747.849923919420689, 0.0 ], [ 2241362.485557745210826, 540732.880041945725679, 0.0 ], [ 2241378.85562886018306, 540707.646346362773329, 0.0 ], [ 2241380.832472248934209, 540708.951185431797057, 0.0 ], [ 2241382.831503182183951, 540710.221771953627467, 0.0 ], [ 2241384.852128231432289, 540711.457728744950145, 0.0 ], [ 2241386.89374755974859, 540712.658688902505673, 0.0 ], [ 2241388.955755095928907, 540713.824295912170783, 0.0 ], [ 2241391.037538717500865, 540714.954203754663467, 0.0 ], [ 2241393.138480431865901, 540716.048077008104883, 0.0 ], [ 2241395.257956557441503, 540717.105590948020108, 0.0 ], [ 2241397.395337912254035, 540718.126431643147953, 0.0 ], [ 2241399.549989997874945, 540719.110296049388126, 0.0 ], [ 2241401.721273189876229, 540720.056892098858953, 0.0 ], [ 2241389.00051828706637, 540747.849923919420689, 0.0 ] ] } },
{ "type": "Feature", "properties": { "fid": 5048, "handle": 3727688, "block": -1, "etype": 18, "space": 0, "layer": "0_Limits", "olinetype": "bylayer", "linetype": "", "color": "0,0,0,65", "ocolor": 256, "color24": -1, "transparency": 0, "lweight": -1, "linewidth": 0.13, "ltscale": 1.0, "visible": 1, "width": 1.0, "thickness": 0.0, "ext": "(3:0,0,0.1)" }, "geometry": { "type": "LineString", "coordinates": [ [ 2241420.607753253076226, 540777.705655819037929, 0.0 ], [ 2241418.051290477160364, 540778.362389417015947, 0.0 ], [ 2241415.506128211505711, 540779.061639002757147, 0.0 ], [ 2241412.972973477095366, 540779.803210331359878, 0.0 ], [ 2241410.452529960777611, 540780.586897401604801, 0.0 ], [ 2241407.945497817825526, 540781.412482512649149, 0.0 ], [ 2241405.452573476824909, 540782.279736324795522, 0.0 ], [ 2241402.974449449684471, 540783.188417923054658, 0.0 ], [ 2241400.511814134195447, 540784.138274884666316, 0.0 ], [ 2241398.065351628232747, 540785.129043348249979, 0.0 ], [ 2241395.635741534642875, 540786.160448087844998, 0.0 ], [ 2241393.223658776842058, 540787.23220258904621, 0.0 ], [ 2241390.829773407429457, 540788.344009128748439, 0.0 ], [ 2241388.454750425647944, 540789.49555885756854, 0.0 ], [ 2241386.099249589722604, 540790.686531886225566, 0.0 ], [ 2241383.763925235252827, 540791.916597373550758, 0.0 ], [ 2241379.033813227433711, 540783.045626492821611, 0.0 ], [ 2241389.00051828706637, 540747.849923919420689, 0.0 ], [ 2241418.16162407817319, 540759.529878137400374, 0.0 ], [ 2241420.607753253076226, 540777.705655819037929, 0.0 ] ] } },
{ "type": "Feature", "properties": { "fid": 5049, "handle": 3727742, "block": -1, "etype": 18, "space": 0, "layer": "0_Limits", "olinetype": "bylayer", "linetype": "", "color": "0,0,0,65", "ocolor": 256, "color24": -1, "transparency": 0, "lweight": -1, "linewidth": 0.13, "ltscale": 1.0, "visible": 1, "width": 1.0, "thickness": 0.0, "ext": "(3:0,0,0.1)" }, "geometry": { "type": "LineString", "coordinates": [ [ 2241448.577857279684395, 540772.83087696810253, 0.0 ], [ 2241446.2153853434138, 540773.019606814021245, 0.0 ], [ 2241443.856435368768871, 540773.248184194904752, 0.0 ], [ 2241441.501679410226643, 540773.516543989768252, 0.0 ], [ 2241439.151788328774273, 540773.824609744129702, 0.0 ], [ 2241436.807431598659605, 540774.172293691313826, 0.0 ], [ 2241434.469277118332684, 540774.559496777481399, 0.0 ], [ 2241432.137991018593311, 540774.986108690034598, 0.0 ], [ 2241429.814237473066896, 540775.452007888932712, 0.0 ], [ 2241427.498678510077298, 540775.957061641383916, 0.0 ], [ 2241425.19197382312268, 540776.50112605956383, 0.0 ], [ 2241422.894780583214015, 540777.084046141710132, 0.0 ], [ 2241420.607753251679242, 540777.705655816243961, 0.0 ], [ 2241418.16162407817319, 540759.529878137283958, 0.0 ], [ 2241424.934340574778616, 540727.391855024849065, 0.0 ], [ 2241427.023422712925822, 540727.821045429445803, 0.0 ], [ 2241429.118990597780794, 540728.217358217108995, 0.0 ], [ 2241431.220526839140803, 540728.580695539480075, 0.0 ], [ 2241433.327512574847788, 540728.910967689706013, 0.0 ], [ 2241435.439427596982569, 540729.208093124674633, 0.0 ], [ 2241437.555750479921699, 540729.471998484921642, 0.0 ], [ 2241439.675958710256964, 540729.702618613140658, 0.0 ], [ 2241441.799528815317899, 540729.899896570015699, 0.0 ], [ 2241443.925936492625624, 540730.063783648074605, 0.0 ], [ 2241446.05465673841536, 540730.194239384145476, 0.0 ], [ 2241448.577857279684395, 540772.83087696810253, 0.0 ] ] } },
{ "type": "Feature", "properties": { "fid": 5050, "handle": 3727777, "block": -1, "etype": 18, "space": 0, "layer": "0_Limits", "olinetype": "bylayer", "linetype": "", "color": "0,0,0,65", "ocolor": 256, "color24": -1, "transparency": 0, "lweight": -1, "linewidth": 0.13, "ltscale": 1.0, "visible": 1, "width": 1.0, "thickness": 0.0, "ext": "(3:0,0,0.1)" }, "geometry": { "type": "LineString", "coordinates": [ [ 2241473.133351892698556, 540772.274197886697948, 0.0 ], [ 2241470.062726864591241, 540772.176538532483391, 0.0 ], [ 2241466.990954030305147, 540772.126668028417043, 0.0 ], [ 2241463.918777093756944, 540772.124598448746838, 0.0 ], [ 2241460.84693985665217, 540772.170330294524319, 0.0 ], [ 2241457.776186038739979, 540772.263852493604645, 0.0 ], [ 2241454.707259097136557, 540772.405142403324135, 0.0 ], [ 2241451.640902046579868, 540772.594165816321038, 0.0 ], [ 2241448.577857279684395, 540772.83087696810253, 0.0 ], [ 2241446.05465673841536, 540730.194239384145476, 0.0 ], [ 2241448.29133038315922, 540730.292334598838352, 0.0 ], [ 2241450.529342462774366, 540730.352613907889463, 0.0 ], [ 2241452.768053661566228, 540730.375060092075728, 0.0 ], [ 2241455.006824464537203, 540730.35966673924122, 0.0 ], [ 2241457.245015339460224, 540730.306438246625476, 0.0 ], [ 2241459.481986918952316, 540730.21538981969934, 0.0 ], [ 2241461.717100184876472, 540730.086547467508353, 0.0 ], [ 2241463.949716649949551, 540729.91994799557142, 0.0 ], [ 2241466.179198539350182, 540729.715638994821347, 0.0 ], [ 2241468.404908974654973, 540729.473678828915581, 0.0 ], [ 2241473.133351892698556, 540772.274197886697948, 0.0 ] ] } },
{ "type": "Feature", "properties": { "fid": 5051, "handle": 3727812, "block": -1, "etype": 18, "space": 0, "layer": "0_Limits", "olinetype": "bylayer", "linetype": "", "color": "0,0,0,65", "ocolor": 256, "color24": -1, "transparency": 0, "lweight": -1, "linewidth": 0.13, "ltscale": 1.0, "visible": 1, "width": 1.0, "thickness": 0.0, "ext": "(3:0,0,0.1)" }, "geometry": { "type": "LineString", "coordinates": [ [ 2241496.767170605715364, 540769.023789079510607, 0.0 ], [ 2241494.97897496027872, 540769.450999631779268, 0.0 ], [ 2241493.184051278512925, 540769.848996491986327, 0.0 ], [ 2241491.382876791059971, 540770.21767384163104, 0.0 ], [ 2241489.575930389109999, 540770.556933657848276, 0.0 ], [ 2241487.763692498672754, 540770.86668573890347, 0.0 ], [ 2241485.946644952986389, 540771.146847728872672, 0.0 ], [ 2241484.125270864460617, 540771.397345139062963, 0.0 ], [ 2241482.300054495222867, 540771.618111367686652, 0.0 ], [ 2241480.471481128595769, 540771.809087718022056, 0.0 ], [ 2241478.640036941505969, 540771.970223413896747, 0.0 ], [ 2241476.806208873633295, 540772.101475612842478, 0.0 ], [ 2241474.970484497956932, 540772.202809417853132, 0.0 ], [ 2241473.133351892698556, 540772.274197886697948, 0.0 ], [ 2241468.404908974654973, 540729.473678828915581, 0.0 ], [ 2241470.667448535561562, 540729.188586199772544, 0.0 ], [ 2241472.924744940362871, 540728.864586175652221, 0.0 ], [ 2241475.176129173487425, 540728.501774783246219, 0.0 ], [ 2241477.42093397397548, 540728.100259552127682, 0.0 ], [ 2241479.658494029194117, 540727.660159482853487, 0.0 ], [ 2241481.888146175071597, 540727.181605011457577, 0.0 ], [ 2241484.109229589812458, 540726.664737971266732, 0.0 ], [ 2241486.321085992269218, 540726.10971155075822, 0.0 ], [ 2241488.523059835657477, 540725.516690247575752, 0.0 ], [ 2241490.714498502202332, 540724.885849820799194, 0.0 ], [ 2241496.767170605715364, 540769.023789079510607, 0.0 ] ] } },
{ "type": "Feature", "properties": { "fid": 5052, "handle": 3727892, "block": -1, "etype": 18, "space": 0, "layer": "0_Limits", "olinetype": "bylayer", "linetype": "", "color": "0,0,0,65", "ocolor": 256, "color24": -1, "transparency": 0, "lweight": -1, "linewidth": 0.13, "ltscale": 1.0, "visible": 1, "width": 1.0, "thickness": 0.0, "ext": "(3:0,0,0.1)" }, "geometry": { "type": "LineString", "coordinates": [ [ 2241524.664479301776737, 540737.737896935781464, 0.0 ], [ 2241494.007520072627813, 540748.899571951827966, 0.0 ], [ 2241490.714498502202332, 540724.885849820799194, 0.0 ], [ 2241492.830694051459432, 540724.237604747526348, 0.0 ], [ 2241494.935763359535486, 540723.554092870210297, 0.0 ], [ 2241497.029118743725121, 540722.835505008231848, 0.0 ], [ 2241499.110175790265203, 540722.082041773595847, 0.0 ], [ 2241501.178353521041572, 540721.29391351423692, 0.0 ], [ 2241503.233074551448226, 540720.471340256161056, 0.0 ], [ 2241505.27376525523141, 540719.614551641279832, 0.0 ], [ 2241507.299855921883136, 540718.723786863614805, 0.0 ], [ 2241513.518673429265618, 540720.616094055934809, 0.0 ], [ 2241524.664479301776737, 540737.737896935781464, 0.0 ] ] } },
{ "type": "Feature", "properties": { "fid": 5053, "handle": 3727928, "block": -1, "etype": 18, "space": 0, "layer": "0_Limits", "olinetype": "bylayer", "linetype": "", "color": "0,0,0,65", "ocolor": 256, "color24": -1, "transparency": 0, "lweight": -1, "linewidth": 0.13, "ltscale": 1.0, "visible": 1, "width": 1.0, "thickness": 0.0, "ext": "(3:0,0,0.1)" }, "geometry": { "type": "LineString", "coordinates": [ [ 2241537.130441406276077, 540755.815818560076877, 0.0 ], [ 2241516.749634456355125, 540762.484978210413828, 0.0 ], [ 2241496.767170603852719, 540769.023789061349817, 0.0 ], [ 2241494.007520072627813, 540748.899571951827966, 0.0 ], [ 2241524.664479301776737, 540737.737896935781464, 0.0 ], [ 2241537.130441406276077, 540755.815818560076877, 0.0 ] ] } },
{ "type": "Feature", "properties": { "fid": 5054, "handle": 3727962, "block": -1, "etype": 18, "space": 0, "layer": "0_Limits", "olinetype": "bylayer", "linetype": "", "color": "0,0,0,65", "ocolor": 256, "color24": -1, "transparency": 0, "lweight": -1, "linewidth": 0.13, "ltscale": 1.0, "visible": 1, "width": 1.0, "thickness": 0.0, "ext": "(3:0,0,0.1)" }, "geometry": { "type": "LineString", "coordinates": [ [ 2241378.89347462169826, 540569.771207033423707, 0.0 ], [ 2241384.872131743002683, 540567.219294857466593, 0.0 ] ] } },
{ "type": "Feature", "properties": { "fid": 5055, "handle": 3728042, "block": -1, "etype": 18, "space": 0, "layer": "0_Limits", "olinetype": "bylayer", "linetype": "", "color": "0,0,0,65", "ocolor": 256, "color24": -1, "transparency": 0, "lweight": -1, "linewidth": 0.13, "ltscale": 1.0, "visible": 1, "width": 1.0, "thickness": 0.0, "ext": "(3:0,0,0.1)" }, "geometry": { "type": "LineString", "coordinates": [ [ 2241381.94520426960662, 540668.442792580113746, 0.0 ], [ 2241372.832692758645862, 540687.846924914629199, 0.0 ], [ 2241371.35651061264798, 540686.509380062809214, 0.0 ], [ 2241369.90264772484079, 540685.14760817901697, 0.0 ], [ 2241368.471501658670604, 540683.761981643154286, 0.0 ], [ 2241367.063463764730841, 540682.352879358804785, 0.0 ], [ 2241365.678919074125588, 540680.920686648460105, 0.0 ], [ 2241364.318246195092797, 540679.465795148978941, 0.0 ], [ 2241362.98181720636785, 540677.988602704601362, 0.0 ], [ 2241361.669997558929026, 540676.48951325728558, 0.0 ], [ 2241360.383145972620696, 540674.968936736928299, 0.0 ], [ 2241359.121614340692759, 540673.427288949489594, 0.0 ], [ 2241357.885747632011771, 540671.86499146244023, 0.0 ], [ 2241356.675883797928691, 540670.282471490208991, 0.0 ], [ 2241355.492353679146618, 540668.680161777068861, 0.0 ], [ 2241354.335480914451182, 540667.058500478975475, 0.0 ], [ 2241353.205581854097545, 540665.417931043310091, 0.0 ], [ 2241352.102965472266078, 540663.758902088273317, 0.0 ], [ 2241351.027933281846344, 540662.081867279717699, 0.0 ], [ 2241349.980779253877699, 540660.38728520728182, 0.0 ], [ 2241348.961789734661579, 540658.67561925877817, 0.0 ], [ 2241348.688376440200955, 540652.180778584792279, 0.0 ], [ 2241351.608782033901662, 540645.558527762535959, 0.0 ], [ 2241354.452854998875409, 540638.903137183981016, 0.0 ], [ 2241387.431413499638438, 540655.9128432382131, 0.0 ], [ 2241381.94520426960662, 540668.442792580113746, 0.0 ] ] } },
{ "type": "Feature", "properties": { "fid": 5056, "handle": 3728077, "block": -1, "etype": 18, "space": 0, "layer": "0_Limits", "olinetype": "bylayer", "linetype": "", "color": "0,0,0,65", "ocolor": 256, "color24": -1, "transparency": 0, "lweight": -1, "linewidth": 0.13, "ltscale": 1.0, "visible": 1, "width": 1.0, "thickness": 0.0, "ext": "(3:0,0,0.1)" }, "geometry": { "type": "LineString", "coordinates": [ [ 2241387.431413499638438, 540655.9128432382131, 0.0 ], [ 2241354.452854998875409, 540638.903137183864601, 0.0 ], [ 2241357.478980153799057, 540631.578699039411731, 0.0 ], [ 2241360.412845712155104, 540624.216820171219297, 0.0 ], [ 2241363.253988568205386, 540616.818662639940158, 0.0 ], [ 2241396.704206542577595, 540632.954717342043296, 0.0 ], [ 2241387.431413499638438, 540655.9128432382131, 0.0 ] ] } },
{ "type": "Feature", "properties": { "fid": 5057, "handle": 3728112, "block": -1, "etype": 18, "space": 0, "layer": "0_Limits", "olinetype": "bylayer", "linetype": "", "color": "0,0,0,65", "ocolor": 256, "color24": -1, "transparency": 0, "lweight": -1, "linewidth": 0.13, "ltscale": 1.0, "visible": 1, "width": 1.0, "thickness": 0.0, "ext": "(3:0,0,0.1)" }, "geometry": { "type": "LineString", "coordinates": [ [ 2241396.704206542577595, 540632.954717342043296, 0.0 ], [ 2241363.253988568205386, 540616.818662640056573, 0.0 ], [ 2241366.354752955492586, 540608.354564337991178, 0.0 ], [ 2241369.350929629988968, 540599.852880669990554, 0.0 ], [ 2241372.242063157726079, 540591.314903932157904, 0.0 ], [ 2241404.015174993313849, 540603.275999355362728, 0.0 ], [ 2241396.704206542577595, 540632.954717342043296, 0.0 ] ] } },
{ "type": "Feature", "properties": { "fid": 5058, "handle": 3728148, "block": -1, "etype": 18, "space": 0, "layer": "0_Limits", "olinetype": "bylayer", "linetype": "", "color": "0,0,0,65", "ocolor": 256, "color24": -1, "transparency": 0, "lweight": -1, "linewidth": 0.13, "ltscale": 1.0, "visible": 1, "width": 1.0, "thickness": 0.0, "ext": "(3:0,0,0.1)" }, "geometry": { "type": "LineString", "coordinates": [ [ 2241404.015174993313849, 540603.275999355362728, 0.0 ], [ 2241372.242063157726079, 540591.314903932041489, 0.0 ], [ 2241374.567302578128874, 540584.167344705318101, 0.0 ], [ 2241376.78460746165365, 540576.985569137032144, 0.0 ], [ 2241378.89347462169826, 540569.771207033423707, 0.0 ], [ 2241384.872131743002683, 540567.219294857350178, 0.0 ], [ 2241389.340313635766506, 540569.118255311157554, 0.0 ], [ 2241393.836574331391603, 540570.949741044896655, 0.0 ], [ 2241398.359894950408489, 540572.713337033404969, 0.0 ], [ 2241402.909250482451171, 540574.408643635455519, 0.0 ], [ 2241407.483610017690808, 540576.035276684910059, 0.0 ], [ 2241412.081936979200691, 540577.592867577332072, 0.0 ], [ 2241404.015174993313849, 540603.275999355362728, 0.0 ] ] } },
{ "type": "Feature", "properties": { "fid": 5059, "handle": 3728183, "block": -1, "etype": 18, "space": 0, "layer": "0_Limits", "olinetype": "bylayer", "linetype": "", "color": "0,0,0,65", "ocolor": 256, "color24": -1, "transparency": 0, "lweight": -1, "linewidth": 0.13, "ltscale": 1.0, "visible": 1, "width": 1.0, "thickness": 0.0, "ext": "(3:0,0,0.1)" }, "geometry": { "type": "LineString", "coordinates": [ [ 2241432.042934908065945, 540611.400202213670127, 0.0 ], [ 2241404.015174993313849, 540603.275999355362728, 0.0 ], [ 2241412.081936979200691, 540577.592867577332072, 0.0 ], [ 2241414.718412746675313, 540578.329384338809177, 0.0 ], [ 2241417.366636500228196, 540579.022473340039141, 0.0 ], [ 2241420.025892953854054, 540579.67194737738464, 0.0 ], [ 2241422.695463842246681, 540580.277631027740426, 0.0 ], [ 2241425.37462811358273, 540580.839360696030781, 0.0 ], [ 2241428.06266212509945, 540581.356984658748843, 0.0 ], [ 2241430.758839837741107, 540581.830363105633296, 0.0 ], [ 2241433.462433013599366, 540582.259368177037686, 0.0 ], [ 2241436.172711411491036, 540582.643883998505771, 0.0 ], [ 2241438.888942985329777, 540582.983806712552905, 0.0 ], [ 2241441.610394079238176, 540583.279044505557977, 0.0 ], [ 2241444.336329629644752, 540583.529517634073272, 0.0 ], [ 2241432.042934908065945, 540611.400202213670127, 0.0 ] ] } },
{ "type": "Feature", "properties": { "fid": 5060, "handle": 3728219, "block": -1, "etype": 18, "space": 0, "layer": "0_Limits", "olinetype": "bylayer", "linetype": "", "color": "0,0,0,65", "ocolor": 256, "color24": -1, "transparency": 0, "lweight": -1, "linewidth": 0.13, "ltscale": 1.0, "visible": 1, "width": 1.0, "thickness": 0.0, "ext": "(3:0,0,0.1)" }, "geometry": { "type": "LineString", "coordinates": [ [ 2241464.898627287242562, 540615.231869181385264, 0.0 ], [ 2241437.326879718806595, 540624.778091528918594, 0.0 ], [ 2241432.042934908065945, 540611.400202213670127, 0.0 ], [ 2241444.336329624988139, 540583.529517633724026, 0.0 ], [ 2241452.159859761130065, 540583.997377383057028, 0.0 ], [ 2241457.263534198049456, 540588.054600292351097, 0.0 ], [ 2241464.898627287242562, 540615.231869181385264, 0.0 ] ] } },
{ "type": "Feature", "properties": { "fid": 5061, "handle": 3728257, "block": -1, "etype": 18, "space": 0, "layer": "0_Limits", "olinetype": "bylayer", "linetype": "", "color": "0,0,0,65", "ocolor": 256, "color24": -1, "transparency": 0, "lweight": -1, "linewidth": 0.13, "ltscale": 1.0, "visible": 1, "width": 1.0, "thickness": 0.0, "ext": "(3:0,0,0.1)" }, "geometry": { "type": "LineString", "coordinates": [ [ 2241441.338136087171733, 540637.955944819143042, 0.0 ], [ 2241429.611177649348974, 540638.460732975043356, 0.0 ], [ 2241414.615782744716853, 540638.089072320843115, 0.0 ], [ 2241396.704206542577595, 540632.954717342043296, 0.0 ], [ 2241404.015174993313849, 540603.275999355362728, 0.0 ], [ 2241432.034132122993469, 540611.420159243163653, 0.0 ], [ 2241437.326879718806595, 540624.778091528918594, 0.0 ], [ 2241441.338136087171733, 540637.955944819143042, 0.0 ] ] } },
{ "type": "Feature", "properties": { "fid": 5062, "handle": 3728295, "block": -1, "etype": 18, "space": 0, "layer": "0_Limits", "olinetype": "bylayer", "linetype": "", "color": "0,0,0,65", "ocolor": 256, "color24": -1, "transparency": 0, "lweight": -1, "linewidth": 0.13, "ltscale": 1.0, "visible": 1, "width": 1.0, "thickness": 0.0, "ext": "(3:0,0,0.1)" }, "geometry": { "type": "LineString", "coordinates": [ [ 2241414.24412208981812, 540653.084467225708067, 0.0 ], [ 2241416.731470039580017, 540653.146116110030562, 0.0 ], [ 2241416.470021736808121, 540655.505614354624413, 0.0 ], [ 2241416.16991124022752, 540657.860507318517193, 0.0 ], [ 2241415.831219280604273, 540660.210161535185762, 0.0 ], [ 2241415.454036965500563, 540662.553944947314449, 0.0 ], [ 2241415.038465757388622, 540664.891227076645009, 0.0 ], [ 2241414.584617444779724, 540667.221379194059409, 0.0 ], [ 2241414.092614112887532, 540669.543774488382041, 0.0 ], [ 2241413.562588110566139, 540671.857788234716281, 0.0 ], [ 2241412.994682014919817, 540674.162797963130288, 0.0 ], [ 2241412.389048593118787, 540676.458183625712991, 0.0 ], [ 2241381.94520426960662, 540668.442792580113746, 0.0 ], [ 2241387.431413499638438, 540655.9128432382131, 0.0 ], [ 2241396.704206542577595, 540632.954717342043296, 0.0 ], [ 2241414.615782744716853, 540638.089072320843115, 0.0 ], [ 2241414.24412208981812, 540653.084467225708067, 0.0 ] ] } },
{ "type": "Feature", "properties": { "fid": 5063, "handle": 3728332, "block": -1, "etype": 18, "space": 0, "layer": "0_Limits", "olinetype": "bylayer", "linetype": "", "color": "0,0,0,65", "ocolor": 256, "color24": -1, "transparency": 0, "lweight": -1, "linewidth": 0.13, "ltscale": 1.0, "visible": 1, "width": 1.0, "thickness": 0.0, "ext": "(3:0,0,0.1)" }, "geometry": { "type": "LineString", "coordinates": [ [ 2241402.622699241619557, 540702.274382245726883, 0.0 ], [ 2241396.437137550208718, 540704.282341535435989, 0.0 ], [ 2241394.627025239169598, 540703.300263065728359, 0.0 ], [ 2241392.833965910598636, 540702.287384522613138, 0.0 ], [ 2241391.058483594562858, 540701.244001924758777, 0.0 ], [ 2241389.301097185350955, 540700.170420206035487, 0.0 ], [ 2241387.562320286873728, 540699.066953125875443, 0.0 ], [ 2241385.842661065980792, 540697.93392317800317, 0.0 ], [ 2241384.142622101120651, 540696.771661496139131, 0.0 ], [ 2241382.462700237054378, 540695.580507756909356, 0.0 ], [ 2241380.803386440034956, 540694.360810080775991, 0.0 ], [ 2241379.165165651589632, 540693.112924930639565, 0.0 ], [ 2241377.548516650684178, 540691.837217006948777, 0.0 ], [ 2241375.953911910299212, 540690.534059141646139, 0.0 ], [ 2241374.381817462388426, 540689.203832189086825, 0.0 ], [ 2241372.832692758645862, 540687.846924914629199, 0.0 ], [ 2241381.94520426960662, 540668.442792580113746, 0.0 ], [ 2241412.389048593118787, 540676.458183625712991, 0.0 ], [ 2241411.707000850234181, 540678.876896205591038, 0.0 ], [ 2241410.983063225168735, 540681.283402798697352, 0.0 ], [ 2241410.217453947756439, 540683.676977970288135, 0.0 ], [ 2241409.410403808578849, 540686.056900183320977, 0.0 ], [ 2241408.562156090512872, 540688.422452016733587, 0.0 ], [ 2241407.672966495621949, 540690.7729203812778, 0.0 ], [ 2241406.743103068321943, 540693.107596734305844, 0.0 ], [ 2241405.772846112959087, 540695.425777294090949, 0.0 ], [ 2241404.762488110456616, 540697.726763251237571, 0.0 ], [ 2241403.712333631236106, 540700.009860979742371, 0.0 ], [ 2241402.622699241619557, 540702.274382245726883, 0.0 ] ] } },
{ "type": "Feature", "properties": { "fid": 5064, "handle": 3728368, "block": -1, "etype": 18, "space": 0, "layer": "0_Limits", "olinetype": "bylayer", "linetype": "", "color": "0,0,0,65", "ocolor": 256, "color24": -1, "transparency": 0, "lweight": -1, "linewidth": 0.13, "ltscale": 1.0, "visible": 1, "width": 1.0, "thickness": 0.0, "ext": "(3:0,0,0.1)" }, "geometry": { "type": "LineString", "coordinates": [ [ 2241442.498832886572927, 540717.918675224995241, 0.0 ], [ 2241440.444410510826856, 540717.721554165123962, 0.0 ], [ 2241438.393666757736355, 540717.489265404641628, 0.0 ], [ 2241436.347203584387898, 540717.221877127420157, 0.0 ], [ 2241434.305621692445129, 540716.919467820553109, 0.0 ], [ 2241432.269520350731909, 540716.582126250490546, 0.0 ], [ 2241430.239497217815369, 540716.209951437660493, 0.0 ], [ 2241428.216148170642555, 540715.803052627015859, 0.0 ], [ 2241426.200067124795169, 540715.361549256253056, 0.0 ], [ 2241424.19184586359188, 540714.885570920305327, 0.0 ], [ 2241422.192073862999678, 540714.375257333973423, 0.0 ], [ 2241420.201338119339198, 540713.830758290132508, 0.0 ], [ 2241418.220222976058722, 540713.252233616542071, 0.0 ], [ 2241416.249309951905161, 540712.639853128232062, 0.0 ], [ 2241414.289177572820336, 540711.993796578142792, 0.0 ], [ 2241411.971668600104749, 540705.918925704434514, 0.0 ], [ 2241413.10780111188069, 540703.524667406803928, 0.0 ], [ 2241414.202763808425516, 540701.111303245881572, 0.0 ], [ 2241415.256235526874661, 540698.679541082703508, 0.0 ], [ 2241416.267907275352627, 540696.230094174970873, 0.0 ], [ 2241417.237482320517302, 540693.763680967269465, 0.0 ], [ 2241418.164676278363913, 540691.281024880590849, 0.0 ], [ 2241419.049217194318771, 540688.782854100107215, 0.0 ], [ 2241419.89084562426433, 540686.269901361665688, 0.0 ], [ 2241420.689314710907638, 540683.742903736536391, 0.0 ], [ 2241421.444390257354826, 540681.202602415927686, 0.0 ], [ 2241422.15585079183802, 540678.649742492707446, 0.0 ], [ 2241440.010142556857318, 540681.490817991318181, 0.0 ], [ 2241442.498832886572927, 540717.918675224995241, 0.0 ] ] } },
{ "type": "Feature", "properties": { "fid": 5065, "handle": 3728407, "block": -1, "etype": 18, "space": 0, "layer": "0_Limits", "olinetype": "bylayer", "linetype": "", "color": "0,0,0,65", "ocolor": 256, "color24": -1, "transparency": 0, "lweight": -1, "linewidth": 0.13, "ltscale": 1.0, "visible": 1, "width": 1.0, "thickness": 0.0, "ext": "(3:0,0,0.1)" }, "geometry": { "type": "LineString", "coordinates": [ [ 2241453.794777574483305, 540675.065699663362466, 0.0 ], [ 2241440.010142556857318, 540681.490817991318181, 0.0 ], [ 2241422.15585079183802, 540678.649742492707446, 0.0 ], [ 2241422.797889822628349, 540676.161423239856958, 0.0 ], [ 2241423.399855095893145, 540673.663106880499981, 0.0 ], [ 2241423.96159111848101, 540671.155438748188317, 0.0 ], [ 2241424.482952790334821, 540668.639066591975279, 0.0 ], [ 2241424.963805440347642, 540666.114640409592539, 0.0 ], [ 2241425.404024859890342, 540663.582812278880738, 0.0 ], [ 2241425.803497337736189, 540661.044236189569347, 0.0 ], [ 2241426.162119687069207, 540658.499567874823697, 0.0 ], [ 2241426.479799272492528, 540655.94946464127861, 0.0 ], [ 2241426.756454035639763, 540653.394585199188441, 0.0 ], [ 2241429.239516994915903, 540653.456127880141139, 0.0 ], [ 2241429.611177649348974, 540638.460732975043356, 0.0 ], [ 2241441.338136087171733, 540637.955944819143042, 0.0 ], [ 2241445.349392456002533, 540651.13379810936749, 0.0 ], [ 2241453.794777574483305, 540675.065699663362466, 0.0 ] ] } },
{ "type": "Feature", "properties": { "fid": 5066, "handle": 3728443, "block": -1, "etype": 18, "space": 0, "layer": "0_Limits", "olinetype": "bylayer", "linetype": "", "color": "0,0,0,65", "ocolor": 256, "color24": -1, "transparency": 0, "lweight": -1, "linewidth": 0.13, "ltscale": 1.0, "visible": 1, "width": 1.0, "thickness": 0.0, "ext": "(3:0,0,0.1)" }, "geometry": { "type": "LineString", "coordinates": [ [ 2241473.407303144689649, 540639.449943299987353, 0.0 ], [ 2241445.349392456002533, 540651.13379810936749, 0.0 ], [ 2241441.338136087171733, 540637.955944819143042, 0.0 ], [ 2241437.326879718806595, 540624.778091528918594, 0.0 ], [ 2241464.898627287242562, 540615.231869181501679, 0.0 ], [ 2241473.407303144689649, 540639.449943299987353, 0.0 ] ] } },
{ "type": "Feature", "properties": { "fid": 5067, "handle": 3728478, "block": -1, "etype": 18, "space": 0, "layer": "0_Limits", "olinetype": "bylayer", "linetype": "", "color": "0,0,0,65", "ocolor": 256, "color24": -1, "transparency": 0, "lweight": -1, "linewidth": 0.13, "ltscale": 1.0, "visible": 1, "width": 1.0, "thickness": 0.0, "ext": "(3:0,0,0.1)" }, "geometry": { "type": "LineString", "coordinates": [ [ 2241482.328631201758981, 540662.217545122723095, 0.0 ], [ 2241453.794777574483305, 540675.065699663362466, 0.0 ], [ 2241445.349392456002533, 540651.13379810936749, 0.0 ], [ 2241473.407303144689649, 540639.449943299870938, 0.0 ], [ 2241476.271839422173798, 540647.081647014361806, 0.0 ], [ 2241479.245820431504399, 540654.671370765892789, 0.0 ], [ 2241482.328631201758981, 540662.217545122723095, 0.0 ] ] } },
{ "type": "Feature", "properties": { "fid": 5068, "handle": 3728514, "block": -1, "etype": 18, "space": 0, "layer": "0_Limits", "olinetype": "bylayer", "linetype": "", "color": "0,0,0,65", "ocolor": 256, "color24": -1, "transparency": 0, "lweight": -1, "linewidth": 0.13, "ltscale": 1.0, "visible": 1, "width": 1.0, "thickness": 0.0, "ext": "(3:0,0,0.1)" }, "geometry": { "type": "LineString", "coordinates": [ [ 2241492.195098297204822, 540683.161715036374517, 0.0 ], [ 2241464.572084763087332, 540697.323515004245564, 0.0 ], [ 2241453.794777574483305, 540675.065699663362466, 0.0 ], [ 2241482.328631201758981, 540662.217545122723095, 0.0 ], [ 2241484.391403621062636, 540667.100537002203055, 0.0 ], [ 2241486.499746249057353, 540671.964026604429819, 0.0 ], [ 2241489.317707073874772, 540677.577984521863982, 0.0 ], [ 2241492.195098297204822, 540683.161715036374517, 0.0 ] ] } },
{ "type": "Feature", "properties": { "fid": 5069, "handle": 3728550, "block": -1, "etype": 18, "space": 0, "layer": "0_Limits", "olinetype": "bylayer", "linetype": "", "color": "0,0,0,65", "ocolor": 256, "color24": -1, "transparency": 0, "lweight": -1, "linewidth": 0.13, "ltscale": 1.0, "visible": 1, "width": 1.0, "thickness": 0.0, "ext": "(3:0,0,0.1)" }, "geometry": { "type": "LineString", "coordinates": [ [ 2241502.650707704480737, 540702.319927591946907, 0.0 ], [ 2241500.697514494881034, 540708.519873009528965, 0.0 ], [ 2241498.836094211321324, 540709.30452464427799, 0.0 ], [ 2241496.961778267752379, 540710.057852862169966, 0.0 ], [ 2241495.075093721970916, 540710.779645827249624, 0.0 ], [ 2241493.176571109332144, 540711.469700571382418, 0.0 ], [ 2241491.266744294669479, 540712.127823051065207, 0.0 ], [ 2241489.346150320954621, 540712.753828202257864, 0.0 ], [ 2241487.415329259820282, 540713.347539992420934, 0.0 ], [ 2241485.474824057891965, 540713.908791469759308, 0.0 ], [ 2241483.525180384982377, 540714.43742481037043, 0.0 ], [ 2241481.566946480888873, 540714.933291362482123, 0.0 ], [ 2241479.600673001259565, 540715.39625168859493, 0.0 ], [ 2241477.626912862062454, 540715.826175604015589, 0.0 ], [ 2241475.646221084520221, 540716.222942214342766, 0.0 ], [ 2241464.572084763087332, 540697.323515004245564, 0.0 ], [ 2241492.195098297204822, 540683.161715036374517, 0.0 ], [ 2241495.601698379963636, 540689.590474760858342, 0.0 ], [ 2241499.087077123112977, 540695.976867384160869, 0.0 ], [ 2241502.650707704480737, 540702.319927591946907, 0.0 ] ] } },
{ "type": "Feature", "properties": { "fid": 5070, "handle": 3728586, "block": -1, "etype": 18, "space": 0, "layer": "0_Limits", "olinetype": "bylayer", "linetype": "", "color": "0,0,0,65", "ocolor": 256, "color24": -1, "transparency": 0, "lweight": -1, "linewidth": 0.13, "ltscale": 1.0, "visible": 1, "width": 1.0, "thickness": 0.0, "ext": "(3:0,0,0.1)" }, "geometry": { "type": "LineString", "coordinates": [ [ 2241475.646221084520221, 540716.222942214342766, 0.0 ], [ 2241473.599082349799573, 540716.596893666195683, 0.0 ], [ 2241471.545789244584739, 540716.935425958479755, 0.0 ], [ 2241469.486954537220299, 540717.238438062136993, 0.0 ], [ 2241467.423192648682743, 540717.505839549121447, 0.0 ], [ 2241465.355119470506907, 540717.737550618010573, 0.0 ], [ 2241463.283352182246745, 540717.933502119150944, 0.0 ], [ 2241461.208509064279497, 540718.093635574332438, 0.0 ], [ 2241459.13120931526646, 540718.217903194599785, 0.0 ], [ 2241457.052072867751122, 540718.306267894571647, 0.0 ], [ 2241454.97172020142898, 540718.358703303616494, 0.0 ], [ 2241452.890772159676999, 540718.37519377307035, 0.0 ], [ 2241450.809849763289094, 540718.355734381708317, 0.0 ], [ 2241448.729574025142938, 540718.300330937025137, 0.0 ], [ 2241446.650565765798092, 540718.208999972906895, 0.0 ], [ 2241444.573445426765829, 540718.081768745556474, 0.0 ], [ 2241442.498832886572927, 540717.918675224878825, 0.0 ], [ 2241440.010142556857318, 540681.490817991318181, 0.0 ], [ 2241453.794777574483305, 540675.065699663362466, 0.0 ], [ 2241464.572084763087332, 540697.323515004245564, 0.0 ], [ 2241475.646221084520221, 540716.222942214342766, 0.0 ] ] } },
{ "type": "Feature", "properties": { "fid": 5071, "handle": 3730229, "block": -1, "etype": 18, "space": 0, "layer": "0_Limits", "olinetype": "bylayer", "linetype": "", "color": "0,0,0,65", "ocolor": 256, "color24": -1, "transparency": 0, "lweight": -1, "linewidth": 0.13, "ltscale": 1.0, "visible": 1, "width": 1.0, "thickness": 0.0, "ext": "(3:0,0,0.1)" }, "geometry": { "type": "LineString", "coordinates": [ [ 2241295.917067202273756, 541024.381358677055687, 0.0 ], [ 2241258.349999999627471, 541030.839999999385327, 0.0 ], [ 2241240.044540268369019, 541004.663991172448732, 0.0 ], [ 2241247.150152582675219, 541001.25720781495329, 0.0 ], [ 2241254.303694244939834, 540997.952250796719454, 0.0 ], [ 2241261.503706132993102, 540994.749794236500748, 0.0 ], [ 2241268.748719645664096, 540991.650491345790215, 0.0 ], [ 2241295.917067202273756, 541024.381358677055687, 0.0 ] ] } },
{ "type": "Feature", "properties": { "fid": 5072, "handle": 3730345, "block": -1, "etype": 18, "space": 0, "layer": "0_Limits", "olinetype": "bylayer", "linetype": "", "color": "0,0,0,65", "ocolor": 256, "color24": -1, "transparency": 0, "lweight": -1, "linewidth": 0.13, "ltscale": 1.0, "visible": 1, "width": 0.0, "thickness": 0.0, "ext": "(3:0,0,0.1)" }, "geometry": { "type": "LineString", "coordinates": [ [ 2241183.600000000558794, 541091.529999999213032, 0.0 ], [ 2241182.740000165067613, 541092.429999828571454, 0.0 ], [ 2241156.96, 541119.26, 0.0 ], [ 2241154.430000001098961, 541121.89000000001397, 0.0 ], [ 2241129.450000000651926, 541152.309999999939464, 0.0 ], [ 2241114.390000001061708, 541148.489999999641441, 0.0 ], [ 2241110.360000000335276, 541130.340000000200234, 0.0 ], [ 2241108.050000000279397, 541119.869999999529682, 0.0 ], [ 2241106.430000000167638, 541112.569999999715947, 0.0 ], [ 2241105.850000001024455, 541109.969999999622814, 0.0 ], [ 2241092.59000000031665, 541085.04999999969732, 0.0 ], [ 2241086.540000000502914, 541078.659999999566935, 0.0 ], [ 2241062.52, 541053.279999999213032, 0.0 ], [ 2241053.53000000026077, 541052.534999999566935, 0.0 ], [ 2241053.948220457416028, 541036.723672445863485, 0.0 ], [ 2241059.120934688020498, 541037.565985718742013, 0.0 ], [ 2241064.305750996805727, 541038.330278858309612, 0.0 ], [ 2241069.501492673531175, 541039.01637840596959, 0.0 ], [ 2241074.70698052784428, 541039.624128649244085, 0.0 ], [ 2241079.921033157967031, 541040.153391657047905, 0.0 ], [ 2241085.142467217985541, 541040.604047311819158, 0.0 ], [ 2241090.37009768653661, 541040.97599333547987, 0.0 ], [ 2241094.600633299909532, 541041.183805874781683, 0.0 ], [ 2241098.834136580117047, 541041.318221648805775, 0.0 ], [ 2241103.069334242492914, 541041.379200230003335, 0.0 ], [ 2241107.304952491540462, 541041.366723278304562, 0.0 ], [ 2241111.539717405568808, 541041.280794546240941, 0.0 ], [ 2241115.772355320397764, 541041.121439878013916, 0.0 ], [ 2241120.001593209803104, 541040.8887072019279, 0.0 ], [ 2241124.226159072015435, 541040.582666515605524, 0.0 ], [ 2241128.444782309234142, 541040.203409864916466, 0.0 ], [ 2241132.656194111797959, 541039.751051316619851, 0.0 ], [ 2241136.859127838164568, 541039.225726924021728, 0.0 ], [ 2241141.052319397218525, 541038.627594685764052, 0.0 ], [ 2241145.234507628250867, 541037.956834498443641, 0.0 ], [ 2241149.404434678610414, 541037.213648102711886, 0.0 ], [ 2241153.560846385080367, 541036.398259022040293, 0.0 ], [ 2241157.702492648269981, 541035.510912496363744, 0.0 ], [ 2241161.828127809800208, 541034.551875407574698, 0.0 ], [ 2241165.936511027626693, 541033.521436199429445, 0.0 ], [ 2241170.026406647637486, 541032.419904790935107, 0.0 ], [ 2241174.096584576182067, 541031.247612483217381, 0.0 ], [ 2241178.145820650737733, 541030.00491185951978, 0.0 ], [ 2241182.172897006385028, 541028.692176679498516, 0.0 ], [ 2241186.176602443214506, 541027.309801766648889, 0.0 ], [ 2241190.155732791405171, 541025.858202889678068, 0.0 ], [ 2241194.10909127118066, 541024.337816637242213, 0.0 ], [ 2241198.035488854628056, 541022.749100286746398, 0.0 ], [ 2241201.933744622394443, 541021.092531667090952, 0.0 ], [ 2241205.802686120383441, 541019.368609014316462, 0.0 ], [ 2241233.337710978928953, 541007.415573996026069, 0.0 ], [ 2241222.140000000596046, 541022.939999999362044, 0.0 ], [ 2241233.470000000670552, 541043.229999999399297, 0.0 ], [ 2241218.010000000242144, 541062.099999999976717, 0.0 ], [ 2241210.770000000484288, 541068.289999999455176, 0.0 ], [ 2241183.600000000558794, 541091.529999999213032, 0.0 ] ] } },
{ "type": "Feature", "properties": { "fid": 5073, "handle": 3730406, "block": -1, "etype": 18, "space": 0, "layer": "0_Limits", "olinetype": "bylayer", "linetype": "", "color": "0,0,0,65", "ocolor": 256, "color24": -1, "transparency": 0, "lweight": -1, "linewidth": 0.13, "ltscale": 1.0, "visible": 1, "width": 0.0, "thickness": 0.0, "ext": "(3:0,0,0.1)" }, "geometry": { "type": "LineString", "coordinates": [ [ 2241209.784216878935695, 541000.940746008767746, 0.0 ], [ 2241208.380792022217065, 541001.688137337216176, 0.0 ], [ 2241206.964821103960276, 541002.411477841320448, 0.0 ], [ 2241205.536716250702739, 541003.110556988394819, 0.0 ], [ 2241204.096893120091408, 541003.785171307623386, 0.0 ], [ 2241202.645770781673491, 541004.435124448500574, 0.0 ], [ 2241201.183771593030542, 541005.060227238456719, 0.0 ], [ 2241199.711321076843888, 541005.660297737689689, 0.0 ], [ 2241196.078491379972547, 541007.281750089139678, 0.0 ], [ 2241192.418070156592876, 541008.83991433121264, 0.0 ], [ 2241188.731159861199558, 541010.334321172558703, 0.0 ], [ 2241185.018870924599469, 541011.764520524651743, 0.0 ], [ 2241181.282321421895176, 541013.130081636831164, 0.0 ], [ 2241177.52263673581183, 541014.430593226687051, 0.0 ], [ 2241173.740949215833098, 541015.66566360311117, 0.0 ], [ 2241169.938397838268429, 541016.834920785040595, 0.0 ], [ 2241166.116127863992006, 541017.938012613216415, 0.0 ], [ 2241162.275290492922068, 541018.974606855888851, 0.0 ], [ 2241158.417042516637594, 541019.944391309516504, 0.0 ], [ 2241154.542545969597995, 541020.847073892247863, 0.0 ], [ 2241150.65296778222546, 541021.68238273228053, 0.0 ], [ 2241146.749479425139725, 541022.450066249351948, 0.0 ], [ 2241142.833256559912115, 541023.149893231107853, 0.0 ], [ 2241138.905478682368994, 541023.781652902020141, 0.0 ], [ 2241134.967328769620508, 541024.345154987298883, 0.0 ], [ 2241131.019992921967059, 541024.840229770401493, 0.0 ], [ 2241127.064660006668419, 541025.26672814344056, 0.0 ], [ 2241123.102521298453212, 541025.624521652818657, 0.0 ], [ 2241119.134770124219358, 541025.913502537412569, 0.0 ], [ 2241115.162601498421282, 541026.133583761518821, 0.0 ], [ 2241111.187211768236011, 541026.284699040465057, 0.0 ], [ 2241107.209798249416053, 541026.366802860982716, 0.0 ], [ 2241103.231558868661523, 541026.379870495060459, 0.0 ], [ 2241099.253691799938679, 541026.323898006696254, 0.0 ], [ 2241095.277395105920732, 541026.198902254109271, 0.0 ], [ 2241091.303866376634687, 541026.004920883453451, 0.0 ], [ 2241084.829349479172379, 541025.515169474761933, 0.0 ], [ 2241078.364026601891965, 541024.916148948133923, 0.0 ], [ 2241071.909741725306958, 541024.208030150621198, 0.0 ], [ 2241065.46833568206057, 541023.39101504557766, 0.0 ], [ 2241059.041645630728453, 541022.465336654451676, 0.0 ], [ 2241052.631504533812404, 541021.431258990895003, 0.0 ], [ 2241046.239740632940084, 541020.289076985092834, 0.0 ], [ 2241039.86817692918703, 541019.039116399828345, 0.0 ], [ 2241038.398993950337172, 541018.817002437775955, 0.0 ], [ 2241036.926202250644565, 541018.620233929948881, 0.0 ], [ 2241035.450239040423185, 541018.448869288666174, 0.0 ], [ 2241033.971542473416775, 541018.302959385095164, 0.0 ], [ 2241032.490551513619721, 541018.18254753400106, 0.0 ], [ 2241031.007705806288868, 541018.087669480475597, 0.0 ], [ 2241029.523445547092706, 541018.018353390041739, 0.0 ], [ 2241028.038211352191865, 541017.97461983980611, 0.0 ], [ 2241026.552444126456976, 541017.956481812521815, 0.0 ], [ 2241025.066584933083504, 541017.963944692513905, 0.0 ], [ 2241023.581074862275273, 541017.99700626428239, 0.0 ], [ 2241022.096354901790619, 541018.055656713433564, 0.0 ], [ 2241020.612865802831948, 541018.139878628891893, 0.0 ], [ 2241019.131047952920198, 541018.249647008720785, 0.0 ], [ 2241017.651341243181378, 541018.384929267107509, 0.0 ], [ 2241016.174184937030077, 541018.545685244491324, 0.0 ], [ 2241014.700017541646957, 541018.731867218739353, 0.0 ], [ 2241013.229276676662266, 541018.943419920396991, 0.0 ], [ 2241011.762398944701999, 541019.18028054793831, 0.0 ], [ 2241010.299819801468402, 541019.442378787323833, 0.0 ], [ 2241008.841973426751792, 541019.729636832256801, 0.0 ], [ 2241007.389292594511062, 541020.041969407699071, 0.0 ], [ 2241005.942208546679467, 541020.379283794900402, 0.0 ], [ 2241004.501150862779468, 541020.741479859105311, 0.0 ], [ 2241003.066547333728522, 541021.128450079238974, 0.0 ], [ 2241001.638823834247887, 541021.540079579688609, 0.0 ], [ 2241000.218404196202755, 541021.976246164646, 0.0 ], [ 2240998.805710084736347, 541022.436820354079828, 0.0 ], [ 2240997.4011608697474, 541022.921665422618389, 0.0 ], [ 2240996.005173504818231, 541023.430637439480051, 0.0 ], [ 2240994.618162401020527, 541023.963585312012583, 0.0 ], [ 2240993.240539304446429, 541024.520350829814561, 0.0 ], [ 2240991.872713175602257, 541025.100768712, 0.0 ], [ 2240990.515090065076947, 541025.704666656441987, 0.0 ], [ 2240989.168072996195406, 541026.331865390762687, 0.0 ], [ 2240987.83206184161827, 541026.982178725418635, 0.0 ], [ 2240986.507453209720552, 541027.655413608881645, 0.0 ], [ 2240985.194640320725739, 541028.351370185730048, 0.0 ], [ 2240983.894012896344066, 541029.06984185485635, 0.0 ], [ 2240982.605957038234919, 541029.810615331633016, 0.0 ], [ 2240981.330855117645115, 541030.573470710893162, 0.0 ], [ 2240980.069085660390556, 541031.358181532123126, 0.0 ], [ 2240978.821023232769221, 541032.164514847099781, 0.0 ], [ 2240977.587038334459066, 541032.992231288459152, 0.0 ], [ 2240976.367497283965349, 541033.841085141408257, 0.0 ], [ 2240975.162762113381177, 541034.710824415902607, 0.0 ], [ 2240973.973190458491445, 541035.601190922316164, 0.0 ], [ 2240972.799135454930365, 541036.51192034734413, 0.0 ], [ 2240971.640945631079376, 541037.442742332932539, 0.0 ], [ 2240970.498964805621654, 541038.393380556255579, 0.0 ], [ 2240985.570000000298023, 541023.499999999417923, 0.0 ], [ 2241005.470000000204891, 541003.839999999268912, 0.0 ], [ 2241013.40000000083819, 540995.999999999883585, 0.0 ], [ 2241027.500000000465661, 540986.240000000107102, 0.0 ], [ 2241040.540000000502914, 540977.219999999622814, 0.0 ], [ 2241048.440000000409782, 540971.749999999883585, 0.0 ], [ 2241049.740000000689179, 540970.850000000442378, 0.0 ], [ 2241055.720000000670552, 540968.209999999846332, 0.0 ], [ 2241104.060000000521541, 540946.919999999343418, 0.0 ], [ 2241113.570000000763685, 540953.720000000554137, 0.0 ], [ 2241140.410000000614673, 540972.910000000498258, 0.0 ], [ 2241145.600000000558794, 540976.699999999138527, 0.0 ], [ 2241172.27, 540986.76999999943655, 0.0 ], [ 2241209.784216878935695, 541000.940746008767746, 0.0 ] ] } },
{ "type": "Feature", "properties": { "fid": 5074, "handle": 3730455, "block": -1, "etype": 18, "space": 0, "layer": "0_Limits", "olinetype": "bylayer", "linetype": "", "color": "0,0,0,65", "ocolor": 256, "color24": -1, "transparency": 0, "lweight": -1, "linewidth": 0.13, "ltscale": 1.0, "visible": 1, "width": 0.0, "thickness": 0.0, "ext": "(3:0,0,0.1)" }, "geometry": { "type": "LineString", "coordinates": [ [ 2240936.192027514800429, 541086.082477107644081, 0.0 ], [ 2240918.448995635844767, 541075.458233371959068, 0.0 ], [ 2240938.210000000428408, 541061.430000000051223, 0.0 ], [ 2240962.990000000689179, 541043.799999999231659, 0.0 ], [ 2240970.106229716446251, 541038.728104402776808, 0.0 ], [ 2240969.099008980672807, 541039.605389303760603, 0.0 ], [ 2240968.10549631388858, 541040.498168665450066, 0.0 ], [ 2240967.125930047594011, 541041.406228320905939, 0.0 ], [ 2240966.160545167978853, 541042.329350437503308, 0.0 ], [ 2240965.209573259111494, 541043.267313569434918, 0.0 ], [ 2240960.764111973810941, 541049.174295638105832, 0.0 ], [ 2240956.416754536796361, 541055.153848005458713, 0.0 ], [ 2240952.168685399927199, 541061.204341522883624, 0.0 ], [ 2240948.021061962936074, 541067.324127713916823, 0.0 ], [ 2240943.975014260038733, 541073.511539222905412, 0.0 ], [ 2240940.031644649337977, 541079.764890269376338, 0.0 ], [ 2240936.192027514800429, 541086.082477107644081, 0.0 ] ] } },
{ "type": "Feature", "properties": { "fid": 5075, "handle": 3730492, "block": -1, "etype": 18, "space": 0, "layer": "0_Limits", "olinetype": "bylayer", "linetype": "", "color": "0,0,0,65", "ocolor": 256, "color24": -1, "transparency": 0, "lweight": -1, "linewidth": 0.13, "ltscale": 1.0, "visible": 1, "width": 1.0, "thickness": 0.0, "ext": "(3:0,0,0.1)" }, "geometry": { "type": "LineString", "coordinates": [ [ 2241053.53000000026077, 541052.534999999566935, 0.0 ], [ 2241044.540000000502914, 541051.789999999920838, 0.0 ], [ 2241014.520000000484288, 541071.129999999306165, 0.0 ], [ 2240997.145586094353348, 541038.999271341483109, 0.0 ], [ 2240998.291918327566236, 541038.515745373559184, 0.0 ], [ 2240999.446279313415289, 541038.051713406806812, 0.0 ], [ 2241000.608337572775781, 541037.607308689155616, 0.0 ], [ 2241001.777759417425841, 541037.182658832985908, 0.0 ], [ 2241002.95420904411003, 541036.77788577764295, 0.0 ], [ 2241004.137348632328212, 541036.393105754861608, 0.0 ], [ 2241005.32683843979612, 541036.02842925558798, 0.0 ], [ 2241006.522336900699884, 541035.683960997615941, 0.0 ], [ 2241007.723500724416226, 541035.359799896017648, 0.0 ], [ 2241008.929984992835671, 541035.056039034738205, 0.0 ], [ 2241010.141443260479718, 541034.772765639587305, 0.0 ], [ 2241011.357527653686702, 541034.510061053326353, 0.0 ], [ 2241012.577888970263302, 541034.268000712385401, 0.0 ], [ 2241013.802176779136062, 541034.046654125093482, 0.0 ], [ 2241015.030039523262531, 541033.846084851888008, 0.0 ], [ 2241016.261124617420137, 541033.666350486688316, 0.0 ], [ 2241017.495078552048653, 541033.507502640946768, 0.0 ], [ 2241018.731546993367374, 541033.369586928049102, 0.0 ], [ 2241019.97017488675192, 541033.25264295109082, 0.0 ], [ 2241021.210606554988772, 541033.15670429088641, 0.0 ], [ 2241022.452485805843025, 541033.081798496423289, 0.0 ], [ 2241023.695456028915942, 541033.027947077178396, 0.0 ], [ 2241024.939160301815718, 541032.995165496715344, 0.0 ], [ 2241026.183241491671652, 541032.983463168377057, 0.0 ], [ 2241027.427342356182635, 541032.992843452608213, 0.0 ], [ 2241028.671105648390949, 541033.023303655674681, 0.0 ], [ 2241029.914174218196422, 541033.074835030944087, 0.0 ], [ 2241031.156191113870591, 541033.147422780981287, 0.0 ], [ 2241032.396799687296152, 541033.241046061972156, 0.0 ], [ 2241033.635643693618476, 541033.355677989777178, 0.0 ], [ 2241034.872367395088077, 541033.491285647498444, 0.0 ], [ 2241036.106615663040429, 541033.647830094909295, 0.0 ], [ 2241037.338034079410136, 541033.825266379979439, 0.0 ], [ 2241053.948220457416028, 541036.723672445863485, 0.0 ], [ 2241053.53000000026077, 541052.534999999566935, 0.0 ] ] } },
{ "type": "Feature", "properties": { "fid": 5076, "handle": 3730568, "block": -1, "etype": 18, "space": 0, "layer": "0_Limits", "olinetype": "bylayer", "linetype": "", "color": "0,0,0,65", "ocolor": 256, "color24": -1, "transparency": 0, "lweight": -1, "linewidth": 0.13, "ltscale": 1.0, "visible": 1, "width": 1.0, "thickness": 0.0, "ext": "(3:0,0,0.1)" }, "geometry": { "type": "LineString", "coordinates": [ [ 2241014.520000000484288, 541071.129999999306165, 0.0 ], [ 2241003.27, 541082.310000000055879, 0.0 ], [ 2240989.78837331244722, 541069.417709699948318, 0.0 ], [ 2240989.788373375311494, 541069.417709752684459, 0.0 ], [ 2240989.78837331244722, 541069.417709699948318, 0.0 ], [ 2240974.95719671016559, 541055.234863766934723, 0.0 ], [ 2240976.498444646596909, 541053.19938308862038, 0.0 ], [ 2240977.410453985445201, 541052.331847503432073, 0.0 ], [ 2240978.336760824546218, 541051.479594803298824, 0.0 ], [ 2240979.277109096758068, 541050.642860584543087, 0.0 ], [ 2240980.231238851789385, 541049.821876153699122, 0.0 ], [ 2240981.198886331170797, 541049.016868463368155, 0.0 ], [ 2240982.179784038104117, 541048.228060049470514, 0.0 ], [ 2240983.173660814296454, 541047.455668970011175, 0.0 ], [ 2240984.180241912137717, 541046.69990874431096, 0.0 ], [ 2240985.199249072931707, 541045.96098829456605, 0.0 ], [ 2240986.23040060326457, 541045.239111887523904, 0.0 ], [ 2240987.273411451838911, 541044.534479078487493, 0.0 ], [ 2240988.327993289101869, 541043.847284655901603, 0.0 ], [ 2240989.393854586407542, 541043.17771858733613, 0.0 ], [ 2240990.470700697973371, 541042.525965967564844, 0.0 ], [ 2240991.558233940973878, 541041.892206966760568, 0.0 ], [ 2240992.65615367796272, 541041.276616781018674, 0.0 ], [ 2240993.764156400226057, 541040.679365583695471, 0.0 ], [ 2240994.88193581206724, 541040.10061847884208, 0.0 ], [ 2240996.009182915557176, 541039.540535455103964, 0.0 ], [ 2240997.145586094353348, 541038.999271341366693, 0.0 ], [ 2241014.520000000484288, 541071.129999999306165, 0.0 ] ] } },
{ "type": "Feature", "properties": { "fid": 5077, "handle": 3730640, "block": -1, "etype": 18, "space": 0, "layer": "0_Limits", "olinetype": "bylayer", "linetype": "", "color": "0,0,0,65", "ocolor": 256, "color24": -1, "transparency": 0, "lweight": -1, "linewidth": 0.13, "ltscale": 1.0, "visible": 1, "width": 1.0, "thickness": 0.0, "ext": "(3:0,0,0.1)" }, "geometry": { "type": "LineString", "coordinates": [ [ 2240909.140499647241086, 541142.036544215749018, 0.0 ], [ 2240876.99926038319245, 541127.824661313905381, 0.0 ], [ 2240882.000000000465661, 541116.009999999660067, 0.0 ], [ 2240886.937980599701405, 541108.193005622364581, 0.0 ], [ 2240917.430525869131088, 541121.724444069899619, 0.0 ], [ 2240914.552214886527508, 541128.44784114533104, 0.0 ], [ 2240911.788606616668403, 541135.219193423516117, 0.0 ], [ 2240909.140499647241086, 541142.036544215749018, 0.0 ] ] } },
{ "type": "Feature", "properties": { "fid": 5078, "handle": 3730676, "block": -1, "etype": 18, "space": 0, "layer": "0_Limits", "olinetype": "bylayer", "linetype": "", "color": "0,0,0,65", "ocolor": 256, "color24": -1, "transparency": 0, "lweight": -1, "linewidth": 0.13, "ltscale": 1.0, "visible": 1, "width": 1.0, "thickness": 0.0, "ext": "(3:0,0,0.1)" }, "geometry": { "type": "LineString", "coordinates": [ [ 2240901.859149325173348, 541162.861613345332444, 0.0 ], [ 2240867.240443089045584, 541150.862501547555439, 0.0 ], [ 2240875.960000000428408, 541130.279999999678694, 0.0 ], [ 2240876.99926038319245, 541127.824661313905381, 0.0 ], [ 2240909.140499647241086, 541142.036544215749018, 0.0 ], [ 2240906.594832427799702, 541148.936404098640196, 0.0 ], [ 2240904.167479224968702, 541155.878770008217543, 0.0 ], [ 2240901.859149325173348, 541162.861613345332444, 0.0 ] ] } },
{ "type": "Feature", "properties": { "fid": 5079, "handle": 3730713, "block": -1, "etype": 18, "space": 0, "layer": "0_Limits", "olinetype": "bylayer", "linetype": "", "color": "0,0,0,65", "ocolor": 256, "color24": -1, "transparency": 0, "lweight": -1, "linewidth": 0.13, "ltscale": 1.0, "visible": 1, "width": 1.0, "thickness": 0.0, "ext": "(3:0,0,0.1)" }, "geometry": { "type": "LineString", "coordinates": [ [ 2240895.670607829000801, 541183.973267807858065, 0.0 ], [ 2240862.441842780914158, 541175.441925928578712, 0.0 ], [ 2240864.960000000428408, 541158.659999999566935, 0.0 ], [ 2240865.529999999795109, 541154.899999999324791, 0.0 ], [ 2240867.240443089045584, 541150.862501547555439, 0.0 ], [ 2240901.859149325173348, 541162.861613345332444, 0.0 ], [ 2240899.676434802822769, 541169.863324176403694, 0.0 ], [ 2240897.613387808203697, 541176.901224029716104, 0.0 ], [ 2240895.670607829000801, 541183.973267807858065, 0.0 ] ] } },
{ "type": "Feature", "properties": { "fid": 5080, "handle": 3730749, "block": -1, "etype": 18, "space": 0, "layer": "0_Limits", "olinetype": "bylayer", "linetype": "", "color": "0,0,0,65", "ocolor": 256, "color24": -1, "transparency": 0, "lweight": -1, "linewidth": 0.13, "ltscale": 1.0, "visible": 1, "width": 1.0, "thickness": 0.0, "ext": "(3:0,0,0.1)" }, "geometry": { "type": "LineString", "coordinates": [ [ 2240890.674564881250262, 541205.39528785564471, 0.0 ], [ 2240858.902253100648522, 541199.016796931857243, 0.0 ], [ 2240860.610000000335276, 541187.649999999324791, 0.0 ], [ 2240862.441842780914158, 541175.441925928578712, 0.0 ], [ 2240895.670607829000801, 541183.973267807858065, 0.0 ], [ 2240894.316002058796585, 541189.303657118114643, 0.0 ], [ 2240893.031646778807044, 541194.651407907484099, 0.0 ], [ 2240891.817764336708933, 541200.01559437031392, 0.0 ], [ 2240890.674564881250262, 541205.39528785564471, 0.0 ] ] } },
{ "type": "Feature", "properties": { "fid": 5081, "handle": 3730786, "block": -1, "etype": 18, "space": 0, "layer": "0_Limits", "olinetype": "bylayer", "linetype": "", "color": "0,0,0,65", "ocolor": 256, "color24": -1, "transparency": 0, "lweight": -1, "linewidth": 0.13, "ltscale": 1.0, "visible": 1, "width": 1.0, "thickness": 0.0, "ext": "(3:0,0,0.1)" }, "geometry": { "type": "LineString", "coordinates": [ [ 2240886.823352111037821, 541227.045194332953542, 0.0 ], [ 2240855.444000979885459, 541222.028018021257594, 0.0 ], [ 2240855.500000000465661, 541221.619999999529682, 0.0 ], [ 2240856.540000000502914, 541214.739999999641441, 0.0 ], [ 2240858.902253100648522, 541199.016796931857243, 0.0 ], [ 2240890.674564881250262, 541205.39528785564471, 0.0 ], [ 2240889.60381425358355, 541210.7880678109359, 0.0 ], [ 2240888.604912805836648, 541216.194617399247363, 0.0 ], [ 2240887.678037391044199, 541221.613979402114637, 0.0 ], [ 2240886.823352111037821, 541227.045194332953542, 0.0 ] ] } },
{ "type": "Feature", "properties": { "fid": 5082, "handle": 3730821, "block": -1, "etype": 18, "space": 0, "layer": "0_Limits", "olinetype": "bylayer", "linetype": "", "color": "0,0,0,65", "ocolor": 256, "color24": -1, "transparency": 0, "lweight": -1, "linewidth": 0.13, "ltscale": 1.0, "visible": 1, "width": 1.0, "thickness": 0.0, "ext": "(3:0,0,0.1)" }, "geometry": { "type": "LineString", "coordinates": [ [ 2240884.130264515522867, 541248.859812141046859, 0.0 ], [ 2240852.484229545108974, 541243.593396683339961, 0.0 ], [ 2240855.444000979885459, 541222.028018021257594, 0.0 ], [ 2240886.823352111037821, 541227.045194332953542, 0.0 ], [ 2240886.041332487948239, 541232.484933759900741, 0.0 ], [ 2240885.331729803234339, 541237.934592809295282, 0.0 ], [ 2240884.694669581949711, 541243.393207468558103, 0.0 ], [ 2240884.130264515522867, 541248.859812141046859, 0.0 ] ] } },
{ "type": "Feature", "properties": { "fid": 5083, "handle": 3730857, "block": -1, "etype": 18, "space": 0, "layer": "0_Limits", "olinetype": "bylayer", "linetype": "", "color": "0,0,0,65", "ocolor": 256, "color24": -1, "transparency": 0, "lweight": -1, "linewidth": 0.13, "ltscale": 1.0, "visible": 1, "width": 1.0, "thickness": 0.0, "ext": "(3:0,0,0.1)" }, "geometry": { "type": "LineString", "coordinates": [ [ 2240882.504059294238687, 541270.911085941246711, 0.0 ], [ 2240849.769733834546059, 541263.285501765552908, 0.0 ], [ 2240852.484977285843343, 541243.593521875445731, 0.0 ], [ 2240884.130264515522867, 541248.859812141046859, 0.0 ], [ 2240882.504059294238687, 541270.911085941246711, 0.0 ] ] } },
{ "type": "Feature", "properties": { "fid": 5084, "handle": 3730893, "block": -1, "etype": 18, "space": 0, "layer": "0_Limits", "olinetype": "bylayer", "linetype": "", "color": "0,0,0,65", "ocolor": 256, "color24": -1, "transparency": 0, "lweight": -1, "linewidth": 0.13, "ltscale": 1.0, "visible": 1, "width": 1.0, "thickness": 0.0, "ext": "(3:0,0,0.1)" }, "geometry": { "type": "LineString", "coordinates": [ [ 2240878.146595127414912, 541289.639996999758296, 0.0 ], [ 2240847.112060009967536, 541282.57978499843739, 0.0 ], [ 2240848.12000000057742, 541275.250000000349246, 0.0 ], [ 2240849.769733834546059, 541263.285501765552908, 0.0 ], [ 2240882.504059294238687, 541270.911085941246711, 0.0 ], [ 2240882.252954293508083, 541272.643594656838104, 0.0 ], [ 2240881.972552501130849, 541274.371603628387675, 0.0 ], [ 2240881.662934300955385, 541276.094617482391186, 0.0 ], [ 2240881.324188451748341, 541277.81214227725286, 0.0 ], [ 2240880.956412063911557, 541279.52368564484641, 0.0 ], [ 2240880.559710567817092, 541281.228756931959651, 0.0 ], [ 2240880.134197687730193, 541282.926867340574972, 0.0 ], [ 2240879.679995406419039, 541284.617530068266205, 0.0 ], [ 2240879.197233931627125, 541286.300260447547771, 0.0 ], [ 2240878.686051657889038, 541287.974576085107401, 0.0 ], [ 2240878.146595127414912, 541289.639996999758296, 0.0 ] ] } },
{ "type": "Feature", "properties": { "fid": 5085, "handle": 3730930, "block": -1, "etype": 18, "space": 0, "layer": "0_Limits", "olinetype": "bylayer", "linetype": "", "color": "0,0,0,65", "ocolor": 256, "color24": -1, "transparency": 0, "lweight": -1, "linewidth": 0.13, "ltscale": 1.0, "visible": 1, "width": 1.0, "thickness": 0.0, "ext": "(3:0,0,0.1)" }, "geometry": { "type": "LineString", "coordinates": [ [ 2240965.000000000465661, 541305.709999999846332, 0.0 ], [ 2240950.770000000484288, 541314.990000000107102, 0.0 ], [ 2240921.927331279497594, 541320.166889257146977, 0.0 ], [ 2240918.269502730108798, 541289.853325906209648, 0.0 ], [ 2240925.435463934205472, 541292.06669438444078, 0.0 ], [ 2240927.648832413367927, 541284.900733180111274, 0.0 ], [ 2240972.115000000689179, 541297.060000000055879, 0.0 ], [ 2240965.000000000465661, 541305.709999999846332, 0.0 ] ] } },
{ "type": "Feature", "properties": { "fid": 5086, "handle": 3730985, "block": -1, "etype": 18, "space": 0, "layer": "0_Limits", "olinetype": "bylayer", "linetype": "", "color": "0,0,0,65", "ocolor": 256, "color24": -1, "transparency": 0, "lweight": -1, "linewidth": 0.13, "ltscale": 1.0, "visible": 1, "width": 1.0, "thickness": 0.0, "ext": "(3:0,0,0.1)" }, "geometry": { "type": "LineString", "coordinates": [ [ 2240921.927331279497594, 541320.166889257263392, 0.0 ], [ 2240899.238634679466486, 541324.23921941651497, 0.0 ], [ 2240885.951188614591956, 541308.580136506236158, 0.0 ], [ 2240886.711075165774673, 541307.176804185495712, 0.0 ], [ 2240887.447731134947389, 541305.76113926875405, 0.0 ], [ 2240888.1609564316459, 541304.333526278962381, 0.0 ], [ 2240888.850557330064476, 541302.894352983683348, 0.0 ], [ 2240889.516346521209925, 541301.444010290899314, 0.0 ], [ 2240890.158143162727356, 541299.982892142608762, 0.0 ], [ 2240890.775772931054235, 541298.511395407025702, 0.0 ], [ 2240891.369068064726889, 541297.029919772059657, 0.0 ], [ 2240891.937867413740605, 541295.538867635652423, 0.0 ], [ 2240892.482016480993479, 541294.038643997046165, 0.0 ], [ 2240893.001367464195937, 541292.529656346538104, 0.0 ], [ 2240893.495779297780246, 541291.012314555235207, 0.0 ], [ 2240893.965117689687759, 541289.487030762946233, 0.0 ], [ 2240894.409255158156157, 541287.954219267005101, 0.0 ], [ 2240894.828071067109704, 541286.414296409348026, 0.0 ], [ 2240895.221451657358557, 541284.867680463474244, 0.0 ], [ 2240900.941259543877095, 541281.759678389760666, 0.0 ], [ 2240911.876547259278595, 541285.137288236641325, 0.0 ], [ 2240911.103541525546461, 541287.639957427978516, 0.0 ], [ 2240918.269502730108798, 541289.853325906209648, 0.0 ], [ 2240921.927331279497594, 541320.166889257263392, 0.0 ] ] } },
{ "type": "Feature", "properties": { "fid": 5096, "handle": 3731580, "block": -1, "etype": 18, "space": 0, "layer": "0_Limits", "olinetype": "bylayer", "linetype": "", "color": "0,0,0,65", "ocolor": 256, "color24": -1, "transparency": 0, "lweight": -1, "linewidth": 0.13, "ltscale": 1.0, "visible": 1, "width": 0.0, "thickness": 0.0, "ext": "(3:0,0,0.1)" }, "geometry": { "type": "LineString", "coordinates": [ [ 2241593.479911483824253, 540784.649807977024466, 0.0 ], [ 2241601.679809599649161, 540807.765038008568808, 0.0 ], [ 2241579.978097257204354, 540821.756559200002812, 0.0 ], [ 2241571.227905073203146, 540796.699198555899784, 0.0 ], [ 2241566.54838719824329, 540790.356045555672608, 0.0 ], [ 2241567.563538965769112, 540789.907701457035728, 0.0 ], [ 2241568.586276796646416, 540789.476942973677069, 0.0 ], [ 2241569.616296080406755, 540789.06389840238262, 0.0 ], [ 2241570.653290036134422, 540788.668690763879567, 0.0 ], [ 2241571.696949807461351, 540788.291437766398303, 0.0 ], [ 2241572.746964551042765, 540787.932251770514995, 0.0 ], [ 2241573.803021532483399, 540787.59123975597322, 0.0 ], [ 2241574.864806216675788, 540787.268503289204091, 0.0 ], [ 2241575.932002362329513, 540786.964138493873179, 0.0 ], [ 2241577.004292116966099, 540786.678236021660268, 0.0 ], [ 2241578.081356111448258, 540786.410881025367416, 0.0 ], [ 2241579.162873553577811, 540786.162153133773245, 0.0 ], [ 2241580.248522325884551, 540785.932126427651383, 0.0 ], [ 2241581.337979079224169, 540785.720869418000802, 0.0 ], [ 2241582.430919331964105, 540785.528445025440305, 0.0 ], [ 2241583.527017562650144, 540785.354910561349243, 0.0 ], [ 2241584.625947311520576, 540785.200317710987292, 0.0 ], [ 2241585.727381274104118, 540785.064712518360466, 0.0 ], [ 2241586.830991400405765, 540784.948135371785611, 0.0 ], [ 2241587.936448992229998, 540784.850620992481709, 0.0 ], [ 2241589.043424801900983, 540784.772198424092494, 0.0 ], [ 2241590.151589128188789, 540784.712891023955308, 0.0 ], [ 2241591.260611916892231, 540784.672716455999762, 0.0 ], [ 2241592.370162858162075, 540784.651686685858294, 0.0 ], [ 2241593.479911483824253, 540784.649807977024466, 0.0 ] ] } },
{ "type": "Feature", "properties": { "fid": 5100, "handle": 3731794, "block": -1, "etype": 18, "space": 0, "layer": "0_Limits", "olinetype": "bylayer", "linetype": "", "color": "0,0,0,65", "ocolor": 256, "color24": -1, "transparency": 0, "lweight": -1, "linewidth": 0.13, "ltscale": 1.0, "visible": 1, "width": 0.0, "thickness": 0.0, "ext": "(3:0,0,0.1)" }, "geometry": { "type": "LineString", "coordinates": [ [ 2241445.589451234787703, 540532.354746890487149, 0.0 ], [ 2241431.852153969462961, 540530.034516207175329, 0.0 ], [ 2241413.768629029393196, 540524.212517003412358, 0.0 ], [ 2241396.898880524095148, 540515.476320212008432, 0.0 ], [ 2241383.496905775740743, 540505.676351417088881, 0.0 ], [ 2241370.564539663493633, 540492.557821110123768, 0.0 ], [ 2241362.703125265892595, 540482.244702655239962, 0.0 ], [ 2241352.531159224919975, 540455.092438664170913, 0.0 ], [ 2241364.224786800798029, 540452.944931217934936, 0.0 ], [ 2241375.879296142607927, 540450.594372537569143, 0.0 ], [ 2241387.491161691956222, 540448.041473680990748, 0.0 ], [ 2241399.056870790198445, 540445.287006915314123, 0.0 ], [ 2241410.572924741543829, 540442.331805483321659, 0.0 ], [ 2241422.03583987057209, 540439.176763350958936, 0.0 ], [ 2241433.442148576956242, 540435.822834937367588, 0.0 ], [ 2241434.464120421092957, 540440.702102210838348, 0.0 ], [ 2241435.408375243656337, 540445.597003477159888, 0.0 ], [ 2241436.274674266111106, 540450.506300940178335, 0.0 ], [ 2241437.062798424158245, 540455.428753163199872, 0.0 ], [ 2241437.772548420354724, 540460.363115383195691, 0.0 ], [ 2241438.403744778130203, 540465.308139825472608, 0.0 ], [ 2241438.956227882765234, 540470.262576018925756, 0.0 ], [ 2241439.429858026094735, 540475.225171112688258, 0.0 ], [ 2241439.824515439104289, 540480.194670192315243, 0.0 ], [ 2241440.449478136841208, 540488.921642359113321, 0.0 ], [ 2241441.209058077540249, 540497.63792940613348, 0.0 ], [ 2241442.103074312675744, 540506.341454930021428, 0.0 ], [ 2241443.131313868798316, 540515.030145567259751, 0.0 ], [ 2241444.29353179782629, 540523.701931488118134, 0.0 ], [ 2241445.589451234787703, 540532.354746890487149, 0.0 ] ] } },
{ "type": "Feature", "properties": { "fid": 5101, "handle": 3731831, "block": -1, "etype": 18, "space": 0, "layer": "0_Limits", "olinetype": "bylayer", "linetype": "", "color": "0,0,0,65", "ocolor": 256, "color24": -1, "transparency": 0, "lweight": -1, "linewidth": 0.13, "ltscale": 1.0, "visible": 1, "width": 0.0, "thickness": 0.0, "ext": "(3:0,0,0.1)" }, "geometry": { "type": "LineString", "coordinates": [ [ 2241428.46117924246937, 540416.062600823701359, 0.0 ], [ 2241429.894528342876583, 540421.223778396612033, 0.0 ], [ 2241418.62186458427459, 540424.537657023291104, 0.0 ], [ 2241407.293963477946818, 540427.657496168394573, 0.0 ], [ 2241395.914164813235402, 540430.582376014208421, 0.0 ], [ 2241384.485823679715395, 540433.311434222501703, 0.0 ], [ 2241373.012309479527175, 540435.843866188661195, 0.0 ], [ 2241361.497004932723939, 540438.178925279644318, 0.0 ], [ 2241349.943305080290884, 540440.315923053072765, 0.0 ], [ 2241347.251145932357758, 540404.956785625079647, 0.0 ], [ 2241351.00845252443105, 540391.229101445758715, 0.0 ], [ 2241357.976415791083127, 540375.396213027182966, 0.0 ], [ 2241367.438193605281413, 540360.40236536890734, 0.0 ], [ 2241379.662705279886723, 540347.192808562540449, 0.0 ], [ 2241390.965490187518299, 540337.335487440344878, 0.0 ], [ 2241393.025350872892886, 540341.55394478305243, 0.0 ], [ 2241395.144245105329901, 540345.743061113287695, 0.0 ], [ 2241397.32175505021587, 540349.902010359801352, 0.0 ], [ 2241399.557451314758509, 540354.029972400399856, 0.0 ], [ 2241401.850893031340092, 540358.12613322341349, 0.0 ], [ 2241404.927981883753091, 540363.717745934380218, 0.0 ], [ 2241407.914569307584316, 540369.358216134016402, 0.0 ], [ 2241410.809879775159061, 540375.046079160529189, 0.0 ], [ 2241413.613161460962147, 540380.779858045629226, 0.0 ], [ 2241416.323686436284333, 540386.558063897886313, 0.0 ], [ 2241418.940750858746469, 540392.379196289693937, 0.0 ], [ 2241421.463675154838711, 540398.241743646445684, 0.0 ], [ 2241423.891804195940495, 540404.144183639669791, 0.0 ], [ 2241426.224507469683886, 540410.084983581560664, 0.0 ], [ 2241428.46117924246937, 540416.062600823701359, 0.0 ] ] } },
{ "type": "Feature", "properties": { "fid": 5102, "handle": 3731902, "block": -1, "etype": 18, "space": 0, "layer": "0_Limits", "olinetype": "bylayer", "linetype": "", "color": "0,0,0,65", "ocolor": 256, "color24": -1, "transparency": 0, "lweight": -1, "linewidth": 0.13, "ltscale": 1.0, "visible": 1, "width": 0.0, "thickness": 0.0, "ext": "(3:0,0,0.1)" }, "geometry": { "type": "LineString", "coordinates": [ [ 2240885.951188614591956, 541308.580136506236158, 0.0 ], [ 2240885.153361877426505, 541309.99673644057475, 0.0 ], [ 2240884.331863339990377, 541311.399741440429352, 0.0 ], [ 2240883.48692459333688, 541312.788755980087444, 0.0 ], [ 2240882.61878383718431, 541314.163388477871194, 0.0 ], [ 2240881.727685811929405, 541315.523251406848431, 0.0 ], [ 2240880.813881729729474, 541316.867961403680965, 0.0 ], [ 2240879.877629203721881, 541318.19713937677443, 0.0 ], [ 2240878.919192176312208, 541319.510410613380373, 0.0 ], [ 2240877.938840843271464, 541320.80740488495212, 0.0 ], [ 2240876.936851578764617, 541322.087756551685743, 0.0 ], [ 2240875.913506856653839, 541323.351104665431194, 0.0 ], [ 2240874.869095171336085, 541324.597093071672134, 0.0 ], [ 2240873.803910956718028, 541325.825370509992354, 0.0 ], [ 2240872.718254501931369, 541327.035590712446719, 0.0 ], [ 2240871.612431867979467, 541328.227412502281368, 0.0 ], [ 2240870.486754800658673, 541329.400499888928607, 0.0 ], [ 2240899.238665989134461, 541324.239213795983233, 0.0 ], [ 2240885.951188614591956, 541308.580136506236158, 0.0 ] ] } },
{ "type": "Feature", "properties": { "fid": 5104, "handle": 3732190, "block": -1, "etype": 18, "space": 0, "layer": "0_Limits", "olinetype": "bylayer", "linetype": "", "color": "0,0,0,65", "ocolor": 256, "color24": -1, "transparency": 0, "lweight": -1, "linewidth": 0.13, "ltscale": 1.0, "visible": 1, "width": 0.0, "thickness": 0.0, "ext": "(3:0,0,0.1)" }, "geometry": { "type": "LineString", "coordinates": [ [ 2240811.299999999813735, 540590.0, 0.0 ], [ 2240781.0, 540548.0, 0.0 ], [ 2240779.17, 540543.0, 0.0 ], [ 2240779.680000000167638, 540538.849999999976717, 0.0 ], [ 2240781.0, 540538.0, 0.0 ], [ 2240795.02, 540528.0, 0.0 ], [ 2240815.58, 540517.020000000018626, 0.0 ], [ 2240828.81, 540513.99, 0.0 ], [ 2240846.140000000130385, 540525.0, 0.0 ], [ 2240852.759999999776483, 540539.0, 0.0 ], [ 2240853.589999999850988, 540547.0, 0.0 ], [ 2240851.08, 540562.0, 0.0 ], [ 2240836.720000000204891, 540584.0, 0.0 ], [ 2240831.620000000111759, 540587.0, 0.0 ], [ 2240827.930000000167638, 540588.0, 0.0 ], [ 2240811.299999999813735, 540590.0, 0.0 ] ] } },
{ "type": "Feature", "properties": { "fid": 5105, "handle": 3732560, "block": -1, "etype": 18, "space": 0, "layer": "0_Limits", "olinetype": "bylayer", "linetype": "", "color": "0,0,0,65", "ocolor": 256, "color24": -1, "transparency": 0, "lweight": -1, "linewidth": 0.13, "ltscale": 1.0, "visible": 1, "width": 1.0, "thickness": 0.0, "ext": "(3:0,0,0.1)" }, "geometry": { "type": "LineString", "coordinates": [ [ 2241248.854944029822946, 540330.666478616767563, 0.0 ], [ 2241253.28976240195334, 540336.998613010160625, 0.0 ], [ 2241257.618180447258055, 540343.403949628584087, 0.0 ], [ 2241261.838990133721381, 540349.880700786481611, 0.0 ], [ 2241292.380467084236443, 540331.33626642357558, 0.0 ], [ 2241287.984815250616521, 540324.562547069159336, 0.0 ], [ 2241283.480012585874647, 540317.860921752406284, 0.0 ], [ 2241278.86724126432091, 540311.233149149804376, 0.0 ], [ 2241248.854944029822946, 540330.666478616767563, 0.0 ] ] } },
{ "type": "Feature", "properties": { "fid": 5106, "handle": 3733564, "block": -1, "etype": 18, "space": 0, "layer": "0_Limits", "olinetype": "bylayer", "linetype": "", "color": "0,0,0,65", "ocolor": 256, "color24": -1, "transparency": 0, "lweight": -1, "linewidth": 0.13, "ltscale": 1.0, "visible": 1, "width": 1.0, "thickness": 0.0, "ext": "(3:0,0,0.1)" }, "geometry": { "type": "LineString", "coordinates": [ [ 2240973.432922935113311, 541095.955699659069069, 0.0 ], [ 2240959.736641858704388, 541089.839174117543735, 0.0 ], [ 2240958.712365135550499, 541092.132760860957205, 0.0 ], [ 2240956.388412402011454, 541091.097690338501707, 0.0 ], [ 2240954.608363370876759, 541084.843843845534138, 0.0 ], [ 2240957.815456187352538, 541079.78496701119002, 0.0 ], [ 2240961.097281010821462, 541074.774248002329841, 0.0 ], [ 2240964.453114837873727, 541069.812790707801469, 0.0 ], [ 2240967.882218359503895, 541064.90168816386722, 0.0 ], [ 2240971.383836125489324, 541060.042022313224152, 0.0 ], [ 2240974.95719671016559, 541055.234863766934723, 0.0 ], [ 2240989.78837331244722, 541069.417709699948318, 0.0 ], [ 2240973.432922935113311, 541095.955699659069069, 0.0 ] ] } },
{ "type": "Feature", "properties": { "fid": 5108, "handle": 3735407, "block": -1, "etype": 18, "space": 0, "layer": "0_Limits", "olinetype": "bylayer", "linetype": "", "color": "0,0,0,65", "ocolor": 256, "color24": -1, "transparency": 0, "lweight": -1, "linewidth": 0.13, "ltscale": 1.0, "visible": 1, "width": 1.0, "thickness": 0.0, "ext": "(3:0,0,0.1)" }, "geometry": { "type": "LineString", "coordinates": [ [ 2241347.638972550164908, 540761.51058983639814, 0.0 ], [ 2241346.282216635998338, 540760.959819214302115, 0.0 ], [ 2241344.934913267847151, 540760.386313745053485, 0.0 ], [ 2241343.597443376667798, 540759.790235579246655, 0.0 ], [ 2241342.270185113418847, 540759.171753249596804, 0.0 ], [ 2241340.953513741493225, 540758.531041623326018, 0.0 ], [ 2241339.647801531478763, 540757.868281852453947, 0.0 ], [ 2241338.353417654987425, 540757.183661323157139, 0.0 ], [ 2241337.070728080812842, 540756.477373602101579, 0.0 ], [ 2241335.800095470622182, 540755.749618382193148, 0.0 ], [ 2241334.541879078838974, 540755.00060142588336, 0.0 ], [ 2241333.29643464833498, 540754.230534507310949, 0.0 ], [ 2241332.064114310313016, 540753.439635351998731, 0.0 ], [ 2241330.845266486518085, 540752.628127575502731, 0.0 ], [ 2241329.640235788654536, 540751.79624062019866, 0.0 ], [ 2241328.449362921994179, 540750.944209690322168, 0.0 ], [ 2241327.272984589915723, 540750.072275685728528, 0.0 ], [ 2241326.111433395650238, 540749.18068513344042, 0.0 ], [ 2241324.965037752408534, 540748.269690118031576, 0.0 ], [ 2241342.740442737936974, 540717.123223472968675, 0.0 ], [ 2241362.485557745210826, 540732.880041945725679, 0.0 ], [ 2241347.638972550164908, 540761.51058983639814, 0.0 ] ] } },
{ "type": "Feature", "properties": { "fid": 5133, "handle": 3743164, "block": -1, "etype": 18, "space": 0, "layer": "0_Limits", "olinetype": "bylayer", "linetype": "", "color": "0,0,0,65", "ocolor": 256, "color24": -1, "transparency": 0, "lweight": -1, "linewidth": 0.13, "ltscale": 1.0, "visible": 1, "width": 1.0, "thickness": 0.0, "ext": "(3:0,0,0.1)" }, "geometry": { "type": "LineString", "coordinates": [ [ 2241053.211199965327978, 540338.955391998402774, 0.0 ], [ 2241087.380149179603904, 540349.186072225449607, 0.0 ], [ 2241089.823166519869119, 540369.004841272719204, 0.0 ], [ 2241062.730498524848372, 540370.798306722892448, 0.0 ], [ 2241042.651190205477178, 540372.163001770502888, 0.0 ], [ 2241045.064124014228582, 540343.663124956889078, 0.0 ], [ 2241052.506168656982481, 540344.593700875644572, 0.0 ], [ 2241053.211199965327978, 540338.955391998402774, 0.0 ] ] } },
{ "type": "Feature", "properties": { "fid": 5134, "handle": 3743165, "block": -1, "etype": 18, "space": 0, "layer": "0_Limits", "olinetype": "bylayer", "linetype": "", "color": "0,0,0,65", "ocolor": 256, "color24": -1, "transparency": 0, "lweight": -1, "linewidth": 0.13, "ltscale": 1.0, "visible": 1, "width": 1.0, "thickness": 0.0, "ext": "(3:0,0,0.1)" }, "geometry": { "type": "LineString", "coordinates": [ [ 2241089.823166519869119, 540369.004841272719204, 0.0 ], [ 2241087.380149179603904, 540349.186072225449607, 0.0 ], [ 2241099.933169951662421, 540328.613854272058234, 0.0 ], [ 2241102.016625139862299, 540329.959484486607835, 0.0 ], [ 2241104.076470474712551, 540331.340984899434261, 0.0 ], [ 2241106.112088457215577, 540332.757941364892758, 0.0 ], [ 2241108.122868849895895, 540334.209929108270444, 0.0 ], [ 2241110.108208862133324, 540335.696512853144668, 0.0 ], [ 2241112.067513328976929, 540337.217246952117421, 0.0 ], [ 2241114.000194891821593, 540338.77167551999446, 0.0 ], [ 2241115.905674171168357, 540340.359332570806146, 0.0 ], [ 2241117.78337994357571, 540341.979742157156579, 0.0 ], [ 2241119.632749310694635, 540343.63241851341445, 0.0 ], [ 2241121.453227869234979, 540345.316866200766526, 0.0 ], [ 2241123.244269877672195, 540347.032580256112851, 0.0 ], [ 2241125.005338417366147, 540348.779046343406662, 0.0 ], [ 2241126.735905555542558, 540350.555740907555446, 0.0 ], [ 2241128.435452504083514, 540352.362131331698038, 0.0 ], [ 2241130.103469773195684, 540354.197676096926443, 0.0 ], [ 2241131.739457325078547, 540356.061824944219552, 0.0 ], [ 2241115.078076984267682, 540366.934217236703262, 0.0 ], [ 2241089.823166519869119, 540369.004841272719204, 0.0 ] ] } },
{ "type": "Feature", "properties": { "fid": 5135, "handle": 3743166, "block": -1, "etype": 18, "space": 0, "layer": "0_Limits", "olinetype": "bylayer", "linetype": "", "color": "0,0,0,65", "ocolor": 256, "color24": -1, "transparency": 0, "lweight": -1, "linewidth": 0.13, "ltscale": 1.0, "visible": 1, "width": 1.0, "thickness": 0.0, "ext": "(3:0,0,0.1)" }, "geometry": { "type": "LineString", "coordinates": [ [ 2241053.211199965327978, 540338.955391998402774, 0.0 ], [ 2241054.607063844799995, 540327.792325034970418, 0.0 ], [ 2241057.424334307201207, 540315.181692947866395, 0.0 ], [ 2241063.141867527738214, 540312.089521615998819, 0.0 ], [ 2241065.425433475058526, 540312.76245237630792, 0.0 ], [ 2241067.697269037831575, 540313.473980603856035, 0.0 ], [ 2241069.956721882801503, 540314.223901990568265, 0.0 ], [ 2241072.203143230639398, 540315.012001204537228, 0.0 ], [ 2241074.435888045467436, 540315.838051951024681, 0.0 ], [ 2241076.654315217863768, 540316.701817038352601, 0.0 ], [ 2241078.857787748798728, 540317.60304844530765, 0.0 ], [ 2241081.045672934502363, 540318.541487392503768, 0.0 ], [ 2241083.217342546675354, 540319.516864417120814, 0.0 ], [ 2241085.372173012234271, 540320.528899449738674, 0.0 ], [ 2241087.509545594919473, 540321.577301894896664, 0.0 ], [ 2241089.628846569918096, 540322.661770714796148, 0.0 ], [ 2241091.72946740174666, 540323.781994515680708, 0.0 ], [ 2241093.810804919805378, 540324.937651636544615, 0.0 ], [ 2241095.872261488810182, 540326.128410242847167, 0.0 ], [ 2241097.91324518295005, 540327.353928420343436, 0.0 ], [ 2241099.933169955387712, 540328.613854274270125, 0.0 ], [ 2241087.380149179603904, 540349.186072225449607, 0.0 ], [ 2241053.211199965327978, 540338.955391998402774, 0.0 ] ] } },
{ "type": "Feature", "properties": { "fid": 5136, "handle": 3743265, "block": -1, "etype": 18, "space": 0, "layer": "0_Limits", "olinetype": "bylayer", "linetype": "", "color": "0,0,0,65", "ocolor": 256, "color24": -1, "transparency": 0, "lweight": -1, "linewidth": 0.13, "ltscale": 1.0, "visible": 1, "width": 1.0, "thickness": 0.0, "ext": "(3:0,0,0.1)" }, "geometry": { "type": "LineString", "coordinates": [ [ 2241035.901465168688446, 540411.463462619576603, 0.0 ], [ 2241043.27642408804968, 540411.36446857044939, 0.0 ], [ 2241050.648673160001636, 540411.141393472673371, 0.0 ], [ 2241058.016124913934618, 540410.79430049052462, 0.0 ], [ 2241065.376693236175925, 540410.323287904146127, 0.0 ], [ 2241062.730498524848372, 540370.798306722892448, 0.0 ], [ 2241034.610674174968153, 540372.701313753495924, 0.0 ], [ 2241035.901465168688446, 540411.463462619576603, 0.0 ] ] } },
{ "type": "Feature", "properties": { "fid": 5137, "handle": 3743289, "block": -1, "etype": 18, "space": 0, "layer": "0_Limits", "olinetype": "bylayer", "linetype": "", "color": "0,0,0,65", "ocolor": 256, "color24": -1, "transparency": 0, "lweight": -1, "linewidth": 0.13, "ltscale": 1.0, "visible": 1, "width": 1.0, "thickness": 0.0, "ext": "(3:0,0,0.1)" }, "geometry": { "type": "LineString", "coordinates": [ [ 2241003.301343128550798, 540410.6828908509342, 0.0 ], [ 2241003.489689785987139, 540375.350466766045429, 0.0 ], [ 2241034.610674174968153, 540372.701313753495924, 0.0 ], [ 2241035.953927709255368, 540411.463115421705879, 0.0 ], [ 2241025.06581095373258, 540411.389450262766331, 0.0 ], [ 2241014.180552074220031, 540411.129349981318228, 0.0 ], [ 2241003.301343128550798, 540410.6828908509342, 0.0 ] ] } },
{ "type": "Feature", "properties": { "fid": 5138, "handle": 3743290, "block": -1, "etype": 18, "space": 0, "layer": "0_Limits", "olinetype": "bylayer", "linetype": "", "color": "0,0,0,65", "ocolor": 256, "color24": -1, "transparency": 0, "lweight": -1, "linewidth": 0.13, "ltscale": 1.0, "visible": 1, "width": 1.0, "thickness": 0.0, "ext": "(3:0,0,0.1)" }, "geometry": { "type": "LineString", "coordinates": [ [ 2241003.489689785987139, 540375.350466766045429, 0.0 ], [ 2241005.706271961797029, 540342.726614395156503, 0.0 ], [ 2241037.622079371009022, 540342.732549038017169, 0.0 ], [ 2241045.064124014228582, 540343.663124956889078, 0.0 ], [ 2241042.651190205477178, 540372.163001770502888, 0.0 ], [ 2241034.610674174968153, 540372.701313753495924, 0.0 ], [ 2241003.489689785987139, 540375.350466766045429, 0.0 ] ] } },
{ "type": "Feature", "properties": { "fid": 5139, "handle": 3743291, "block": -1, "etype": 18, "space": 0, "layer": "0_Limits", "olinetype": "bylayer", "linetype": "", "color": "0,0,0,65", "ocolor": 256, "color24": -1, "transparency": 0, "lweight": -1, "linewidth": 0.13, "ltscale": 1.0, "visible": 1, "width": 1.0, "thickness": 0.0, "ext": "(3:0,0,0.1)" }, "geometry": { "type": "LineString", "coordinates": [ [ 2241005.706271961797029, 540342.726614395156503, 0.0 ], [ 2241010.987405092921108, 540304.972828028257936, 0.0 ], [ 2241014.63982674991712, 540305.049494150909595, 0.0 ], [ 2241018.29050958622247, 540305.185789727140218, 0.0 ], [ 2241021.938480155542493, 540305.381678414065391, 0.0 ], [ 2241025.582765736151487, 540305.637107978458516, 0.0 ], [ 2241029.222394587472081, 540305.952010310604237, 0.0 ], [ 2241032.856396211776882, 540306.326301442575641, 0.0 ], [ 2241036.48380161030218, 540306.759881570469588, 0.0 ], [ 2241040.103643544949591, 540307.252635081415065, 0.0 ], [ 2241043.714956793468446, 540307.804430583608337, 0.0 ], [ 2241047.594907442573458, 540313.196617580368184, 0.0 ], [ 2241044.344049146864563, 540328.456271226517856, 0.0 ], [ 2241039.483231210149825, 540327.848459753440693, 0.0 ], [ 2241037.622079371940345, 540342.732549038133584, 0.0 ], [ 2241005.706271961797029, 540342.726614395156503, 0.0 ] ] } },
{ "type": "Feature", "properties": { "fid": 5140, "handle": 3743358, "block": -1, "etype": 18, "space": 0, "layer": "0_Limits", "olinetype": "bylayer", "linetype": "", "color": "0,0,0,65", "ocolor": 256, "color24": -1, "transparency": 0, "lweight": -1, "linewidth": 0.13, "ltscale": 1.0, "visible": 1, "width": 1.0, "thickness": 0.0, "ext": "(3:0,0,0.1)" }, "geometry": { "type": "LineString", "coordinates": [ [ 2240968.222051790449768, 540375.236141066765413, 0.0 ], [ 2241003.489689785987139, 540375.350466767558828, 0.0 ], [ 2241003.301343128550798, 540410.6828908509342, 0.0 ], [ 2241001.324048796668649, 540410.392020781058818, 0.0 ], [ 2240999.342166387010366, 540410.134260453865863, 0.0 ], [ 2240997.356250281911343, 540409.909681971184909, 0.0 ], [ 2240995.366855991538614, 540409.718348153401166, 0.0 ], [ 2240993.374539999756962, 540409.560312521411106, 0.0 ], [ 2240991.37985960720107, 540409.435619281604886, 0.0 ], [ 2240989.383372776210308, 540409.344303313875571, 0.0 ], [ 2240987.385637974366546, 540409.28639016172383, 0.0 ], [ 2240985.387214018031955, 540409.261896024807356, 0.0 ], [ 2240983.388659916818142, 540409.270827754633501, 0.0 ], [ 2240981.390534716192633, 540409.313182852929458, 0.0 ], [ 2240979.393397341948003, 540409.388949471875094, 0.0 ], [ 2240977.397806443739682, 540409.498106417711824, 0.0 ], [ 2240975.404320238158107, 540409.640623156330548, 0.0 ], [ 2240973.413496353663504, 540409.816459822352044, 0.0 ], [ 2240968.764144110027701, 540405.432515329681337, 0.0 ], [ 2240968.465548928361386, 540399.398152626934461, 0.0 ], [ 2240968.262003430631012, 540393.359836508869193, 0.0 ], [ 2240968.153558081015944, 540387.319064048584551, 0.0 ], [ 2240968.140239767264575, 540381.277332928031683, 0.0 ], [ 2240968.222051790449768, 540375.236141066881828, 0.0 ] ] } },
{ "type": "Feature", "properties": { "fid": 5141, "handle": 3743359, "block": -1, "etype": 18, "space": 0, "layer": "0_Limits", "olinetype": "bylayer", "linetype": "", "color": "0,0,0,65", "ocolor": 256, "color24": -1, "transparency": 0, "lweight": -1, "linewidth": 0.13, "ltscale": 1.0, "visible": 1, "width": 1.0, "thickness": 0.0, "ext": "(3:0,0,0.1)" }, "geometry": { "type": "LineString", "coordinates": [ [ 2241005.706271961797029, 540342.726614395156503, 0.0 ], [ 2240970.39001160254702, 540341.988142625661567, 0.0 ], [ 2240969.825796223245561, 540347.514254289213568, 0.0 ], [ 2240969.342615438159555, 540353.048040103865787, 0.0 ], [ 2240968.940572997089475, 540358.588311847066507, 0.0 ], [ 2240968.619755227118731, 540364.133879903820343, 0.0 ], [ 2240968.380231014452875, 540369.683553521637805, 0.0 ], [ 2240968.222051790449768, 540375.236141066765413, 0.0 ], [ 2241003.489689785987139, 540375.350466766045429, 0.0 ], [ 2241005.706271961797029, 540342.726614395156503, 0.0 ] ] } },
{ "type": "Feature", "properties": { "fid": 5142, "handle": 3743360, "block": -1, "etype": 18, "space": 0, "layer": "0_Limits", "olinetype": "bylayer", "linetype": "", "color": "0,0,0,65", "ocolor": 256, "color24": -1, "transparency": 0, "lweight": -1, "linewidth": 0.13, "ltscale": 1.0, "visible": 1, "width": 1.0, "thickness": 0.0, "ext": "(3:0,0,0.1)" }, "geometry": { "type": "LineString", "coordinates": [ [ 2240970.39001160254702, 540341.988142625661567, 0.0 ], [ 2240970.974347163923085, 540336.840606155339628, 0.0 ], [ 2240971.640803698915988, 540331.703056598547846, 0.0 ], [ 2240972.389211267698556, 540326.576803983654827, 0.0 ], [ 2240973.219379032962024, 540321.463155458099209, 0.0 ], [ 2240974.131095309741795, 540316.363414955558255, 0.0 ], [ 2240975.124127618037164, 540311.278882863465697, 0.0 ], [ 2240979.791564279235899, 540306.755053178640082, 0.0 ], [ 2240983.241560945753008, 540306.341877949307673, 0.0 ], [ 2240986.697558403015137, 540305.982333314022981, 0.0 ], [ 2240990.158723007887602, 540305.676506000687368, 0.0 ], [ 2240993.624219872057438, 540305.424469779827632, 0.0 ], [ 2240997.093213059939444, 540305.226285446784459, 0.0 ], [ 2241000.564865794964135, 540305.082000806811266, 0.0 ], [ 2241004.038340657483786, 540304.99165066354908, 0.0 ], [ 2241007.512799789197743, 540304.955256811226718, 0.0 ], [ 2241010.987405093386769, 540304.972828028374352, 0.0 ], [ 2241005.706271961797029, 540342.726614395156503, 0.0 ], [ 2240970.39001160254702, 540341.988142625661567, 0.0 ] ] } },
{ "type": "Feature", "properties": { "fid": 5151, "handle": 3749201, "block": -1, "etype": 18, "space": 0, "layer": "0_Limits", "olinetype": "bylayer", "linetype": "", "color": "0,0,0,65", "ocolor": 256, "color24": -1, "transparency": 0, "lweight": -1, "linewidth": 0.13, "ltscale": 1.0, "visible": 1, "width": 1.0, "thickness": 0.0, "ext": "(3:0,0,0.1)" }, "geometry": { "type": "LineString", "coordinates": [ [ 2241060.640127127058804, 540562.556082393275574, 0.0 ], [ 2241071.029834767337888, 540599.34627308358904, 0.0 ], [ 2241084.055075858719647, 540594.92155568965245, 0.0 ], [ 2241097.00308116292581, 540590.523075547534972, 0.0 ], [ 2241088.497297293040901, 540555.340153964352794, 0.0 ], [ 2241081.497515165247023, 540557.004573734709993, 0.0 ], [ 2241074.52056528814137, 540558.762246462865733, 0.0 ], [ 2241067.567689943592995, 540560.612859186134301, 0.0 ], [ 2241060.640127127058804, 540562.556082393275574, 0.0 ] ] } },
{ "type": "Feature", "properties": { "fid": 5152, "handle": 3749202, "block": -1, "etype": 18, "space": 0, "layer": "0_Limits", "olinetype": "bylayer", "linetype": "", "color": "0,0,0,65", "ocolor": 256, "color24": -1, "transparency": 0, "lweight": -1, "linewidth": 0.13, "ltscale": 1.0, "visible": 1, "width": 1.0, "thickness": 0.0, "ext": "(3:0,0,0.1)" }, "geometry": { "type": "LineString", "coordinates": [ [ 2241045.741471233312041, 540607.936813650652766, 0.0 ], [ 2241071.029834763612598, 540599.346273084636778, 0.0 ], [ 2241060.634622620884329, 540562.557703039376065, 0.0 ], [ 2241041.196759539656341, 540568.788108829874545, 0.0 ], [ 2241032.385824516415596, 540574.167193942470476, 0.0 ], [ 2241045.741471233312041, 540607.936813650652766, 0.0 ] ] } },
{ "type": "Feature", "properties": { "fid": 5153, "handle": 3749362, "block": -1, "etype": 18, "space": 0, "layer": "0_Limits", "olinetype": "bylayer", "linetype": "", "color": "0,0,0,65", "ocolor": 256, "color24": -1, "transparency": 0, "lweight": -1, "linewidth": 0.13, "ltscale": 1.0, "visible": 1, "width": 1.0, "thickness": 0.0, "ext": "(3:0,0,0.1)" }, "geometry": { "type": "LineString", "coordinates": [ [ 2241069.430053431075066, 540668.045195394777693, 0.0 ], [ 2241065.665202248841524, 540669.320053054136224, 0.0 ], [ 2241061.878751954529434, 540670.529251403175294, 0.0 ], [ 2241058.071847556624562, 540671.672424785094336, 0.0 ], [ 2241054.245640247594565, 540672.749227508786134, 0.0 ], [ 2241050.401287057902664, 540673.75933395314496, 0.0 ], [ 2241046.539950504899025, 540674.702438666136004, 0.0 ], [ 2241042.662798241246492, 540675.578256456414238, 0.0 ], [ 2241038.771002702880651, 540676.386522480170242, 0.0 ], [ 2241034.86574075371027, 540677.126992320874706, 0.0 ], [ 2241029.036573118064553, 540674.248067763983272, 0.0 ], [ 2241025.807350019924343, 540667.283620720962062, 0.0 ], [ 2241022.687723563518375, 540660.269396943156607, 0.0 ], [ 2241019.678460754919797, 540653.207120979903266, 0.0 ], [ 2241057.966234777122736, 540638.993426312459633, 0.0 ], [ 2241069.430053431075066, 540668.045195394777693, 0.0 ] ] } },
{ "type": "Feature", "properties": { "fid": 5154, "handle": 3749492, "block": -1, "etype": 18, "space": 0, "layer": "0_Limits", "olinetype": "bylayer", "linetype": "", "color": "0,0,0,65", "ocolor": 256, "color24": -1, "transparency": 0, "lweight": -1, "linewidth": 0.13, "ltscale": 1.0, "visible": 1, "width": 1.0, "thickness": 0.0, "ext": "(3:0,0,0.1)" }, "geometry": { "type": "LineString", "coordinates": [ [ 2241045.741471233312041, 540607.936813650652766, 0.0 ], [ 2241057.966234777122736, 540638.993426312459633, 0.0 ], [ 2241086.271083652973175, 540624.474217188311741, 0.0 ], [ 2241092.925796905532479, 540621.015201211441308, 0.0 ], [ 2241084.055075858719647, 540594.92155568965245, 0.0 ], [ 2241071.029834763612598, 540599.346273084636778, 0.0 ], [ 2241045.741471233312041, 540607.936813650652766, 0.0 ] ] } },
{ "type": "Feature", "properties": { "fid": 5155, "handle": 3750567, "block": -1, "etype": 18, "space": 0, "layer": "0_Limits", "olinetype": "bylayer", "linetype": "", "color": "0,0,0,65", "ocolor": 256, "color24": -1, "transparency": 0, "lweight": -1, "linewidth": 0.13, "ltscale": 1.0, "visible": 1, "width": 1.0, "thickness": 0.0, "ext": "(3:0,0,0.1)" }, "geometry": { "type": "LineString", "coordinates": [ [ 2241104.736637950874865, 540717.04092011845205, 0.0 ], [ 2241070.528398461639881, 540741.321918374393135, 0.0 ], [ 2241074.556770473718643, 540746.456900342251174, 0.0 ], [ 2241078.669412577524781, 540751.52464104257524, 0.0 ], [ 2241082.865202583838254, 540756.52375767484773, 0.0 ], [ 2241087.14299561502412, 540761.452886163722724, 0.0 ], [ 2241122.878791670314968, 540737.183431310695596, 0.0 ], [ 2241107.986338259652257, 540721.881966706132516, 0.0 ], [ 2241104.736637950874865, 540717.04092011845205, 0.0 ] ] } },
{ "type": "Feature", "properties": { "fid": 5156, "handle": 3750876, "block": -1, "etype": 18, "space": 0, "layer": "0_Limits", "olinetype": "bylayer", "linetype": "", "color": "0,0,0,65", "ocolor": 256, "color24": -1, "transparency": 0, "lweight": -1, "linewidth": 0.13, "ltscale": 1.0, "visible": 1, "width": 1.0, "thickness": 0.0, "ext": "(3:0,0,0.1)" }, "geometry": { "type": "LineString", "coordinates": [ [ 2240968.877349654212594, 540690.421320355613716, 0.0 ], [ 2240977.215089201927185, 540690.891843492514454, 0.0 ], [ 2240985.559366882313043, 540691.226989391143434, 0.0 ], [ 2240993.907984763849527, 540691.426669772248715, 0.0 ], [ 2241002.258743770420551, 540691.490832038689405, 0.0 ], [ 2241003.212990656960756, 540738.646464686258696, 0.0 ], [ 2240974.427807876374573, 540735.450241197715513, 0.0 ], [ 2240969.142228994052857, 540734.710826304159127, 0.0 ], [ 2240968.877349654212594, 540690.421320355613716, 0.0 ] ] } },
{ "type": "Feature", "properties": { "fid": 5157, "handle": 3751546, "block": -1, "etype": 18, "space": 0, "layer": "0_Limits", "olinetype": "bylayer", "linetype": "", "color": "0,0,0,65", "ocolor": 256, "color24": -1, "transparency": 0, "lweight": -1, "linewidth": 0.13, "ltscale": 1.0, "visible": 1, "width": 1.0, "thickness": 0.0, "ext": "(3:0,0,0.1)" }, "geometry": { "type": "LineString", "coordinates": [ [ 2240974.427807876374573, 540735.450241197715513, 0.0 ], [ 2240962.376284457743168, 540775.777931803255342, 0.0 ], [ 2240966.221429504919797, 540776.970318020321429, 0.0 ], [ 2240970.085882373154163, 540778.098559729754925, 0.0 ], [ 2240973.96857308736071, 540779.162344548269175, 0.0 ], [ 2240977.868426624219865, 540780.161377939512022, 0.0 ], [ 2240981.784363206941634, 540781.095383294858038, 0.0 ], [ 2240985.715298606548458, 540781.964102010591887, 0.0 ], [ 2240989.660144441295415, 540782.767293559503742, 0.0 ], [ 2240993.617808477953076, 540783.504735556780361, 0.0 ], [ 2240997.58719493355602, 540784.176223822520114, 0.0 ], [ 2241001.567204779945314, 540784.781572437728755, 0.0 ], [ 2241003.212990656960756, 540738.646464686258696, 0.0 ], [ 2240974.427807876374573, 540735.450241197715513, 0.0 ] ] } },
{ "type": "Feature", "properties": { "fid": 5158, "handle": 3751632, "block": -1, "etype": 18, "space": 0, "layer": "0_Limits", "olinetype": "bylayer", "linetype": "", "color": "0,0,0,65", "ocolor": 256, "color24": -1, "transparency": 0, "lweight": -1, "linewidth": 0.13, "ltscale": 1.0, "visible": 1, "width": 1.0, "thickness": 0.0, "ext": "(3:0,0,0.1)" }, "geometry": { "type": "LineString", "coordinates": [ [ 2240941.00481237238273, 540729.966442178818397, 0.0 ], [ 2240918.638841848354787, 540704.392393224872649, 0.0 ], [ 2240919.275816620793194, 540703.938150080502965, 0.0 ], [ 2240919.920301085337996, 540703.494626158149913, 0.0 ], [ 2240920.572114874608815, 540703.061945584136993, 0.0 ], [ 2240921.231075569055974, 540702.640229449723847, 0.0 ], [ 2240921.896998749580234, 540702.229595778277144, 0.0 ], [ 2240922.569698049221188, 540701.830159491160884, 0.0 ], [ 2240923.248985202983022, 540701.442032375955023, 0.0 ], [ 2240923.934670103248209, 540701.065323055372573, 0.0 ], [ 2240924.626560851931572, 540700.700136956758797, 0.0 ], [ 2240925.324463814031333, 540700.34657628252171, 0.0 ], [ 2240926.89230548357591, 540699.609407837153412, 0.0 ], [ 2240928.472619217354804, 540698.89937028940767, 0.0 ], [ 2240930.064935568720102, 540698.216674562776461, 0.0 ], [ 2240931.66878152359277, 540697.561523458804004, 0.0 ], [ 2240933.283680645283312, 540696.934111596434377, 0.0 ], [ 2240934.909153210930526, 540696.334625354385935, 0.0 ], [ 2240936.544716359116137, 540695.763242815854028, 0.0 ], [ 2240938.189884230028838, 540695.220133715658449, 0.0 ], [ 2240939.844168109819293, 540694.705459389602765, 0.0 ], [ 2240941.507076577749103, 540694.219372726627626, 0.0 ], [ 2240943.178115651011467, 540693.762018123525195, 0.0 ], [ 2240944.856788930948824, 540693.333531441865489, 0.0 ], [ 2240946.542597751598805, 540692.934039967833087, 0.0 ], [ 2240948.235041326843202, 540692.563662374275737, 0.0 ], [ 2240949.933616899885237, 540692.222508685314097, 0.0 ], [ 2240951.637819892726839, 540691.910680244094692, 0.0 ], [ 2240953.34714405471459, 540691.628269682289101, 0.0 ], [ 2240955.061081615276635, 540691.375360892619938, 0.0 ], [ 2240956.779123432468623, 540691.152029004064389, 0.0 ], [ 2240958.500759144779295, 540690.958340359735303, 0.0 ], [ 2240960.225477323867381, 540690.794352496392094, 0.0 ], [ 2240961.95276562590152, 540690.660114128491841, 0.0 ], [ 2240963.68211094243452, 540690.555665132706054, 0.0 ], [ 2240965.412999555468559, 540690.481036536744796, 0.0 ], [ 2240967.144917286932468, 540690.436250509577803, 0.0 ], [ 2240968.877349654212594, 540690.421320355613716, 0.0 ], [ 2240969.142228994052857, 540734.710826304159127, 0.0 ], [ 2240941.00481237238273, 540729.966442178818397, 0.0 ] ] } },
{ "type": "Feature", "properties": { "fid": 5159, "handle": 3753399, "block": -1, "etype": 18, "space": 0, "layer": "0_Limits", "olinetype": "bylayer", "linetype": "", "color": "0,0,0,65", "ocolor": 256, "color24": -1, "transparency": 0, "lweight": -1, "linewidth": 0.13, "ltscale": 1.0, "visible": 1, "width": 1.0, "thickness": 0.0, "ext": "(3:0,0,0.1)" }, "geometry": { "type": "LineString", "coordinates": [ [ 2241379.662705279886723, 540347.192808562540449, 0.0 ], [ 2241356.465279071591794, 540319.069179536192678, 0.0 ], [ 2241379.836588807869703, 540301.499361702357419, 0.0 ], [ 2241391.311875155195594, 540337.085609656875022, 0.0 ], [ 2241379.662705279886723, 540347.192808562540449, 0.0 ] ] } },
{ "type": "Feature", "properties": { "fid": 5160, "handle": 3753403, "block": -1, "etype": 18, "space": 0, "layer": "0_Limits", "olinetype": "bylayer", "linetype": "", "color": "0,0,0,65", "ocolor": 256, "color24": -1, "transparency": 0, "lweight": -1, "linewidth": 0.13, "ltscale": 1.0, "visible": 1, "width": 1.0, "thickness": 0.0, "ext": "(3:0,0,0.1)" }, "geometry": { "type": "LineString", "coordinates": [ [ 2241367.422904519364238, 540360.39081134099979, 0.0 ], [ 2241339.393260261043906, 540337.728395924088545, 0.0 ], [ 2241340.958942712750286, 540335.738607692648657, 0.0 ], [ 2241342.557277132291347, 540333.774951452389359, 0.0 ], [ 2241344.187827439513057, 540331.837962954537943, 0.0 ], [ 2241345.850148766301572, 540329.928170674713328, 0.0 ], [ 2241347.543787575792521, 540328.046095668338239, 0.0 ], [ 2241349.268281785771251, 540326.192251428496093, 0.0 ], [ 2241351.023160896729678, 540324.367143746232614, 0.0 ], [ 2241352.807946118526161, 540322.571270572138019, 0.0 ], [ 2241354.622150502167642, 540320.805121880606748, 0.0 ], [ 2241356.465279071591794, 540319.069179536425509, 0.0 ], [ 2241379.662705279886723, 540347.192808562540449, 0.0 ], [ 2241367.422904519364238, 540360.39081134099979, 0.0 ] ] } },
{ "type": "Feature", "properties": { "fid": 5161, "handle": 3753407, "block": -1, "etype": 18, "space": 0, "layer": "0_Limits", "olinetype": "bylayer", "linetype": "", "color": "0,0,0,65", "ocolor": 256, "color24": -1, "transparency": 0, "lweight": -1, "linewidth": 0.13, "ltscale": 1.0, "visible": 1, "width": 1.0, "thickness": 0.0, "ext": "(3:0,0,0.1)" }, "geometry": { "type": "LineString", "coordinates": [ [ 2241357.976415791083127, 540375.396213027182966, 0.0 ], [ 2241326.020069409161806, 540358.519204522133805, 0.0 ], [ 2241327.19462847802788, 540356.340616800356656, 0.0 ], [ 2241328.406355624552816, 540354.182480847928673, 0.0 ], [ 2241329.654894849751145, 540352.045430715079419, 0.0 ], [ 2241330.939879337791353, 540349.930094256764278, 0.0 ], [ 2241332.260931567288935, 540347.837092948961072, 0.0 ], [ 2241333.617663418874145, 540345.767041705665179, 0.0 ], [ 2241335.009676291141659, 540343.720548697980121, 0.0 ], [ 2241336.436561217531562, 540341.698215175885707, 0.0 ], [ 2241337.897898985538632, 540339.700635291519575, 0.0 ], [ 2241339.393260261509567, 540337.728395924321376, 0.0 ], [ 2241367.493566034827381, 540360.31461803521961, 0.0 ], [ 2241357.976415791083127, 540375.396213027182966, 0.0 ] ] } },
{ "type": "Feature", "properties": { "fid": 5162, "handle": 3753432, "block": -1, "etype": 18, "space": 0, "layer": "0_Limits", "olinetype": "bylayer", "linetype": "", "color": "0,0,0,65", "ocolor": 256, "color24": -1, "transparency": 0, "lweight": -1, "linewidth": 0.13, "ltscale": 1.0, "visible": 1, "width": 1.0, "thickness": 0.0, "ext": "(3:0,0,0.1)" }, "geometry": { "type": "LineString", "coordinates": [ [ 2241357.976415791083127, 540375.396213027182966, 0.0 ], [ 2241351.00845252443105, 540391.229101445758715, 0.0 ], [ 2241316.301727917976677, 540381.30208693514578, 0.0 ], [ 2241317.110275753773749, 540378.958173181861639, 0.0 ], [ 2241317.955713281873614, 540376.627311394433491, 0.0 ], [ 2241318.837829928379506, 540374.310082120588049, 0.0 ], [ 2241319.756405985448509, 540372.007062512799166, 0.0 ], [ 2241320.711212662048638, 540369.718826184165664, 0.0 ], [ 2241321.702012145426124, 540367.445943065802567, 0.0 ], [ 2241322.728557656519115, 540365.188979264814407, 0.0 ], [ 2241323.790593514218926, 540362.948496923199855, 0.0 ], [ 2241324.887855196837336, 540360.725054077920504, 0.0 ], [ 2241326.020069409161806, 540358.519204522133805, 0.0 ], [ 2241357.976415791083127, 540375.396213027182966, 0.0 ] ] } },
{ "type": "Feature", "properties": { "fid": 5163, "handle": 3753468, "block": -1, "etype": 18, "space": 0, "layer": "0_Limits", "olinetype": "bylayer", "linetype": "", "color": "0,0,0,65", "ocolor": 256, "color24": -1, "transparency": 0, "lweight": -1, "linewidth": 0.13, "ltscale": 1.0, "visible": 1, "width": 1.0, "thickness": 0.0, "ext": "(3:0,0,0.1)" }, "geometry": { "type": "LineString", "coordinates": [ [ 2241351.00845252443105, 540391.229101445758715, 0.0 ], [ 2241347.25114593282342, 540404.956785621587187, 0.0 ], [ 2241324.863343122415245, 540409.646608513663523, 0.0 ], [ 2241310.281617905013263, 540407.6823842136655, 0.0 ], [ 2241310.633613463956863, 540405.244574945652857, 0.0 ], [ 2241311.025035941973329, 540402.812784793321043, 0.0 ], [ 2241311.4557827077806, 540400.38765136920847, 0.0 ], [ 2241311.925740820821375, 540397.969810540555045, 0.0 ], [ 2241312.434787058271468, 540395.559896262129769, 0.0 ], [ 2241312.982787949033082, 540393.158540410804562, 0.0 ], [ 2241313.569599807728082, 540390.766372619080357, 0.0 ], [ 2241314.195068772882223, 540388.384020110708661, 0.0 ], [ 2241314.859030847903341, 540386.012107535498217, 0.0 ], [ 2241315.561311942059547, 540383.651256806217134, 0.0 ], [ 2241316.301727917976677, 540381.30208693514578, 0.0 ], [ 2241351.00845252443105, 540391.229101445758715, 0.0 ] ] } },
{ "type": "Feature", "properties": { "fid": 5164, "handle": 3753504, "block": -1, "etype": 18, "space": 0, "layer": "0_Limits", "olinetype": "bylayer", "linetype": "", "color": "0,0,0,65", "ocolor": 256, "color24": -1, "transparency": 0, "lweight": -1, "linewidth": 0.13, "ltscale": 1.0, "visible": 1, "width": 1.0, "thickness": 0.0, "ext": "(3:0,0,0.1)" }, "geometry": { "type": "LineString", "coordinates": [ [ 2241370.564539719838649, 540492.557821184047498, 0.0 ], [ 2241362.70312526775524, 540482.244702658616006, 0.0 ], [ 2241340.142679946031421, 540485.163665099069476, 0.0 ], [ 2241327.252267053350806, 540492.826989282504655, 0.0 ], [ 2241328.5069006443955, 540495.024106216849759, 0.0 ], [ 2241329.798625719733536, 540497.199623305234127, 0.0 ], [ 2241331.127070520073175, 540499.352914433693513, 0.0 ], [ 2241332.491852718871087, 540501.483359884936363, 0.0 ], [ 2241333.89257953222841, 540503.590346516575664, 0.0 ], [ 2241335.328847830649465, 540505.673267937730998, 0.0 ], [ 2241336.800244255922735, 540507.731524683418684, 0.0 ], [ 2241338.306345339864492, 540509.764524387312122, 0.0 ], [ 2241339.846717627253383, 540511.77168195170816, 0.0 ], [ 2241341.420917797833681, 540513.752419716794975, 0.0 ], [ 2241370.564539719838649, 540492.557821184047498, 0.0 ] ] } },
{ "type": "Feature", "properties": { "fid": 5165, "handle": 3753510, "block": -1, "etype": 18, "space": 0, "layer": "0_Limits", "olinetype": "bylayer", "linetype": "", "color": "0,0,0,65", "ocolor": 256, "color24": -1, "transparency": 0, "lweight": -1, "linewidth": 0.13, "ltscale": 1.0, "visible": 1, "width": 1.0, "thickness": 0.0, "ext": "(3:0,0,0.1)" }, "geometry": { "type": "LineString", "coordinates": [ [ 2241383.496905775740743, 540505.676351417088881, 0.0 ], [ 2241359.307335797697306, 540532.378959777997807, 0.0 ], [ 2241357.384899857919663, 540530.65049370995257, 0.0 ], [ 2241355.490890773013234, 540528.890924308332615, 0.0 ], [ 2241353.625811707228422, 540527.100719021400437, 0.0 ], [ 2241351.7901581376791, 540525.280353435897268, 0.0 ], [ 2241349.984417725820094, 540523.430311151081696, 0.0 ], [ 2241348.209070184733719, 540521.551083650090732, 0.0 ], [ 2241346.464587154332548, 540519.643170169554651, 0.0 ], [ 2241344.751432075630873, 540517.707077566650696, 0.0 ], [ 2241343.07006006501615, 540515.743320184876211, 0.0 ], [ 2241341.420917797833681, 540513.752419716794975, 0.0 ], [ 2241370.564539728686213, 540492.557821176247671, 0.0 ], [ 2241383.496905775740743, 540505.676351417088881, 0.0 ] ] } },
{ "type": "Feature", "properties": { "fid": 5166, "handle": 3753511, "block": -1, "etype": 18, "space": 0, "layer": "0_Limits", "olinetype": "bylayer", "linetype": "", "color": "0,0,0,65", "ocolor": 256, "color24": -1, "transparency": 0, "lweight": -1, "linewidth": 0.13, "ltscale": 1.0, "visible": 1, "width": 1.0, "thickness": 0.0, "ext": "(3:0,0,0.1)" }, "geometry": { "type": "LineString", "coordinates": [ [ 2241383.496905775740743, 540505.676351417088881, 0.0 ], [ 2241396.898880524095148, 540515.476320212008432, 0.0 ], [ 2241379.529564153403044, 540547.149095427128486, 0.0 ], [ 2241377.398472710046917, 540545.828415117808618, 0.0 ], [ 2241375.290000796783715, 540544.471914690220729, 0.0 ], [ 2241373.204750430770218, 540543.079981456277892, 0.0 ], [ 2241371.143316997215152, 540541.653012844384648, 0.0 ], [ 2241369.10628908360377, 540540.191416286863387, 0.0 ], [ 2241367.094248306937516, 540538.695609102607705, 0.0 ], [ 2241365.107769151218235, 540537.166018378688022, 0.0 ], [ 2241363.147418801672757, 540535.603080848115496, 0.0 ], [ 2241361.213756982237101, 540534.007242765161209, 0.0 ], [ 2241359.307335797697306, 540532.378959777997807, 0.0 ], [ 2241383.496905775740743, 540505.676351417088881, 0.0 ] ] } },
{ "type": "Feature", "properties": { "fid": 5167, "handle": 3753535, "block": -1, "etype": 18, "space": 0, "layer": "0_Limits", "olinetype": "bylayer", "linetype": "", "color": "0,0,0,65", "ocolor": 256, "color24": -1, "transparency": 0, "lweight": -1, "linewidth": 0.13, "ltscale": 1.0, "visible": 1, "width": 1.0, "thickness": 0.0, "ext": "(3:0,0,0.1)" }, "geometry": { "type": "LineString", "coordinates": [ [ 2241413.768629028927535, 540524.212517003295943, 0.0 ], [ 2241401.018818297423422, 540557.901977709378116, 0.0 ], [ 2241398.556865497492254, 540556.862874279962853, 0.0 ], [ 2241396.112007285002619, 540555.78416401008144, 0.0 ], [ 2241393.684880788903683, 540554.666128010954708, 0.0 ], [ 2241391.276118515990674, 540553.509057642309926, 0.0 ], [ 2241388.886348188854754, 540552.313254435895942, 0.0 ], [ 2241386.516192580107599, 540551.07903001725208, 0.0 ], [ 2241384.166269350796938, 540549.806706024566665, 0.0 ], [ 2241381.837190889753401, 540548.49661402485799, 0.0 ], [ 2241379.529564153403044, 540547.149095427128486, 0.0 ], [ 2241396.898880566004664, 540515.476320243440568, 0.0 ], [ 2241413.768629028927535, 540524.212517003295943, 0.0 ] ] } },
{ "type": "Feature", "properties": { "fid": 5168, "handle": 3753536, "block": -1, "etype": 18, "space": 0, "layer": "0_Limits", "olinetype": "bylayer", "linetype": "", "color": "0,0,0,65", "ocolor": 256, "color24": -1, "transparency": 0, "lweight": -1, "linewidth": 0.13, "ltscale": 1.0, "visible": 1, "width": 1.0, "thickness": 0.0, "ext": "(3:0,0,0.1)" }, "geometry": { "type": "LineString", "coordinates": [ [ 2241431.852153969462961, 540530.034516207175329, 0.0 ], [ 2241423.710288765840232, 540565.129161080694757, 0.0 ], [ 2241421.393328361213207, 540564.568229130236432, 0.0 ], [ 2241419.085481239948422, 540563.970908585586585, 0.0 ], [ 2241416.787318858318031, 540563.337347352178767, 0.0 ], [ 2241414.499410274904221, 540562.667702309088781, 0.0 ], [ 2241412.222322009969503, 540561.962139270151965, 0.0 ], [ 2241409.956617903430015, 540561.220832943217829, 0.0 ], [ 2241407.702858977019787, 540560.443966886377893, 0.0 ], [ 2241405.461603294126689, 540559.631733463262208, 0.0 ], [ 2241403.233405823353678, 540558.784333794610575, 0.0 ], [ 2241401.018818297889084, 540557.901977709145285, 0.0 ], [ 2241413.768629028927535, 540524.212517003295943, 0.0 ], [ 2241431.852153969462961, 540530.034516207175329, 0.0 ] ] } },
{ "type": "Feature", "properties": { "fid": 5169, "handle": 3753538, "block": -1, "etype": 18, "space": 0, "layer": "0_Limits", "olinetype": "bylayer", "linetype": "", "color": "0,0,0,65", "ocolor": 256, "color24": -1, "transparency": 0, "lweight": -1, "linewidth": 0.13, "ltscale": 1.0, "visible": 1, "width": 1.0, "thickness": 0.0, "ext": "(3:0,0,0.1)" }, "geometry": { "type": "LineString", "coordinates": [ [ 2241431.852153969462961, 540530.034516207175329, 0.0 ], [ 2241445.589451234787703, 540532.354746890487149, 0.0 ], [ 2241452.598837734665722, 540568.949028450297192, 0.0 ], [ 2241450.168396471999586, 540568.852383260382339, 0.0 ], [ 2241447.739904810674489, 540568.715221774182282, 0.0 ], [ 2241445.314038123935461, 540568.537582137039863, 0.0 ], [ 2241442.891471054870635, 540568.319513751193881, 0.0 ], [ 2241440.472877330612391, 540568.061077262391336, 0.0 ], [ 2241438.058929570950568, 540567.762344542890787, 0.0 ], [ 2241435.650299105327576, 540567.423398671555333, 0.0 ], [ 2241433.24765578424558, 540567.044333910453133, 0.0 ], [ 2241430.851667791604996, 540566.625255679246038, 0.0 ], [ 2241428.463001462630928, 540566.166280525387265, 0.0 ], [ 2241426.082321095280349, 540565.667536091525108, 0.0 ], [ 2241423.710288765840232, 540565.129161080694757, 0.0 ], [ 2241431.852153969462961, 540530.034516207175329, 0.0 ] ] } },
{ "type": "Feature", "properties": { "fid": 5170, "handle": 3753539, "block": -1, "etype": 18, "space": 0, "layer": "0_Limits", "olinetype": "bylayer", "linetype": "", "color": "0,0,0,65", "ocolor": 256, "color24": -1, "transparency": 0, "lweight": -1, "linewidth": 0.13, "ltscale": 1.0, "visible": 1, "width": 0.0, "thickness": 0.0, "ext": "(3:0,0,0.1)" }, "geometry": { "type": "LineString", "coordinates": [ [ 2241310.281617905013263, 540407.6823842136655, 0.0 ], [ 2241301.061535099986941, 540406.44039738283027, 0.0 ], [ 2241294.494112490676343, 540411.485216984525323, 0.0 ], [ 2241295.6834048894234, 540414.924531265511177, 0.0 ], [ 2241296.813555235974491, 540418.383730497444049, 0.0 ], [ 2241297.884231295436621, 540421.861797763616778, 0.0 ], [ 2241298.895118316169828, 540425.357710600597784, 0.0 ], [ 2241299.84591912291944, 540428.870441298931837, 0.0 ], [ 2241300.736354204360396, 540432.398957204772159, 0.0 ], [ 2241301.566161795519292, 540435.942221024306491, 0.0 ], [ 2241302.335097953677177, 540439.499191127717495, 0.0 ], [ 2241303.042936631012708, 540443.068821856402792, 0.0 ], [ 2241303.689469741657376, 540446.650063829496503, 0.0 ], [ 2241349.943305079825222, 540440.315923050395213, 0.0 ], [ 2241347.251145932357758, 540404.956785622169264, 0.0 ], [ 2241324.863343122415245, 540409.646608513430692, 0.0 ], [ 2241310.281617905013263, 540407.6823842136655, 0.0 ] ] } },
{ "type": "Feature", "properties": { "fid": 5171, "handle": 3753565, "block": -1, "etype": 18, "space": 0, "layer": "0_Limits", "olinetype": "bylayer", "linetype": "", "color": "0,0,0,65", "ocolor": 256, "color24": -1, "transparency": 0, "lweight": -1, "linewidth": 0.13, "ltscale": 1.0, "visible": 1, "width": 0.0, "thickness": 0.0, "ext": "(3:0,0,0.1)" }, "geometry": { "type": "LineString", "coordinates": [ [ 2241362.70312526775524, 540482.244702658616006, 0.0 ], [ 2241340.14267994556576, 540485.163665099069476, 0.0 ], [ 2241327.252267053350806, 540492.82698928238824, 0.0 ], [ 2241317.801225828006864, 540498.445614021853544, 0.0 ], [ 2241316.866319264750928, 540498.114682644838467, 0.0 ], [ 2241315.926047719083726, 540497.799317335011438, 0.0 ], [ 2241314.980670344084501, 540497.499605011660606, 0.0 ], [ 2241314.030447699595243, 540497.215628280071542, 0.0 ], [ 2241313.075641681440175, 540496.947465408477001, 0.0 ], [ 2241312.116515448316932, 540496.695190306636505, 0.0 ], [ 2241311.153333349619061, 540496.458872505114414, 0.0 ], [ 2241310.18636085325852, 540496.238577136886306, 0.0 ], [ 2241309.215864471159875, 540496.034364918596111, 0.0 ], [ 2241308.242111686151475, 540495.846292134025134, 0.0 ], [ 2241307.265370879787952, 540495.674410619074479, 0.0 ], [ 2241306.285911255981773, 540495.518767746863887, 0.0 ], [ 2241305.30400276882574, 540495.379406414693221, 0.0 ], [ 2241305.569291919935495, 540492.003612791071646, 0.0 ], [ 2241305.776850749738514, 540488.623778437729925, 0.0 ], [ 2241305.926618633791804, 540485.24089054367505, 0.0 ], [ 2241306.018551828805357, 540481.855937189306132, 0.0 ], [ 2241306.052623481489718, 540478.469907058635727, 0.0 ], [ 2241306.028823640663177, 540475.083789150114171, 0.0 ], [ 2241305.947159258183092, 540471.698572487570345, 0.0 ], [ 2241305.80765418568626, 540468.315245832083747, 0.0 ], [ 2241305.61034917132929, 540464.934797392226756, 0.0 ], [ 2241305.355301843490452, 540461.558214536169544, 0.0 ], [ 2241314.829424705356359, 540460.56719855684787, 0.0 ], [ 2241324.286487971898168, 540459.424801499699242, 0.0 ], [ 2241333.724072976969182, 540458.131315535632893, 0.0 ], [ 2241343.139766035601497, 540456.68707147683017, 0.0 ], [ 2241352.53115906054154, 540455.092438692110591, 0.0 ], [ 2241362.70312526775524, 540482.244702658616006, 0.0 ] ] } },
{ "type": "Feature", "properties": { "fid": 5172, "handle": 3754104, "block": -1, "etype": 18, "space": 0, "layer": "0_Limits", "olinetype": "bylayer", "linetype": "", "color": "0,0,0,65", "ocolor": 256, "color24": -1, "transparency": 0, "lweight": -1, "linewidth": 0.13, "ltscale": 1.0, "visible": 1, "width": 0.0, "thickness": 0.0, "ext": "(3:0,0,0.1)" }, "geometry": { "type": "LineString", "coordinates": [ [ 2240789.927319942507893, 540584.067150005954318, 0.0 ], [ 2240802.886665362399071, 540578.337951987748966, 0.0 ], [ 2240781.0, 540548.0, 0.0 ], [ 2240779.17, 540543.0, 0.0 ], [ 2240779.680000000167638, 540538.849999999976717, 0.0 ], [ 2240778.18066355260089, 540539.205471211578697, 0.0 ], [ 2240783.91825035167858, 540561.671853361069225, 0.0 ], [ 2240789.927319942507893, 540584.067150005954318, 0.0 ] ] } },
{ "type": "Feature", "properties": { "fid": 5178, "handle": 3756029, "block": -1, "etype": 18, "space": 0, "layer": "0_Limits", "olinetype": "bylayer", "linetype": "", "color": "0,0,0,65", "ocolor": 256, "color24": -1, "transparency": 0, "lweight": -1, "linewidth": 0.13, "ltscale": 1.0, "visible": 1, "width": 1.0, "thickness": 0.0, "ext": "(3:0,0,0.1)" }, "geometry": { "type": "LineString", "coordinates": [ [ 2241008.760854071006179, 540679.397204074310139, 0.0 ], [ 2241012.383331200107932, 540673.987438893062063, 0.0 ], [ 2241009.754023884423077, 540668.162333279848099, 0.0 ], [ 2241007.218175742775202, 540662.295938597875647, 0.0 ], [ 2241004.776434899307787, 540656.389754210482351, 0.0 ], [ 2241002.429425427224487, 540650.445289650699124, 0.0 ], [ 2241000.177747187204659, 540644.464064235449769, 0.0 ], [ 2240998.021975675132126, 540638.447606677073054, 0.0 ], [ 2240995.962661874014884, 540632.397454692865722, 0.0 ], [ 2240975.250798343215138, 540632.477032287162729, 0.0 ], [ 2240972.669947843998671, 540678.48525541566778, 0.0 ], [ 2240978.676373003982008, 540678.879495550063439, 0.0 ], [ 2240984.688370239455253, 540679.176913990406319, 0.0 ], [ 2240990.704378916416317, 540679.377433530869894, 0.0 ], [ 2240996.722837359644473, 540679.481002119369805, 0.0 ], [ 2241002.742183258291334, 540679.487592870835215, 0.0 ], [ 2241008.760854071006179, 540679.397204074310139, 0.0 ] ] } },
{ "type": "Feature", "properties": { "fid": 5179, "handle": 3756054, "block": -1, "etype": 18, "space": 0, "layer": "0_Limits", "olinetype": "bylayer", "linetype": "", "color": "0,0,0,65", "ocolor": 256, "color24": -1, "transparency": 0, "lweight": -1, "linewidth": 0.13, "ltscale": 1.0, "visible": 1, "width": 1.0, "thickness": 0.0, "ext": "(3:0,0,0.1)" }, "geometry": { "type": "LineString", "coordinates": [ [ 2240979.996212495025247, 540589.300381485489197, 0.0 ], [ 2240985.159924635663629, 540593.252921060309745, 0.0 ], [ 2240986.683236460667104, 540599.85013601440005, 0.0 ], [ 2240988.318063131533563, 540606.420605238410644, 0.0 ], [ 2240990.063935675658286, 540612.962443904019892, 0.0 ], [ 2240991.920353265944868, 540619.473775395774283, 0.0 ], [ 2240993.886783364228904, 540625.952731849974953, 0.0 ], [ 2240995.962661873083562, 540632.397454689955339, 0.0 ], [ 2240975.250798343215138, 540632.477032287162729, 0.0 ], [ 2240957.542132137343287, 540632.96983672992792, 0.0 ], [ 2240954.540027872659266, 540589.591132421162911, 0.0 ], [ 2240971.506549543235451, 540589.468040019506589, 0.0 ], [ 2240979.996212495025247, 540589.300381485489197, 0.0 ] ] } },
{ "type": "Feature", "properties": { "fid": 5180, "handle": 3756055, "block": -1, "etype": 18, "space": 0, "layer": "0_Limits", "olinetype": "bylayer", "linetype": "", "color": "0,0,0,65", "ocolor": 256, "color24": -1, "transparency": 0, "lweight": -1, "linewidth": 0.13, "ltscale": 1.0, "visible": 1, "width": 1.0, "thickness": 0.0, "ext": "(3:0,0,0.1)" }, "geometry": { "type": "LineString", "coordinates": [ [ 2240874.693055206909776, 540726.499046633951366, 0.0 ], [ 2240872.007207285612822, 540724.118797627161257, 0.0 ], [ 2240869.356310197152197, 540721.699684356222861, 0.0 ], [ 2240866.740926254540682, 540719.242219967301935, 0.0 ], [ 2240864.161610236857086, 540716.746925741783343, 0.0 ], [ 2240861.253734539728612, 540713.861105413874611, 0.0 ], [ 2240858.391422424465418, 540710.930086923879571, 0.0 ], [ 2240855.575376335065812, 540707.95458957774099, 0.0 ], [ 2240852.806287361774594, 540704.935343596851453, 0.0 ], [ 2240850.084835071582347, 540701.873089938890189, 0.0 ], [ 2240847.411687339656055, 540698.768580116447993, 0.0 ], [ 2240844.78750018728897, 540695.622576012043282, 0.0 ], [ 2240871.443592789582908, 540666.077440778142773, 0.0 ], [ 2240899.684380039107054, 540703.955038254614919, 0.0 ], [ 2240898.360086052212864, 540705.170440147281624, 0.0 ], [ 2240897.056701308581978, 540706.408238407922909, 0.0 ], [ 2240895.77460452215746, 540707.668073379201815, 0.0 ], [ 2240894.514168221969157, 540708.949579000589438, 0.0 ], [ 2240893.275758643634617, 540710.252382915001363, 0.0 ], [ 2240892.059735621325672, 540711.576106577063911, 0.0 ], [ 2240890.866452485322952, 540712.920365362660959, 0.0 ], [ 2240889.696255959570408, 540714.284768680925481, 0.0 ], [ 2240888.549486058298498, 540715.668920087860897, 0.0 ], [ 2240887.426475989166647, 540717.072417401475832, 0.0 ], [ 2240886.327552056871355, 540718.494852818548679, 0.0 ], [ 2240885.253033567219973, 540719.935813032905571, 0.0 ], [ 2240884.203232734464109, 540721.39487935625948, 0.0 ], [ 2240883.178454591426998, 540722.871627838932909, 0.0 ], [ 2240882.178996899165213, 540724.365629393840209, 0.0 ], [ 2240881.20515006268397, 540725.87644992035348, 0.0 ], [ 2240874.693055206909776, 540726.499046633951366, 0.0 ] ] } },
{ "type": "Feature", "properties": { "fid": 5181, "handle": 3756079, "block": -1, "etype": 18, "space": 0, "layer": "0_Limits", "olinetype": "bylayer", "linetype": "", "color": "0,0,0,65", "ocolor": 256, "color24": -1, "transparency": 0, "lweight": -1, "linewidth": 0.13, "ltscale": 1.0, "visible": 1, "width": 1.0, "thickness": 0.0, "ext": "(3:0,0,0.1)" }, "geometry": { "type": "LineString", "coordinates": [ [ 2240844.787500188685954, 540695.622576009598561, 0.0 ], [ 2240842.051046405918896, 540692.232041221577674, 0.0 ], [ 2240839.371459556277841, 540688.796387023408897, 0.0 ], [ 2240836.749483447056264, 540685.31656709429808, 0.0 ], [ 2240834.185845895204693, 540681.793547373148613, 0.0 ], [ 2240831.681258521974087, 540678.228305790224113, 0.0 ], [ 2240829.236416558735073, 540674.62183199590072, 0.0 ], [ 2240826.85199865186587, 540670.975127086043358, 0.0 ], [ 2240824.52866667509079, 540667.289203323889524, 0.0 ], [ 2240822.26706554600969, 540663.565083859139122, 0.0 ], [ 2240820.067823046818376, 540659.803802444017492, 0.0 ], [ 2240820.742575516924262, 540653.338908109464683, 0.0 ], [ 2240822.817838484421372, 540651.059822716750205, 0.0 ], [ 2240824.930200298316777, 540648.815079038729891, 0.0 ], [ 2240827.079092750325799, 540646.605280893389136, 0.0 ], [ 2240829.263937805779278, 540644.431022698641755, 0.0 ], [ 2240831.484147758223116, 540642.292889312142506, 0.0 ], [ 2240833.739125390071422, 540640.191455874592066, 0.0 ], [ 2240836.028264130465686, 540638.127287654671818, 0.0 ], [ 2240838.350948219187558, 540636.100939896772616, 0.0 ], [ 2240840.706552873831242, 540634.112957672099583, 0.0 ], [ 2240843.094444454647601, 540632.163875731755979, 0.0 ], [ 2240871.443592787720263, 540666.077440779656172, 0.0 ], [ 2240844.787500188685954, 540695.622576009598561, 0.0 ] ] } },
{ "type": "Feature", "properties": { "fid": 5182, "handle": 3756204, "block": -1, "etype": 18, "space": 0, "layer": "0_Limits", "olinetype": "bylayer", "linetype": "", "color": "0,0,0,65", "ocolor": 256, "color24": -1, "transparency": 0, "lweight": -1, "linewidth": 0.13, "ltscale": 1.0, "visible": 1, "width": 1.0, "thickness": 0.0, "ext": "(3:0,0,0.1)" }, "geometry": { "type": "LineString", "coordinates": [ [ 2240972.669947843998671, 540678.48525541566778, 0.0 ], [ 2240970.841835080645978, 540678.435813376912847, 0.0 ], [ 2240969.013157796580344, 540678.416315121110529, 0.0 ], [ 2240967.184406427200884, 540678.426765877753496, 0.0 ], [ 2240965.356071426067501, 540678.467162843910046, 0.0 ], [ 2240963.528643136844039, 540678.537495185504667, 0.0 ], [ 2240961.702611658722162, 540678.637744039995596, 0.0 ], [ 2240959.878466717898846, 540678.767882521613501, 0.0 ], [ 2240958.056697532534599, 540678.927875728346407, 0.0 ], [ 2240956.237792685162276, 540679.11768075148575, 0.0 ], [ 2240954.422239989507943, 540679.337246687035076, 0.0 ], [ 2240952.610526360571384, 540679.586514649447054, 0.0 ], [ 2240950.803137683309615, 540679.865417787223123, 0.0 ], [ 2240949.000558683183044, 540680.173881301074289, 0.0 ], [ 2240947.203272795770317, 540680.511822463828139, 0.0 ], [ 2240937.187612130306661, 540635.550009121885523, 0.0 ], [ 2240939.200629424769431, 540635.141563844168559, 0.0 ], [ 2240941.220098841004074, 540634.766317992820404, 0.0 ], [ 2240943.245472880080342, 540634.424373300746083, 0.0 ], [ 2240945.27620244352147, 540634.115822472725995, 0.0 ], [ 2240947.311736978590488, 540633.840749159920961, 0.0 ], [ 2240949.351524631958455, 540633.599227937636897, 0.0 ], [ 2240951.395012396387756, 540633.391324284602888, 0.0 ], [ 2240953.441646261606365, 540633.217094565741718, 0.0 ], [ 2240955.490871363785118, 540633.076586016337387, 0.0 ], [ 2240957.542132137343287, 540632.96983672992792, 0.0 ], [ 2240975.250798343215138, 540632.477032287162729, 0.0 ], [ 2240972.669947843998671, 540678.48525541566778, 0.0 ] ] } },
{ "type": "Feature", "properties": { "fid": 5183, "handle": 3756241, "block": -1, "etype": 18, "space": 0, "layer": "0_Limits", "olinetype": "bylayer", "linetype": "", "color": "0,0,0,65", "ocolor": 256, "color24": -1, "transparency": 0, "lweight": -1, "linewidth": 0.13, "ltscale": 1.0, "visible": 1, "width": 1.0, "thickness": 0.0, "ext": "(3:0,0,0.1)" }, "geometry": { "type": "LineString", "coordinates": [ [ 2240947.203272795770317, 540680.511822463828139, 0.0 ], [ 2240945.250016651581973, 540680.924409956554882, 0.0 ], [ 2240943.303943230770528, 540681.369647248182446, 0.0 ], [ 2240941.365598253905773, 540681.847409484675154, 0.0 ], [ 2240939.435525273438543, 540682.357562691671774, 0.0 ], [ 2240937.514265522360802, 540682.899963811272755, 0.0 ], [ 2240935.602357763331383, 540683.474460742785595, 0.0 ], [ 2240933.700338134542108, 540684.080892385100015, 0.0 ], [ 2240931.808740003034472, 540684.719088682089932, 0.0 ], [ 2240929.928093812428415, 540685.388870669994503, 0.0 ], [ 2240928.058926936239004, 540686.090050527942367, 0.0 ], [ 2240926.201763527933508, 540686.822431630105712, 0.0 ], [ 2240924.35712437517941, 540687.585808601463214, 0.0 ], [ 2240922.525526753626764, 540688.379967375076376, 0.0 ], [ 2240901.762550104409456, 540647.077114535612054, 0.0 ], [ 2240904.183825832791626, 540645.990219327271916, 0.0 ], [ 2240906.62263082806021, 540644.943248675903305, 0.0 ], [ 2240909.078306823503226, 540643.936485172715038, 0.0 ], [ 2240911.550191001035273, 540642.970200556330383, 0.0 ], [ 2240914.037616166751832, 540642.044655639561825, 0.0 ], [ 2240916.539910932071507, 540641.160100238979794, 0.0 ], [ 2240919.056399894412607, 540640.316773107857443, 0.0 ], [ 2240921.586403820663691, 540639.51490187109448, 0.0 ], [ 2240924.129239829722792, 540638.754702964331955, 0.0 ], [ 2240926.684221577364951, 540638.036381575046107, 0.0 ], [ 2240929.250659439712763, 540637.360131587716751, 0.0 ], [ 2240931.886049083899707, 540636.712338372832164, 0.0 ], [ 2240934.531948883086443, 540636.108907452202402, 0.0 ], [ 2240937.187612130306661, 540635.550009121885523, 0.0 ], [ 2240947.203272795770317, 540680.511822463828139, 0.0 ] ] } },
{ "type": "Feature", "properties": { "fid": 5184, "handle": 3756280, "block": -1, "etype": 18, "space": 0, "layer": "0_Limits", "olinetype": "bylayer", "linetype": "", "color": "0,0,0,65", "ocolor": 256, "color24": -1, "transparency": 0, "lweight": -1, "linewidth": 0.13, "ltscale": 1.0, "visible": 1, "width": 1.0, "thickness": 0.0, "ext": "(3:0,0,0.1)" }, "geometry": { "type": "LineString", "coordinates": [ [ 2240922.525526753626764, 540688.379967375076376, 0.0 ], [ 2240921.175562518183142, 540689.019112003152259, 0.0 ], [ 2240919.832506941631436, 540689.672649309970438, 0.0 ], [ 2240918.28740060608834, 540690.532189288875088, 0.0 ], [ 2240916.756923011504114, 540691.417514594155364, 0.0 ], [ 2240915.24150443309918, 540692.328376327408478, 0.0 ], [ 2240913.741570913698524, 540693.264518410665914, 0.0 ], [ 2240912.257544140331447, 540694.225677658920176, 0.0 ], [ 2240910.789841330144554, 540695.211583853699267, 0.0 ], [ 2240909.338875110261142, 540696.221959819318727, 0.0 ], [ 2240907.905053401831537, 540697.256521500647068, 0.0 ], [ 2240906.488779306877404, 540698.314978043083102, 0.0 ], [ 2240905.09045099420473, 540699.397031874279492, 0.0 ], [ 2240903.710461586713791, 540700.502378787728958, 0.0 ], [ 2240902.349199051968753, 540701.630708028445952, 0.0 ], [ 2240901.007046092767268, 540702.781702380161732, 0.0 ], [ 2240899.684380039107054, 540703.955038254614919, 0.0 ], [ 2240871.443592789582908, 540666.077440778026357, 0.0 ], [ 2240901.762550104409456, 540647.077114535612054, 0.0 ], [ 2240922.525526753626764, 540688.379967375076376, 0.0 ] ] } },
{ "type": "Feature", "properties": { "fid": 5185, "handle": 3756354, "block": -1, "etype": 18, "space": 0, "layer": "0_Limits", "olinetype": "bylayer", "linetype": "", "color": "0,0,0,65", "ocolor": 256, "color24": -1, "transparency": 0, "lweight": -1, "linewidth": 0.13, "ltscale": 1.0, "visible": 1, "width": 1.0, "thickness": 0.0, "ext": "(3:0,0,0.1)" }, "geometry": { "type": "LineString", "coordinates": [ [ 2240901.762550104409456, 540647.077114535612054, 0.0 ], [ 2240871.443592787720263, 540666.077440779656172, 0.0 ], [ 2240843.094444454647601, 540632.163875731639564, 0.0 ], [ 2240845.648983257357031, 540630.129099905840121, 0.0 ], [ 2240848.238342735450715, 540628.138823883025907, 0.0 ], [ 2240850.861747800838202, 540626.193643424427137, 0.0 ], [ 2240853.518413174431771, 540624.294140792335384, 0.0 ], [ 2240856.207543619908392, 540622.440884576528333, 0.0 ], [ 2240858.928334183990955, 540620.634429523022845, 0.0 ], [ 2240861.679970436729491, 540618.875316368881613, 0.0 ], [ 2240864.461628713645041, 540617.164071680046618, 0.0 ], [ 2240867.272476364392787, 540615.501207693596371, 0.0 ], [ 2240870.111672001890838, 540613.88722216442693, 0.0 ], [ 2240872.97836575191468, 540612.32259821658954, 0.0 ], [ 2240875.871699510142207, 540610.807804198353551, 0.0 ], [ 2240878.790807197801769, 540609.343293542042375, 0.0 ], [ 2240901.762550104409456, 540647.077114535612054, 0.0 ] ] } },
{ "type": "Feature", "properties": { "fid": 5186, "handle": 3756401, "block": -1, "etype": 18, "space": 0, "layer": "0_Limits", "olinetype": "bylayer", "linetype": "", "color": "0,0,0,65", "ocolor": 256, "color24": -1, "transparency": 0, "lweight": -1, "linewidth": 0.13, "ltscale": 1.0, "visible": 1, "width": 1.0, "thickness": 0.0, "ext": "(3:0,0,0.1)" }, "geometry": { "type": "LineString", "coordinates": [ [ 2240929.250659439712763, 540637.360131587716751, 0.0 ], [ 2240926.684221577364951, 540638.036381575046107, 0.0 ], [ 2240924.129239829722792, 540638.754702964331955, 0.0 ], [ 2240921.586403820663691, 540639.51490187109448, 0.0 ], [ 2240919.056399894412607, 540640.316773107857443, 0.0 ], [ 2240916.539910932071507, 540641.160100238979794, 0.0 ], [ 2240914.037616166751832, 540642.044655639561825, 0.0 ], [ 2240911.550191001035273, 540642.970200556330383, 0.0 ], [ 2240909.078306823503226, 540643.936485172715038, 0.0 ], [ 2240906.62263082806021, 540644.943248675903305, 0.0 ], [ 2240904.183825832791626, 540645.990219327271916, 0.0 ], [ 2240901.762550104409456, 540647.077114535612054, 0.0 ], [ 2240878.790807197801769, 540609.34329354215879, 0.0 ], [ 2240881.647718250751495, 540607.960487342556007, 0.0 ], [ 2240884.526950905099511, 540606.62478038656991, 0.0 ], [ 2240887.427728743292391, 540605.336532862507738, 0.0 ], [ 2240890.349269538186491, 540604.096092160907574, 0.0 ], [ 2240893.290785463526845, 540602.90379278047476, 0.0 ], [ 2240896.251483305823058, 540601.759956238092855, 0.0 ], [ 2240899.230564680416137, 540600.664890982327051, 0.0 ], [ 2240902.227226243820041, 540599.618892309721559, 0.0 ], [ 2240905.240659913513809, 540598.62224228552077, 0.0 ], [ 2240908.270053082145751, 540597.675209667650051, 0.0 ], [ 2240911.314588840585202, 540596.778049834189005, 0.0 ], [ 2240914.373446194920689, 540595.931004714220762, 0.0 ], [ 2240929.250659439712763, 540637.360131587716751, 0.0 ] ] } },
{ "type": "Feature", "properties": { "fid": 5187, "handle": 3756449, "block": -1, "etype": 18, "space": 0, "layer": "0_Limits", "olinetype": "bylayer", "linetype": "", "color": "0,0,0,65", "ocolor": 256, "color24": -1, "transparency": 0, "lweight": -1, "linewidth": 0.13, "ltscale": 1.0, "visible": 1, "width": 1.0, "thickness": 0.0, "ext": "(3:0,0,0.1)" }, "geometry": { "type": "LineString", "coordinates": [ [ 2240957.542132137343287, 540632.96983672992792, 0.0 ], [ 2240955.490871363785118, 540633.076586016453803, 0.0 ], [ 2240953.441646261606365, 540633.217094565741718, 0.0 ], [ 2240951.395012396387756, 540633.391324284719303, 0.0 ], [ 2240949.351524631958455, 540633.599227937753312, 0.0 ], [ 2240947.311736978590488, 540633.840749160037376, 0.0 ], [ 2240945.27620244352147, 540634.11582247284241, 0.0 ], [ 2240943.245472880080342, 540634.424373300862499, 0.0 ], [ 2240941.220098841004074, 540634.766317992820404, 0.0 ], [ 2240939.200629424769431, 540635.141563844168559, 0.0 ], [ 2240937.187612130306661, 540635.550009121885523, 0.0 ], [ 2240934.531948883552104, 540636.108907452551648, 0.0 ], [ 2240931.886049083899707, 540636.712338373297825, 0.0 ], [ 2240929.250659439712763, 540637.360131587716751, 0.0 ], [ 2240914.373446194455028, 540595.931004714104347, 0.0 ], [ 2240917.404578392859548, 540595.1340679313289, 0.0 ], [ 2240920.448639752808958, 540594.388037719181739, 0.0 ], [ 2240923.504775383975357, 540593.693123591598123, 0.0 ], [ 2240926.572127005085349, 540593.049520707456395, 0.0 ], [ 2240929.649833185132593, 540592.457409815280698, 0.0 ], [ 2240932.737029585521668, 540591.916957202833146, 0.0 ], [ 2240935.832849201280624, 540591.428314650082029, 0.0 ], [ 2240938.936422607395798, 540590.991619386593811, 0.0 ], [ 2240942.046878200024366, 540590.60699405358173, 0.0 ], [ 2240945.163342442829162, 540590.274546668515541, 0.0 ], [ 2240948.284940111916512, 540589.994370595552027, 0.0 ], [ 2240951.410794542171061, 540589.766544518992305, 0.0 ], [ 2240954.540027872659266, 540589.591132421162911, 0.0 ], [ 2240957.542132137343287, 540632.96983672992792, 0.0 ] ] } },
{ "type": "Feature", "properties": { "fid": 5188, "handle": 3756588, "block": -1, "etype": 18, "space": 0, "layer": "0_Limits", "olinetype": "bylayer", "linetype": "", "color": "0,0,0,65", "ocolor": 256, "color24": -1, "transparency": 0, "lweight": -1, "linewidth": 0.13, "ltscale": 1.0, "visible": 1, "width": 1.0, "thickness": 0.0, "ext": "(3:0,0,0.1)" }, "geometry": { "type": "LineString", "coordinates": [ [ 2240920.850006100721657, 540578.947233058512211, 0.0 ], [ 2240923.408168280962855, 540572.779023957904428, 0.0 ], [ 2240922.146349098533392, 540571.857504584011622, 0.0 ], [ 2240920.900791650637984, 540570.91412117832806, 0.0 ], [ 2240919.67187473969534, 540569.94916064478457, 0.0 ], [ 2240918.459972106385976, 540568.962916449410841, 0.0 ], [ 2240917.265452317427844, 540567.955688531277701, 0.0 ], [ 2240916.088678652886301, 540566.92778321064543, 0.0 ], [ 2240914.930008995812386, 540565.879513096646406, 0.0 ], [ 2240913.789795724209398, 540564.811196991591714, 0.0 ], [ 2240912.668385601602495, 540563.723159794346429, 0.0 ], [ 2240911.566119674127549, 540562.615732401143759, 0.0 ], [ 2240910.483333165757358, 540561.489251605584286, 0.0 ], [ 2240909.420355375856161, 540560.344059995608404, 0.0 ], [ 2240908.377509579528123, 540559.18050584953744, 0.0 ], [ 2240907.355112929828465, 540557.998943030135706, 0.0 ], [ 2240906.353476360440254, 540556.799730877159163, 0.0 ], [ 2240905.372904490679502, 540555.583234097692184, 0.0 ], [ 2240904.413695535156876, 540554.349822655669414, 0.0 ], [ 2240903.476141210645437, 540553.099871659069322, 0.0 ], [ 2240902.560526648070663, 540551.833761245827191, 0.0 ], [ 2240901.667130306363106, 540550.551876468583941, 0.0 ], [ 2240900.796223887708038, 540549.254607176873833, 0.0 ], [ 2240899.948072253260761, 540547.942347899428569, 0.0 ], [ 2240899.122933345846832, 540546.61549772368744, 0.0 ], [ 2240898.321058108471334, 540545.27446017425973, 0.0 ], [ 2240897.542690408881754, 540543.919643090805039, 0.0 ], [ 2240896.788066965993494, 540542.551458503236063, 0.0 ], [ 2240896.057417278643698, 540541.170322507270612, 0.0 ], [ 2240895.350963552482426, 540539.776655137073249, 0.0 ], [ 2240894.668920636642724, 540538.370880238129757, 0.0 ], [ 2240894.01149595528841, 540536.953425337909721, 0.0 ], [ 2240893.378889446146786, 540535.524721516179852, 0.0 ], [ 2240892.771293499041349, 540534.085203273687512, 0.0 ], [ 2240892.188892897218466, 540532.635308400029317, 0.0 ], [ 2240891.631864761933684, 540531.175477840704843, 0.0 ], [ 2240878.672429698053747, 540534.485615882906131, 0.0 ], [ 2240865.962172579951584, 540538.651349314139225, 0.0 ], [ 2240885.835996215231717, 540589.733427272760309, 0.0 ], [ 2240888.934443148318678, 540588.499859320465475, 0.0 ], [ 2240892.052243845537305, 540587.316059463424608, 0.0 ], [ 2240895.188598977401853, 540586.182331199757755, 0.0 ], [ 2240898.342704457230866, 540585.098965190351009, 0.0 ], [ 2240901.51375164790079, 540584.066239184234291, 0.0 ], [ 2240904.700927568599582, 540583.084417947917245, 0.0 ], [ 2240907.903415103442967, 540582.153753196820617, 0.0 ], [ 2240911.120393211022019, 540581.274483531131409, 0.0 ], [ 2240914.351037134882063, 540580.44683437468484, 0.0 ], [ 2240917.594518615398556, 540579.671017916873097, 0.0 ], [ 2240920.850006100721657, 540578.947233058512211, 0.0 ] ] } },
{ "type": "Feature", "properties": { "fid": 5189, "handle": 3756612, "block": -1, "etype": 18, "space": 0, "layer": "0_Limits", "olinetype": "bylayer", "linetype": "", "color": "0,0,0,65", "ocolor": 256, "color24": -1, "transparency": 0, "lweight": -1, "linewidth": 0.13, "ltscale": 1.0, "visible": 1, "width": 1.0, "thickness": 0.0, "ext": "(3:0,0,0.1)" }, "geometry": { "type": "LineString", "coordinates": [ [ 2240865.962172579951584, 540538.651349314139225, 0.0 ], [ 2240853.256714552640915, 540543.787610146682709, 0.0 ], [ 2240853.589999999850988, 540547.0, 0.0 ], [ 2240851.08, 540562.0, 0.0 ], [ 2240836.720000000204891, 540584.0, 0.0 ], [ 2240850.295868410728872, 540608.389953785343096, 0.0 ], [ 2240853.112946309149265, 540606.576865753275342, 0.0 ], [ 2240855.95882129156962, 540604.80932178418152, 0.0 ], [ 2240858.832757107447833, 540603.087779155233875, 0.0 ], [ 2240861.734010247513652, 540601.412683243048377, 0.0 ], [ 2240864.661830134689808, 540599.784467407967895, 0.0 ], [ 2240867.615459319669753, 540598.203552882303484, 0.0 ], [ 2240870.594133674632758, 540596.670348660903983, 0.0 ], [ 2240873.597082593943924, 540595.185251395800151, 0.0 ], [ 2240876.623529190663248, 540593.74864529306069, 0.0 ], [ 2240879.672690499573946, 540592.360902013955638, 0.0 ], [ 2240882.743777679279447, 540591.02238057856448, 0.0 ], [ 2240885.835996215231717, 540589.733427272876725, 0.0 ], [ 2240865.962172579951584, 540538.651349314139225, 0.0 ] ] } },
{ "type": "Feature", "properties": { "fid": 5190, "handle": 3756613, "block": -1, "etype": 18, "space": 0, "layer": "0_Limits", "olinetype": "bylayer", "linetype": "", "color": "0,0,0,65", "ocolor": 256, "color24": -1, "transparency": 0, "lweight": -1, "linewidth": 0.13, "ltscale": 1.0, "visible": 1, "width": 1.0, "thickness": 0.0, "ext": "(3:0,0,0.1)" }, "geometry": { "type": "LineString", "coordinates": [ [ 2240836.720000000204891, 540584.0, 0.0 ], [ 2240850.295868410728872, 540608.389953785343096, 0.0 ], [ 2240847.525187052320689, 540610.219569524168037, 0.0 ], [ 2240844.785247063264251, 540612.094908906612545, 0.0 ], [ 2240842.076802931260318, 540614.015455527580343, 0.0 ], [ 2240839.400600469205528, 540615.980680533451959, 0.0 ], [ 2240836.757376613095403, 540617.990042767720297, 0.0 ], [ 2240834.147859217599034, 540620.042988920002244, 0.0 ], [ 2240831.572766855359077, 540622.138953678309917, 0.0 ], [ 2240829.032808620017022, 540624.277359884697944, 0.0 ], [ 2240826.52868392970413, 540626.457618694636039, 0.0 ], [ 2240824.061082336120307, 540628.679129738477059, 0.0 ], [ 2240821.630683333612978, 540630.941281287115999, 0.0 ], [ 2240819.238156171049923, 540633.243450420559384, 0.0 ], [ 2240816.884159670211375, 540635.585003199172206, 0.0 ], [ 2240814.569342041853815, 540637.965294838650152, 0.0 ], [ 2240808.206688112579286, 540636.496619861805812, 0.0 ], [ 2240806.582870262209326, 540632.79087746492587, 0.0 ], [ 2240805.016576630063355, 540629.060457196319476, 0.0 ], [ 2240803.508182112127542, 540625.306251940783113, 0.0 ], [ 2240802.058047745842487, 540621.529160276171751, 0.0 ], [ 2240795.836003056261688, 540602.84889059420675, 0.0 ], [ 2240789.927319911308587, 540584.067150019807741, 0.0 ], [ 2240802.886665362399071, 540578.337951987748966, 0.0 ], [ 2240811.299999999813735, 540590.0, 0.0 ], [ 2240827.930000000167638, 540588.0, 0.0 ], [ 2240831.620000000111759, 540587.0, 0.0 ], [ 2240836.720000000204891, 540584.0, 0.0 ] ] } },
{ "type": "Feature", "properties": { "fid": 5191, "handle": 3756614, "block": -1, "etype": 18, "space": 0, "layer": "0_Limits", "olinetype": "bylayer", "linetype": "", "color": "0,0,0,65", "ocolor": 256, "color24": -1, "transparency": 0, "lweight": -1, "linewidth": 0.13, "ltscale": 1.0, "visible": 1, "width": 1.0, "thickness": 0.0, "ext": "(3:0,0,0.1)" }, "geometry": { "type": "LineString", "coordinates": [ [ 2240779.680000000167638, 540538.849999999976717, 0.0 ], [ 2240778.18066355260089, 540539.205471211462282, 0.0 ], [ 2240775.772469068877399, 540528.796373699093238, 0.0 ], [ 2240773.520537322387099, 540518.352355550043285, 0.0 ], [ 2240771.425374089740217, 540507.875762462499551, 0.0 ], [ 2240769.487449939828366, 540497.368947451235726, 0.0 ], [ 2240767.70720012485981, 540486.834270318737254, 0.0 ], [ 2240766.085024483967572, 540476.27409712492954, 0.0 ], [ 2240770.800875401590019, 540471.758984725922346, 0.0 ], [ 2240774.001907160039991, 540472.557107744039968, 0.0 ], [ 2240777.215338684152812, 540473.303741864976473, 0.0 ], [ 2240780.440341826993972, 540473.998694670735858, 0.0 ], [ 2240783.676085458137095, 540474.641787061700597, 0.0 ], [ 2240786.921735681127757, 540475.232853304129094, 0.0 ], [ 2240790.176456044428051, 540475.77174107148312, 0.0 ], [ 2240793.439407761208713, 540476.25831148494035, 0.0 ], [ 2240796.709749921225011, 540476.692439148086123, 0.0 ], [ 2240799.98663971060887, 540477.074012180091813, 0.0 ], [ 2240803.269232627935708, 540477.402932244236581, 0.0 ], [ 2240806.556682702619582, 540477.679114572936669, 0.0 ], [ 2240810.031122910324484, 540519.983359457459301, 0.0 ], [ 2240795.02, 540528.0, 0.0 ], [ 2240779.680000000167638, 540538.849999999976717, 0.0 ] ] } },
{ "type": "Feature", "properties": { "fid": 5192, "handle": 3756638, "block": -1, "etype": 18, "space": 0, "layer": "0_Limits", "olinetype": "bylayer", "linetype": "", "color": "0,0,0,65", "ocolor": 256, "color24": -1, "transparency": 0, "lweight": -1, "linewidth": 0.13, "ltscale": 1.0, "visible": 1, "width": 1.0, "thickness": 0.0, "ext": "(3:0,0,0.1)" }, "geometry": { "type": "LineString", "coordinates": [ [ 2240885.738094281870872, 540466.463606414734386, 0.0 ], [ 2240891.036762781906873, 540470.405806119902991, 0.0 ], [ 2240890.547106025274843, 540471.846037658164278, 0.0 ], [ 2240890.081971436738968, 540473.29437478678301, 0.0 ], [ 2240889.641493096016347, 540474.75040001119487, 0.0 ], [ 2240889.225797973573208, 540476.213693620986305, 0.0 ], [ 2240888.835005896631628, 540477.68383381026797, 0.0 ], [ 2240888.469229514710605, 540479.160396799677983, 0.0 ], [ 2240888.128574265167117, 540480.642956958385184, 0.0 ], [ 2240887.813138345256448, 540482.131086927023716, 0.0 ], [ 2240887.523012680932879, 540483.624357740394771, 0.0 ], [ 2240887.258280903566629, 540485.122338951681741, 0.0 ], [ 2240887.019019324332476, 540486.624598756083287, 0.0 ], [ 2240886.805296911858022, 540488.130704115494154, 0.0 ], [ 2240886.61717527359724, 540489.640220883418806, 0.0 ], [ 2240886.454708637204021, 540491.152713929768652, 0.0 ], [ 2240886.31794383469969, 540492.667747266707011, 0.0 ], [ 2240886.206920289434493, 540494.184884174028412, 0.0 ], [ 2240886.121670005377382, 540495.703687325352803, 0.0 ], [ 2240886.062217555940151, 540497.223718913621269, 0.0 ], [ 2240886.028580078855157, 540498.744540778105147, 0.0 ], [ 2240886.020767271053046, 540500.265714529901743, 0.0 ], [ 2240886.038781384006143, 540501.786801678943448, 0.0 ], [ 2240886.082617224659771, 540503.307363759959117, 0.0 ], [ 2240886.152262158226222, 540504.826962459133938, 0.0 ], [ 2240886.247696107719094, 540506.345159740303643, 0.0 ], [ 2240886.3688915646635, 540507.86151797126513, 0.0 ], [ 2240886.515813592355698, 540509.375600049970672, 0.0 ], [ 2240886.688419840298593, 540510.88696953037288, 0.0 ], [ 2240886.886660553514957, 540512.395190748618916, 0.0 ], [ 2240887.110478586517274, 540513.899828947964124, 0.0 ], [ 2240887.35980942286551, 540515.400450405082665, 0.0 ], [ 2240887.634581190999597, 540516.896622553816997, 0.0 ], [ 2240887.934714685194194, 540518.387914111022837, 0.0 ], [ 2240888.260123390238732, 540519.873895200435072, 0.0 ], [ 2240888.610713504720479, 540521.354137476184405, 0.0 ], [ 2240888.986383967567235, 540522.828214247128926, 0.0 ], [ 2240872.867263277061284, 540528.573081714450382, 0.0 ], [ 2240856.257713921833783, 540532.69041389238555, 0.0 ], [ 2240849.661664113868028, 540475.757719819317572, 0.0 ], [ 2240852.733861624728888, 540475.273345651570708, 0.0 ], [ 2240855.79716016817838, 540474.73555580934044, 0.0 ], [ 2240858.85063108894974, 540474.144513326580636, 0.0 ], [ 2240861.893348711077124, 540473.500397380790673, 0.0 ], [ 2240864.924390618689358, 540472.803403239231557, 0.0 ], [ 2240867.942837935872376, 540472.053742199321277, 0.0 ], [ 2240870.947775603737682, 540471.2516415247228, 0.0 ], [ 2240873.938292659819126, 540470.397344376542605, 0.0 ], [ 2240876.913482512813061, 540469.491109739639796, 0.0 ], [ 2240879.872443218715489, 540468.53321234358009, 0.0 ], [ 2240882.814277752768248, 540467.523942580097355, 0.0 ], [ 2240885.738094281870872, 540466.463606414734386, 0.0 ] ] } },
{ "type": "Feature", "properties": { "fid": 5193, "handle": 3756742, "block": -1, "etype": 18, "space": 0, "layer": "0_Limits", "olinetype": "bylayer", "linetype": "", "color": "0,0,0,65", "ocolor": 256, "color24": -1, "transparency": 0, "lweight": -1, "linewidth": 0.13, "ltscale": 1.0, "visible": 1, "width": 1.0, "thickness": 0.0, "ext": "(3:0,0,0.1)" }, "geometry": { "type": "LineString", "coordinates": [ [ 2240846.140000000130385, 540525.0, 0.0 ], [ 2240833.562819120008498, 540517.009534824639559, 0.0 ], [ 2240828.81, 540513.99, 0.0 ], [ 2240815.58, 540517.020000000018626, 0.0 ], [ 2240810.031122910324484, 540519.983359457575716, 0.0 ], [ 2240806.556682702619582, 540477.679114572936669, 0.0 ], [ 2240810.481636943295598, 540477.842593006789684, 0.0 ], [ 2240814.40882561262697, 540477.938406069763005, 0.0 ], [ 2240818.337082261219621, 540477.966525303781964, 0.0 ], [ 2240822.265240121632814, 540477.926942356862128, 0.0 ], [ 2240826.19213245715946, 540477.819668985903263, 0.0 ], [ 2240830.116592905018479, 540477.644737052964047, 0.0 ], [ 2240834.037455826066434, 540477.402198516414501, 0.0 ], [ 2240837.953556649852544, 540477.092125414521433, 0.0 ], [ 2240841.863732219208032, 540476.714609845192172, 0.0 ], [ 2240845.766821137629449, 540476.269763937569223, 0.0 ], [ 2240849.661664113868028, 540475.757719819433987, 0.0 ], [ 2240856.257713921833783, 540532.69041389238555, 0.0 ], [ 2240850.278348494321108, 540533.751794399344362, 0.0 ], [ 2240846.140000000130385, 540525.0, 0.0 ] ] } },
{ "type": "Feature", "properties": { "fid": 5194, "handle": 3756954, "block": -1, "etype": 18, "space": 0, "layer": "0_Limits", "olinetype": "bylayer", "linetype": "", "color": "0,0,0,65", "ocolor": 256, "color24": -1, "transparency": 0, "lweight": -1, "linewidth": 0.13, "ltscale": 1.0, "visible": 1, "width": 1.0, "thickness": 0.0, "ext": "(3:0,0,0.1)" }, "geometry": { "type": "LineString", "coordinates": [ [ 2240764.408659514505416, 540450.290802735136822, 0.0 ], [ 2240768.309937200509012, 540455.489844225114211, 0.0 ], [ 2240771.60059522325173, 540456.430919283535331, 0.0 ], [ 2240774.906811023131013, 540457.315786264254712, 0.0 ], [ 2240778.227624578867108, 540458.144188229576685, 0.0 ], [ 2240781.562071630731225, 540458.915884637623094, 0.0 ], [ 2240784.909183960407972, 540459.630651412182488, 0.0 ], [ 2240788.267989671323448, 540460.28828100732062, 0.0 ], [ 2240791.637513472232968, 540460.888582468149252, 0.0 ], [ 2240795.0167769594118, 540461.431381486007012, 0.0 ], [ 2240798.404798900708556, 540461.916520449100062, 0.0 ], [ 2240801.800595521461219, 540462.343858488369733, 0.0 ], [ 2240805.203180789016187, 540462.713271518237889, 0.0 ], [ 2240808.611566699109972, 540463.024652272812091, 0.0 ], [ 2240812.024763564579189, 540463.277910336968489, 0.0 ], [ 2240814.849292454309762, 540429.428784075542353, 0.0 ], [ 2240765.226005566772074, 540422.75209672388155, 0.0 ], [ 2240764.900721398182213, 540428.253845208557323, 0.0 ], [ 2240764.656300684437156, 540433.759778798324987, 0.0 ], [ 2240764.492796183098108, 540439.268709044437855, 0.0 ], [ 2240764.410243187099695, 540444.779446851927787, 0.0 ], [ 2240764.408659514505416, 540450.290802735136822, 0.0 ] ] } },
{ "type": "Feature", "properties": { "fid": 5195, "handle": 3756978, "block": -1, "etype": 18, "space": 0, "layer": "0_Limits", "olinetype": "bylayer", "linetype": "", "color": "0,0,0,65", "ocolor": 256, "color24": -1, "transparency": 0, "lweight": -1, "linewidth": 0.13, "ltscale": 1.0, "visible": 1, "width": 1.0, "thickness": 0.0, "ext": "(3:0,0,0.1)" }, "geometry": { "type": "LineString", "coordinates": [ [ 2240765.226005566772074, 540422.75209672388155, 0.0 ], [ 2240765.52485688123852, 540418.828178377822042, 0.0 ], [ 2240765.886637471150607, 540414.909561006817967, 0.0 ], [ 2240766.311254168860614, 540410.997253764886409, 0.0 ], [ 2240766.798597623128444, 540407.092264180770144, 0.0 ], [ 2240767.348542328923941, 540403.195597898447886, 0.0 ], [ 2240767.960946660954505, 540399.308258418925107, 0.0 ], [ 2240768.635652907192707, 540395.431246840860695, 0.0 ], [ 2240769.372487312182784, 540391.565561603521928, 0.0 ], [ 2240770.171260120812804, 540387.712198229040951, 0.0 ], [ 2240818.584281816612929, 540397.877056279219687, 0.0 ], [ 2240814.849292449187487, 540429.428784125717357, 0.0 ], [ 2240765.226005566772074, 540422.75209672388155, 0.0 ] ] } },
{ "type": "Feature", "properties": { "fid": 5196, "handle": 3756979, "block": -1, "etype": 18, "space": 0, "layer": "0_Limits", "olinetype": "bylayer", "linetype": "", "color": "0,0,0,65", "ocolor": 256, "color24": -1, "transparency": 0, "lweight": -1, "linewidth": 0.13, "ltscale": 1.0, "visible": 1, "width": 1.0, "thickness": 0.0, "ext": "(3:0,0,0.1)" }, "geometry": { "type": "LineString", "coordinates": [ [ 2240770.171260120812804, 540387.712198229040951, 0.0 ], [ 2240771.289702565409243, 540382.619383451063186, 0.0 ], [ 2240772.491721789818257, 540377.545644627767615, 0.0 ], [ 2240773.776992882601917, 540372.49235321697779, 0.0 ], [ 2240775.145168427843601, 540367.460875149699859, 0.0 ], [ 2240776.595878600608557, 540362.452570460620336, 0.0 ], [ 2240778.128731266595423, 540357.468792920582928, 0.0 ], [ 2240783.901214344892651, 540354.453267935663462, 0.0 ], [ 2240786.092171764466912, 540355.210229183780029, 0.0 ], [ 2240788.295797545928508, 540355.929477515863255, 0.0 ], [ 2240790.511442589573562, 540356.610801070579328, 0.0 ], [ 2240792.738454257138073, 540357.253999157808721, 0.0 ], [ 2240794.976176560856402, 540357.858882317319512, 0.0 ], [ 2240797.22395035950467, 540358.425272375112399, 0.0 ], [ 2240799.48111354932189, 540358.953002495807596, 0.0 ], [ 2240801.747001262381673, 540359.441917231539264, 0.0 ], [ 2240804.020946059841663, 540359.891872567823157, 0.0 ], [ 2240806.302278129849583, 540360.302735966164619, 0.0 ], [ 2240808.590325484983623, 540360.674386402824894, 0.0 ], [ 2240810.884414159227163, 540361.006714404677041, 0.0 ], [ 2240813.183868407271802, 540361.299622081336565, 0.0 ], [ 2240815.488010903354734, 540361.553023154381663, 0.0 ], [ 2240817.796162941027433, 540361.766842981800437, 0.0 ], [ 2240820.107644631527364, 540361.94101858115755, 0.0 ], [ 2240822.421775107271969, 540362.075498647405766, 0.0 ], [ 2240818.584281816612929, 540397.877056279219687, 0.0 ], [ 2240770.171260120812804, 540387.712198229040951, 0.0 ] ] } },
{ "type": "Feature", "properties": { "fid": 5197, "handle": 3757005, "block": -1, "etype": 18, "space": 0, "layer": "0_Limits", "olinetype": "bylayer", "linetype": "", "color": "0,0,0,65", "ocolor": 256, "color24": -1, "transparency": 0, "lweight": -1, "linewidth": 0.13, "ltscale": 1.0, "visible": 1, "width": 1.0, "thickness": 0.0, "ext": "(3:0,0,0.1)" }, "geometry": { "type": "LineString", "coordinates": [ [ 2240816.337275781203061, 540416.528999999165535, 0.0 ], [ 2240845.526212056167424, 540415.858081853599288, 0.0 ], [ 2240848.80966998776421, 540460.730706778122112, 0.0 ], [ 2240845.491062213666737, 540461.233820291468874, 0.0 ], [ 2240842.164710838813335, 540461.68289411359001, 0.0 ], [ 2240838.831495778169483, 540462.077809451613575, 0.0 ], [ 2240835.492298761382699, 540462.418461839202791, 0.0 ], [ 2240832.148003101348877, 540462.704761164262891, 0.0 ], [ 2240828.799493459053338, 540462.936631692340598, 0.0 ], [ 2240825.447655610740185, 540463.114012087113224, 0.0 ], [ 2240822.093376212753356, 540463.236855426453985, 0.0 ], [ 2240818.737542567774653, 540463.305129214772023, 0.0 ], [ 2240815.381042388267815, 540463.318815391743556, 0.0 ], [ 2240812.024763564579189, 540463.277910336968489, 0.0 ], [ 2240814.849292449187487, 540429.428784125717357, 0.0 ], [ 2240816.337275781203061, 540416.528999999165535, 0.0 ] ] } },
{ "type": "Feature", "properties": { "fid": 5198, "handle": 3757006, "block": -1, "etype": 18, "space": 0, "layer": "0_Limits", "olinetype": "bylayer", "linetype": "", "color": "0,0,0,65", "ocolor": 256, "color24": -1, "transparency": 0, "lweight": -1, "linewidth": 0.13, "ltscale": 1.0, "visible": 1, "width": 1.0, "thickness": 0.0, "ext": "(3:0,0,0.1)" }, "geometry": { "type": "LineString", "coordinates": [ [ 2240816.337275781203061, 540416.528999999165535, 0.0 ], [ 2240818.584281816612929, 540397.877056279219687, 0.0 ], [ 2240822.421775107271969, 540362.075498647405766, 0.0 ], [ 2240824.874503635335714, 540362.110618065227754, 0.0 ], [ 2240827.327476701233536, 540362.10480935999658, 0.0 ], [ 2240829.780011395458132, 540362.058074148604646, 0.0 ], [ 2240832.231424928177148, 540361.970425442443229, 0.0 ], [ 2240834.681034823413938, 540361.841887642862275, 0.0 ], [ 2240837.128159106709063, 540361.672496534883976, 0.0 ], [ 2240839.572116495110095, 540361.462299277423881, 0.0 ], [ 2240842.012226588558406, 540361.21135438955389, 0.0 ], [ 2240844.447810057085007, 540360.919731734553352, 0.0 ], [ 2240846.878188831266016, 540360.587512500584126, 0.0 ], [ 2240853.506868771743029, 540414.545356635935605, 0.0 ], [ 2240845.526212056167424, 540415.858081853599288, 0.0 ], [ 2240816.337275781203061, 540416.528999999165535, 0.0 ] ] } },
{ "type": "Feature", "properties": { "fid": 5199, "handle": 3757032, "block": -1, "etype": 18, "space": 0, "layer": "0_Limits", "olinetype": "bylayer", "linetype": "", "color": "0,0,0,65", "ocolor": 256, "color24": -1, "transparency": 0, "lweight": -1, "linewidth": 0.13, "ltscale": 1.0, "visible": 1, "width": 1.0, "thickness": 0.0, "ext": "(3:0,0,0.1)" }, "geometry": { "type": "LineString", "coordinates": [ [ 2240924.22592644020915, 540426.572080035228282, 0.0 ], [ 2240901.283355340361595, 540394.297121269861236, 0.0 ], [ 2240916.566723339259624, 540385.273807341232896, 0.0 ], [ 2240953.173370477277786, 540389.117660349467769, 0.0 ], [ 2240953.321500440128148, 540395.704256128985435, 0.0 ], [ 2240953.578783400822431, 540402.287491802009754, 0.0 ], [ 2240953.945148670114577, 540408.86555861053057, 0.0 ], [ 2240950.238859681412578, 540414.208497058134526, 0.0 ], [ 2240941.91609979281202, 540416.948010769672692, 0.0 ], [ 2240940.806060099508613, 540417.372818682109937, 0.0 ], [ 2240939.703222116921097, 540417.815987122943625, 0.0 ], [ 2240938.607889511622488, 540418.277394065866247, 0.0 ], [ 2240937.520363883581012, 540418.756912462064065, 0.0 ], [ 2240936.440944684203714, 540419.254410276073031, 0.0 ], [ 2240935.369929131586105, 540419.769750521751121, 0.0 ], [ 2240934.307612129952759, 540420.302791299880482, 0.0 ], [ 2240933.25428618863225, 540420.853385837632231, 0.0 ], [ 2240932.210241341497749, 540421.421382528496906, 0.0 ], [ 2240931.175765066873282, 540422.006624974310398, 0.0 ], [ 2240930.151142208371311, 540422.608952028560452, 0.0 ], [ 2240929.136654895264655, 540423.228197840158828, 0.0 ], [ 2240928.132582467980683, 540423.864191899541765, 0.0 ], [ 2240927.13920139754191, 540424.516759085468948, 0.0 ], [ 2240926.156785211991519, 540425.185719713568687, 0.0 ], [ 2240925.185604420024902, 540425.870889584999532, 0.0 ], [ 2240924.225926436949521, 540426.572080038255081, 0.0 ] ] } },
{ "type": "Feature", "properties": { "fid": 5200, "handle": 3757033, "block": -1, "etype": 18, "space": 0, "layer": "0_Limits", "olinetype": "bylayer", "linetype": "", "color": "0,0,0,65", "ocolor": 256, "color24": -1, "transparency": 0, "lweight": -1, "linewidth": 0.13, "ltscale": 1.0, "visible": 1, "width": 1.0, "thickness": 0.0, "ext": "(3:0,0,0.1)" }, "geometry": { "type": "LineString", "coordinates": [ [ 2240916.566723339259624, 540385.273807341232896, 0.0 ], [ 2240953.173370477277786, 540389.117660349002108, 0.0 ], [ 2240953.135859339963645, 540382.733946031774394, 0.0 ], [ 2240953.19916380988434, 540376.350435390020721, 0.0 ], [ 2240953.363268098793924, 540369.968720467528328, 0.0 ], [ 2240953.628131280187517, 540363.59039286035113, 0.0 ], [ 2240953.993687295820564, 540357.217043319600634, 0.0 ], [ 2240954.459844977594912, 540350.850261354935355, 0.0 ], [ 2240955.026488065253943, 540344.491634838050231, 0.0 ], [ 2240909.987823601812124, 540362.281325002433732, 0.0 ], [ 2240916.566723339259624, 540385.273807341232896, 0.0 ] ] } },
{ "type": "Feature", "properties": { "fid": 5201, "handle": 3757034, "block": -1, "etype": 18, "space": 0, "layer": "0_Limits", "olinetype": "bylayer", "linetype": "", "color": "0,0,0,65", "ocolor": 256, "color24": -1, "transparency": 0, "lweight": -1, "linewidth": 0.13, "ltscale": 1.0, "visible": 1, "width": 1.0, "thickness": 0.0, "ext": "(3:0,0,0.1)" }, "geometry": { "type": "LineString", "coordinates": [ [ 2240909.987823601812124, 540362.281325002433732, 0.0 ], [ 2240900.579712879378349, 540340.826128031359985, 0.0 ], [ 2240902.569523982238024, 540339.558336691581644, 0.0 ], [ 2240904.537643705960363, 540338.257126539363526, 0.0 ], [ 2240906.483510839287192, 540336.922868615831248, 0.0 ], [ 2240908.406570516526699, 540335.555943385697901, 0.0 ], [ 2240910.306274375878274, 540334.15674062888138, 0.0 ], [ 2240912.666969798039645, 540332.56164686777629, 0.0 ], [ 2240915.054124176036566, 540331.006429533474147, 0.0 ], [ 2240917.467063993681222, 540329.491527418140322, 0.0 ], [ 2240919.905108458828181, 540328.017367939697579, 0.0 ], [ 2240922.367569696623832, 540326.584367020288482, 0.0 ], [ 2240924.85375294322148, 540325.192928969976492, 0.0 ], [ 2240927.362956740893424, 540323.843446371844038, 0.0 ], [ 2240929.894473138730973, 540322.536299971980043, 0.0 ], [ 2240932.447587888687849, 540321.27185857121367, 0.0 ], [ 2240935.021580649539828, 540320.050478921737522, 0.0 ], [ 2240937.615725190378726, 540318.872505626175553, 0.0 ], [ 2240940.229289592709392, 540317.738271040376276, 0.0 ], [ 2240942.861536460928619, 540316.64809517969843, 0.0 ], [ 2240945.511723127216101, 540315.602285628556274, 0.0 ], [ 2240948.17910186201334, 540314.601137453923002, 0.0 ], [ 2240950.862920085433871, 540313.644933121744543, 0.0 ], [ 2240953.562420580070466, 540312.733942417660728, 0.0 ], [ 2240958.788595293648541, 540316.664576978655532, 0.0 ], [ 2240958.058044546749443, 540320.611100552370772, 0.0 ], [ 2240957.391598767600954, 540324.568953851354308, 0.0 ], [ 2240956.789433282334358, 540328.537095663254149, 0.0 ], [ 2240956.251706504728645, 540332.51448206952773, 0.0 ], [ 2240955.778559898026288, 540336.500066719250754, 0.0 ], [ 2240955.370117934420705, 540340.492801104905084, 0.0 ], [ 2240955.026488065253943, 540344.491634838050231, 0.0 ], [ 2240909.987823601812124, 540362.281325002433732, 0.0 ] ] } },
{ "type": "Feature", "properties": { "fid": 5202, "handle": 3757061, "block": -1, "etype": 18, "space": 0, "layer": "0_Limits", "olinetype": "bylayer", "linetype": "", "color": "0,0,0,65", "ocolor": 256, "color24": -1, "transparency": 0, "lweight": -1, "linewidth": 0.13, "ltscale": 1.0, "visible": 1, "width": 1.0, "thickness": 0.0, "ext": "(3:0,0,0.1)" }, "geometry": { "type": "LineString", "coordinates": [ [ 2240845.526212056167424, 540415.858081853599288, 0.0 ], [ 2240853.506868771743029, 540414.545356635935605, 0.0 ], [ 2240875.161084412131459, 540409.874227401101962, 0.0 ], [ 2240888.514666721224785, 540449.28514608333353, 0.0 ], [ 2240885.775639954023063, 540450.402078625163995, 0.0 ], [ 2240883.018674085848033, 540451.473967209691182, 0.0 ], [ 2240880.244509818032384, 540452.500523857423104, 0.0 ], [ 2240877.453892472200096, 540453.481472768355161, 0.0 ], [ 2240874.647571790963411, 540454.416550395428203, 0.0 ], [ 2240871.826301734428853, 540455.305505515774712, 0.0 ], [ 2240868.990840281359851, 540456.148099298006855, 0.0 ], [ 2240866.141949220560491, 540456.944105366244912, 0.0 ], [ 2240863.280393951106817, 540457.693309861468151, 0.0 ], [ 2240860.406943273264915, 540458.395511498209089, 0.0 ], [ 2240857.52236918406561, 540459.050521619385108, 0.0 ], [ 2240854.627446668222547, 540459.658164246473461, 0.0 ], [ 2240851.722953490912914, 540460.218276126892306, 0.0 ], [ 2240848.809669988695532, 540460.730706778005697, 0.0 ], [ 2240845.526212056167424, 540415.858081853599288, 0.0 ] ] } },
{ "type": "Feature", "properties": { "fid": 5203, "handle": 3757086, "block": -1, "etype": 18, "space": 0, "layer": "0_Limits", "olinetype": "bylayer", "linetype": "", "color": "0,0,0,65", "ocolor": 256, "color24": -1, "transparency": 0, "lweight": -1, "linewidth": 0.13, "ltscale": 1.0, "visible": 1, "width": 1.0, "thickness": 0.0, "ext": "(3:0,0,0.1)" }, "geometry": { "type": "LineString", "coordinates": [ [ 2240888.514666721224785, 540449.28514608333353, 0.0 ], [ 2240891.183168891817331, 540448.139522928511724, 0.0 ], [ 2240893.832779937423766, 540446.950860842713155, 0.0 ], [ 2240896.462805758696049, 540445.719471210730262, 0.0 ], [ 2240899.07255738787353, 540444.445676610805094, 0.0 ], [ 2240901.661351166665554, 540443.129810729529709, 0.0 ], [ 2240904.228508928325027, 540441.77221827453468, 0.0 ], [ 2240906.773358173668385, 540440.373254884383641, 0.0 ], [ 2240909.295232246629894, 540438.93328703509178, 0.0 ], [ 2240911.793470510747284, 540437.452691944432445, 0.0 ], [ 2240912.743876898661256, 540436.453439412405714, 0.0 ], [ 2240913.710777755826712, 540435.470138513715938, 0.0 ], [ 2240914.693905388005078, 540434.503061482682824, 0.0 ], [ 2240915.692987608723342, 540433.552476062439382, 0.0 ], [ 2240916.707747814245522, 540432.618645429727621, 0.0 ], [ 2240917.737905059941113, 540431.7018281230703, 0.0 ], [ 2240918.783174138981849, 540430.802277970477007, 0.0 ], [ 2240919.843265661038458, 540429.920244019478559, 0.0 ], [ 2240920.917886130046099, 540429.055970467976294, 0.0 ], [ 2240922.006738030351698, 540428.209696596954018, 0.0 ], [ 2240923.109519903548062, 540427.381656703888439, 0.0 ], [ 2240924.225926436949521, 540426.572080038255081, 0.0 ], [ 2240901.283355340361595, 540394.297121269861236, 0.0 ], [ 2240890.402300992980599, 540400.785658918553963, 0.0 ], [ 2240875.161084412131459, 540409.874227401101962, 0.0 ], [ 2240888.514666721224785, 540449.28514608333353, 0.0 ] ] } },
{ "type": "Feature", "properties": { "fid": 5204, "handle": 3757113, "block": -1, "etype": 18, "space": 0, "layer": "0_Limits", "olinetype": "bylayer", "linetype": "", "color": "0,0,0,65", "ocolor": 256, "color24": -1, "transparency": 0, "lweight": -1, "linewidth": 0.13, "ltscale": 1.0, "visible": 1, "width": 1.0, "thickness": 0.0, "ext": "(3:0,0,0.1)" }, "geometry": { "type": "LineString", "coordinates": [ [ 2240890.402300992980599, 540400.785658918553963, 0.0 ], [ 2240872.332211362197995, 540354.350495394668542, 0.0 ], [ 2240870.071698376908898, 540355.113881706609391, 0.0 ], [ 2240867.798479488585144, 540355.838556464877911, 0.0 ], [ 2240865.513217584695667, 540356.524308349238709, 0.0 ], [ 2240863.216579062398523, 540357.170937389833853, 0.0 ], [ 2240860.909233637619764, 540357.77825502504129, 0.0 ], [ 2240858.591854148544371, 540358.346084156772122, 0.0 ], [ 2240856.265116359572858, 540358.87425920215901, 0.0 ], [ 2240853.929698762949556, 540359.362626141635701, 0.0 ], [ 2240851.586282382719219, 540359.811042564106174, 0.0 ], [ 2240849.235550575889647, 540360.219377708155662, 0.0 ], [ 2240846.878188831731677, 540360.58751250046771, 0.0 ], [ 2240853.506868771743029, 540414.545356635935605, 0.0 ], [ 2240875.161084412131459, 540409.874227401101962, 0.0 ], [ 2240890.402300992980599, 540400.785658918553963, 0.0 ] ] } },
{ "type": "Feature", "properties": { "fid": 5205, "handle": 3757138, "block": -1, "etype": 18, "space": 0, "layer": "0_Limits", "olinetype": "bylayer", "linetype": "", "color": "0,0,0,65", "ocolor": 256, "color24": -1, "transparency": 0, "lweight": -1, "linewidth": 0.13, "ltscale": 1.0, "visible": 1, "width": 1.0, "thickness": 0.0, "ext": "(3:0,0,0.1)" }, "geometry": { "type": "LineString", "coordinates": [ [ 2240900.579712879378349, 540340.826128031359985, 0.0 ], [ 2240909.987823601812124, 540362.281325002433732, 0.0 ], [ 2240916.566723339259624, 540385.273807341232896, 0.0 ], [ 2240901.283355340361595, 540394.297121269861236, 0.0 ], [ 2240890.402300992980599, 540400.785658918553963, 0.0 ], [ 2240872.332211362197995, 540354.350495394668542, 0.0 ], [ 2240874.603645492810756, 540353.533484678482637, 0.0 ], [ 2240876.860970070585608, 540352.67826232756488, 0.0 ], [ 2240879.103542325086892, 540351.785071865539066, 0.0 ], [ 2240881.330723687075078, 540350.854167627287097, 0.0 ], [ 2240883.541879968717694, 540349.885814686655067, 0.0 ], [ 2240885.736381546128541, 540348.880288781016134, 0.0 ], [ 2240887.91360353725031, 540347.837876232690178, 0.0 ], [ 2240890.072925980668515, 540346.758873867453076, 0.0 ], [ 2240892.21373401209712, 540345.643588930019177, 0.0 ], [ 2240894.335418039001524, 540344.492338996496983, 0.0 ], [ 2240896.437373913824558, 540343.305451883818023, 0.0 ], [ 2240898.519003108143806, 540342.083265556721017, 0.0 ], [ 2240900.579712879378349, 540340.826128031359985, 0.0 ] ] } },
{ "type": "Feature", "properties": { "fid": 5206, "handle": 3757429, "block": -1, "etype": 18, "space": 0, "layer": "0_Limits", "olinetype": "bylayer", "linetype": "", "color": "0,0,0,65", "ocolor": 256, "color24": -1, "transparency": 0, "lweight": -1, "linewidth": 0.13, "ltscale": 1.0, "visible": 1, "width": 1.0, "thickness": 0.0, "ext": "(3:0,0,0.1)" }, "geometry": { "type": "LineString", "coordinates": [ [ 2240950.671638470608741, 540201.532278912840411, 0.0 ], [ 2240950.90606704633683, 540229.119324269006029, 0.0 ], [ 2240933.978272631764412, 540247.552299749921076, 0.0 ], [ 2240904.294842386152595, 540202.007877780590206, 0.0 ], [ 2240907.540664549916983, 540200.156694297911599, 0.0 ], [ 2240910.816650053020567, 540198.359429490286857, 0.0 ], [ 2240914.121903294697404, 540196.616574700805359, 0.0 ], [ 2240917.455520671326667, 540194.928606397821568, 0.0 ], [ 2240920.816590826492757, 540193.295986044453457, 0.0 ], [ 2240924.204194897785783, 540191.719159972621128, 0.0 ], [ 2240927.617406769655645, 540190.198559260927141, 0.0 ], [ 2240931.055293324869126, 540188.734599617077038, 0.0 ], [ 2240934.516914701554924, 540187.327681263908744, 0.0 ], [ 2240938.001324547454715, 540185.978188830078579, 0.0 ], [ 2240941.507570282556117, 540184.686491244821809, 0.0 ], [ 2240945.034693355672061, 540183.452941637486219, 0.0 ], [ 2240950.671638470608741, 540201.532278912840411, 0.0 ] ] } },
{ "type": "Feature", "properties": { "fid": 5207, "handle": 3757545, "block": -1, "etype": 18, "space": 0, "layer": "0_Limits", "olinetype": "bylayer", "linetype": "", "color": "0,0,0,65", "ocolor": 256, "color24": -1, "transparency": 0, "lweight": -1, "linewidth": 0.13, "ltscale": 1.0, "visible": 1, "width": 1.0, "thickness": 0.0, "ext": "(3:0,0,0.1)" }, "geometry": { "type": "LineString", "coordinates": [ [ 2240841.171412384137511, 540328.007723795133643, 0.0 ], [ 2240798.920689532533288, 540308.964671834022738, 0.0 ], [ 2240801.062071977648884, 540305.095607778523117, 0.0 ], [ 2240803.263259648811072, 540301.260252739186399, 0.0 ], [ 2240805.523722041398287, 540297.45953106880188, 0.0 ], [ 2240807.842914363835007, 540293.694358773645945, 0.0 ], [ 2240810.220277672167867, 540289.965643291943707, 0.0 ], [ 2240812.655239000916481, 540286.274283275823109, 0.0 ], [ 2240815.14721150463447, 540282.621168374316767, 0.0 ], [ 2240817.22688118275255, 540279.764538736548275, 0.0 ], [ 2240819.33440158283338, 540276.928394061047584, 0.0 ], [ 2240856.972923986148089, 540302.293330782325938, 0.0 ], [ 2240841.171412384137511, 540328.007723795133643, 0.0 ] ] } },
{ "type": "Feature", "properties": { "fid": 5208, "handle": 3757629, "block": -1, "etype": 18, "space": 0, "layer": "0_Limits", "olinetype": "bylayer", "linetype": "", "color": "0,0,0,65", "ocolor": 256, "color24": -1, "transparency": 0, "lweight": -1, "linewidth": 0.13, "ltscale": 1.0, "visible": 1, "width": 1.0, "thickness": 0.0, "ext": "(3:0,0,0.1)" }, "geometry": { "type": "LineString", "coordinates": [ [ 2240950.671638470608741, 540201.532278912840411, 0.0 ], [ 2240950.90606704633683, 540229.119324269006029, 0.0 ], [ 2240979.889766795095056, 540240.109152202843688, 0.0 ], [ 2240983.254588960204273, 540231.963931106845848, 0.0 ], [ 2240986.736453456804156, 540223.868051010649651, 0.0 ], [ 2240990.334637009073049, 540215.823193645221181, 0.0 ], [ 2240994.048392177559435, 540207.831030142609961, 0.0 ], [ 2240950.671638470608741, 540201.532278912840411, 0.0 ] ] } },
{ "type": "Feature", "properties": { "fid": 5209, "handle": 3757679, "block": -1, "etype": 18, "space": 0, "layer": "0_Limits", "olinetype": "bylayer", "linetype": "", "color": "0,0,0,65", "ocolor": 256, "color24": -1, "transparency": 0, "lweight": -1, "linewidth": 0.13, "ltscale": 1.0, "visible": 1, "width": 1.0, "thickness": 0.0, "ext": "(3:0,0,0.1)" }, "geometry": { "type": "LineString", "coordinates": [ [ 2240841.171412384137511, 540328.007723795133643, 0.0 ], [ 2240856.972923985682428, 540302.293330781976692, 0.0 ], [ 2240866.195344435051084, 540293.079195216996595, 0.0 ], [ 2240889.044380370527506, 540333.719461134402081, 0.0 ], [ 2240887.139479119796306, 540334.775688088033348, 0.0 ], [ 2240885.216533544007689, 540335.798695646109991, 0.0 ], [ 2240883.276122896000743, 540336.788175645517185, 0.0 ], [ 2240881.318831690121442, 540337.7438300231006, 0.0 ], [ 2240879.34524952666834, 540338.665370904607698, 0.0 ], [ 2240877.355970912147313, 540339.552520692232065, 0.0 ], [ 2240875.35159508138895, 540340.405012147733942, 0.0 ], [ 2240873.332725817803293, 540341.222588472999632, 0.0 ], [ 2240871.299971269443631, 540342.005003387574106, 0.0 ], [ 2240869.253943767864257, 540342.752021202933975, 0.0 ], [ 2240867.1952596437186, 540343.463416892918758, 0.0 ], [ 2240865.124539038166404, 540344.138976162299514, 0.0 ], [ 2240863.042405719868839, 540344.778495510690846, 0.0 ], [ 2240860.949486894533038, 540345.381782294134609, 0.0 ], [ 2240858.846413017250597, 540345.948654783074744, 0.0 ], [ 2240856.733817601576447, 540346.478942217305303, 0.0 ], [ 2240854.61233703000471, 540346.972484857076779, 0.0 ], [ 2240852.482610361184925, 540347.429134031292051, 0.0 ], [ 2240850.345279137603939, 540347.848752182442695, 0.0 ], [ 2240848.200987192802131, 540348.231212907936424, 0.0 ], [ 2240846.050380456261337, 540348.57640099839773, 0.0 ], [ 2240841.171412384137511, 540328.007723795133643, 0.0 ] ] } },
{ "type": "Feature", "properties": { "fid": 5212, "handle": 3758110, "block": -1, "etype": 18, "space": 0, "layer": "0_Limits", "olinetype": "bylayer", "linetype": "", "color": "0,0,0,65", "ocolor": 256, "color24": -1, "transparency": 0, "lweight": -1, "linewidth": 0.13, "ltscale": 1.0, "visible": 1, "width": 1.0, "thickness": 0.0, "ext": "(3:0,0,0.1)" }, "geometry": { "type": "LineString", "coordinates": [ [ 2240865.556172975338995, 540147.767458149115555, 0.0 ], [ 2240898.996472721919417, 540128.836117226048373, 0.0 ], [ 2240918.49327456811443, 540177.627299936139025, 0.0 ], [ 2240913.410861727315933, 540180.12010553793516, 0.0 ], [ 2240908.371145185548812, 540182.698139135492966, 0.0 ], [ 2240903.375554021447897, 540185.360669693327509, 0.0 ], [ 2240898.425504800863564, 540188.10694221558515, 0.0 ], [ 2240893.522401176393032, 540190.936177960014902, 0.0 ], [ 2240865.556172975338995, 540147.767458149115555, 0.0 ] ] } },
{ "type": "Feature", "properties": { "fid": 5213, "handle": 3758111, "block": -1, "etype": 18, "space": 0, "layer": "0_Limits", "olinetype": "bylayer", "linetype": "", "color": "0,0,0,65", "ocolor": 256, "color24": -1, "transparency": 0, "lweight": -1, "linewidth": 0.13, "ltscale": 1.0, "visible": 1, "width": 1.0, "thickness": 0.0, "ext": "(3:0,0,0.1)" }, "geometry": { "type": "LineString", "coordinates": [ [ 2240898.996472721919417, 540128.836117226048373, 0.0 ], [ 2240918.49327456811443, 540177.627299936139025, 0.0 ], [ 2240920.06245929421857, 540176.831370881409384, 0.0 ], [ 2240921.644355394411832, 540176.061014800216071, 0.0 ], [ 2240923.238546141423285, 540175.316434632171877, 0.0 ], [ 2240924.844611567445099, 540174.597826526034623, 0.0 ], [ 2240926.462128578685224, 540173.905379789066501, 0.0 ], [ 2240928.090671062003821, 540173.239276836509816, 0.0 ], [ 2240929.729810001794249, 540172.599693143740296, 0.0 ], [ 2240931.379113590344787, 540171.986797199817374, 0.0 ], [ 2240933.03814734145999, 540171.400750463712029, 0.0 ], [ 2240934.706474206410348, 540170.84170732088387, 0.0 ], [ 2240936.383654688484967, 540170.309815043467097, 0.0 ], [ 2240938.069246958009899, 540169.805213750805706, 0.0 ], [ 2240939.762806970160455, 540169.328036372899078, 0.0 ], [ 2240941.463888579979539, 540168.878408615477383, 0.0 ], [ 2240944.422486337833107, 540163.08875751378946, 0.0 ], [ 2240940.431107770651579, 540151.641514215967618, 0.0 ], [ 2240936.633386604953557, 540140.128573847468942, 0.0 ], [ 2240933.0304034515284, 540128.553212324739434, 0.0 ], [ 2240929.623183511663228, 540116.918723325943574, 0.0 ], [ 2240898.996472721919417, 540128.836117226048373, 0.0 ] ] } },
{ "type": "Feature", "properties": { "fid": 5214, "handle": 3758112, "block": -1, "etype": 18, "space": 0, "layer": "0_Limits", "olinetype": "bylayer", "linetype": "", "color": "0,0,0,65", "ocolor": 256, "color24": -1, "transparency": 0, "lweight": -1, "linewidth": 0.13, "ltscale": 1.0, "visible": 1, "width": 1.0, "thickness": 0.0, "ext": "(3:0,0,0.1)" }, "geometry": { "type": "LineString", "coordinates": [ [ 2240956.494057660922408, 540161.193461442016996, 0.0 ], [ 2240962.068551501259208, 540164.541470615309663, 0.0 ], [ 2240964.837806546129286, 540164.15720172249712, 0.0 ], [ 2240967.612665373831987, 540163.815742245991714, 0.0 ], [ 2240970.392466240562499, 540163.517173616332002, 0.0 ], [ 2240973.176546225324273, 540163.261567035573535, 0.0 ], [ 2240975.964241386391222, 540163.048983460408635, 0.0 ], [ 2240978.754886919166893, 540162.879473587265238, 0.0 ], [ 2240981.547817315906286, 540162.753077840432525, 0.0 ], [ 2240975.939503964036703, 540107.072891197400168, 0.0 ], [ 2240940.267105191014707, 540110.441027794149704, 0.0 ], [ 2240943.20373162208125, 540120.68765937036369, 0.0 ], [ 2240946.295469448436052, 540130.888560833991505, 0.0 ], [ 2240949.541607057210058, 540141.041384287527762, 0.0 ], [ 2240952.941397299990058, 540151.143792899441905, 0.0 ], [ 2240956.494057660922408, 540161.193461442016996, 0.0 ] ] } },
{ "type": "Feature", "properties": { "fid": 5215, "handle": 3758115, "block": -1, "etype": 18, "space": 0, "layer": "0_Limits", "olinetype": "bylayer", "linetype": "", "color": "0,0,0,65", "ocolor": 256, "color24": -1, "transparency": 0, "lweight": -1, "linewidth": 0.13, "ltscale": 1.0, "visible": 1, "width": 1.0, "thickness": 0.0, "ext": "(3:0,0,0.1)" }, "geometry": { "type": "LineString", "coordinates": [ [ 2240981.547817322425544, 540162.753077840199694, 0.0 ], [ 2240984.75803768960759, 540162.667286596260965, 0.0 ], [ 2240987.969264545477927, 540162.637336239335127, 0.0 ], [ 2240991.180526626762003, 540162.663235828164034, 0.0 ], [ 2240994.390852659475058, 540162.744977529160678, 0.0 ], [ 2240997.599271653685719, 540162.882536618853919, 0.0 ], [ 2241000.804813194554299, 540163.075871491222642, 0.0 ], [ 2241004.006507738959044, 540163.324923670617864, 0.0 ], [ 2241007.203386906534433, 540163.629617829108611, 0.0 ], [ 2241009.180000000633299, 540104.089999999734573, 0.0 ], [ 2240975.939503964036703, 540107.072891197400168, 0.0 ], [ 2240981.547817322425544, 540162.753077840199694, 0.0 ] ] } },
{ "type": "Feature", "properties": { "fid": 5216, "handle": 3758117, "block": -1, "etype": 18, "space": 0, "layer": "0_Limits", "olinetype": "bylayer", "linetype": "", "color": "0,0,0,65", "ocolor": 256, "color24": -1, "transparency": 0, "lweight": -1, "linewidth": 0.13, "ltscale": 1.0, "visible": 1, "width": 1.0, "thickness": 0.0, "ext": "(3:0,0,0.1)" }, "geometry": { "type": "LineString", "coordinates": [ [ 2241056.80980409681797, 540133.476279069553129, 0.0 ], [ 2241058.535216648131609, 540132.542186351958662, 0.0 ], [ 2241060.276458000298589, 540131.637942893896252, 0.0 ], [ 2241062.033011816442013, 540130.76381683407817, 0.0 ], [ 2241063.804357219487429, 540129.92006738029886, 0.0 ], [ 2241065.58996894583106, 540129.106944732600823, 0.0 ], [ 2241067.389317501336336, 540128.324690009118058, 0.0 ], [ 2241069.201869319193065, 540127.573535174829885, 0.0 ], [ 2241071.027086916379631, 540126.853702972293831, 0.0 ], [ 2241072.864429055247456, 540126.165406855987385, 0.0 ], [ 2241074.71335090091452, 540125.508850928978063, 0.0 ], [ 2241076.573304186575115, 540124.884229881921783, 0.0 ], [ 2241078.443737373687327, 540124.291728936135769, 0.0 ], [ 2241080.324095815420151, 540123.731523788068444, 0.0 ], [ 2241082.213821922428906, 540123.203780557378195, 0.0 ], [ 2241084.112355327699333, 540122.708655737689696, 0.0 ], [ 2241086.019133051391691, 540122.246296150027774, 0.0 ], [ 2241087.933589670807123, 540121.816838899743743, 0.0 ], [ 2241089.855157484766096, 540121.420411335304379, 0.0 ], [ 2241091.783266684040427, 540121.057131010689773, 0.0 ], [ 2241093.71734551852569, 540120.727105650817975, 0.0 ], [ 2241095.656820470001549, 540120.430433119414374, 0.0 ], [ 2241097.601116417907178, 540120.167201389675029, 0.0 ], [ 2241099.549656813964248, 540119.937488518771715, 0.0 ], [ 2241101.501863849814981, 540119.741362624336034, 0.0 ], [ 2241103.45715863071382, 540119.578881864086725, 0.0 ], [ 2241098.87916236044839, 540092.828130939393304, 0.0 ], [ 2241046.650000001303852, 540111.069999999483116, 0.0 ], [ 2241056.80980409681797, 540133.476279069553129, 0.0 ] ] } },
{ "type": "Feature", "properties": { "fid": 5217, "handle": 3758135, "block": -1, "etype": 18, "space": 0, "layer": "0_Limits", "olinetype": "bylayer", "linetype": "", "color": "0,0,0,65", "ocolor": 256, "color24": -1, "transparency": 0, "lweight": -1, "linewidth": 0.13, "ltscale": 1.0, "visible": 1, "width": 1.0, "thickness": 0.0, "ext": "(3:0,0,0.1)" }, "geometry": { "type": "LineString", "coordinates": [ [ 2240982.54, 540069.680000000051223, 0.0 ], [ 2240930.150880907196552, 540069.372917086700909, 0.0 ], [ 2240932.444576726295054, 540079.696652060025372, 0.0 ], [ 2240934.895566089544445, 540089.984178266604431, 0.0 ], [ 2240937.503278059419245, 540100.233099311823025, 0.0 ], [ 2240940.267105191014707, 540110.441027793916874, 0.0 ], [ 2240975.939503964036703, 540107.072891197400168, 0.0 ], [ 2241009.180000000633299, 540104.089999999734573, 0.0 ], [ 2240982.54, 540069.680000000051223, 0.0 ] ] } },
{ "type": "Feature", "properties": { "fid": 5224, "handle": 3758202, "block": -1, "etype": 18, "space": 0, "layer": "0_Limits", "olinetype": "bylayer", "linetype": "", "color": "0,0,0,65", "ocolor": 256, "color24": -1, "transparency": 0, "lweight": -1, "linewidth": 0.13, "ltscale": 1.0, "visible": 1, "width": 1.0, "thickness": 0.0, "ext": "(3:0,0,0.1)" }, "geometry": { "type": "LineString", "coordinates": [ [ 2240847.354431490879506, 540124.938231109525077, 0.0 ], [ 2240863.222883138805628, 540095.153106834972277, 0.0 ], [ 2240876.724120731465518, 540088.615714994026348, 0.0 ], [ 2240898.996472721919417, 540128.836117226048373, 0.0 ], [ 2240865.556172975338995, 540147.767458149115555, 0.0 ], [ 2240847.354431490879506, 540124.938231109525077, 0.0 ] ] } },
{ "type": "Feature", "properties": { "fid": 5225, "handle": 3758206, "block": -1, "etype": 18, "space": 0, "layer": "0_Limits", "olinetype": "bylayer", "linetype": "", "color": "0,0,0,65", "ocolor": 256, "color24": -1, "transparency": 0, "lweight": -1, "linewidth": 0.13, "ltscale": 1.0, "visible": 1, "width": 1.0, "thickness": 0.0, "ext": "(3:0,0,0.1)" }, "geometry": { "type": "LineString", "coordinates": [ [ 2240898.996472721919417, 540128.836117226048373, 0.0 ], [ 2240929.583832648582757, 540116.925453874166124, 0.0 ], [ 2240926.629067968577147, 540106.075434670783579, 0.0 ], [ 2240923.827335555106401, 540095.184895358514041, 0.0 ], [ 2240921.179190660361201, 540084.255994240636937, 0.0 ], [ 2240916.235491188243032, 540080.024724862771109, 0.0 ], [ 2240914.686201739590615, 540079.936338110710494, 0.0 ], [ 2240913.135679645463824, 540079.873161781579256, 0.0 ], [ 2240911.584335108753294, 540079.835212589008734, 0.0 ], [ 2240910.032578549813479, 540079.822500572889112, 0.0 ], [ 2240908.4808204988949, 540079.835029096109793, 0.0 ], [ 2240906.929471485316753, 540079.872794844326563, 0.0 ], [ 2240905.378941931761801, 540079.935787826310843, 0.0 ], [ 2240903.829642042517662, 540080.023991376627237, 0.0 ], [ 2240902.281981697306037, 540080.13738216040656, 0.0 ], [ 2240900.73637034278363, 540080.275930179166608, 0.0 ], [ 2240899.193216882180423, 540080.439598778961226, 0.0 ], [ 2240897.652929569594562, 540080.62834465992637, 0.0 ], [ 2240896.115915900096297, 540080.842117887805216, 0.0 ], [ 2240894.582582503091544, 540081.080861907219514, 0.0 ], [ 2240892.659975280985236, 540081.495743125327863, 0.0 ], [ 2240890.744332759641111, 540081.941678869305179, 0.0 ], [ 2240888.83615650748834, 540082.418552381335758, 0.0 ], [ 2240886.935946136247367, 540082.926238802610897, 0.0 ], [ 2240885.044199173804373, 540083.46460520720575, 0.0 ], [ 2240883.16141093056649, 540084.033510635956191, 0.0 ], [ 2240881.288074371404946, 540084.632806133944541, 0.0 ], [ 2240879.424679988063872, 540085.262334789265878, 0.0 ], [ 2240877.571715667378157, 540085.92193177412264, 0.0 ], [ 2240875.729666566010565, 540086.611424388014711, 0.0 ], [ 2240876.724120731465518, 540088.615714994026348, 0.0 ], [ 2240898.996472721919417, 540128.836117226048373, 0.0 ] ] } },
{ "type": "Feature", "properties": { "fid": 5226, "handle": 3758207, "block": -1, "etype": 18, "space": 0, "layer": "0_Limits", "olinetype": "bylayer", "linetype": "", "color": "0,0,0,65", "ocolor": 256, "color24": -1, "transparency": 0, "lweight": -1, "linewidth": 0.13, "ltscale": 1.0, "visible": 1, "width": 1.0, "thickness": 0.0, "ext": "(3:0,0,0.1)" }, "geometry": { "type": "LineString", "coordinates": [ [ 2240824.766973440069705, 540066.217919843737036, 0.0 ], [ 2240856.620228922460228, 540081.845668160123751, 0.0 ], [ 2240863.222883138805628, 540095.153106834972277, 0.0 ], [ 2240847.354431490879506, 540124.938231109525077, 0.0 ], [ 2240818.915, 540119.589999999967404, 0.0 ], [ 2240824.766973440069705, 540066.217919843737036, 0.0 ] ] } },
{ "type": "Feature", "properties": { "fid": 5227, "handle": 3758210, "block": -1, "etype": 18, "space": 0, "layer": "0_Limits", "olinetype": "bylayer", "linetype": "", "color": "0,0,0,65", "ocolor": 256, "color24": -1, "transparency": 0, "lweight": -1, "linewidth": 0.13, "ltscale": 1.0, "visible": 1, "width": 1.0, "thickness": 0.0, "ext": "(3:0,0,0.1)" }, "geometry": { "type": "LineString", "coordinates": [ [ 2240870.4, 540034.521972722373903, 0.0 ], [ 2240843.638982063625008, 540019.444412783603184, 0.0 ], [ 2240826.73, 540048.290000000153668, 0.0 ], [ 2240825.113967482931912, 540063.046552829444408, 0.0 ], [ 2240860.006606191396713, 540080.165474194800481, 0.0 ], [ 2240870.057198243681341, 540075.178745672455989, 0.0 ], [ 2240870.4, 540034.521972722373903, 0.0 ] ] } },
{ "type": "Feature", "properties": { "fid": 5228, "handle": 3758211, "block": -1, "etype": 18, "space": 0, "layer": "0_Limits", "olinetype": "bylayer", "linetype": "", "color": "0,0,0,65", "ocolor": 256, "color24": -1, "transparency": 0, "lweight": -1, "linewidth": 0.13, "ltscale": 1.0, "visible": 1, "width": 1.0, "thickness": 0.0, "ext": "(3:0,0,0.1)" }, "geometry": { "type": "LineString", "coordinates": [ [ 2240870.4, 540034.521972722373903, 0.0 ], [ 2240870.057198243681341, 540075.178745672455989, 0.0 ], [ 2240871.156716560479254, 540077.394789719721302, 0.0 ], [ 2240876.775810140650719, 540075.291034188237973, 0.0 ], [ 2240878.437527383677661, 540074.737918041297235, 0.0 ], [ 2240880.108562589157373, 540074.213625175296329, 0.0 ], [ 2240881.788415845483541, 540073.718312439508736, 0.0 ], [ 2240883.476584601216018, 540073.252128013293259, 0.0 ], [ 2240885.172563819214702, 540072.815211361739784, 0.0 ], [ 2240886.875846124254167, 540072.407693194458261, 0.0 ], [ 2240888.585921957157552, 540072.029695425764658, 0.0 ], [ 2240890.302279726136476, 540071.681331138708629, 0.0 ], [ 2240892.024405959993601, 540071.362704551080242, 0.0 ], [ 2240893.751785462256521, 540071.073910984327085, 0.0 ], [ 2240895.483901463449001, 540070.815036834799685, 0.0 ], [ 2240897.220235778950155, 540070.586159548140131, 0.0 ], [ 2240898.960268961265683, 540070.387347595999017, 0.0 ], [ 2240900.70348045649007, 540070.218660455662757, 0.0 ], [ 2240902.449348759371787, 540070.080148592009209, 0.0 ], [ 2240904.197351570706815, 540069.971853442839347, 0.0 ], [ 2240905.946965952403843, 540069.893807405955158, 0.0 ], [ 2240907.697668483480811, 540069.846033829962835, 0.0 ], [ 2240909.448935418855399, 540069.828547006822191, 0.0 ], [ 2240911.200242843478918, 540069.841352168121375, 0.0 ], [ 2240912.951066830661148, 540069.884445482981391, 0.0 ], [ 2240917.194895838387311, 540064.957097388687544, 0.0 ], [ 2240916.805188053287566, 540062.272742773173377, 0.0 ], [ 2240916.460656190756708, 540059.582216866314411, 0.0 ], [ 2240916.161397600546479, 540056.886279894621111, 0.0 ], [ 2240915.907496839296073, 540054.185693613253534, 0.0 ], [ 2240915.699025649577379, 540051.481221091235057, 0.0 ], [ 2240915.536042935214937, 540048.773626495618373, 0.0 ], [ 2240915.418594749178737, 540046.063674875535071, 0.0 ], [ 2240915.34671427635476, 540043.352131946245208, 0.0 ], [ 2240915.320421827957034, 540040.639763872721232, 0.0 ], [ 2240915.339724832214415, 540037.927337052766234, 0.0 ], [ 2240915.404617835301906, 540035.215617901063524, 0.0 ], [ 2240870.4, 540034.521972722373903, 0.0 ] ] } },
{ "type": "Feature", "properties": { "fid": 5229, "handle": 3758214, "block": -1, "etype": 18, "space": 0, "layer": "0_Limits", "olinetype": "bylayer", "linetype": "", "color": "0,0,0,65", "ocolor": 256, "color24": -1, "transparency": 0, "lweight": -1, "linewidth": 0.13, "ltscale": 1.0, "visible": 1, "width": 1.0, "thickness": 0.0, "ext": "(3:0,0,0.1)" }, "geometry": { "type": "LineString", "coordinates": [ [ 2240918.330935181584209, 540009.406421621097252, 0.0 ], [ 2240860.912254601251334, 539992.326961226994172, 0.0 ], [ 2240850.73, 540007.339999999967404, 0.0 ], [ 2240843.638982063625008, 540019.444412783603184, 0.0 ], [ 2240870.4, 540034.521972722373903, 0.0 ], [ 2240915.369853083044291, 540035.282434992841445, 0.0 ], [ 2240915.498301037121564, 540032.388486913288943, 0.0 ], [ 2240915.677068653982133, 540029.497210983303376, 0.0 ], [ 2240915.906101840548217, 540026.609482089639641, 0.0 ], [ 2240916.185331291053444, 540023.726174045354128, 0.0 ], [ 2240916.514672513119876, 540020.84815932624042, 0.0 ], [ 2240916.894025849178433, 540017.976308805984445, 0.0 ], [ 2240917.32327650859952, 540015.111491493298672, 0.0 ], [ 2240917.80229460215196, 540012.254574268357828, 0.0 ], [ 2240918.330935181584209, 540009.406421621097252, 0.0 ] ] } },
{ "type": "Feature", "properties": { "fid": 5230, "handle": 3758215, "block": -1, "etype": 18, "space": 0, "layer": "0_Limits", "olinetype": "bylayer", "linetype": "", "color": "0,0,0,65", "ocolor": 256, "color24": -1, "transparency": 0, "lweight": -1, "linewidth": 0.13, "ltscale": 1.0, "visible": 1, "width": 1.0, "thickness": 0.0, "ext": "(3:0,0,0.1)" }, "geometry": { "type": "LineString", "coordinates": [ [ 2240918.330935181584209, 540009.406421621097252, 0.0 ], [ 2240918.873764622025192, 540006.753903505275957, 0.0 ], [ 2240919.461021157447249, 540004.110866252915002, 0.0 ], [ 2240920.092539466917515, 540001.478053919854574, 0.0 ], [ 2240920.768141767475754, 539998.856207683449611, 0.0 ], [ 2240921.487637866754085, 539996.246065633953549, 0.0 ], [ 2240922.250825215596706, 539993.648362566600554, 0.0 ], [ 2240923.057488965336233, 539991.063829774968326, 0.0 ], [ 2240923.907402026932687, 539988.493194844922982, 0.0 ], [ 2240924.80032513756305, 539985.937181450077333, 0.0 ], [ 2240925.736006924882531, 539983.396509147598408, 0.0 ], [ 2240926.714183980133384, 539980.871893175877631, 0.0 ], [ 2240927.734580931719393, 539978.364044253597967, 0.0 ], [ 2240928.79691052203998, 539975.873668378801085, 0.0 ], [ 2240929.900873688515276, 539973.401466630748473, 0.0 ], [ 2240885.139670317992568, 539956.695041011786088, 0.0 ], [ 2240860.912254601251334, 539992.326961226994172, 0.0 ], [ 2240918.330935181584209, 540009.406421621097252, 0.0 ] ] } },
{ "type": "Feature", "properties": { "fid": 5231, "handle": 3758216, "block": -1, "etype": 18, "space": 0, "layer": "0_Limits", "olinetype": "bylayer", "linetype": "", "color": "0,0,0,65", "ocolor": 256, "color24": -1, "transparency": 0, "lweight": -1, "linewidth": 0.13, "ltscale": 1.0, "visible": 1, "width": 1.0, "thickness": 0.0, "ext": "(3:0,0,0.1)" }, "geometry": { "type": "LineString", "coordinates": [ [ 2240929.900873688515276, 539973.401466630748473, 0.0 ], [ 2240931.05292393034324, 539970.944735904107802, 0.0 ], [ 2240932.242786300834268, 539968.506094240467064, 0.0 ], [ 2240933.470176862087101, 539966.086123572778888, 0.0 ], [ 2240934.734802722930908, 539963.685401378199458, 0.0 ], [ 2240936.036362105514854, 539961.304500540951267, 0.0 ], [ 2240937.37454441934824, 539958.94398921506945, 0.0 ], [ 2240938.749030333012342, 539956.6044306892436, 0.0 ], [ 2240949.984022105578333, 539939.324582053464837, 0.0 ], [ 2240949.787542135920376, 539939.21324936626479, 0.0 ], [ 2240949.593017315026373, 539939.098534764139913, 0.0 ], [ 2240949.400505849160254, 539938.9804725717986, 0.0 ], [ 2240949.21006534062326, 539938.859098115819506, 0.0 ], [ 2240949.021752773784101, 539938.734447713475674, 0.0 ], [ 2240948.835624494124204, 539938.606558662722819, 0.0 ], [ 2240948.651736195199192, 539938.475469230092131, 0.0 ], [ 2240948.470142899546772, 539938.341218640329316, 0.0 ], [ 2240948.290898944251239, 539938.203847063356079, 0.0 ], [ 2240948.114057961385697, 539938.063395603676327, 0.0 ], [ 2240947.939672865439206, 539937.919906286639161, 0.0 ], [ 2240947.767795835621655, 539937.773422047146596, 0.0 ], [ 2240947.598478300496936, 539937.62398671603296, 0.0 ], [ 2240947.431770924013108, 539937.471645007026382, 0.0 ], [ 2240947.267723586875945, 539937.316442503593862, 0.0 ], [ 2240947.106385376304388, 539937.158425645320676, 0.0 ], [ 2240946.947804566472769, 539936.997641713824123, 0.0 ], [ 2240946.792028608731925, 539936.83413881866727, 0.0 ], [ 2240946.639104113914073, 539936.667965882807039, 0.0 ], [ 2240946.489076839294285, 539936.499172628391534, 0.0 ], [ 2240946.341991676483303, 539936.327809561509639, 0.0 ], [ 2240946.197892636060715, 539936.153927957173437, 0.0 ], [ 2240946.056822835002095, 539935.977579844067805, 0.0 ], [ 2240945.918824484106153, 539935.798817988834344, 0.0 ], [ 2240945.78393887495622, 539935.617695880355313, 0.0 ], [ 2240945.652206367347389, 539935.434267713688314, 0.0 ], [ 2240945.52366637904197, 539935.248588374000974, 0.0 ], [ 2240945.398357371333987, 539935.060713419923559, 0.0 ], [ 2240945.276316838804632, 539934.870699067367241, 0.0 ], [ 2240945.157581298146397, 539934.678602172061801, 0.0 ], [ 2240945.042186277918518, 539934.484480212908238, 0.0 ], [ 2240944.930166305508465, 539934.288391274982132, 0.0 ], [ 2240944.821554900147021, 539934.090394031605683, 0.0 ], [ 2240944.716384559869766, 539933.890547727351077, 0.0 ], [ 2240944.614686754066497, 539933.688912159879692, 0.0 ], [ 2240944.516491911839694, 539933.485547662479803, 0.0 ], [ 2240944.421829415950924, 539933.280515085323714, 0.0 ], [ 2240944.33072759071365, 539933.073875778354704, 0.0 ], [ 2240944.243213695473969, 539932.865691571612842, 0.0 ], [ 2240944.159313916228712, 539932.656024757772684, 0.0 ], [ 2240944.079053357243538, 539932.444938073167577, 0.0 ], [ 2240944.002456033602357, 539932.232494678813964, 0.0 ], [ 2240943.92954486515373, 539932.018758141784929, 0.0 ], [ 2240943.860341667663306, 539931.803792415885255, 0.0 ], [ 2240943.794867149088532, 539931.587661823024973, 0.0 ], [ 2240943.733140899799764, 539931.370431033545174, 0.0 ], [ 2240943.675181389320642, 539931.152165046776645, 0.0 ], [ 2240943.621005960740149, 539930.932929172180593, 0.0 ], [ 2240943.570630824193358, 539930.712789009092376, 0.0 ], [ 2240943.52407105313614, 539930.491810427629389, 0.0 ], [ 2240943.481340578291565, 539930.270059548667632, 0.0 ], [ 2240943.442452186252922, 539930.047602724283934, 0.0 ], [ 2240943.407417512498796, 539929.824506517499685, 0.0 ], [ 2240943.376247040461749, 539929.600837683188729, 0.0 ], [ 2240943.348950097337365, 539929.376663147006184, 0.0 ], [ 2240943.325534849893302, 539929.152049986296333, 0.0 ], [ 2240943.30600830540061, 539928.927065409370698, 0.0 ], [ 2240943.290376305580139, 539928.701776735950261, 0.0 ], [ 2240943.278643528465182, 539928.476251376559958, 0.0 ], [ 2240943.270813484676182, 539928.250556812621653, 0.0 ], [ 2240943.266888516955078, 539928.024760576197878, 0.0 ], [ 2240943.266869799699634, 539927.798930229619145, 0.0 ], [ 2240943.270757338963449, 539927.573133345576935, 0.0 ], [ 2240943.278549970593303, 539927.34743748686742, 0.0 ], [ 2240943.290245363954455, 539927.121910185669549, 0.0 ], [ 2240943.305840018671006, 539926.896618924103677, 0.0 ], [ 2240943.32532926928252, 539926.671631113626063, 0.0 ], [ 2240943.348707283847034, 539926.447014074539766, 0.0 ], [ 2240943.375967066735029, 539926.222835016669706, 0.0 ], [ 2240943.40710046235472, 539925.999161018407904, 0.0 ], [ 2240943.44209815422073, 539925.77605900738854, 0.0 ], [ 2240943.480949671007693, 539925.553595739766024, 0.0 ], [ 2240943.523643387015909, 539925.33183778077364, 0.0 ], [ 2240943.570166527759284, 539925.11085148435086, 0.0 ], [ 2240943.620505172293633, 539924.890702974051237, 0.0 ], [ 2240943.674644259270281, 539924.671458122087643, 0.0 ], [ 2240943.73256758833304, 539924.453182530822232, 0.0 ], [ 2240943.794257828034461, 539924.235941512393765, 0.0 ], [ 2240943.859696519561112, 539924.019800069276243, 0.0 ], [ 2240943.928864082321525, 539923.804822875070386, 0.0 ], [ 2240944.001739819999784, 539923.591074254945852, 0.0 ], [ 2240944.078301927540451, 539923.378618166549131, 0.0 ], [ 2240915.179999999701977, 539912.349999999976717, 0.0 ], [ 2240885.139670317992568, 539956.695041011786088, 0.0 ], [ 2240929.900873688515276, 539973.401466630748473, 0.0 ] ] } },
{ "type": "Feature", "properties": { "fid": 5232, "handle": 3759465, "block": -1, "etype": 18, "space": 0, "layer": "0_Limits", "olinetype": "bylayer", "linetype": "", "color": "0,0,0,65", "ocolor": 256, "color24": -1, "transparency": 0, "lweight": -1, "linewidth": 0.13, "ltscale": 1.0, "visible": 1, "width": 1.0, "thickness": 0.0, "ext": "(3:0,0,0.1)" }, "geometry": { "type": "LineString", "coordinates": [ [ 2240974.164293739944696, 539921.733659243909642, 0.0 ], [ 2240960.65177905280143, 539915.594419008702971, 0.0 ], [ 2240960.438435182441026, 539915.521477501490153, 0.0 ], [ 2240960.223863458726555, 539915.452231231611222, 0.0 ], [ 2240960.008127879817039, 539915.386700852424838, 0.0 ], [ 2240959.79129279172048, 539915.324905909365043, 0.0 ], [ 2240959.573422867339104, 539915.266864833189175, 0.0 ], [ 2240959.354583088774234, 539915.212594935437664, 0.0 ], [ 2240959.134838727302849, 539915.162112402613275, 0.0 ], [ 2240958.914255323819816, 539915.115432291757315, 0.0 ], [ 2240958.692898670211434, 539915.0725685255602, 0.0 ], [ 2240958.47083478840068, 539915.033533888636157, 0.0 ], [ 2240958.248129911255091, 539914.998340023565106, 0.0 ], [ 2240958.024850462563336, 539914.966997427283786, 0.0 ], [ 2240957.801063037943095, 539914.939515448058955, 0.0 ], [ 2240957.57683438481763, 539914.915902282577008, 0.0 ], [ 2240957.352231381461024, 539914.896164973848499, 0.0 ], [ 2240957.12732101790607, 539914.880309408763424, 0.0 ], [ 2240956.902170376852155, 539914.868340316228569, 0.0 ], [ 2240956.676846610847861, 539914.860261266352609, 0.0 ], [ 2240956.451416925527155, 539914.856074668699875, 0.0 ], [ 2240956.225948558188975, 539914.85578177194111, 0.0 ], [ 2240956.000508756842464, 539914.859382663387805, 0.0 ], [ 2240955.775164761114866, 539914.866876269225031, 0.0 ], [ 2240955.549983782693744, 539914.878260354395024, 0.0 ], [ 2240955.325032983440906, 539914.893531523295678, 0.0 ], [ 2240955.100379458628595, 539914.912685221177526, 0.0 ], [ 2240954.876090212259442, 539914.935715735307895, 0.0 ], [ 2240954.652232141699642, 539914.96261619660072, 0.0 ], [ 2240954.428872015327215, 539914.993378581595607, 0.0 ], [ 2240954.206076452042907, 539915.027993715251796, 0.0 ], [ 2240953.983911903109401, 539915.066451273160055, 0.0 ], [ 2240953.76244463166222, 539915.10873978480231, 0.0 ], [ 2240953.54174069268629, 539915.154846637393348, 0.0 ], [ 2240953.321865913458169, 539915.204758078907616, 0.0 ], [ 2240953.102885873988271, 539915.258459222852252, 0.0 ], [ 2240952.884865887928754, 539915.315934052225202, 0.0 ], [ 2240952.667870981153101, 539915.377165424521081, 0.0 ], [ 2240952.451965874992311, 539915.442135076853447, 0.0 ], [ 2240952.237214965745807, 539915.510823631193489, 0.0 ], [ 2240952.023682305123657, 539915.583210600772873, 0.0 ], [ 2240951.811431581620127, 539915.659274395089597, 0.0 ], [ 2240951.600526100955904, 539915.738992327358574, 0.0 ], [ 2240951.391028767917305, 539915.822340620914474, 0.0 ], [ 2240951.183002067729831, 539915.90929441631306, 0.0 ], [ 2240950.976508046500385, 539915.999827778432518, 0.0 ], [ 2240950.771608293056488, 539916.093913704971783, 0.0 ], [ 2240950.568363920785487, 539916.191524133668281, 0.0 ], [ 2240950.366835550405085, 539916.292629951029085, 0.0 ], [ 2240950.167083289008588, 539916.397201001411304, 0.0 ], [ 2240949.969166715163738, 539916.505206095287576, 0.0 ], [ 2240949.773144859354943, 539916.616613018908538, 0.0 ], [ 2240949.579076187685132, 539916.73138854408171, 0.0 ], [ 2240949.387018582783639, 539916.849498437717557, 0.0 ], [ 2240949.197029328439385, 539916.970907472190447, 0.0 ], [ 2240949.009165090508759, 539917.095579436048865, 0.0 ], [ 2240948.823481901083142, 539917.22347714449279, 0.0 ], [ 2240948.640035143122077, 539917.354562450782396, 0.0 ], [ 2240948.458879531361163, 539917.488796257181093, 0.0 ], [ 2240948.280069096945226, 539917.626138527062722, 0.0 ], [ 2240948.103657172527164, 539917.766548296553083, 0.0 ], [ 2240947.929696374572814, 539917.909983687102795, 0.0 ], [ 2240947.75823858845979, 539918.056401917361654, 0.0 ], [ 2240947.589334954041988, 539918.205759316682816, 0.0 ], [ 2240947.423035847954452, 539918.358011337579228, 0.0 ], [ 2240947.259390871040523, 539918.513112569227815, 0.0 ], [ 2240947.098448832053691, 539918.671016751090065, 0.0 ], [ 2240946.94025773415342, 539918.83167678641621, 0.0 ], [ 2240946.784864758607, 539918.995044756680727, 0.0 ], [ 2240946.632316253613681, 539919.161071935785003, 0.0 ], [ 2240946.482657718472183, 539919.329708804027177, 0.0 ], [ 2240946.335933790542185, 539919.500905063934624, 0.0 ], [ 2240946.192188231274486, 539919.674609654350206, 0.0 ], [ 2240946.051463914569467, 539919.850770765915513, 0.0 ], [ 2240945.913802813272923, 539920.029335856670514, 0.0 ], [ 2240945.779245985671878, 539920.210251667769626, 0.0 ], [ 2240945.647833565250039, 539920.393464239081368, 0.0 ], [ 2240945.519604747183621, 539920.578918925486505, 0.0 ], [ 2240945.394597776699811, 539920.766560413176194, 0.0 ], [ 2240945.272849938832223, 539920.956332735950127, 0.0 ], [ 2240945.154397546313703, 539921.148179292329587, 0.0 ], [ 2240945.039275928400457, 539921.342042861972004, 0.0 ], [ 2240944.927519422024488, 539921.537865622900426, 0.0 ], [ 2240944.819161358755082, 539921.735589168965816, 0.0 ], [ 2240944.714234058279544, 539921.93515452707652, 0.0 ], [ 2240944.61276881583035, 539922.136502174544148, 0.0 ], [ 2240944.514795895200223, 539922.339572057244368, 0.0 ], [ 2240944.420344517100602, 539922.544303607661277, 0.0 ], [ 2240944.329442853108048, 539922.750635762233287, 0.0 ], [ 2240944.242118015885353, 539922.958506980212405, 0.0 ], [ 2240944.158396050333977, 539923.16785526170861, 0.0 ], [ 2240944.078301927540451, 539923.378618166549131, 0.0 ], [ 2240915.179999999701977, 539912.349999999860302, 0.0 ], [ 2240923.749999999534339, 539899.719999999622814, 0.0 ], [ 2240943.829999999608845, 539870.129999999771826, 0.0 ], [ 2240974.990000000223517, 539879.510000000125729, 0.0 ], [ 2240984.12999999942258, 539882.259999999194406, 0.0 ], [ 2240991.140000000130385, 539884.369999999529682, 0.0 ], [ 2240974.164293739944696, 539921.733659243909642, 0.0 ] ] } },
{ "type": "Feature", "properties": { "fid": 5239, "handle": 3760823, "block": -1, "etype": 18, "space": 0, "layer": "0_Limits", "olinetype": "bylayer", "linetype": "", "color": "0,0,0,65", "ocolor": 256, "color24": -1, "transparency": 0, "lweight": -1, "linewidth": 0.13, "ltscale": 1.0, "visible": 1, "width": 1.0, "thickness": 0.0, "ext": "(3:0,0,0.1)" }, "geometry": { "type": "LineString", "coordinates": [ [ 2240755.310000511351973, 540504.405368403880857, 0.0 ], [ 2240754.244891038630158, 540498.613852989044972, 0.0 ], [ 2240753.275452331174165, 540492.805557405808941, 0.0 ], [ 2240752.401948147919029, 540486.982061940827407, 0.0 ], [ 2240751.624616147018969, 540481.144951015827246, 0.0 ], [ 2240750.943667820654809, 540475.29581275745295, 0.0 ], [ 2240750.359288436360657, 540469.436238564318046, 0.0 ], [ 2240695.187853214330971, 540474.029122671461664, 0.0 ], [ 2240697.889488253276795, 540510.55550310399849, 0.0 ], [ 2240755.310000511351973, 540504.405368403880857, 0.0 ] ] } },
{ "type": "Feature", "properties": { "fid": 5244, "handle": 3762244, "block": -1, "etype": 18, "space": 0, "layer": "0_Limits", "olinetype": "bylayer", "linetype": "", "color": "0,0,0,65", "ocolor": 256, "color24": -1, "transparency": 0, "lweight": -1, "linewidth": 0.13, "ltscale": 1.0, "visible": 1, "width": 1.0, "thickness": 0.0, "ext": "(3:0,0,0.1)" }, "geometry": { "type": "LineString", "coordinates": [ [ 2240878.126390074379742, 541289.635400444385596, 0.0 ], [ 2240847.112060009967536, 541282.57978499843739, 0.0 ], [ 2240842.79, 541314.01, 0.0 ], [ 2240852.408436300698668, 541325.588715437799692, 0.0 ], [ 2240853.491450467146933, 541324.703290811390616, 0.0 ], [ 2240854.559222899843007, 541323.799543896922842, 0.0 ], [ 2240855.611443663015962, 541322.877737019676715, 0.0 ], [ 2240856.647807335015386, 541321.938137746998109, 0.0 ], [ 2240857.668013096321374, 541320.981018810882233, 0.0 ], [ 2240858.671764818020165, 541320.00665802846197, 0.0 ], [ 2240859.658771147485822, 541319.015338221681304, 0.0 ], [ 2240860.628745591733605, 541318.007347134989686, 0.0 ], [ 2240861.581406602170318, 541316.98297735187225, 0.0 ], [ 2240862.516477656085044, 541315.942526210332289, 0.0 ], [ 2240863.433687335345894, 541314.886295715579763, 0.0 ], [ 2240864.332769406959414, 541313.81459245365113, 0.0 ], [ 2240865.213462899904698, 541312.727727501303889, 0.0 ], [ 2240866.075512181036174, 541311.626016336376779, 0.0 ], [ 2240866.918667027726769, 541310.509778745938092, 0.0 ], [ 2240867.742682702373713, 541309.37933873385191, 0.0 ], [ 2240868.547320023179054, 541308.23502442589961, 0.0 ], [ 2240869.33234543306753, 541307.077167975716293, 0.0 ], [ 2240870.097531067207456, 541305.906105467118323, 0.0 ], [ 2240870.842654819600284, 541304.722176817595027, 0.0 ], [ 2240871.567500407807529, 541303.525725679006428, 0.0 ], [ 2240872.271857434883714, 541302.317099338048138, 0.0 ], [ 2240872.955521451309323, 541301.096648615668528, 0.0 ], [ 2240873.618294014595449, 541299.86472776462324, 0.0 ], [ 2240874.259982745163143, 541298.621694367495365, 0.0 ], [ 2240874.880401383619756, 541297.367909231921658, 0.0 ], [ 2240875.479369845706969, 541296.103736286750063, 0.0 ], [ 2240876.056714271660894, 541294.829542475985363, 0.0 ], [ 2240876.612267078831792, 541293.545697652152739, 0.0 ], [ 2240877.145867011044174, 541292.252574469428509, 0.0 ], [ 2240877.657359183300287, 541290.950548274791799, 0.0 ], [ 2240878.146595127414912, 541289.639996999758296, 0.0 ], [ 2240878.126390074379742, 541289.635400444385596, 0.0 ] ] } },
{ "type": "Feature", "properties": { "fid": 5249, "handle": 3764760, "block": -1, "etype": 18, "space": 0, "layer": "0_Limits", "olinetype": "bylayer", "linetype": "", "color": "0,0,0,65", "ocolor": 256, "color24": -1, "transparency": 0, "lweight": -1, "linewidth": 0.13, "ltscale": 1.0, "visible": 1, "width": 1.0, "thickness": 0.0, "ext": "(3:0,0,0.1)" }, "geometry": { "type": "LineString", "coordinates": [ [ 2241226.529999929480255, 540994.459999938029796, 0.0 ], [ 2241205.969579826574773, 540976.519467161037028, 0.0 ], [ 2241245.021188703831285, 540950.490983571391553, 0.0 ], [ 2241246.188896223902702, 540952.272241547936574, 0.0 ], [ 2241247.327471660915762, 540954.07226010481827, 0.0 ], [ 2241248.436613672412932, 540955.890562837827019, 0.0 ], [ 2241249.516028705984354, 540957.726668503601104, 0.0 ], [ 2241250.565431077033281, 540959.580091146868654, 0.0 ], [ 2241251.584543044213206, 540961.450340229086578, 0.0 ], [ 2241252.57309488253668, 540963.336920758476481, 0.0 ], [ 2241253.530824956018478, 540965.239333420759067, 0.0 ], [ 2241254.457479785196483, 540967.157074711401947, 0.0 ], [ 2241255.35281411698088, 540969.089637069031596, 0.0 ], [ 2241256.216590985190123, 540971.036509009427391, 0.0 ], [ 2241257.048581778071821, 540972.997175261378288, 0.0 ], [ 2241257.848566295579076, 540974.971116902539507, 0.0 ], [ 2241255.477043987251818, 540981.034358029835857, 0.0 ], [ 2241245.763669515959918, 540985.369925271486863, 0.0 ], [ 2241236.113982659298927, 540989.845450993743725, 0.0 ], [ 2241226.529999929480255, 540994.459999938029796, 0.0 ] ] } },
{ "type": "Feature", "properties": { "fid": 5250, "handle": 3764819, "block": -1, "etype": 18, "space": 0, "layer": "0_Limits", "olinetype": "bylayer", "linetype": "", "color": "0,0,0,65", "ocolor": 256, "color24": -1, "transparency": 0, "lweight": -1, "linewidth": 0.13, "ltscale": 1.0, "visible": 1, "width": 1.0, "thickness": 0.0, "ext": "(3:0,0,0.1)" }, "geometry": { "type": "LineString", "coordinates": [ [ 2241268.748719645664096, 540991.650491345790215, 0.0 ], [ 2241270.9614487006329, 540990.810949764447287, 0.0 ], [ 2241273.160511858295649, 540989.936237717280164, 0.0 ], [ 2241275.34535013884306, 540989.026577547425404, 0.0 ], [ 2241277.515408177860081, 540988.082200481439941, 0.0 ], [ 2241279.670134368818253, 540987.103346570627764, 0.0 ], [ 2241281.808981001842767, 540986.090264629921876, 0.0 ], [ 2241283.931404402479529, 540985.043212174554355, 0.0 ], [ 2241286.036865072790533, 540983.962455354863778, 0.0 ], [ 2241288.124827824998647, 540982.848268888541497, 0.0 ], [ 2241290.194761920254678, 540981.700935990666039, 0.0 ], [ 2241292.246141201350838, 540980.520748301758431, 0.0 ], [ 2241316.665496324189007, 541008.136989851947874, 0.0 ], [ 2241296.819999999832362, 541024.229999999981374, 0.0 ], [ 2241268.748719645664096, 540991.650491345790215, 0.0 ] ] } },
{ "type": "Feature", "properties": { "fid": 5251, "handle": 3764820, "block": -1, "etype": 18, "space": 0, "layer": "0_Limits", "olinetype": "bylayer", "linetype": "", "color": "0,0,0,65", "ocolor": 256, "color24": -1, "transparency": 0, "lweight": -1, "linewidth": 0.13, "ltscale": 1.0, "visible": 1, "width": 1.0, "thickness": 0.0, "ext": "(3:0,0,0.1)" }, "geometry": { "type": "LineString", "coordinates": [ [ 2241292.246141201350838, 540980.520748301758431, 0.0 ], [ 2241294.191026385873556, 540979.336612862767652, 0.0 ], [ 2241296.115364676341414, 540978.119371201260947, 0.0 ], [ 2241298.018592589534819, 540976.869379749288782, 0.0 ], [ 2241299.900152822956443, 540975.587004528613761, 0.0 ], [ 2241301.75949441967532, 540974.272621043492109, 0.0 ], [ 2241303.59607292804867, 540972.926614170894027, 0.0 ], [ 2241305.409350562375039, 540971.549378047813661, 0.0 ], [ 2241307.198796360287815, 540970.141315955668688, 0.0 ], [ 2241308.963886336889118, 540968.702840202138759, 0.0 ], [ 2241310.704103639815003, 540967.23437200114131, 0.0 ], [ 2241312.418938699644059, 540965.736341348383576, 0.0 ], [ 2241314.107889379374683, 540964.20918689633254, 0.0 ], [ 2241338.558372844476253, 540990.799741239403374, 0.0 ], [ 2241316.665496324189007, 541008.136989851947874, 0.0 ], [ 2241292.246141201350838, 540980.520748301758431, 0.0 ] ] } },
{ "type": "Feature", "properties": { "fid": 5252, "handle": 3764845, "block": -1, "etype": 18, "space": 0, "layer": "0_Limits", "olinetype": "bylayer", "linetype": "", "color": "0,0,0,65", "ocolor": 256, "color24": -1, "transparency": 0, "lweight": -1, "linewidth": 0.13, "ltscale": 1.0, "visible": 1, "width": 1.0, "thickness": 0.0, "ext": "(3:0,0,0.1)" }, "geometry": { "type": "LineString", "coordinates": [ [ 2241422.470000000670552, 540894.209999998915009, 0.0 ], [ 2241387.487934974953532, 540849.116691346978769, 0.0 ], [ 2241386.080586993135512, 540850.280902135418728, 0.0 ], [ 2241384.693416240159422, 540851.469082426163368, 0.0 ], [ 2241383.326830905396491, 540852.680882584652863, 0.0 ], [ 2241381.981233120895922, 540853.915946025867015, 0.0 ], [ 2241380.657018843106925, 540855.173909319448285, 0.0 ], [ 2241379.354577735532075, 540856.454402296454646, 0.0 ], [ 2241378.074293056502938, 540857.757048158091493, 0.0 ], [ 2241376.816541541833431, 540859.081463587470353, 0.0 ], [ 2241375.581693299114704, 540860.42725886113476, 0.0 ], [ 2241374.370111694559455, 540861.794037964660674, 0.0 ], [ 2241373.182153249625117, 540863.181398708955385, 0.0 ], [ 2241372.018167533446103, 540864.588932848535478, 0.0 ], [ 2241370.878497061319649, 540866.01622620166745, 0.0 ], [ 2241369.763477192260325, 540867.462858772138134, 0.0 ], [ 2241368.673436034005135, 540868.928404873120598, 0.0 ], [ 2241367.608694341499358, 540870.41243325220421, 0.0 ], [ 2241366.569565426558256, 540871.914507218403742, 0.0 ], [ 2241389.700000000651926, 540892.379999999306165, 0.0 ], [ 2241422.470000000670552, 540894.209999998915009, 0.0 ] ] } },
{ "type": "Feature", "properties": { "fid": 5253, "handle": 3764848, "block": -1, "etype": 18, "space": 0, "layer": "0_Limits", "olinetype": "bylayer", "linetype": "", "color": "0,0,0,65", "ocolor": 256, "color24": -1, "transparency": 0, "lweight": -1, "linewidth": 0.13, "ltscale": 1.0, "visible": 1, "width": 1.0, "thickness": 0.0, "ext": "(3:0,0,0.1)" }, "geometry": { "type": "LineString", "coordinates": [ [ 2241387.487934974953532, 540849.116691346978769, 0.0 ], [ 2241422.470000000670552, 540894.209999998915009, 0.0 ], [ 2241437.098601434379816, 540872.432579765329137, 0.0 ], [ 2241409.323155285324901, 540834.977214234415442, 0.0 ], [ 2241407.402141677681357, 540835.989137547439896, 0.0 ], [ 2241405.497909823898226, 540837.032297706580721, 0.0 ], [ 2241403.610967609565705, 540838.106416485738009, 0.0 ], [ 2241401.741818309761584, 540839.211207401705906, 0.0 ], [ 2241399.890960454475135, 540840.346375790773891, 0.0 ], [ 2241398.058887694496661, 540841.511618886841461, 0.0 ], [ 2241396.246088669635355, 540842.706625902676024, 0.0 ], [ 2241394.453046880662441, 540843.93107811245136, 0.0 ], [ 2241392.680240557063371, 540845.184648936847225, 0.0 ], [ 2241390.928142533171922, 540846.467004030244425, 0.0 ], [ 2241389.197220118250698, 540847.777801369898953, 0.0 ], [ 2241387.487934974953532, 540849.116691346978769, 0.0 ] ] } },
{ "type": "Feature", "properties": { "fid": 5254, "handle": 3764872, "block": -1, "etype": 18, "space": 0, "layer": "0_Limits", "olinetype": "bylayer", "linetype": "", "color": "0,0,0,65", "ocolor": 256, "color24": -1, "transparency": 0, "lweight": -1, "linewidth": 0.13, "ltscale": 1.0, "visible": 1, "width": 1.0, "thickness": 0.0, "ext": "(3:0,0,0.1)" }, "geometry": { "type": "LineString", "coordinates": [ [ 2241449.890000000130385, 540853.37, 0.0 ], [ 2241438.911390743684024, 540824.612252972438, 0.0 ], [ 2241436.867211033124477, 540825.072676162002608, 0.0 ], [ 2241434.830899790395051, 540825.566737621673383, 0.0 ], [ 2241432.803010515403003, 540826.09430305857677, 0.0 ], [ 2241430.784094417933375, 540826.655229072435759, 0.0 ], [ 2241428.774700268637389, 540827.249363195383921, 0.0 ], [ 2241426.775374250952154, 540827.876543933176436, 0.0 ], [ 2241424.786659811157733, 540828.536600808613002, 0.0 ], [ 2241422.809097510762513, 540829.229354408686049, 0.0 ], [ 2241420.843224880285561, 540829.954616432660259, 0.0 ], [ 2241418.889576273038983, 540830.712189743760973, 0.0 ], [ 2241416.948682719375938, 540831.501868422492407, 0.0 ], [ 2241415.021071782335639, 540832.323437822400592, 0.0 ], [ 2241413.107267415616661, 540833.176674628863111, 0.0 ], [ 2241411.207789819221944, 540834.061346919625066, 0.0 ], [ 2241409.323155298363417, 540834.977214227779768, 0.0 ], [ 2241437.098601434379816, 540872.432579765329137, 0.0 ], [ 2241449.890000000130385, 540853.37, 0.0 ] ] } },
{ "type": "Feature", "properties": { "fid": 5255, "handle": 3764873, "block": -1, "etype": 18, "space": 0, "layer": "0_Limits", "olinetype": "bylayer", "linetype": "", "color": "0,0,0,65", "ocolor": 256, "color24": -1, "transparency": 0, "lweight": -1, "linewidth": 0.13, "ltscale": 1.0, "visible": 1, "width": 1.0, "thickness": 0.0, "ext": "(3:0,0,0.1)" }, "geometry": { "type": "LineString", "coordinates": [ [ 2241449.890000000130385, 540853.37, 0.0 ], [ 2241438.911390743684024, 540824.612252972438, 0.0 ], [ 2241440.863090828061104, 540824.223349199048243, 0.0 ], [ 2241442.821274902205914, 540823.868533052620478, 0.0 ], [ 2241444.785347651224583, 540823.547912402078509, 0.0 ], [ 2241446.754711971152574, 540823.261584720457904, 0.0 ], [ 2241448.728769148234278, 540823.009637055103667, 0.0 ], [ 2241450.706919043324888, 540822.79214600159321, 0.0 ], [ 2241452.688560271635652, 540822.609177679987624, 0.0 ], [ 2241454.673090388067067, 540822.460787715273909, 0.0 ], [ 2241456.659906069282442, 540822.347021219902672, 0.0 ], [ 2241458.648403295781463, 540822.26791278028395, 0.0 ], [ 2241460.637977538164705, 540822.223486446775496, 0.0 ], [ 2241462.628023939207196, 540822.213755725300871, 0.0 ], [ 2241464.617937497794628, 540822.238723574206233, 0.0 ], [ 2241466.607113254256546, 540822.298382402863353, 0.0 ], [ 2241469.314393426757306, 540822.326882759225555, 0.0 ], [ 2241472.021773098967969, 540822.310344507917762, 0.0 ], [ 2241477.910319006536156, 540853.447070966707543, 0.0 ], [ 2241449.890000000130385, 540853.37, 0.0 ] ] } },
{ "type": "Feature", "properties": { "fid": 5256, "handle": 3764897, "block": -1, "etype": 18, "space": 0, "layer": "0_Limits", "olinetype": "bylayer", "linetype": "", "color": "0,0,0,65", "ocolor": 256, "color24": -1, "transparency": 0, "lweight": -1, "linewidth": 0.13, "ltscale": 1.0, "visible": 1, "width": 1.0, "thickness": 0.0, "ext": "(3:0,0,0.1)" }, "geometry": { "type": "LineString", "coordinates": [ [ 2241566.54838719824329, 540790.356045555789024, 0.0 ], [ 2241571.227905082982033, 540796.699198584305122, 0.0 ], [ 2241579.978097257204354, 540821.756559200002812, 0.0 ], [ 2241562.023774247150868, 540833.332064713118598, 0.0 ], [ 2241546.262168031185865, 540803.180604491615668, 0.0 ], [ 2241548.606853581499308, 540801.905330123146996, 0.0 ], [ 2241550.930310726631433, 540800.5917769507505, 0.0 ], [ 2241553.231914591509849, 540799.240298244752921, 0.0 ], [ 2241555.511046177241951, 540797.851257474860176, 0.0 ], [ 2241557.76709252782166, 540796.42502821306698, 0.0 ], [ 2241559.999446897301823, 540794.961994032841176, 0.0 ], [ 2241562.207508911378682, 540793.462548406329006, 0.0 ], [ 2241564.390684727579355, 540791.927094597718678, 0.0 ], [ 2241566.54838719824329, 540790.356045555789024, 0.0 ] ] } },
{ "type": "Feature", "properties": { "fid": 5257, "handle": 3764899, "block": -1, "etype": 18, "space": 0, "layer": "0_Limits", "olinetype": "bylayer", "linetype": "", "color": "0,0,0,65", "ocolor": 256, "color24": -1, "transparency": 0, "lweight": -1, "linewidth": 0.13, "ltscale": 1.0, "visible": 1, "width": 1.0, "thickness": 0.0, "ext": "(3:0,0,0.1)" }, "geometry": { "type": "LineString", "coordinates": [ [ 2241524.310514842160046, 540812.882404436357319, 0.0 ], [ 2241538.448794106021523, 540848.493915352970362, 0.0 ], [ 2241562.023774247150868, 540833.332064713118598, 0.0 ], [ 2241546.262168031185865, 540803.180604491499253, 0.0 ], [ 2241543.896884662099183, 540804.4172570805531, 0.0 ], [ 2241541.511639598291367, 540805.614955301978625, 0.0 ], [ 2241539.107074334286153, 540806.773377044126391, 0.0 ], [ 2241536.683835558593273, 540807.89221075817477, 0.0 ], [ 2241534.242574983742088, 540808.971155542414635, 0.0 ], [ 2241531.783949167467654, 540810.009921222692356, 0.0 ], [ 2241529.30861933901906, 540811.00822843099013, 0.0 ], [ 2241526.817251218948513, 540811.965808680164628, 0.0 ], [ 2241524.310514842160046, 540812.882404436357319, 0.0 ] ] } },
{ "type": "Feature", "properties": { "fid": 5258, "handle": 3764900, "block": -1, "etype": 18, "space": 0, "layer": "0_Limits", "olinetype": "bylayer", "linetype": "", "color": "0,0,0,65", "ocolor": 256, "color24": -1, "transparency": 0, "lweight": -1, "linewidth": 0.13, "ltscale": 1.0, "visible": 1, "width": 1.0, "thickness": 0.0, "ext": "(3:0,0,0.1)" }, "geometry": { "type": "LineString", "coordinates": [ [ 2241500.343875987455249, 540819.411363902268931, 0.0 ], [ 2241508.093376830685884, 540853.521170145249926, 0.0 ], [ 2241530.630000000819564, 540853.57999999995809, 0.0 ], [ 2241538.448794106021523, 540848.493915352970362, 0.0 ], [ 2241524.310514842160046, 540812.882404436473735, 0.0 ], [ 2241521.699953755829483, 540813.786288410308771, 0.0 ], [ 2241519.074542650021613, 540814.646086032851599, 0.0 ], [ 2241516.43502598349005, 540815.461553500848822, 0.0 ], [ 2241513.782152213621885, 540816.232459581689909, 0.0 ], [ 2241511.116673585958779, 540816.958585678250529, 0.0 ], [ 2241508.439345919061452, 540817.639725891174749, 0.0 ], [ 2241505.750928393099457, 540818.27568707743194, 0.0 ], [ 2241503.052183331921697, 540818.866288904449902, 0.0 ], [ 2241500.343875987455249, 540819.411363902268931, 0.0 ] ] } },
{ "type": "Feature", "properties": { "fid": 5259, "handle": 3764924, "block": -1, "etype": 18, "space": 0, "layer": "0_Limits", "olinetype": "bylayer", "linetype": "", "color": "0,0,0,65", "ocolor": 256, "color24": -1, "transparency": 0, "lweight": -1, "linewidth": 0.13, "ltscale": 1.0, "visible": 1, "width": 1.0, "thickness": 0.0, "ext": "(3:0,0,0.1)" }, "geometry": { "type": "LineString", "coordinates": [ [ 2241472.021773098967969, 540822.310344507917762, 0.0 ], [ 2241474.612652858253568, 540822.253363695926964, 0.0 ], [ 2241477.202289082575589, 540822.154931138153188, 0.0 ], [ 2241479.790018622763455, 540822.015072041191161, 0.0 ], [ 2241482.375178819522262, 540821.833822219632566, 0.0 ], [ 2241484.957107670605183, 540821.611228087567724, 0.0 ], [ 2241487.535144002176821, 540821.3473466464784, 0.0 ], [ 2241490.108627635985613, 540821.042245470453054, 0.0 ], [ 2241492.676899560261518, 540820.696002689073794, 0.0 ], [ 2241495.239302097819746, 540820.308706967509352, 0.0 ], [ 2241497.795179074630141, 540819.880457483581267, 0.0 ], [ 2241500.343875987455249, 540819.411363902268931, 0.0 ], [ 2241508.093376830685884, 540853.521170145249926, 0.0 ], [ 2241477.910319006536156, 540853.447070966009051, 0.0 ], [ 2241472.021773098967969, 540822.310344507917762, 0.0 ] ] } },
{ "type": "Feature", "properties": { "fid": 5260, "handle": 3764925, "block": -1, "etype": 18, "space": 0, "layer": "0_Limits", "olinetype": "bylayer", "linetype": "", "color": "0,0,0,65", "ocolor": 256, "color24": -1, "transparency": 0, "lweight": -1, "linewidth": 0.13, "ltscale": 1.0, "visible": 1, "width": 1.0, "thickness": 0.0, "ext": "(3:0,0,0.1)" }, "geometry": { "type": "LineString", "coordinates": [ [ 2241389.700000000651926, 540892.379999999306165, 0.0 ], [ 2241381.095873911399394, 540914.303749902173877, 0.0 ], [ 2241352.009363885503262, 540899.112221076153219, 0.0 ], [ 2241353.416384893469512, 540895.982813532697037, 0.0 ], [ 2241354.877169709187001, 540892.878138443222269, 0.0 ], [ 2241356.391283774748445, 540889.799119396950118, 0.0 ], [ 2241357.958276665303856, 540886.746672350680456, 0.0 ], [ 2241359.577682226896286, 540883.721705356496386, 0.0 ], [ 2241361.249018713831902, 540880.725118291564286, 0.0 ], [ 2241362.971788931172341, 540877.757802590727806, 0.0 ], [ 2241364.745480383280665, 540874.820640980848111, 0.0 ], [ 2241366.569565426558256, 540871.914507218520157, 0.0 ], [ 2241389.700000000651926, 540892.379999999306165, 0.0 ] ] } },
{ "type": "Feature", "properties": { "fid": 5261, "handle": 3764953, "block": -1, "etype": 18, "space": 0, "layer": "0_Limits", "olinetype": "bylayer", "linetype": "", "color": "0,0,0,65", "ocolor": 256, "color24": -1, "transparency": 0, "lweight": -1, "linewidth": 0.13, "ltscale": 1.0, "visible": 1, "width": 1.0, "thickness": 0.0, "ext": "(3:0,0,0.1)" }, "geometry": { "type": "LineString", "coordinates": [ [ 2241330.119403310120106, 540946.134489931166172, 0.0 ], [ 2241359.895000000484288, 540968.314999999362044, 0.0 ], [ 2241357.160000000614673, 540975.289999999804422, 0.0 ], [ 2241338.558372844476253, 540990.799741239403374, 0.0 ], [ 2241314.107889379374683, 540964.20918689633254, 0.0 ], [ 2241315.693970477674156, 540962.687423588125966, 0.0 ], [ 2241317.255146486219019, 540961.140120680793189, 0.0 ], [ 2241318.791006210725754, 540959.567685714573599, 0.0 ], [ 2241320.301145125180483, 540957.970532849081792, 0.0 ], [ 2241321.785165477544069, 540956.349082754342817, 0.0 ], [ 2241323.242676395922899, 540954.703762499964796, 0.0 ], [ 2241324.673293990083039, 540953.035005442798138, 0.0 ], [ 2241326.076641452964395, 540951.343251112382859, 0.0 ], [ 2241327.452349160797894, 540949.628945095697418, 0.0 ], [ 2241328.800054769497365, 540947.892538919462822, 0.0 ], [ 2241330.119403310120106, 540946.134489931166172, 0.0 ] ] } },
{ "type": "Feature", "properties": { "fid": 5262, "handle": 3764956, "block": -1, "etype": 18, "space": 0, "layer": "0_Limits", "olinetype": "bylayer", "linetype": "", "color": "0,0,0,65", "ocolor": 256, "color24": -1, "transparency": 0, "lweight": -1, "linewidth": 0.13, "ltscale": 1.0, "visible": 1, "width": 1.0, "thickness": 0.0, "ext": "(3:0,0,0.1)" }, "geometry": { "type": "LineString", "coordinates": [ [ 2241342.774347532074898, 540924.872642051777802, 0.0 ], [ 2241370.984419812913984, 540940.064521337742917, 0.0 ], [ 2241359.895000000484288, 540968.314999999362044, 0.0 ], [ 2241330.119403310120106, 540946.134489931166172, 0.0 ], [ 2241331.181088823825121, 540944.716790116974153, 0.0 ], [ 2241332.219535891897976, 540943.281981216860004, 0.0 ], [ 2241333.234468853101134, 540941.830444108345546, 0.0 ], [ 2241334.225618288386613, 540940.362564109847881, 0.0 ], [ 2241335.192721091210842, 540938.878730877535418, 0.0 ], [ 2241336.135520540177822, 540937.379338303115219, 0.0 ], [ 2241337.053766363300383, 540935.864784407895058, 0.0 ], [ 2241337.947214807849377, 540934.335471238475293, 0.0 ], [ 2241338.815628702752292, 540932.791804759064689, 0.0 ], [ 2241339.658777523320168, 540931.234194743912667, 0.0 ], [ 2241340.476437451317906, 540929.663054668810219, 0.0 ], [ 2241341.268391434568912, 540928.078801601426676, 0.0 ], [ 2241342.034429244231433, 540926.481856089783832, 0.0 ], [ 2241342.774347532074898, 540924.872642051777802, 0.0 ] ] } },
{ "type": "Feature", "properties": { "fid": 5263, "handle": 3764957, "block": -1, "etype": 18, "space": 0, "layer": "0_Limits", "olinetype": "bylayer", "linetype": "", "color": "0,0,0,65", "ocolor": 256, "color24": -1, "transparency": 0, "lweight": -1, "linewidth": 0.13, "ltscale": 1.0, "visible": 1, "width": 1.0, "thickness": 0.0, "ext": "(3:0,0,0.1)" }, "geometry": { "type": "LineString", "coordinates": [ [ 2241352.009363882709295, 540899.112221085466444, 0.0 ], [ 2241381.095873911399394, 540914.303749902173877, 0.0 ], [ 2241370.984419812913984, 540940.064521337742917, 0.0 ], [ 2241342.774347530677915, 540924.872642051195726, 0.0 ], [ 2241343.88781532086432, 540922.369461983907968, 0.0 ], [ 2241344.959794426802546, 540919.848235741490498, 0.0 ], [ 2241345.989992496091872, 540917.309650917886756, 0.0 ], [ 2241346.97812857106328, 540914.754399840952829, 0.0 ], [ 2241347.923933165613562, 540912.183179384097457, 0.0 ], [ 2241348.827148337848485, 540909.596690775593743, 0.0 ], [ 2241349.687527760397643, 540906.995639407890849, 0.0 ], [ 2241350.504836789797992, 540904.380734644946642, 0.0 ], [ 2241351.278852527961135, 540901.752689628861845, 0.0 ], [ 2241352.009363882709295, 540899.112221085350029, 0.0 ] ] } },
{ "type": "Feature", "properties": { "fid": 5264, "handle": 3765004, "block": -1, "etype": 18, "space": 0, "layer": "0_Limits", "olinetype": "bylayer", "linetype": "", "color": "0,0,0,65", "ocolor": 256, "color24": -1, "transparency": 0, "lweight": -1, "linewidth": 0.13, "ltscale": 1.0, "visible": 1, "width": 1.0, "thickness": 0.0, "ext": "(3:0,0,0.1)" }, "geometry": { "type": "LineString", "coordinates": [ [ 2241537.130441406276077, 540755.815818560076877, 0.0 ], [ 2241555.425666956230998, 540779.897102207294665, 0.0 ], [ 2241553.334981354419142, 540781.355328456731513, 0.0 ], [ 2241551.220268404111266, 540782.778486641123891, 0.0 ], [ 2241549.082116258796304, 540784.166180945467204, 0.0 ], [ 2241546.921119590289891, 540785.518025418044999, 0.0 ], [ 2241544.737879424821585, 540786.833644077996723, 0.0 ], [ 2241542.533002973999828, 540788.112671019742265, 0.0 ], [ 2241540.307103468570858, 540789.354750514728948, 0.0 ], [ 2241538.060799985658377, 540790.559537110151723, 0.0 ], [ 2241535.794717276003212, 540791.726695725577883, 0.0 ], [ 2241533.509485593531281, 540792.85590174573008, 0.0 ], [ 2241531.205740516074002, 540793.946841110941023, 0.0 ], [ 2241516.749634456820786, 540762.484978210413828, 0.0 ], [ 2241537.130441406276077, 540755.815818560076877, 0.0 ] ] } },
{ "type": "Feature", "properties": { "fid": 5265, "handle": 3765041, "block": -1, "etype": 18, "space": 0, "layer": "0_Limits", "olinetype": "bylayer", "linetype": "", "color": "0,0,0,65", "ocolor": 256, "color24": -1, "transparency": 0, "lweight": -1, "linewidth": 0.13, "ltscale": 1.0, "visible": 1, "width": 1.0, "thickness": 0.0, "ext": "(3:0,0,0.1)" }, "geometry": { "type": "LineString", "coordinates": [ [ 2241352.59016560157761, 540865.76118224451784, 0.0 ], [ 2241323.567688259761781, 540846.198569716420025, 0.0 ], [ 2241321.978646626695991, 540848.611773786018603, 0.0 ], [ 2241320.430212615057826, 540851.051232599420473, 0.0 ], [ 2241318.922819911502302, 540853.516262909513898, 0.0 ], [ 2241317.456890709232539, 540856.00617430685088, 0.0 ], [ 2241316.032835587859154, 540858.520269413245842, 0.0 ], [ 2241314.651053399313241, 540861.05784407723695, 0.0 ], [ 2241313.311931154690683, 540863.618187571060844, 0.0 ], [ 2241312.015843917615712, 540866.200582789839245, 0.0 ], [ 2241310.763154697604477, 540868.80430645251181, 0.0 ], [ 2241309.554214350879192, 540871.428629304165952, 0.0 ], [ 2241341.028776455670595, 540886.792926846886985, 0.0 ], [ 2241341.920380942989141, 540884.798365563619882, 0.0 ], [ 2241342.844674005173147, 540882.818740445189178, 0.0 ], [ 2241343.801405529491603, 540880.854587176116183, 0.0 ], [ 2241344.790316625498235, 540878.906437254045159, 0.0 ], [ 2241345.811139694415033, 540876.974817846552469, 0.0 ], [ 2241346.863598503638059, 540875.060251647606492, 0.0 ], [ 2241347.947408257517964, 540873.16325673693791, 0.0 ], [ 2241349.062275679316372, 540871.284346439410001, 0.0 ], [ 2241350.20789908664301, 540869.424029186135158, 0.0 ], [ 2241351.383968475274742, 540867.582808376988396, 0.0 ], [ 2241352.59016560157761, 540865.76118224451784, 0.0 ] ] } },
{ "type": "Feature", "properties": { "fid": 5266, "handle": 3765045, "block": -1, "etype": 18, "space": 0, "layer": "0_Limits", "olinetype": "bylayer", "linetype": "", "color": "0,0,0,65", "ocolor": 256, "color24": -1, "transparency": 0, "lweight": -1, "linewidth": 0.13, "ltscale": 1.0, "visible": 1, "width": 1.0, "thickness": 0.0, "ext": "(3:0,0,0.1)" }, "geometry": { "type": "LineString", "coordinates": [ [ 2241298.092793715652078, 540958.380093611078337, 0.0 ], [ 2241276.659285379108042, 540930.793365953257307, 0.0 ], [ 2241275.49455476179719, 540931.867612661095336, 0.0 ], [ 2241274.311797107569873, 540932.921978693804704, 0.0 ], [ 2241273.111351712606847, 540933.956161586102098, 0.0 ], [ 2241271.893562949262559, 540934.969864662620239, 0.0 ], [ 2241270.658780162688345, 540935.962797122774646, 0.0 ], [ 2241269.4073575749062, 540936.934674124815501, 0.0 ], [ 2241268.139654180966318, 540937.885216866852716, 0.0 ], [ 2241266.856033645570278, 540938.814152667182498, 0.0 ], [ 2241265.556864200159907, 540939.721215042751282, 0.0 ], [ 2241264.242518537677824, 540940.606143784942105, 0.0 ], [ 2241262.913373702671379, 540941.4686850347789, 0.0 ], [ 2241261.56981098651886, 540942.308591355686076, 0.0 ], [ 2241260.21221581613645, 540943.125621804152615, 0.0 ], [ 2241258.840977644082159, 540943.919541999115609, 0.0 ], [ 2241257.456489836797118, 540944.690124189248309, 0.0 ], [ 2241256.059149561449885, 540945.43714731791988, 0.0 ], [ 2241257.31913529150188, 540947.417095439857803, 0.0 ], [ 2241258.54644215805456, 540949.417464521015063, 0.0 ], [ 2241259.740739271976054, 540951.437715250533074, 0.0 ], [ 2241260.901704643387347, 540953.477302956860512, 0.0 ], [ 2241262.029025269672275, 540955.535677755367942, 0.0 ], [ 2241263.122397218365222, 540957.612284696195275, 0.0 ], [ 2241264.181525710504502, 540959.706563914194703, 0.0 ], [ 2241265.206125198863447, 540961.817950779455714, 0.0 ], [ 2241266.195919444784522, 540963.945876049809158, 0.0 ], [ 2241267.150641594547778, 540966.089766024146229, 0.0 ], [ 2241268.070034249685705, 540968.249042697367258, 0.0 ], [ 2241268.953849535901099, 540970.423123916028999, 0.0 ], [ 2241275.063087137881666, 540972.696483280858956, 0.0 ], [ 2241276.937960193958133, 540971.773235660162754, 0.0 ], [ 2241278.797407013364136, 540970.819300300325267, 0.0 ], [ 2241280.640925344545394, 540969.834934866870753, 0.0 ], [ 2241282.468017239123583, 540968.820405244710855, 0.0 ], [ 2241284.278189184609801, 540967.775985466549173, 0.0 ], [ 2241286.070952238980681, 540966.701957638491876, 0.0 ], [ 2241287.845822162926197, 540965.598611863795668, 0.0 ], [ 2241289.602319549769163, 540964.466246165218763, 0.0 ], [ 2241291.339969955384731, 540963.305166403646581, 0.0 ], [ 2241293.058304026722908, 540962.115686196018942, 0.0 ], [ 2241294.756857628002763, 540960.898126830463298, 0.0 ], [ 2241296.435171966440976, 540959.652817179448903, 0.0 ], [ 2241298.092793715652078, 540958.380093611078337, 0.0 ] ] } },
{ "type": "Feature", "properties": { "fid": 5267, "handle": 3765046, "block": -1, "etype": 18, "space": 0, "layer": "0_Limits", "olinetype": "bylayer", "linetype": "", "color": "0,0,0,65", "ocolor": 256, "color24": -1, "transparency": 0, "lweight": -1, "linewidth": 0.13, "ltscale": 1.0, "visible": 1, "width": 1.0, "thickness": 0.0, "ext": "(3:0,0,0.1)" }, "geometry": { "type": "LineString", "coordinates": [ [ 2241298.092793715652078, 540958.380093610845506, 0.0 ], [ 2241299.674642806872725, 540957.042410384514369, 0.0 ], [ 2241301.233546051662415, 540955.678055726224557, 0.0 ], [ 2241302.769053801894188, 540954.287423169007525, 0.0 ], [ 2241304.280723157338798, 540952.870913825579919, 0.0 ], [ 2241305.768118093721569, 540951.428936272277497, 0.0 ], [ 2241307.230809588450938, 540949.9619064318249, 0.0 ], [ 2241308.668375743553042, 540948.470247452729382, 0.0 ], [ 2241310.080401909537613, 540946.954389587626792, 0.0 ], [ 2241311.466480802744627, 540945.414770069066435, 0.0 ], [ 2241312.826212624553591, 540943.851832983200438, 0.0 ], [ 2241314.159205174539238, 540942.26602914207615, 0.0 ], [ 2241315.465073965955526, 540940.657815953483805, 0.0 ], [ 2241316.743442335166037, 540939.027657288592309, 0.0 ], [ 2241317.993941551540047, 540937.376023348770104, 0.0 ], [ 2241319.216210921760648, 540935.703390529728495, 0.0 ], [ 2241290.895787083078176, 540914.149598443764262, 0.0 ], [ 2241289.835636713542044, 540915.638786519528367, 0.0 ], [ 2241288.75154611794278, 540917.110638248617761, 0.0 ], [ 2241287.643798739649355, 540918.56476880563423, 0.0 ], [ 2241286.512684205546975, 540920.000797998625785, 0.0 ], [ 2241285.35849825385958, 540921.418350368272513, 0.0 ], [ 2241284.181542654056102, 540922.817055286024697, 0.0 ], [ 2241282.982125128619373, 540924.196547051542439, 0.0 ], [ 2241281.760559272952378, 540925.556464987341315, 0.0 ], [ 2241280.517164474353194, 540926.896453534136526, 0.0 ], [ 2241279.252265825401992, 540928.216162342927419, 0.0 ], [ 2241277.966194042935967, 540929.515246367198415, 0.0 ], [ 2241276.659285379108042, 540930.793365952908061, 0.0 ], [ 2241298.092793715652078, 540958.380093610845506, 0.0 ] ] } },
{ "type": "Feature", "properties": { "fid": 5268, "handle": 3765047, "block": -1, "etype": 18, "space": 0, "layer": "0_Limits", "olinetype": "bylayer", "linetype": "", "color": "0,0,0,65", "ocolor": 256, "color24": -1, "transparency": 0, "lweight": -1, "linewidth": 0.13, "ltscale": 1.0, "visible": 1, "width": 1.0, "thickness": 0.0, "ext": "(3:0,0,0.1)" }, "geometry": { "type": "LineString", "coordinates": [ [ 2241319.216210921760648, 540935.703390529728495, 0.0 ], [ 2241320.337951923254877, 540934.066398589638993, 0.0 ], [ 2241321.432029759511352, 540932.410790189867839, 0.0 ], [ 2241322.498135542031378, 540930.737032756209373, 0.0 ], [ 2241323.535968277603388, 540929.045598838361911, 0.0 ], [ 2241324.545234956778586, 540927.3369659766322, 0.0 ], [ 2241325.525650634430349, 540925.611616567126475, 0.0 ], [ 2241326.476938510779291, 540923.870037725544535, 0.0 ], [ 2241327.398830011021346, 540922.112721149576828, 0.0 ], [ 2241328.291064857505262, 540920.340162980020978, 0.0 ], [ 2241329.153391147498041, 540918.552863661083393, 0.0 ], [ 2241329.985565420705825, 540916.751327798468992, 0.0 ], [ 2241330.787352731451392, 540914.936064017703757, 0.0 ], [ 2241331.558526712004095, 540913.107584819546901, 0.0 ], [ 2241332.29886963730678, 540911.266406436334364, 0.0 ], [ 2241333.008172487374395, 540909.413048685528338, 0.0 ], [ 2241301.192716834601015, 540893.974991812021472, 0.0 ], [ 2241300.663799390662462, 540895.393425806891173, 0.0 ], [ 2241300.111650022678077, 540896.802978833788075, 0.0 ], [ 2241299.536417770665139, 540898.20327041647397, 0.0 ], [ 2241298.938257904723287, 540899.593922578264028, 0.0 ], [ 2241298.317331884987652, 540900.974559944937937, 0.0 ], [ 2241297.673807315528393, 540902.344809845206328, 0.0 ], [ 2241297.007857901975513, 540903.704302411759272, 0.0 ], [ 2241296.319663400761783, 540905.052670680801384, 0.0 ], [ 2241295.609409574884921, 540906.389550691470504, 0.0 ], [ 2241294.877288140356541, 540907.714581583975814, 0.0 ], [ 2241294.123496717307717, 540909.027405696571805, 0.0 ], [ 2241293.348238774109632, 540910.327668662765063, 0.0 ], [ 2241292.551723573356867, 540911.615019506658427, 0.0 ], [ 2241291.734166115988046, 540912.889110737480223, 0.0 ], [ 2241290.895787083078176, 540914.149598443764262, 0.0 ], [ 2241319.216210921760648, 540935.703390529728495, 0.0 ] ] } },
{ "type": "Feature", "properties": { "fid": 5269, "handle": 3765071, "block": -1, "etype": 18, "space": 0, "layer": "0_Limits", "olinetype": "bylayer", "linetype": "", "color": "0,0,0,65", "ocolor": 256, "color24": -1, "transparency": 0, "lweight": -1, "linewidth": 0.13, "ltscale": 1.0, "visible": 1, "width": 1.0, "thickness": 0.0, "ext": "(3:0,0,0.1)" }, "geometry": { "type": "LineString", "coordinates": [ [ 2241309.554214350879192, 540871.428629304165952, 0.0 ], [ 2241341.028776455670595, 540886.7929268470034, 0.0 ], [ 2241339.739688729401678, 540889.971028037252836, 0.0 ], [ 2241338.498442702461034, 540893.168117751833051, 0.0 ], [ 2241337.305317964870483, 540896.383475850452669, 0.0 ], [ 2241336.160583265591413, 540899.616378077655099, 0.0 ], [ 2241335.064496455248445, 540902.866096226382069, 0.0 ], [ 2241334.017304426059127, 540906.131898301653564, 0.0 ], [ 2241333.019243055954576, 540909.413048685877584, 0.0 ], [ 2241301.192716834601015, 540893.974991812021472, 0.0 ], [ 2241302.220060005784035, 540890.694803881226107, 0.0 ], [ 2241303.303684106562287, 540887.432776036323048, 0.0 ], [ 2241304.443268377799541, 540884.189873857540078, 0.0 ], [ 2241305.638475495390594, 540880.967057263478637, 0.0 ], [ 2241306.888951670844108, 540877.765280227642506, 0.0 ], [ 2241308.194326755590737, 540874.585490495432168, 0.0 ], [ 2241309.554214350879192, 540871.428629304165952, 0.0 ] ] } },
{ "type": "Feature", "properties": { "fid": 5270, "handle": 3765072, "block": -1, "etype": 18, "space": 0, "layer": "0_Limits", "olinetype": "bylayer", "linetype": "", "color": "0,0,0,65", "ocolor": 256, "color24": -1, "transparency": 0, "lweight": -1, "linewidth": 0.13, "ltscale": 1.0, "visible": 1, "width": 1.0, "thickness": 0.0, "ext": "(3:0,0,0.1)" }, "geometry": { "type": "LineString", "coordinates": [ [ 2241352.59016560157761, 540865.761182244401425, 0.0 ], [ 2241353.826164070516825, 540863.959643718786538, 0.0 ], [ 2241355.0916294218041, 540862.178680294426158, 0.0 ], [ 2241356.386219221632928, 540860.418773898039944, 0.0 ], [ 2241357.709583155810833, 540858.680400758632459, 0.0 ], [ 2241359.061363123357296, 540856.964031277922913, 0.0 ], [ 2241360.441193333826959, 540855.270129904034548, 0.0 ], [ 2241361.848700406495482, 540853.599155004601926, 0.0 ], [ 2241363.283503471408039, 540851.951558743836358, 0.0 ], [ 2241364.74521427275613, 540850.327786959474906, 0.0 ], [ 2241366.2334372731857, 540848.72827904263977, 0.0 ], [ 2241367.747769760433584, 540847.153467818396166, 0.0 ], [ 2241342.719727208837867, 540822.687224012450315, 0.0 ], [ 2241340.806327546481043, 540824.677040178794414, 0.0 ], [ 2241338.925917920190841, 540826.698061277740635, 0.0 ], [ 2241337.079007166903466, 540828.749740423052572, 0.0 ], [ 2241335.266095059458166, 540830.831522432505153, 0.0 ], [ 2241333.487672169227153, 540832.942843978060409, 0.0 ], [ 2241331.744219736196101, 540835.083133738255128, 0.0 ], [ 2241330.036209536250681, 540837.251812553033233, 0.0 ], [ 2241328.364103755448014, 540839.448293579975143, 0.0 ], [ 2241326.728354863356799, 540841.671982453903183, 0.0 ], [ 2241325.129405492451042, 540843.922277446603402, 0.0 ], [ 2241323.567688317038119, 540846.198569630854763, 0.0 ], [ 2241352.59016560157761, 540865.761182244401425, 0.0 ] ] } },
{ "type": "Feature", "properties": { "fid": 5271, "handle": 3765073, "block": -1, "etype": 18, "space": 0, "layer": "0_Limits", "olinetype": "bylayer", "linetype": "", "color": "0,0,0,65", "ocolor": 256, "color24": -1, "transparency": 0, "lweight": -1, "linewidth": 0.13, "ltscale": 1.0, "visible": 1, "width": 1.0, "thickness": 0.0, "ext": "(3:0,0,0.1)" }, "geometry": { "type": "LineString", "coordinates": [ [ 2241367.747769759502262, 540847.153467817115597, 0.0 ], [ 2241369.287801957689226, 540845.603779428289272, 0.0 ], [ 2241370.853117135353386, 540844.079633218469098, 0.0 ], [ 2241372.443291719537228, 540842.581441619899124, 0.0 ], [ 2241374.057895410805941, 540841.109610041603446, 0.0 ], [ 2241375.696491298731416, 540839.664536759839393, 0.0 ], [ 2241377.358635981567204, 540838.246612809831277, 0.0 ], [ 2241379.043879684060812, 540836.856221880298108, 0.0 ], [ 2241380.751766381785274, 540835.493740209727548, 0.0 ], [ 2241382.48183392174542, 540834.159536484046839, 0.0 ], [ 2241384.23361414950341, 540832.85397173743695, 0.0 ], [ 2241386.006633035372943, 540831.577399254427291, 0.0 ], [ 2241365.790290137287229, 540803.006444075959735, 0.0 ], [ 2241363.550033273175359, 540804.6194276092574, 0.0 ], [ 2241361.336612022481859, 540806.269043644308113, 0.0 ], [ 2241359.150625334586948, 540807.95484579692129, 0.0 ], [ 2241356.992664735764265, 540809.676377890631557, 0.0 ], [ 2241354.863314167130738, 540811.433174080797471, 0.0 ], [ 2241352.76314982958138, 540813.224758979980834, 0.0 ], [ 2241350.692740024998784, 540815.050647787400521, 0.0 ], [ 2241348.652645003981888, 540816.910346419317648, 0.0 ], [ 2241346.643416814040393, 540818.803351643262431, 0.0 ], [ 2241344.665599150583148, 540820.729151214007288, 0.0 ], [ 2241342.719727208837867, 540822.687224012217484, 0.0 ], [ 2241367.747769759502262, 540847.153467817115597, 0.0 ] ] } },
{ "type": "Feature", "properties": { "fid": 5272, "handle": 3765074, "block": -1, "etype": 18, "space": 0, "layer": "0_Limits", "olinetype": "bylayer", "linetype": "", "color": "0,0,0,65", "ocolor": 256, "color24": -1, "transparency": 0, "lweight": -1, "linewidth": 0.13, "ltscale": 1.0, "visible": 1, "width": 1.0, "thickness": 0.0, "ext": "(3:0,0,0.1)" }, "geometry": { "type": "LineString", "coordinates": [ [ 2241386.006633034907281, 540831.57739925396163, 0.0 ], [ 2241387.800410802010447, 540830.330164474085905, 0.0 ], [ 2241389.614462056197226, 540829.112604897469282, 0.0 ], [ 2241391.448295915964991, 540827.925049994373694, 0.0 ], [ 2241393.30141614889726, 540826.767821115907282, 0.0 ], [ 2241395.173321302048862, 540825.641231407178566, 0.0 ], [ 2241397.063504839781672, 540824.545585721964017, 0.0 ], [ 2241398.971455281134695, 540823.481180540984496, 0.0 ], [ 2241400.8966563353315, 540822.448303891113028, 0.0 ], [ 2241402.838587046135217, 540821.447235267725773, 0.0 ], [ 2241404.796721928752959, 540820.47824555891566, 0.0 ], [ 2241406.770531114190817, 540819.541596972383559, 0.0 ], [ 2241392.026031654793769, 540787.798885436379351, 0.0 ], [ 2241389.532070868182927, 540788.982366019510664, 0.0 ], [ 2241387.057914982549846, 540790.206710477010347, 0.0 ], [ 2241384.604233502410352, 540791.471587502630427, 0.0 ], [ 2241382.171690390910953, 540792.776654821936972, 0.0 ], [ 2241379.760943891946226, 540794.121559285093099, 0.0 ], [ 2241377.372646350879222, 540795.505936962319538, 0.0 ], [ 2241375.00744403898716, 540796.929413242381997, 0.0 ], [ 2241372.66597697744146, 540798.391602934221737, 0.0 ], [ 2241370.348878764081746, 540799.892110370798036, 0.0 ], [ 2241368.056776403915137, 540801.43052951619029, 0.0 ], [ 2241365.790290137287229, 540803.00644407607615, 0.0 ], [ 2241386.006633034907281, 540831.57739925396163, 0.0 ] ] } },
{ "type": "Feature", "properties": { "fid": 5273, "handle": 3765098, "block": -1, "etype": 18, "space": 0, "layer": "0_Limits", "olinetype": "bylayer", "linetype": "", "color": "0,0,0,65", "ocolor": 256, "color24": -1, "transparency": 0, "lweight": -1, "linewidth": 0.13, "ltscale": 1.0, "visible": 1, "width": 1.0, "thickness": 0.0, "ext": "(3:0,0,0.1)" }, "geometry": { "type": "LineString", "coordinates": [ [ 2241406.770531113725156, 540819.541596971452236, 0.0 ], [ 2241408.759480490814894, 540818.637542963493615, 0.0 ], [ 2241410.763031852431595, 540817.766328170080669, 0.0 ], [ 2241412.780643039382994, 540816.928188340971246, 0.0 ], [ 2241414.81176808802411, 540816.123350275796838, 0.0 ], [ 2241416.855857377871871, 540815.352031762944534, 0.0 ], [ 2241418.912357781082392, 540814.614441520534456, 0.0 ], [ 2241420.980712810531259, 540813.910779139609076, 0.0 ], [ 2241423.060362771619111, 540813.241235030582175, 0.0 ], [ 2241425.1507449131459, 540812.605990371201187, 0.0 ], [ 2241427.251293579582125, 540812.005217058234848, 0.0 ], [ 2241429.361440365202725, 540811.439077660092153, 0.0 ], [ 2241420.570250735618174, 540777.561135204858147, 0.0 ], [ 2241417.904023738577962, 540778.276467502582818, 0.0 ], [ 2241415.249924221541733, 540779.03556067973841, 0.0 ], [ 2241412.608670381829143, 540779.838209326379001, 0.0 ], [ 2241409.980976939667016, 540780.68419624667149, 0.0 ], [ 2241407.367554945405573, 540781.573292517336085, 0.0 ], [ 2241404.76911158952862, 540782.505257550044917, 0.0 ], [ 2241402.186350007541478, 540783.479839155916125, 0.0 ], [ 2241399.619969091843814, 540784.496773614198901, 0.0 ], [ 2241397.070663302671164, 540785.555785743519664, 0.0 ], [ 2241394.539122479502112, 540786.656588976271451, 0.0 ], [ 2241392.026031654793769, 540787.798885436262935, 0.0 ], [ 2241406.770531113725156, 540819.541596971452236, 0.0 ] ] } },
{ "type": "Feature", "properties": { "fid": 5274, "handle": 3765099, "block": -1, "etype": 18, "space": 0, "layer": "0_Limits", "olinetype": "bylayer", "linetype": "", "color": "0,0,0,65", "ocolor": 256, "color24": -1, "transparency": 0, "lweight": -1, "linewidth": 0.13, "ltscale": 1.0, "visible": 1, "width": 1.0, "thickness": 0.0, "ext": "(3:0,0,0.1)" }, "geometry": { "type": "LineString", "coordinates": [ [ 2241429.361440364271402, 540811.439077656832524, 0.0 ], [ 2241431.480614264961332, 540810.907725370372646, 0.0 ], [ 2241433.608241835143417, 540810.41130397899542, 0.0 ], [ 2241435.743747340515256, 540809.949947813642211, 0.0 ], [ 2241437.886552915442735, 540809.523781716939993, 0.0 ], [ 2241440.036078719422221, 540809.13292100909166, 0.0 ], [ 2241442.191743092611432, 540808.777471456327476, 0.0 ], [ 2241444.352962714619935, 540808.457529243198223, 0.0 ], [ 2241446.519152761436999, 540808.17318094545044, 0.0 ], [ 2241448.689727064687759, 540807.924503507674672, 0.0 ], [ 2241450.864098269492388, 540807.711564221652225, 0.0 ], [ 2241453.041677992325276, 540807.534420708543621, 0.0 ], [ 2241448.577857278287411, 540772.830876956577413, 0.0 ], [ 2241446.001996657811105, 540773.054692368721589, 0.0 ], [ 2241443.43008063454181, 540773.320020924205892, 0.0 ], [ 2241440.86277819937095, 540773.626793607370928, 0.0 ], [ 2241438.300757143180817, 540773.974930622265674, 0.0 ], [ 2241435.744683883152902, 540774.364341413718648, 0.0 ], [ 2241433.195223290007561, 540774.794924690388143, 0.0 ], [ 2241430.653038514312357, 540775.266568451770581, 0.0 ], [ 2241428.118790812324733, 540775.779150016722269, 0.0 ], [ 2241425.593139378353953, 540776.332536055590026, 0.0 ], [ 2241423.076741169206798, 540776.926582624902949, 0.0 ], [ 2241420.570250735152513, 540777.561135204974562, 0.0 ], [ 2241429.361440364271402, 540811.439077656832524, 0.0 ] ] } },
{ "type": "Feature", "properties": { "fid": 5275, "handle": 3765100, "block": -1, "etype": 18, "space": 0, "layer": "0_Limits", "olinetype": "bylayer", "linetype": "", "color": "0,0,0,65", "ocolor": 256, "color24": -1, "transparency": 0, "lweight": -1, "linewidth": 0.13, "ltscale": 1.0, "visible": 1, "width": 1.0, "thickness": 0.0, "ext": "(3:0,0,0.1)" }, "geometry": { "type": "LineString", "coordinates": [ [ 2241478.388251011725515, 540807.070075878989883, 0.0 ], [ 2241473.118080562911928, 540772.126807312015444, 0.0 ], [ 2241469.025115280412138, 540772.083241293323226, 0.0 ], [ 2241464.931971100158989, 540772.10406245640479, 0.0 ], [ 2241460.839660845696926, 540772.189265649183653, 0.0 ], [ 2241456.749197134748101, 540772.338829788845032, 0.0 ], [ 2241452.661592127755284, 540772.552717866376042, 0.0 ], [ 2241448.577857278287411, 540772.830876956693828, 0.0 ], [ 2241453.08694278402254, 540807.531120771192946, 0.0 ], [ 2241465.735869226045907, 540807.205786837264895, 0.0 ], [ 2241478.388251011725515, 540807.070075878989883, 0.0 ] ] } },
{ "type": "Feature", "properties": { "fid": 5276, "handle": 3765101, "block": -1, "etype": 18, "space": 0, "layer": "0_Limits", "olinetype": "bylayer", "linetype": "", "color": "0,0,0,65", "ocolor": 256, "color24": -1, "transparency": 0, "lweight": -1, "linewidth": 0.13, "ltscale": 1.0, "visible": 1, "width": 1.0, "thickness": 0.0, "ext": "(3:0,0,0.1)" }, "geometry": { "type": "LineString", "coordinates": [ [ 2241478.388251011725515, 540807.070075878989883, 0.0 ], [ 2241480.43715103995055, 540806.960177911096253, 0.0 ], [ 2241482.483858975581825, 540806.815072721801698, 0.0 ], [ 2241484.527769881300628, 540806.634803199209273, 0.0 ], [ 2241486.56827964540571, 540806.419422625098377, 0.0 ], [ 2241488.604785162955523, 540806.168994658510201, 0.0 ], [ 2241490.636684511788189, 540805.883593317470513, 0.0 ], [ 2241492.663377131335437, 540805.563302956987172, 0.0 ], [ 2241494.684264000505209, 540805.208218244020827, 0.0 ], [ 2241496.698747812304646, 540804.818444129661657, 0.0 ], [ 2241498.706233154982328, 540804.394095817697234, 0.0 ], [ 2241500.706126682925969, 540803.935298731317744, 0.0 ], [ 2241502.697837295476347, 540803.442188475397415, 0.0 ], [ 2241504.680776311084628, 540802.914910796564072, 0.0 ], [ 2241496.767170601524413, 540769.023789062281139, 0.0 ], [ 2241494.825937110930681, 540769.466607923735864, 0.0 ], [ 2241492.877433544490486, 540769.876253942842595, 0.0 ], [ 2241490.9222267344594, 540770.252607950940728, 0.0 ], [ 2241488.960885463282466, 540770.595560464193113, 0.0 ], [ 2241486.993980297353119, 540770.905011715600267, 0.0 ], [ 2241485.022083421703428, 540771.180871683638543, 0.0 ], [ 2241483.045768474694341, 540771.423060119035654, 0.0 ], [ 2241481.065610378049314, 540771.631506567704491, 0.0 ], [ 2241479.082185172941536, 540771.806150390999392, 0.0 ], [ 2241477.096069850493222, 540771.946940783993341, 0.0 ], [ 2241475.107842184137553, 540772.053836789913476, 0.0 ], [ 2241473.118080562446266, 540772.126807312015444, 0.0 ], [ 2241478.388251011725515, 540807.070075878989883, 0.0 ] ] } },
{ "type": "Feature", "properties": { "fid": 5277, "handle": 3765102, "block": -1, "etype": 18, "space": 0, "layer": "0_Limits", "olinetype": "bylayer", "linetype": "", "color": "0,0,0,65", "ocolor": 256, "color24": -1, "transparency": 0, "lweight": -1, "linewidth": 0.13, "ltscale": 1.0, "visible": 1, "width": 1.0, "thickness": 0.0, "ext": "(3:0,0,0.1)" }, "geometry": { "type": "LineString", "coordinates": [ [ 2241496.767170601524413, 540769.023789062281139, 0.0 ], [ 2241504.680776311084628, 540802.914910796564072, 0.0 ], [ 2241506.783610264305025, 540802.430115550756454, 0.0 ], [ 2241508.878120346460491, 540801.910534392460249, 0.0 ], [ 2241510.963731157127768, 540801.356310060247779, 0.0 ], [ 2241513.039869740605354, 540800.76759480976034, 0.0 ], [ 2241515.105965743307024, 540800.144550371798687, 0.0 ], [ 2241517.161451570689678, 540799.487347908434458, 0.0 ], [ 2241519.205762542784214, 540798.796167965047061, 0.0 ], [ 2241521.238337049726397, 540798.07120042166207, 0.0 ], [ 2241523.258616705425084, 540797.312644440215081, 0.0 ], [ 2241525.266046502161771, 540796.520708410069346, 0.0 ], [ 2241527.260074961930513, 540795.695609890623018, 0.0 ], [ 2241529.240154287777841, 540794.837575551588088, 0.0 ], [ 2241531.205740516074002, 540793.946841110941023, 0.0 ], [ 2241516.749634456355125, 540762.484978210413828, 0.0 ], [ 2241500.777164024766535, 540767.53402145835571, 0.0 ], [ 2241496.767170601524413, 540769.023789062281139, 0.0 ] ] } },
{ "type": "Feature", "properties": { "fid": 5278, "handle": 3765519, "block": -1, "etype": 18, "space": 0, "layer": "0_Limits", "olinetype": "bylayer", "linetype": "", "color": "0,0,0,65", "ocolor": 256, "color24": -1, "transparency": 0, "lweight": -1, "linewidth": 0.13, "ltscale": 1.0, "visible": 1, "width": 1.0, "thickness": 0.0, "ext": "(3:0,0,0.1)" }, "geometry": { "type": "LineString", "coordinates": [ [ 2241389.00051828706637, 540747.849923919420689, 0.0 ], [ 2241401.721273189876229, 540720.056892098858953, 0.0 ], [ 2241403.594703883398324, 540720.843992674141191, 0.0 ], [ 2241405.480995308142155, 540721.599753575399518, 0.0 ], [ 2241407.379623240791261, 540722.323964767740108, 0.0 ], [ 2241409.290060030296445, 540723.01642498432193, 0.0 ], [ 2241411.211774743627757, 540723.676941781886853, 0.0 ], [ 2241413.144233312923461, 540724.305331595125608, 0.0 ], [ 2241415.086898684501648, 540724.901419786736369, 0.0 ], [ 2241417.039230968803167, 540725.465040697017685, 0.0 ], [ 2241419.000687588937581, 540725.996037688688375, 0.0 ], [ 2241420.970723432954401, 540726.494263191358186, 0.0 ], [ 2241422.948791004251689, 540726.959578742389567, 0.0 ], [ 2241424.934340574312955, 540727.391855024732649, 0.0 ], [ 2241418.16162407817319, 540759.529878137400374, 0.0 ], [ 2241389.00051828706637, 540747.849923919420689, 0.0 ] ] } },
{ "type": "Feature", "properties": { "fid": 5279, "handle": 3765571, "block": -1, "etype": 18, "space": 0, "layer": "0_Limits", "olinetype": "bylayer", "linetype": "", "color": "0,0,0,65", "ocolor": 256, "color24": -1, "transparency": 0, "lweight": -1, "linewidth": 0.13, "ltscale": 1.0, "visible": 1, "width": 1.0, "thickness": 0.0, "ext": "(3:0,0,0.1)" }, "geometry": { "type": "LineString", "coordinates": [ [ 2241347.638972550164908, 540761.51058983639814, 0.0 ], [ 2241362.485557745210826, 540732.880041945725679, 0.0 ], [ 2241389.00051828706637, 540747.849923919420689, 0.0 ], [ 2241383.156803493387997, 540768.485996379749849, 0.0 ], [ 2241365.626850967295468, 540764.583989685634151, 0.0 ], [ 2241365.171742827165872, 540766.668896422488615, 0.0 ], [ 2241363.381517209578305, 540766.290240480564535, 0.0 ], [ 2241361.598095808178186, 540765.880733229336329, 0.0 ], [ 2241359.822010248433799, 540765.440496740164235, 0.0 ], [ 2241358.053789967671037, 540764.969662244315259, 0.0 ], [ 2241356.293962060008198, 540764.468370094080456, 0.0 ], [ 2241354.543051118031144, 540763.936769721098244, 0.0 ], [ 2241352.801579075399786, 540763.375019591767341, 0.0 ], [ 2241351.070065052248538, 540762.783287159516476, 0.0 ], [ 2241349.349025200586766, 540762.161748815677129, 0.0 ], [ 2241347.638972550164908, 540761.51058983639814, 0.0 ] ] } },
{ "type": "Feature", "properties": { "fid": 5280, "handle": 3765649, "block": -1, "etype": 18, "space": 0, "layer": "0_Limits", "olinetype": "bylayer", "linetype": "", "color": "0,0,0,65", "ocolor": 256, "color24": -1, "transparency": 0, "lweight": -1, "linewidth": 0.13, "ltscale": 1.0, "visible": 1, "width": 1.0, "thickness": 0.0, "ext": "(3:0,0,0.1)" }, "geometry": { "type": "LineString", "coordinates": [ [ 2241321.80538790486753, 540808.602530081989244, 0.0 ], [ 2241342.719727208837867, 540822.687224012450315, 0.0 ], [ 2241344.737072906922549, 540820.65844514220953, 0.0 ], [ 2241346.788712759036571, 540818.664353547734208, 0.0 ], [ 2241348.874050419777632, 540816.705528846592642, 0.0 ], [ 2241350.992479749489576, 540814.782540405634791, 0.0 ], [ 2241353.143384989351034, 540812.89594717498403, 0.0 ], [ 2241355.326140941586345, 540811.04629752621986, 0.0 ], [ 2241357.540113149210811, 540809.23412909230683, 0.0 ], [ 2241359.78465808276087, 540807.459968611830845, 0.0 ], [ 2241362.059123326092958, 540805.724331775680184, 0.0 ], [ 2241364.362847765441984, 540804.027723076986149, 0.0 ], [ 2241366.695161783602089, 540802.370635665021837, 0.0 ], [ 2241369.055387451779097, 540800.753551201079972, 0.0 ], [ 2241371.442838729824871, 540799.176939719123766, 0.0 ], [ 2241373.85682166274637, 540797.641259489115328, 0.0 ], [ 2241376.296634584199637, 540796.146956883254461, 0.0 ], [ 2241378.761568319518119, 540794.694466246874072, 0.0 ], [ 2241381.250906393397599, 540793.284209771780297, 0.0 ], [ 2241383.763925234787166, 540791.916597373783588, 0.0 ], [ 2241379.033813227433711, 540783.045626492821611, 0.0 ], [ 2241362.427872773259878, 540779.238904850790277, 0.0 ], [ 2241363.096029803622514, 540776.44640006206464, 0.0 ], [ 2241360.990271111484617, 540775.995913005084731, 0.0 ], [ 2241358.892538184765726, 540775.509420633898117, 0.0 ], [ 2241356.803446612786502, 540774.987065712106414, 0.0 ], [ 2241354.723609449807554, 540774.429001527139917, 0.0 ], [ 2241352.653637033421546, 540773.835391845437698, 0.0 ], [ 2241350.594136806670576, 540773.206410864484496, 0.0 ], [ 2241321.80538790486753, 540808.602530081989244, 0.0 ] ] } },
{ "type": "Feature", "properties": { "fid": 5281, "handle": 3765673, "block": -1, "etype": 18, "space": 0, "layer": "0_Limits", "olinetype": "bylayer", "linetype": "", "color": "0,0,0,65", "ocolor": 256, "color24": -1, "transparency": 0, "lweight": -1, "linewidth": 0.13, "ltscale": 1.0, "visible": 1, "width": 1.0, "thickness": 0.0, "ext": "(3:0,0,0.1)" }, "geometry": { "type": "LineString", "coordinates": [ [ 2241294.81420474126935, 540843.19096406805329, 0.0 ], [ 2241299.213003594893962, 540845.317844775272533, 0.0 ], [ 2241292.683496310841292, 540858.822123157908209, 0.0 ], [ 2241311.27274791104719, 540867.731612712377682, 0.0 ], [ 2241312.547450693324208, 540865.122040745918639, 0.0 ], [ 2241313.866930483840406, 540862.534820980741642, 0.0 ], [ 2241315.23079547798261, 540859.970721663441509, 0.0 ], [ 2241316.638640690594912, 540857.430504174903035, 0.0 ], [ 2241318.090048077516258, 540854.914922805037349, 0.0 ], [ 2241319.584586658980697, 540852.424724527983926, 0.0 ], [ 2241321.121812649071217, 540849.960648780921474, 0.0 ], [ 2241322.701269584242254, 540847.523427243926562, 0.0 ], [ 2241324.32248846301809, 540845.113783623324707, 0.0 ], [ 2241325.984987881965935, 540842.732433436322026, 0.0 ], [ 2241327.688274180050939, 540840.380083798547275, 0.0 ], [ 2241329.431841585319489, 540838.057433214620687, 0.0 ], [ 2241331.215172364376485, 540835.765171370003372, 0.0 ], [ 2241333.037736976519227, 540833.503978926804848, 0.0 ], [ 2241334.898994231596589, 540831.27452732110396, 0.0 ], [ 2241336.798391449265182, 540829.077478564227931, 0.0 ], [ 2241338.73536462476477, 540826.913485045661218, 0.0 ], [ 2241340.709338595159352, 540824.783189339446835, 0.0 ], [ 2241342.719727210234851, 540822.687224013614468, 0.0 ], [ 2241321.80538790486753, 540808.602530081989244, 0.0 ], [ 2241294.81420474126935, 540843.19096406805329, 0.0 ] ] } },
{ "type": "Feature", "properties": { "fid": 5283, "handle": 3765874, "block": -1, "etype": 18, "space": 0, "layer": "0_Limits", "olinetype": "bylayer", "linetype": "", "color": "0,0,0,65", "ocolor": 256, "color24": -1, "transparency": 0, "lweight": -1, "linewidth": 0.13, "ltscale": 1.0, "visible": 1, "width": 1.0, "thickness": 0.0, "ext": "(3:0,0,0.1)" }, "geometry": { "type": "LineString", "coordinates": [ [ 2241287.470953626092523, 540808.908426541252993, 0.0 ], [ 2241299.652869104873389, 540793.683988187229261, 0.0 ], [ 2241306.742237054742873, 540783.146241358132102, 0.0 ], [ 2241282.182468944694847, 540766.588724910165183, 0.0 ], [ 2241279.527742868755013, 540770.3414968267316, 0.0 ], [ 2241276.817508492153138, 540774.054379429202527, 0.0 ], [ 2241274.05236508557573, 540777.72655174753163, 0.0 ], [ 2241271.232924059964716, 540781.357201813254505, 0.0 ], [ 2241268.359808833803982, 540784.945526839233935, 0.0 ], [ 2241265.433654692489654, 540788.490733396844007, 0.0 ], [ 2241287.470953626092523, 540808.908426541252993, 0.0 ] ] } },
{ "type": "Feature", "properties": { "fid": 5284, "handle": 3766020, "block": -1, "etype": 18, "space": 0, "layer": "0_Limits", "olinetype": "bylayer", "linetype": "", "color": "0,0,0,65", "ocolor": 256, "color24": -1, "transparency": 0, "lweight": -1, "linewidth": 0.13, "ltscale": 1.0, "visible": 1, "width": 1.0, "thickness": 0.0, "ext": "(3:0,0,0.1)" }, "geometry": { "type": "LineString", "coordinates": [ [ 2241206.073728470131755, 540886.601202680147253, 0.0 ], [ 2241208.139260046649724, 540889.413054800708778, 0.0 ], [ 2241210.247499716933817, 540892.19302935723681, 0.0 ], [ 2241212.397955591324717, 540894.940477732336149, 0.0 ], [ 2241214.59012593049556, 540897.654758897959255, 0.0 ], [ 2241216.823499262332916, 540900.335239564185031, 0.0 ], [ 2241219.097554501611739, 540902.981294327648357, 0.0 ], [ 2241221.411761070601642, 540905.592305817059241, 0.0 ], [ 2241223.765579024329782, 540908.167664837092161, 0.0 ], [ 2241257.138855427969247, 540879.508273892803118, 0.0 ], [ 2241239.483830192126334, 540862.393567288992926, 0.0 ], [ 2241206.073728470131755, 540886.601202680147253, 0.0 ] ] } },
{ "type": "Feature", "properties": { "fid": 5296, "handle": 3771023, "block": -1, "etype": 18, "space": 0, "layer": "0_Limits", "olinetype": "bylayer", "linetype": "", "color": "0,0,0,65", "ocolor": 256, "color24": -1, "transparency": 0, "lweight": -1, "linewidth": 0.13, "ltscale": 1.0, "visible": 1, "width": 1.0, "thickness": 0.0, "ext": "(3:0,0,0.1)" }, "geometry": { "type": "LineString", "coordinates": [ [ 2241024.991465563420206, 540293.559075526776724, 0.0 ], [ 2241032.414510036353022, 540273.139795172843151, 0.0 ], [ 2241041.155430056620389, 540249.095308159012347, 0.0 ], [ 2241043.397334641311318, 540242.928286203066818, 0.0 ], [ 2241068.668944261502475, 540252.814870215952396, 0.0 ], [ 2241051.767323171254247, 540297.030883318861015, 0.0 ], [ 2241038.429143648128957, 540294.911294687306508, 0.0 ], [ 2241024.991465563420206, 540293.559075526776724, 0.0 ] ] } },
{ "type": "Feature", "properties": { "fid": 5297, "handle": 3771024, "block": -1, "etype": 18, "space": 0, "layer": "0_Limits", "olinetype": "bylayer", "linetype": "", "color": "0,0,0,65", "ocolor": 256, "color24": -1, "transparency": 0, "lweight": -1, "linewidth": 0.13, "ltscale": 1.0, "visible": 1, "width": 1.0, "thickness": 0.0, "ext": "(3:0,0,0.1)" }, "geometry": { "type": "LineString", "coordinates": [ [ 2241068.668944261502475, 540252.814870215952396, 0.0 ], [ 2241091.832240113988519, 540209.475082229473628, 0.0 ], [ 2241068.098286575637758, 540197.864581618574448, 0.0 ], [ 2241043.397334641311318, 540242.928286203066818, 0.0 ], [ 2241068.668944261502475, 540252.814870215952396, 0.0 ] ] } },
{ "type": "Feature", "properties": { "fid": 5301, "handle": 3772442, "block": -1, "etype": 18, "space": 0, "layer": "0_Limits", "olinetype": "bylayer", "linetype": "", "color": "0,0,0,65", "ocolor": 256, "color24": -1, "transparency": 0, "lweight": -1, "linewidth": 0.13, "ltscale": 1.0, "visible": 1, "width": 1.0, "thickness": 0.0, "ext": "(3:0,0,0.1)" }, "geometry": { "type": "LineString", "coordinates": [ [ 2241113.385511652100831, 540222.142224212759174, 0.0 ], [ 2241091.84167314087972, 540263.144844634342007, 0.0 ], [ 2241068.668944263830781, 540252.814870216883719, 0.0 ], [ 2241091.832240113988519, 540209.475082229706459, 0.0 ], [ 2241113.385511652100831, 540222.142224212759174, 0.0 ] ] } },
{ "type": "Feature", "properties": { "fid": 5302, "handle": 3772443, "block": -1, "etype": 18, "space": 0, "layer": "0_Limits", "olinetype": "bylayer", "linetype": "", "color": "0,0,0,65", "ocolor": 256, "color24": -1, "transparency": 0, "lweight": -1, "linewidth": 0.13, "ltscale": 1.0, "visible": 1, "width": 1.0, "thickness": 0.0, "ext": "(3:0,0,0.1)" }, "geometry": { "type": "LineString", "coordinates": [ [ 2241134.058768371585757, 540236.199531971709803, 0.0 ], [ 2241111.111156151164323, 540273.128366418648511, 0.0 ], [ 2241091.84167314087972, 540263.144844634342007, 0.0 ], [ 2241113.385511652100831, 540222.142224212759174, 0.0 ], [ 2241134.058768371585757, 540236.199531971709803, 0.0 ] ] } },
{ "type": "Feature", "properties": { "fid": 5303, "handle": 3772444, "block": -1, "etype": 18, "space": 0, "layer": "0_Limits", "olinetype": "bylayer", "linetype": "", "color": "0,0,0,65", "ocolor": 256, "color24": -1, "transparency": 0, "lweight": -1, "linewidth": 0.13, "ltscale": 1.0, "visible": 1, "width": 1.0, "thickness": 0.0, "ext": "(3:0,0,0.1)" }, "geometry": { "type": "LineString", "coordinates": [ [ 2241153.915352833457291, 540251.388870816561393, 0.0 ], [ 2241129.948881231248379, 540285.156049767392687, 0.0 ], [ 2241118.019534974358976, 540277.507982113282196, 0.0 ], [ 2241111.111156151164323, 540273.128366418648511, 0.0 ], [ 2241134.058768377639353, 540236.199531975784339, 0.0 ], [ 2241153.915352833457291, 540251.388870816561393, 0.0 ] ] } },
{ "type": "Feature", "properties": { "fid": 5304, "handle": 3772445, "block": -1, "etype": 18, "space": 0, "layer": "0_Limits", "olinetype": "bylayer", "linetype": "", "color": "0,0,0,65", "ocolor": 256, "color24": -1, "transparency": 0, "lweight": -1, "linewidth": 0.13, "ltscale": 1.0, "visible": 1, "width": 1.0, "thickness": 0.0, "ext": "(3:0,0,0.1)" }, "geometry": { "type": "LineString", "coordinates": [ [ 2241172.893217890523374, 540267.662795908050612, 0.0 ], [ 2241146.94608589168638, 540298.104561392916366, 0.0 ], [ 2241129.948881231248379, 540285.156049767392687, 0.0 ], [ 2241153.915352833457291, 540251.388870816561393, 0.0 ], [ 2241172.893217890523374, 540267.662795908050612, 0.0 ] ] } },
{ "type": "Feature", "properties": { "fid": 5305, "handle": 3772486, "block": -1, "etype": 18, "space": 0, "layer": "0_Limits", "olinetype": "bylayer", "linetype": "", "color": "0,0,0,65", "ocolor": 256, "color24": -1, "transparency": 0, "lweight": -1, "linewidth": 0.13, "ltscale": 1.0, "visible": 1, "width": 1.0, "thickness": 0.0, "ext": "(3:0,0,0.1)" }, "geometry": { "type": "LineString", "coordinates": [ [ 2241163.664462928660214, 540313.489075823454186, 0.0 ], [ 2241137.163137929979712, 540344.125549411051907, 0.0 ], [ 2241149.779465243220329, 540359.644192558247596, 0.0 ], [ 2241186.445396785158664, 540346.313153821276501, 0.0 ], [ 2241177.157715396024287, 540328.313116383156739, 0.0 ], [ 2241163.664462928660214, 540313.489075823454186, 0.0 ] ] } },
{ "type": "Feature", "properties": { "fid": 5306, "handle": 3772489, "block": -1, "etype": 18, "space": 0, "layer": "0_Limits", "olinetype": "bylayer", "linetype": "", "color": "0,0,0,65", "ocolor": 256, "color24": -1, "transparency": 0, "lweight": -1, "linewidth": 0.13, "ltscale": 1.0, "visible": 1, "width": 1.0, "thickness": 0.0, "ext": "(3:0,0,0.1)" }, "geometry": { "type": "LineString", "coordinates": [ [ 2241141.87822748767212, 540294.242427920456976, 0.0 ], [ 2241117.084126570727676, 540325.925782213220373, 0.0 ], [ 2241127.521504879929125, 540334.586710247211158, 0.0 ], [ 2241137.163137927651405, 540344.12554940849077, 0.0 ], [ 2241163.664462928660214, 540313.489075823454186, 0.0 ], [ 2241146.94608589168638, 540298.104561392916366, 0.0 ], [ 2241141.87822748767212, 540294.242427920456976, 0.0 ] ] } },
{ "type": "Feature", "properties": { "fid": 5307, "handle": 3772511, "block": -1, "etype": 18, "space": 0, "layer": "0_Limits", "olinetype": "bylayer", "linetype": "", "color": "0,0,0,65", "ocolor": 256, "color24": -1, "transparency": 0, "lweight": -1, "linewidth": 0.13, "ltscale": 1.0, "visible": 1, "width": 1.0, "thickness": 0.0, "ext": "(3:0,0,0.1)" }, "geometry": { "type": "LineString", "coordinates": [ [ 2241096.899007434491068, 540312.9426791385049, 0.0 ], [ 2241118.019534974358976, 540277.507982113282196, 0.0 ], [ 2241129.948881231248379, 540285.156049767392687, 0.0 ], [ 2241141.87822748767212, 540294.242427920456976, 0.0 ], [ 2241117.084126571193337, 540325.925782213336788, 0.0 ], [ 2241107.242826722096652, 540319.043591601424851, 0.0 ], [ 2241096.899007434491068, 540312.9426791385049, 0.0 ] ] } },
{ "type": "Feature", "properties": { "fid": 5308, "handle": 3772512, "block": -1, "etype": 18, "space": 0, "layer": "0_Limits", "olinetype": "bylayer", "linetype": "", "color": "0,0,0,65", "ocolor": 256, "color24": -1, "transparency": 0, "lweight": -1, "linewidth": 0.13, "ltscale": 1.0, "visible": 1, "width": 1.0, "thickness": 0.0, "ext": "(3:0,0,0.1)" }, "geometry": { "type": "LineString", "coordinates": [ [ 2241074.954017891082913, 540303.225815758574754, 0.0 ], [ 2241091.84167314087972, 540263.144844634342007, 0.0 ], [ 2241068.668944263830781, 540252.814870216883719, 0.0 ], [ 2241051.767323171254247, 540297.030883318861015, 0.0 ], [ 2241063.484162430744618, 540299.668007731088437, 0.0 ], [ 2241074.954017891082913, 540303.225815758574754, 0.0 ] ] } },
{ "type": "Feature", "properties": { "fid": 5309, "handle": 3772513, "block": -1, "etype": 18, "space": 0, "layer": "0_Limits", "olinetype": "bylayer", "linetype": "", "color": "0,0,0,65", "ocolor": 256, "color24": -1, "transparency": 0, "lweight": -1, "linewidth": 0.13, "ltscale": 1.0, "visible": 1, "width": 1.0, "thickness": 0.0, "ext": "(3:0,0,0.1)" }, "geometry": { "type": "LineString", "coordinates": [ [ 2241096.899007434491068, 540312.942679138621315, 0.0 ], [ 2241118.019534974358976, 540277.507982113282196, 0.0 ], [ 2241111.111156151164323, 540273.128366418648511, 0.0 ], [ 2241091.84167314087972, 540263.144844634342007, 0.0 ], [ 2241074.954017891082913, 540303.225815758574754, 0.0 ], [ 2241086.114561417605728, 540307.659549910575151, 0.0 ], [ 2241096.899007434491068, 540312.942679138621315, 0.0 ] ] } },
{ "type": "Feature", "properties": { "fid": 5310, "handle": 3772813, "block": -1, "etype": 18, "space": 0, "layer": "0_Limits", "olinetype": "bylayer", "linetype": "", "color": "0,0,0,65", "ocolor": 256, "color24": -1, "transparency": 0, "lweight": -1, "linewidth": 0.13, "ltscale": 1.0, "visible": 1, "width": 1.0, "thickness": 0.0, "ext": "(3:0,0,0.1)" }, "geometry": { "type": "LineString", "coordinates": [ [ 2241182.523229646962136, 540159.758609543787315, 0.0 ], [ 2241202.579722008202225, 540176.303612238494679, 0.0 ], [ 2241179.890659851953387, 540202.657640986260958, 0.0 ], [ 2241160.963711474090815, 540187.044421774335206, 0.0 ], [ 2241182.523229646962136, 540159.758609543787315, 0.0 ] ] } },
{ "type": "Feature", "properties": { "fid": 5311, "handle": 3772834, "block": -1, "etype": 18, "space": 0, "layer": "0_Limits", "olinetype": "bylayer", "linetype": "", "color": "0,0,0,65", "ocolor": 256, "color24": -1, "transparency": 0, "lweight": -1, "linewidth": 0.13, "ltscale": 1.0, "visible": 1, "width": 1.0, "thickness": 0.0, "ext": "(3:0,0,0.1)" }, "geometry": { "type": "LineString", "coordinates": [ [ 2241106.134944287594408, 540166.289101673639379, 0.0 ], [ 2241126.747446950990707, 540167.698321533040144, 0.0 ], [ 2241131.769124411512166, 540133.216768027981743, 0.0 ], [ 2241130.06274250196293, 540132.893012673361227, 0.0 ], [ 2241128.351092325057834, 540132.598376586567611, 0.0 ], [ 2241126.634670762345195, 540132.332945298287086, 0.0 ], [ 2241124.91397607838735, 540132.096795861725695, 0.0 ], [ 2241123.189507780130953, 540131.889996829209849, 0.0 ], [ 2241121.461766469292343, 540131.712608233327046, 0.0 ], [ 2241119.731253698002547, 540131.564681568765081, 0.0 ], [ 2241117.998471821658313, 540131.446259777643718, 0.0 ], [ 2241116.263923855964094, 540131.357377236941829, 0.0 ], [ 2241114.528113328851759, 540131.298059748718515, 0.0 ], [ 2241112.791544134262949, 540131.268324532546103, 0.0 ], [ 2241111.054720386397094, 540131.268180220271461, 0.0 ], [ 2241109.318146274425089, 540131.297626853804104, 0.0 ], [ 2241107.58232591394335, 540131.356655884883367, 0.0 ], [ 2241105.847763201687485, 540131.445250177988783, 0.0 ], [ 2241104.114961670245975, 540131.563384014647454, 0.0 ], [ 2241102.384424339979887, 540131.711023101350293, 0.0 ], [ 2241106.134944287594408, 540166.289101673639379, 0.0 ] ] } },
{ "type": "Feature", "properties": { "fid": 5312, "handle": 3772934, "block": -1, "etype": 18, "space": 0, "layer": "0_Limits", "olinetype": "bylayer", "linetype": "", "color": "0,0,0,65", "ocolor": 256, "color24": -1, "transparency": 0, "lweight": -1, "linewidth": 0.13, "ltscale": 1.0, "visible": 1, "width": 1.0, "thickness": 0.0, "ext": "(3:0,0,0.1)" }, "geometry": { "type": "LineString", "coordinates": [ [ 2241264.006501575931907, 540291.317245182348415, 0.0 ], [ 2241235.918224826455116, 540313.386933844652958, 0.0 ], [ 2241248.854944029822946, 540330.666478616767563, 0.0 ], [ 2241278.86724126432091, 540311.233149149920791, 0.0 ], [ 2241264.006501575931907, 540291.317245182348415, 0.0 ] ] } },
{ "type": "Feature", "properties": { "fid": 5313, "handle": 3772935, "block": -1, "etype": 18, "space": 0, "layer": "0_Limits", "olinetype": "bylayer", "linetype": "", "color": "0,0,0,65", "ocolor": 256, "color24": -1, "transparency": 0, "lweight": -1, "linewidth": 0.13, "ltscale": 1.0, "visible": 1, "width": 1.0, "thickness": 0.0, "ext": "(3:0,0,0.1)" }, "geometry": { "type": "LineString", "coordinates": [ [ 2241247.552973817568272, 540271.452798469690606, 0.0 ], [ 2241220.37788213044405, 540294.645261709229089, 0.0 ], [ 2241235.918224826455116, 540313.386933844652958, 0.0 ], [ 2241264.006501575931907, 540291.317245182115585, 0.0 ], [ 2241247.552973817568272, 540271.452798469690606, 0.0 ] ] } },
{ "type": "Feature", "properties": { "fid": 5314, "handle": 3772936, "block": -1, "etype": 18, "space": 0, "layer": "0_Limits", "olinetype": "bylayer", "linetype": "", "color": "0,0,0,65", "ocolor": 256, "color24": -1, "transparency": 0, "lweight": -1, "linewidth": 0.13, "ltscale": 1.0, "visible": 1, "width": 1.0, "thickness": 0.0, "ext": "(3:0,0,0.1)" }, "geometry": { "type": "LineString", "coordinates": [ [ 2241228.865187285467982, 540250.254742149147205, 0.0 ], [ 2241203.00701431883499, 540275.858009084477089, 0.0 ], [ 2241220.37788213044405, 540294.645261709229089, 0.0 ], [ 2241247.538945889100432, 540271.436749521992169, 0.0 ], [ 2241228.865187285467982, 540250.254742149147205, 0.0 ] ] } },
{ "type": "Feature", "properties": { "fid": 5315, "handle": 3772959, "block": -1, "etype": 18, "space": 0, "layer": "0_Limits", "olinetype": "bylayer", "linetype": "", "color": "0,0,0,65", "ocolor": 256, "color24": -1, "transparency": 0, "lweight": -1, "linewidth": 0.13, "ltscale": 1.0, "visible": 1, "width": 1.0, "thickness": 0.0, "ext": "(3:0,0,0.1)" }, "geometry": { "type": "LineString", "coordinates": [ [ 2241211.288505426608026, 540231.898210982559249, 0.0 ], [ 2241185.980249077547342, 540259.30670137621928, 0.0 ], [ 2241203.007014312315732, 540275.858009077375755, 0.0 ], [ 2241228.865187285467982, 540250.25474214926362, 0.0 ], [ 2241215.623191420920193, 540236.135662243817933, 0.0 ], [ 2241211.288505426608026, 540231.898210982559249, 0.0 ] ] } },
{ "type": "Feature", "properties": { "fid": 5316, "handle": 3772981, "block": -1, "etype": 18, "space": 0, "layer": "0_Limits", "olinetype": "bylayer", "linetype": "", "color": "0,0,0,65", "ocolor": 256, "color24": -1, "transparency": 0, "lweight": -1, "linewidth": 0.13, "ltscale": 1.0, "visible": 1, "width": 1.0, "thickness": 0.0, "ext": "(3:0,0,0.1)" }, "geometry": { "type": "LineString", "coordinates": [ [ 2241211.288505426608026, 540231.898210982442833, 0.0 ], [ 2241198.28444744553417, 540219.185857199714519, 0.0 ], [ 2241192.75345672853291, 540214.215841645142063, 0.0 ], [ 2241168.193124857731164, 540243.705798143171705, 0.0 ], [ 2241185.980249077547342, 540259.306701375753619, 0.0 ], [ 2241211.288505426608026, 540231.898210982442833, 0.0 ] ] } },
{ "type": "Feature", "properties": { "fid": 5317, "handle": 3772982, "block": -1, "etype": 18, "space": 0, "layer": "0_Limits", "olinetype": "bylayer", "linetype": "", "color": "0,0,0,65", "ocolor": 256, "color24": -1, "transparency": 0, "lweight": -1, "linewidth": 0.13, "ltscale": 1.0, "visible": 1, "width": 1.0, "thickness": 0.0, "ext": "(3:0,0,0.1)" }, "geometry": { "type": "LineString", "coordinates": [ [ 2241173.719431432895362, 540197.566870926879346, 0.0 ], [ 2241149.126324569806457, 540228.591728564118966, 0.0 ], [ 2241168.193124857731164, 540243.705798143171705, 0.0 ], [ 2241192.75345672853291, 540214.215841645142063, 0.0 ], [ 2241179.890659851953387, 540202.657640986260958, 0.0 ], [ 2241173.719431432895362, 540197.566870926879346, 0.0 ] ] } },
{ "type": "Feature", "properties": { "fid": 5318, "handle": 3772983, "block": -1, "etype": 18, "space": 0, "layer": "0_Limits", "olinetype": "bylayer", "linetype": "", "color": "0,0,0,65", "ocolor": 256, "color24": -1, "transparency": 0, "lweight": -1, "linewidth": 0.13, "ltscale": 1.0, "visible": 1, "width": 1.0, "thickness": 0.0, "ext": "(3:0,0,0.1)" }, "geometry": { "type": "LineString", "coordinates": [ [ 2241151.995405482128263, 540180.636162017588504, 0.0 ], [ 2241130.612491669133306, 540215.51099379057996, 0.0 ], [ 2241149.126324569806457, 540228.591728564118966, 0.0 ], [ 2241173.719431432895362, 540197.566870926995762, 0.0 ], [ 2241160.963711474090815, 540187.044421774335206, 0.0 ], [ 2241151.995405482128263, 540180.636162017588504, 0.0 ] ] } },
{ "type": "Feature", "properties": { "fid": 5319, "handle": 3772984, "block": -1, "etype": 18, "space": 0, "layer": "0_Limits", "olinetype": "bylayer", "linetype": "", "color": "0,0,0,65", "ocolor": 256, "color24": -1, "transparency": 0, "lweight": -1, "linewidth": 0.13, "ltscale": 1.0, "visible": 1, "width": 1.0, "thickness": 0.0, "ext": "(3:0,0,0.1)" }, "geometry": { "type": "LineString", "coordinates": [ [ 2241126.747446950990707, 540167.698321533040144, 0.0 ], [ 2241111.108779971953481, 540203.129450209788047, 0.0 ], [ 2241130.612491660285741, 540215.510993783827871, 0.0 ], [ 2241151.995405497029424, 540180.636161996750161, 0.0 ], [ 2241143.027099519968033, 540174.227902219048701, 0.0 ], [ 2241126.747446950990707, 540167.698321533040144, 0.0 ] ] } },
{ "type": "Feature", "properties": { "fid": 5320, "handle": 3772985, "block": -1, "etype": 18, "space": 0, "layer": "0_Limits", "olinetype": "bylayer", "linetype": "", "color": "0,0,0,65", "ocolor": 256, "color24": -1, "transparency": 0, "lweight": -1, "linewidth": 0.13, "ltscale": 1.0, "visible": 1, "width": 1.0, "thickness": 0.0, "ext": "(3:0,0,0.1)" }, "geometry": { "type": "LineString", "coordinates": [ [ 2241126.747446950990707, 540167.698321533040144, 0.0 ], [ 2241106.134944287594408, 540166.289101673639379, 0.0 ], [ 2241089.845809274818748, 540170.954389501246624, 0.0 ], [ 2241081.190718700643629, 540187.341427976149134, 0.0 ], [ 2241097.136382560245693, 540195.301675812923349, 0.0 ], [ 2241111.108779971953481, 540203.129450209788047, 0.0 ], [ 2241126.747446950990707, 540167.698321533040144, 0.0 ] ] } },
{ "type": "Feature", "properties": { "fid": 5322, "handle": 3773270, "block": -1, "etype": 18, "space": 0, "layer": "0_Limits", "olinetype": "bylayer", "linetype": "", "color": "0,0,0,65", "ocolor": 256, "color24": -1, "transparency": 0, "lweight": -1, "linewidth": 0.13, "ltscale": 1.0, "visible": 1, "width": 1.0, "thickness": 0.0, "ext": "(3:0,0,0.1)" }, "geometry": { "type": "LineString", "coordinates": [ [ 2241356.350275796838105, 540600.740402508759871, 0.0 ], [ 2241322.784624334890395, 540588.870698475977406, 0.0 ], [ 2241330.186396976932883, 540564.524466131115332, 0.0 ], [ 2241364.206299547571689, 540577.006821008515544, 0.0 ], [ 2241356.350275796838105, 540600.740402508759871, 0.0 ] ] } },
{ "type": "Feature", "properties": { "fid": 5323, "handle": 3773272, "block": -1, "etype": 18, "space": 0, "layer": "0_Limits", "olinetype": "bylayer", "linetype": "", "color": "0,0,0,65", "ocolor": 256, "color24": -1, "transparency": 0, "lweight": -1, "linewidth": 0.13, "ltscale": 1.0, "visible": 1, "width": 1.0, "thickness": 0.0, "ext": "(3:0,0,0.1)" }, "geometry": { "type": "LineString", "coordinates": [ [ 2241347.539985257200897, 540624.136529978946783, 0.0 ], [ 2241314.482314933557063, 540610.917858883971348, 0.0 ], [ 2241322.784624334890395, 540588.870698475977406, 0.0 ], [ 2241356.350275612901896, 540600.740403065108694, 0.0 ], [ 2241347.539985257200897, 540624.136529978946783, 0.0 ] ] } },
{ "type": "Feature", "properties": { "fid": 5324, "handle": 3773293, "block": -1, "etype": 18, "space": 0, "layer": "0_Limits", "olinetype": "bylayer", "linetype": "", "color": "0,0,0,65", "ocolor": 256, "color24": -1, "transparency": 0, "lweight": -1, "linewidth": 0.13, "ltscale": 1.0, "visible": 1, "width": 1.0, "thickness": 0.0, "ext": "(3:0,0,0.1)" }, "geometry": { "type": "LineString", "coordinates": [ [ 2241347.539985257200897, 540624.136529978946783, 0.0 ], [ 2241337.789869728963822, 540647.156852458836511, 0.0 ], [ 2241305.294368708040565, 540632.610882359324023, 0.0 ], [ 2241314.482314933557063, 540610.917858883971348, 0.0 ], [ 2241347.539985257200897, 540624.136529978946783, 0.0 ] ] } },
{ "type": "Feature", "properties": { "fid": 5325, "handle": 3773295, "block": -1, "etype": 18, "space": 0, "layer": "0_Limits", "olinetype": "bylayer", "linetype": "", "color": "0,0,0,65", "ocolor": 256, "color24": -1, "transparency": 0, "lweight": -1, "linewidth": 0.13, "ltscale": 1.0, "visible": 1, "width": 1.0, "thickness": 0.0, "ext": "(3:0,0,0.1)" }, "geometry": { "type": "LineString", "coordinates": [ [ 2241327.115911611821502, 540669.763635041890666, 0.0 ], [ 2241295.235846538562328, 540653.9142096999567, 0.0 ], [ 2241305.294368708040565, 540632.610882359440438, 0.0 ], [ 2241337.789869719184935, 540647.156852454529144, 0.0 ], [ 2241327.115911611821502, 540669.763635041890666, 0.0 ] ] } },
{ "type": "Feature", "properties": { "fid": 5326, "handle": 3773296, "block": -1, "etype": 18, "space": 0, "layer": "0_Limits", "olinetype": "bylayer", "linetype": "", "color": "0,0,0,65", "ocolor": 256, "color24": -1, "transparency": 0, "lweight": -1, "linewidth": 0.13, "ltscale": 1.0, "visible": 1, "width": 1.0, "thickness": 0.0, "ext": "(3:0,0,0.1)" }, "geometry": { "type": "LineString", "coordinates": [ [ 2241315.535607937257737, 540691.919820174342021, 0.0 ], [ 2241284.807508747093379, 540673.908557835384272, 0.0 ], [ 2241295.23584653204307, 540653.914209713228047, 0.0 ], [ 2241327.115911613684148, 540669.763635038631037, 0.0 ], [ 2241315.535607937257737, 540691.919820174342021, 0.0 ] ] } },
{ "type": "Feature", "properties": { "fid": 5327, "handle": 3773297, "block": -1, "etype": 18, "space": 0, "layer": "0_Limits", "olinetype": "bylayer", "linetype": "", "color": "0,0,0,65", "ocolor": 256, "color24": -1, "transparency": 0, "lweight": -1, "linewidth": 0.13, "ltscale": 1.0, "visible": 1, "width": 1.0, "thickness": 0.0, "ext": "(3:0,0,0.1)" }, "geometry": { "type": "LineString", "coordinates": [ [ 2241303.06794063700363, 540713.589090399444103, 0.0 ], [ 2241272.574426423758268, 540695.212789801182225, 0.0 ], [ 2241284.807508747093379, 540673.908557835384272, 0.0 ], [ 2241315.535607937257737, 540691.919820174342021, 0.0 ], [ 2241303.06794063700363, 540713.589090399444103, 0.0 ] ] } },
{ "type": "Feature", "properties": { "fid": 5328, "handle": 3773298, "block": -1, "etype": 18, "space": 0, "layer": "0_Limits", "olinetype": "bylayer", "linetype": "", "color": "0,0,0,65", "ocolor": 256, "color24": -1, "transparency": 0, "lweight": -1, "linewidth": 0.13, "ltscale": 1.0, "visible": 1, "width": 1.0, "thickness": 0.0, "ext": "(3:0,0,0.1)" }, "geometry": { "type": "LineString", "coordinates": [ [ 2241289.733346960972995, 540734.735924949753098, 0.0 ], [ 2241260.008674840908498, 540715.140346364816651, 0.0 ], [ 2241272.574426423758268, 540695.212789801182225, 0.0 ], [ 2241303.06794063700363, 540713.589090399444103, 0.0 ], [ 2241289.733346960972995, 540734.735924949753098, 0.0 ] ] } },
{ "type": "Feature", "properties": { "fid": 5329, "handle": 3773319, "block": -1, "etype": 18, "space": 0, "layer": "0_Limits", "olinetype": "bylayer", "linetype": "", "color": "0,0,0,65", "ocolor": 256, "color24": -1, "transparency": 0, "lweight": -1, "linewidth": 0.13, "ltscale": 1.0, "visible": 1, "width": 1.0, "thickness": 0.0, "ext": "(3:0,0,0.1)" }, "geometry": { "type": "LineString", "coordinates": [ [ 2241275.553684978745878, 540755.325659927912056, 0.0 ], [ 2241246.64657965162769, 540734.542924439883791, 0.0 ], [ 2241260.008674840908498, 540715.140346364816651, 0.0 ], [ 2241289.733346960972995, 540734.735924949869514, 0.0 ], [ 2241275.553684978745878, 540755.325659927912056, 0.0 ] ] } },
{ "type": "Feature", "properties": { "fid": 5330, "handle": 3773320, "block": -1, "etype": 18, "space": 0, "layer": "0_Limits", "olinetype": "bylayer", "linetype": "", "color": "0,0,0,65", "ocolor": 256, "color24": -1, "transparency": 0, "lweight": -1, "linewidth": 0.13, "ltscale": 1.0, "visible": 1, "width": 1.0, "thickness": 0.0, "ext": "(3:0,0,0.1)" }, "geometry": { "type": "LineString", "coordinates": [ [ 2241260.552198009565473, 540775.324544614646584, 0.0 ], [ 2241232.510044020134956, 540753.388719296548516, 0.0 ], [ 2241246.64657965162769, 540734.542924439883791, 0.0 ], [ 2241275.553684978745878, 540755.325659928028472, 0.0 ], [ 2241260.552198009565473, 540775.324544614646584, 0.0 ] ] } },
{ "type": "Feature", "properties": { "fid": 5331, "handle": 3773321, "block": -1, "etype": 18, "space": 0, "layer": "0_Limits", "olinetype": "bylayer", "linetype": "", "color": "0,0,0,65", "ocolor": 256, "color24": -1, "transparency": 0, "lweight": -1, "linewidth": 0.13, "ltscale": 1.0, "visible": 1, "width": 1.0, "thickness": 0.0, "ext": "(3:0,0,0.1)" }, "geometry": { "type": "LineString", "coordinates": [ [ 2241260.552198015619069, 540775.324544606730342, 0.0 ], [ 2241250.915323860477656, 540786.950440889340825, 0.0 ], [ 2241239.295525858178735, 540796.494190078112297, 0.0 ], [ 2241218.776522055733949, 540767.39928819402121, 0.0 ], [ 2241232.510044020134956, 540753.388719296548516, 0.0 ], [ 2241260.552198015619069, 540775.324544606730342, 0.0 ] ] } },
{ "type": "Feature", "properties": { "fid": 5332, "handle": 3773343, "block": -1, "etype": 18, "space": 0, "layer": "0_Limits", "olinetype": "bylayer", "linetype": "", "color": "0,0,0,65", "ocolor": 256, "color24": -1, "transparency": 0, "lweight": -1, "linewidth": 0.13, "ltscale": 1.0, "visible": 1, "width": 1.0, "thickness": 0.0, "ext": "(3:0,0,0.1)" }, "geometry": { "type": "LineString", "coordinates": [ [ 2241291.35917191952467, 540563.333389904350042, 0.0 ], [ 2241327.232752575539052, 540574.239721697638743, 0.0 ], [ 2241330.186396976932883, 540564.524466131115332, 0.0 ], [ 2241333.408999664243311, 540552.000812360667624, 0.0 ], [ 2241298.001429286785424, 540538.196158213657327, 0.0 ], [ 2241291.35917191952467, 540563.333389904350042, 0.0 ] ] } },
{ "type": "Feature", "properties": { "fid": 5333, "handle": 3773344, "block": -1, "etype": 18, "space": 0, "layer": "0_Limits", "olinetype": "bylayer", "linetype": "", "color": "0,0,0,65", "ocolor": 256, "color24": -1, "transparency": 0, "lweight": -1, "linewidth": 0.13, "ltscale": 1.0, "visible": 1, "width": 1.0, "thickness": 0.0, "ext": "(3:0,0,0.1)" }, "geometry": { "type": "LineString", "coordinates": [ [ 2241283.496452608611435, 540587.064754069549963, 0.0 ], [ 2241318.633469634223729, 540599.894278679974377, 0.0 ], [ 2241322.784624333493412, 540588.870698479935527, 0.0 ], [ 2241327.232752575539052, 540574.239721697638743, 0.0 ], [ 2241291.35917191952467, 540563.333389904350042, 0.0 ], [ 2241283.496452608611435, 540587.064754069549963, 0.0 ] ] } },
{ "type": "Feature", "properties": { "fid": 5334, "handle": 3773365, "block": -1, "etype": 18, "space": 0, "layer": "0_Limits", "olinetype": "bylayer", "linetype": "", "color": "0,0,0,65", "ocolor": 256, "color24": -1, "transparency": 0, "lweight": -1, "linewidth": 0.13, "ltscale": 1.0, "visible": 1, "width": 1.0, "thickness": 0.0, "ext": "(3:0,0,0.1)" }, "geometry": { "type": "LineString", "coordinates": [ [ 2241274.288379299454391, 540610.307202002732083, 0.0 ], [ 2241308.587972328066826, 540624.834582967450842, 0.0 ], [ 2241314.482314933557063, 540610.917858883854933, 0.0 ], [ 2241318.633469634223729, 540599.894278679974377, 0.0 ], [ 2241283.496452608611435, 540587.064754069549963, 0.0 ], [ 2241274.288379299454391, 540610.307202002732083, 0.0 ] ] } },
{ "type": "Feature", "properties": { "fid": 5335, "handle": 3773366, "block": -1, "etype": 18, "space": 0, "layer": "0_Limits", "olinetype": "bylayer", "linetype": "", "color": "0,0,0,65", "ocolor": 256, "color24": -1, "transparency": 0, "lweight": -1, "linewidth": 0.13, "ltscale": 1.0, "visible": 1, "width": 1.0, "thickness": 0.0, "ext": "(3:0,0,0.1)" }, "geometry": { "type": "LineString", "coordinates": [ [ 2241263.765139980707318, 540632.98453505220823, 0.0 ], [ 2241297.57960182055831, 540648.950281089288183, 0.0 ], [ 2241305.294368714559823, 540632.610882345121354, 0.0 ], [ 2241308.587972328066826, 540624.834582967450842, 0.0 ], [ 2241274.288379299454391, 540610.307202002615668, 0.0 ], [ 2241263.765139980707318, 540632.98453505220823, 0.0 ] ] } },
{ "type": "Feature", "properties": { "fid": 5336, "handle": 3773367, "block": -1, "etype": 18, "space": 0, "layer": "0_Limits", "olinetype": "bylayer", "linetype": "", "color": "0,0,0,65", "ocolor": 256, "color24": -1, "transparency": 0, "lweight": -1, "linewidth": 0.13, "ltscale": 1.0, "visible": 1, "width": 1.0, "thickness": 0.0, "ext": "(3:0,0,0.1)" }, "geometry": { "type": "LineString", "coordinates": [ [ 2241251.961234312038869, 540655.022407263051718, 0.0 ], [ 2241284.807508747093379, 540673.908557835384272, 0.0 ], [ 2241295.235846529249102, 540653.914209718932398, 0.0 ], [ 2241297.57960182055831, 540648.950281089288183, 0.0 ], [ 2241263.765139980707318, 540632.98453505220823, 0.0 ], [ 2241251.961234312038869, 540655.022407263051718, 0.0 ] ] } },
{ "type": "Feature", "properties": { "fid": 5337, "handle": 3773368, "block": -1, "etype": 18, "space": 0, "layer": "0_Limits", "olinetype": "bylayer", "linetype": "", "color": "0,0,0,65", "ocolor": 256, "color24": -1, "transparency": 0, "lweight": -1, "linewidth": 0.13, "ltscale": 1.0, "visible": 1, "width": 1.0, "thickness": 0.0, "ext": "(3:0,0,0.1)" }, "geometry": { "type": "LineString", "coordinates": [ [ 2241238.915360539685935, 540676.348569072317332, 0.0 ], [ 2241272.574426426086575, 540695.212789797224104, 0.0 ], [ 2241284.807508747093379, 540673.908557835384272, 0.0 ], [ 2241251.961234312038869, 540655.022407263051718, 0.0 ], [ 2241238.915360539685935, 540676.348569072317332, 0.0 ] ] } },
{ "type": "Feature", "properties": { "fid": 5338, "handle": 3773370, "block": -1, "etype": 18, "space": 0, "layer": "0_Limits", "olinetype": "bylayer", "linetype": "", "color": "0,0,0,65", "ocolor": 256, "color24": -1, "transparency": 0, "lweight": -1, "linewidth": 0.13, "ltscale": 1.0, "visible": 1, "width": 1.0, "thickness": 0.0, "ext": "(3:0,0,0.1)" }, "geometry": { "type": "LineString", "coordinates": [ [ 2241224.670288594439626, 540696.893104240996763, 0.0 ], [ 2241257.164110036101192, 540719.270828143926337, 0.0 ], [ 2241260.008674840908498, 540715.140346364816651, 0.0 ], [ 2241272.574426298961043, 540695.212789725977927, 0.0 ], [ 2241238.915360539220273, 540676.348569072666578, 0.0 ], [ 2241224.670288594439626, 540696.893104240996763, 0.0 ] ] } },
{ "type": "Feature", "properties": { "fid": 5339, "handle": 3773391, "block": -1, "etype": 18, "space": 0, "layer": "0_Limits", "olinetype": "bylayer", "linetype": "", "color": "0,0,0,65", "ocolor": 256, "color24": -1, "transparency": 0, "lweight": -1, "linewidth": 0.13, "ltscale": 1.0, "visible": 1, "width": 1.0, "thickness": 0.0, "ext": "(3:0,0,0.1)" }, "geometry": { "type": "LineString", "coordinates": [ [ 2241208.419995688367635, 540717.614109253860079, 0.0 ], [ 2241239.578311836346984, 540743.965821868507192, 0.0 ], [ 2241246.646579662337899, 540734.542924425331876, 0.0 ], [ 2241257.164110036101192, 540719.270828143926337, 0.0 ], [ 2241224.670288594439626, 540696.893104240996763, 0.0 ], [ 2241208.419995688367635, 540717.614109253860079, 0.0 ] ] } },
{ "type": "Feature", "properties": { "fid": 5340, "handle": 3773392, "block": -1, "etype": 18, "space": 0, "layer": "0_Limits", "olinetype": "bylayer", "linetype": "", "color": "0,0,0,65", "ocolor": 256, "color24": -1, "transparency": 0, "lweight": -1, "linewidth": 0.13, "ltscale": 1.0, "visible": 1, "width": 1.0, "thickness": 0.0, "ext": "(3:0,0,0.1)" }, "geometry": { "type": "LineString", "coordinates": [ [ 2241208.419995684642345, 540717.614109258516692, 0.0 ], [ 2241189.607418121304363, 540738.573669322882779, 0.0 ], [ 2241218.776522047352046, 540767.399288185755722, 0.0 ], [ 2241232.510044020134956, 540753.388719296315685, 0.0 ], [ 2241239.578311835881323, 540743.965821868274361, 0.0 ], [ 2241208.419995684642345, 540717.614109258516692, 0.0 ] ] } },
{ "type": "Feature", "properties": { "fid": 5343, "handle": 3773594, "block": -1, "etype": 18, "space": 0, "layer": "0_Limits", "olinetype": "bylayer", "linetype": "", "color": "0,0,0,65", "ocolor": 256, "color24": -1, "transparency": 0, "lweight": -1, "linewidth": 0.13, "ltscale": 1.0, "visible": 1, "width": 0.99999999999999989, "thickness": 0.0, "ext": "(3:0,0,0.1)" }, "geometry": { "type": "LineString", "coordinates": [ [ 2241207.789591316599399, 540624.50477298127953, 0.0 ], [ 2241195.254895786289126, 540643.453884385060519, 0.0 ], [ 2241227.407434489578009, 540666.525824777199887, 0.0 ], [ 2241233.957259203307331, 540656.040473397006281, 0.0 ], [ 2241240.19684697734192, 540645.367594602401368, 0.0 ], [ 2241207.789591316599399, 540624.50477298127953, 0.0 ] ] } },
{ "type": "Feature", "properties": { "fid": 5344, "handle": 3773595, "block": -1, "etype": 18, "space": 0, "layer": "0_Limits", "olinetype": "bylayer", "linetype": "", "color": "0,0,0,65", "ocolor": 256, "color24": -1, "transparency": 0, "lweight": -1, "linewidth": 0.13, "ltscale": 1.0, "visible": 1, "width": 0.99999999999999989, "thickness": 0.0, "ext": "(3:0,0,0.1)" }, "geometry": { "type": "LineString", "coordinates": [ [ 2241217.328129680361599, 540606.874222038779408, 0.0 ], [ 2241207.789591316599399, 540624.50477298127953, 0.0 ], [ 2241240.19684697734192, 540645.367594602401368, 0.0 ], [ 2241247.070413675624877, 540632.704013755079359, 0.0 ], [ 2241253.5072589549236, 540619.812961746822111, 0.0 ], [ 2241217.328129680361599, 540606.874222038779408, 0.0 ] ] } },
{ "type": "Feature", "properties": { "fid": 5345, "handle": 3773596, "block": -1, "etype": 18, "space": 0, "layer": "0_Limits", "olinetype": "bylayer", "linetype": "", "color": "0,0,0,65", "ocolor": 256, "color24": -1, "transparency": 0, "lweight": -1, "linewidth": 0.13, "ltscale": 1.0, "visible": 1, "width": 0.99999999999999989, "thickness": 0.0, "ext": "(3:0,0,0.1)" }, "geometry": { "type": "LineString", "coordinates": [ [ 2241265.389973752200603, 540592.526944957091473, 0.0 ], [ 2241241.843120736535639, 540587.433748135226779, 0.0 ], [ 2241222.288983087986708, 540585.011234272154979, 0.0 ], [ 2241217.328129680361599, 540606.874222038779408, 0.0 ], [ 2241253.5072589549236, 540619.812961746822111, 0.0 ], [ 2241259.689446063712239, 540606.274831640999764, 0.0 ], [ 2241265.389973752200603, 540592.526944957091473, 0.0 ] ] } },
{ "type": "Feature", "properties": { "fid": 5346, "handle": 3773597, "block": -1, "etype": 18, "space": 0, "layer": "0_Limits", "olinetype": "bylayer", "linetype": "", "color": "0,0,0,65", "ocolor": 256, "color24": -1, "transparency": 0, "lweight": -1, "linewidth": 0.13, "ltscale": 1.0, "visible": 1, "width": 0.99999999999999989, "thickness": 0.0, "ext": "(3:0,0,0.1)" }, "geometry": { "type": "LineString", "coordinates": [ [ 2241078.993359185755253, 540677.412353869411163, 0.0 ], [ 2241090.411134107969701, 540695.700357949594036, 0.0 ], [ 2241104.329076831694692, 540716.433780328021385, 0.0 ], [ 2241107.986338259652257, 540721.881966706132516, 0.0 ], [ 2241130.144263115245849, 540706.21591543732211, 0.0 ], [ 2241102.863386862445623, 540666.847208459745161, 0.0 ], [ 2241091.057803375646472, 540672.424196064006537, 0.0 ], [ 2241078.993359185755253, 540677.412353869411163, 0.0 ] ] } },
{ "type": "Feature", "properties": { "fid": 5347, "handle": 3773598, "block": -1, "etype": 18, "space": 0, "layer": "0_Limits", "olinetype": "bylayer", "linetype": "", "color": "0,0,0,65", "ocolor": 256, "color24": -1, "transparency": 0, "lweight": -1, "linewidth": 0.13, "ltscale": 1.0, "visible": 1, "width": 0.99999999999999989, "thickness": 0.0, "ext": "(3:0,0,0.1)" }, "geometry": { "type": "LineString", "coordinates": [ [ 2241130.144263115245849, 540706.21591543732211, 0.0 ], [ 2241163.403005199041218, 540743.150081145227887, 0.0 ], [ 2241153.612713129259646, 540751.013618088676594, 0.0 ], [ 2241143.25268097827211, 540758.116875754320063, 0.0 ], [ 2241122.878791745286435, 540737.183431393816136, 0.0 ], [ 2241107.986338259652257, 540721.881966706132516, 0.0 ], [ 2241130.144263115245849, 540706.21591543732211, 0.0 ] ] } },
{ "type": "Feature", "properties": { "fid": 5348, "handle": 3773599, "block": -1, "etype": 18, "space": 0, "layer": "0_Limits", "olinetype": "bylayer", "linetype": "", "color": "0,0,0,65", "ocolor": 256, "color24": -1, "transparency": 0, "lweight": -1, "linewidth": 0.13, "ltscale": 1.0, "visible": 1, "width": 0.99999999999999989, "thickness": 0.0, "ext": "(3:0,0,0.1)" }, "geometry": { "type": "LineString", "coordinates": [ [ 2241181.335392657201737, 540725.642227001488209, 0.0 ], [ 2241150.158248485997319, 540690.623477373505011, 0.0 ], [ 2241130.144263117108494, 540706.215915435925126, 0.0 ], [ 2241163.403005199041218, 540743.150081144995056, 0.0 ], [ 2241172.629643113352358, 540734.660835848655552, 0.0 ], [ 2241181.335392657201737, 540725.642227001488209, 0.0 ] ] } },
{ "type": "Feature", "properties": { "fid": 5349, "handle": 3773600, "block": -1, "etype": 18, "space": 0, "layer": "0_Limits", "olinetype": "bylayer", "linetype": "", "color": "0,0,0,65", "ocolor": 256, "color24": -1, "transparency": 0, "lweight": -1, "linewidth": 0.13, "ltscale": 1.0, "visible": 1, "width": 0.99999999999999989, "thickness": 0.0, "ext": "(3:0,0,0.1)" }, "geometry": { "type": "LineString", "coordinates": [ [ 2241197.8617800087668, 540706.850166161195375, 0.0 ], [ 2241166.466403252910823, 540676.30468654516153, 0.0 ], [ 2241150.158248485997319, 540690.623477373505011, 0.0 ], [ 2241181.335392657201737, 540725.642227001488209, 0.0 ], [ 2241189.738041132222861, 540716.368837948422879, 0.0 ], [ 2241197.8617800087668, 540706.850166161195375, 0.0 ] ] } },
{ "type": "Feature", "properties": { "fid": 5350, "handle": 3773601, "block": -1, "etype": 18, "space": 0, "layer": "0_Limits", "olinetype": "bylayer", "linetype": "", "color": "0,0,0,65", "ocolor": 256, "color24": -1, "transparency": 0, "lweight": -1, "linewidth": 0.13, "ltscale": 1.0, "visible": 1, "width": 0.99999999999999989, "thickness": 0.0, "ext": "(3:0,0,0.1)" }, "geometry": { "type": "LineString", "coordinates": [ [ 2241213.146367301233113, 540687.244144431897439, 0.0 ], [ 2241181.864545594900846, 540660.105233919573948, 0.0 ], [ 2241172.120898943394423, 540670.394237316097133, 0.0 ], [ 2241166.466403252910823, 540676.30468654516153, 0.0 ], [ 2241197.861780014820397, 540706.850166155723855, 0.0 ], [ 2241205.648607080802321, 540697.159831580007449, 0.0 ], [ 2241213.146367301233113, 540687.244144431897439, 0.0 ] ] } },
{ "type": "Feature", "properties": { "fid": 5351, "handle": 3773602, "block": -1, "etype": 18, "space": 0, "layer": "0_Limits", "olinetype": "bylayer", "linetype": "", "color": "0,0,0,65", "ocolor": 256, "color24": -1, "transparency": 0, "lweight": -1, "linewidth": 0.13, "ltscale": 1.0, "visible": 1, "width": 0.99999999999999989, "thickness": 0.0, "ext": "(3:0,0,0.1)" }, "geometry": { "type": "LineString", "coordinates": [ [ 2241227.40743433823809, 540666.525824668933637, 0.0 ], [ 2241195.254895786289126, 540643.453884385060519, 0.0 ], [ 2241181.864545594900846, 540660.105233919573948, 0.0 ], [ 2241213.146367301233113, 540687.244144431897439, 0.0 ], [ 2241220.431429885327816, 540676.991351737990044, 0.0 ], [ 2241227.40743433823809, 540666.525824668933637, 0.0 ] ] } },
{ "type": "Feature", "properties": { "fid": 5352, "handle": 3773603, "block": -1, "etype": 18, "space": 0, "layer": "0_Limits", "olinetype": "bylayer", "linetype": "", "color": "0,0,0,65", "ocolor": 256, "color24": -1, "transparency": 0, "lweight": -1, "linewidth": 0.13, "ltscale": 1.0, "visible": 1, "width": 0.99999999999999989, "thickness": 0.0, "ext": "(3:0,0,0.1)" }, "geometry": { "type": "LineString", "coordinates": [ [ 2241211.247824229300022, 540618.112750512897037, 0.0 ], [ 2241176.09337586723268, 540599.284211473888718, 0.0 ], [ 2241180.334192473907024, 540590.220817396882921, 0.0 ], [ 2241183.912213595118374, 540580.875904206419364, 0.0 ], [ 2241222.288983087986708, 540585.011234272154979, 0.0 ], [ 2241217.328129680361599, 540606.874222038779408, 0.0 ], [ 2241211.247824229300022, 540618.112750512897037, 0.0 ] ] } },
{ "type": "Feature", "properties": { "fid": 5353, "handle": 3773604, "block": -1, "etype": 18, "space": 0, "layer": "0_Limits", "olinetype": "bylayer", "linetype": "", "color": "0,0,0,65", "ocolor": 256, "color24": -1, "transparency": 0, "lweight": -1, "linewidth": 0.13, "ltscale": 1.0, "visible": 1, "width": 0.99999999999999989, "thickness": 0.0, "ext": "(3:0,0,0.1)" }, "geometry": { "type": "LineString", "coordinates": [ [ 2241163.022439484484494, 540619.765690662781708, 0.0 ], [ 2241170.079155177343637, 540609.852554898825474, 0.0 ], [ 2241176.093375865835696, 540599.284211476915516, 0.0 ], [ 2241211.247824229300022, 540618.112750512897037, 0.0 ], [ 2241207.789591316599399, 540624.50477298127953, 0.0 ], [ 2241195.254895786289126, 540643.453884385060519, 0.0 ], [ 2241163.022439484484494, 540619.765690662781708, 0.0 ] ] } },
{ "type": "Feature", "properties": { "fid": 5354, "handle": 3773605, "block": -1, "etype": 18, "space": 0, "layer": "0_Limits", "olinetype": "bylayer", "linetype": "", "color": "0,0,0,65", "ocolor": 256, "color24": -1, "transparency": 0, "lweight": -1, "linewidth": 0.13, "ltscale": 1.0, "visible": 1, "width": 0.99999999999999989, "thickness": 0.0, "ext": "(3:0,0,0.1)" }, "geometry": { "type": "LineString", "coordinates": [ [ 2241145.826947221532464, 540638.802134671364911, 0.0 ], [ 2241173.26853340305388, 540669.182369185378775, 0.0 ], [ 2241181.864545594900846, 540660.105233919573948, 0.0 ], [ 2241195.254895786289126, 540643.453884385060519, 0.0 ], [ 2241162.954447511117905, 540619.765690662781708, 0.0 ], [ 2241154.90838817646727, 540629.757890507462434, 0.0 ], [ 2241145.826947221532464, 540638.802134671364911, 0.0 ] ] } },
{ "type": "Feature", "properties": { "fid": 5355, "handle": 3773606, "block": -1, "etype": 18, "space": 0, "layer": "0_Limits", "olinetype": "bylayer", "linetype": "", "color": "0,0,0,65", "ocolor": 256, "color24": -1, "transparency": 0, "lweight": -1, "linewidth": 0.13, "ltscale": 1.0, "visible": 1, "width": 0.99999999999999989, "thickness": 0.0, "ext": "(3:0,0,0.1)" }, "geometry": { "type": "LineString", "coordinates": [ [ 2241125.030774227809161, 540654.403185660368763, 0.0 ], [ 2241150.158248485997319, 540690.623477373505011, 0.0 ], [ 2241130.144263117108494, 540706.215915435925126, 0.0 ], [ 2241102.863386862445623, 540666.847208459745161, 0.0 ], [ 2241114.05240599391982, 540660.808588826446794, 0.0 ], [ 2241125.030774227809161, 540654.403185660368763, 0.0 ] ] } },
{ "type": "Feature", "properties": { "fid": 5356, "handle": 3773607, "block": -1, "etype": 18, "space": 0, "layer": "0_Limits", "olinetype": "bylayer", "linetype": "", "color": "0,0,0,65", "ocolor": 256, "color24": -1, "transparency": 0, "lweight": -1, "linewidth": 0.13, "ltscale": 1.0, "visible": 1, "width": 0.99999999999999989, "thickness": 0.0, "ext": "(3:0,0,0.1)" }, "geometry": { "type": "LineString", "coordinates": [ [ 2241145.826947221532464, 540638.802134671364911, 0.0 ], [ 2241173.26853340305388, 540669.182369185378775, 0.0 ], [ 2241166.466403252910823, 540676.30468654516153, 0.0 ], [ 2241150.158248485997319, 540690.623477373505011, 0.0 ], [ 2241125.030774227809161, 540654.403185660368763, 0.0 ], [ 2241135.794271728023887, 540647.089752377709374, 0.0 ], [ 2241145.826947221532464, 540638.802134671364911, 0.0 ] ] } },
{ "type": "Feature", "properties": { "fid": 4786, "handle": 3316864, "block": -1, "etype": 18, "space": 0, "layer": "0_Roads_Hatch", "olinetype": "bylayer", "linetype": "", "color": "0,0,0,255", "ocolor": 256, "color24": -1, "transparency": 0, "lweight": -1, "linewidth": 0.0, "ltscale": 1.0, "visible": 1, "width": 6.0, "thickness": 0.0, "ext": "(3:0,0,0.1)" }, "geometry": { "type": "LineString", "coordinates": [ [ 2240972.920781402383, 540582.018095979234204, 0.0 ], [ 2240974.912349246907979, 540581.996484694653191, 0.0 ], [ 2240976.903253920376301, 540581.940734289004467, 0.0 ], [ 2240978.892910258844495, 540581.850861148443073, 0.0 ], [ 2240980.880733464844525, 540581.726891688420437, 0.0 ], [ 2240982.866139280609787, 540581.568862345768139, 0.0 ], [ 2240984.848544158041477, 540581.376819568453357, 0.0 ], [ 2240986.827365431468934, 540581.150819801143371, 0.0 ], [ 2240988.802021488081664, 540580.890929469722323, 0.0 ], [ 2240990.77193193975836, 540580.597224960569292, 0.0 ], [ 2240992.736517793033272, 540580.269792598905042, 0.0 ], [ 2240994.695201619528234, 540579.908728623413481, 0.0 ], [ 2240996.647407725453377, 540579.514139157370664, 0.0 ], [ 2240998.592562321107835, 540579.086140178027563, 0.0 ], [ 2241000.53009368898347, 540578.624857482383959, 0.0 ], [ 2241002.459432352334261, 540578.130426649819128, 0.0 ], [ 2241004.380011242814362, 540577.602993002976291, 0.0 ], [ 2241006.291265866253525, 540577.042711564456113, 0.0 ], [ 2241008.192634469363838, 540576.449747011181898, 0.0 ], [ 2241010.083558204583824, 540575.824273626785725, 0.0 ], [ 2241011.963481293525547, 540575.166475249570794, 0.0 ], [ 2241013.831851192750037, 540574.476545218494721, 0.0 ], [ 2241015.688118752092123, 540573.754686317173764, 0.0 ], [ 2241017.531738380901515, 540573.001110713230446, 0.0 ], [ 2241019.362168204504997, 540572.216039896593429, 0.0 ], [ 2241021.178870225790888, 540571.399704614304937, 0.0 ], [ 2241022.981310481671244, 540570.552344802650623, 0.0 ], [ 2241024.768959201406687, 540569.674209516262636, 0.0 ], [ 2241026.541290961671621, 540568.765556855709292, 0.0 ], [ 2241028.297784841153771, 540567.826653890777379, 0.0 ], [ 2241030.037924573756754, 540566.85777658270672, 0.0 ], [ 2241031.761198699474335, 540565.859209702699445, 0.0 ], [ 2241033.467100716196001, 540564.831246747984551, 0.0 ], [ 2241035.155129227321595, 540563.774189856252633, 0.0 ], [ 2241036.824788089375943, 540562.688349716132507, 0.0 ], [ 2241038.475586559157819, 540561.574045476387255, 0.0 ], [ 2241040.107039436232299, 540560.431604651734233, 0.0 ], [ 2241041.718667204957455, 540559.261363027035259, 0.0 ], [ 2241043.309996179305017, 540558.063664558110759, 0.0 ], [ 2241044.306626334320754, 540556.974184101447463, 0.0 ], [ 2241045.284161572344601, 540555.867538634454831, 0.0 ], [ 2241046.242306309752166, 540554.744062780751847, 0.0 ], [ 2241047.180770826060325, 540553.604096253286116, 0.0 ], [ 2241048.099271351005882, 540552.44798375130631, 0.0 ], [ 2241048.997530151624233, 540551.276074856286868, 0.0 ], [ 2241049.875275615602732, 540550.088723925873637, 0.0 ], [ 2241050.732242333237082, 540548.886289987480268, 0.0 ], [ 2241051.568171177990735, 540547.669136628857814, 0.0 ], [ 2241052.382809384260327, 540546.437631888780743, 0.0 ], [ 2241053.175910624209791, 540545.192148145637475, 0.0 ], [ 2241053.947235082741827, 540543.933062004507519, 0.0 ], [ 2241054.696549530141056, 540542.660754183656536, 0.0 ], [ 2241055.423627390060574, 540541.375609399285167, 0.0 ], [ 2241056.12824881169945, 540540.078016248997301, 0.0 ], [ 2241056.810200734063983, 540538.76836709480267, 0.0 ], [ 2241057.469276950694621, 540537.447057943907566, 0.0 ], [ 2241058.105278172064573, 540536.114488329389133, 0.0 ], [ 2241058.7180120870471, 540534.771061189123429, 0.0 ], [ 2241059.307293418329209, 540533.417182744015008, 0.0 ], [ 2241059.872943981550634, 540532.053262375527993, 0.0 ], [ 2241060.414792737457901, 540530.67971250100527, 0.0 ], [ 2241060.932675842661411, 540529.296948450035416, 0.0 ], [ 2241061.42643670225516, 540527.905388338142075, 0.0 ], [ 2241061.895926014054567, 540526.505452940473333, 0.0 ], [ 2241062.341001816093922, 540525.097565564909019, 0.0 ], [ 2241062.761529526673257, 540523.682151923771016, 0.0 ], [ 2241063.157381989527494, 540522.259640004835092, 0.0 ], [ 2241063.52843950688839, 540520.830459942575544, 0.0 ], [ 2241063.874589879997075, 540519.395043887663633, 0.0 ], [ 2241064.195728441234678, 540517.953825876465999, 0.0 ], [ 2241064.491758086252958, 540516.507241699495353, 0.0 ], [ 2241064.762589301448315, 540515.055728770093992, 0.0 ], [ 2241065.008140194695443, 540513.599725991836749, 0.0 ], [ 2241065.22833651676774, 540512.139673625933938, 0.0 ], [ 2241065.423111685551703, 540510.676013158052228, 0.0 ], [ 2241065.592406806070358, 540509.209187165019102, 0.0 ], [ 2241065.736170686315745, 540507.739639180712402, 0.0 ], [ 2241065.854359856341034, 540506.267813562066294, 0.0 ], [ 2241065.946938578039408, 540504.794155354844406, 0.0 ], [ 2241066.013878858182579, 540503.319110158830881, 0.0 ], [ 2241066.055160455405712, 540501.843123993137851, 0.0 ], [ 2241066.070770887192339, 540500.366643161629327, 0.0 ], [ 2241066.060705432668328, 540498.890114117413759, 0.0 ], [ 2241066.024967136327177, 540497.413983328617178, 0.0 ], [ 2241065.963566804304719, 540495.938697142642923, 0.0 ], [ 2241065.876523002516478, 540494.464701651362702, 0.0 ], [ 2241065.763862051069736, 540492.992442556889728, 0.0 ], [ 2241065.625618015415967, 540491.522365035722032, 0.0 ], [ 2241065.461832698434591, 540490.054913604981266, 0.0 ], [ 2241065.272555623669177, 540488.590531987836584, 0.0 ], [ 2241065.057844025548548, 540487.129662979044951, 0.0 ], [ 2241064.817762826569378, 540485.672748311189935, 0.0 ], [ 2241064.552384622395039, 540484.220228521153331, 0.0 ], [ 2241064.26178965670988, 540482.772542817168869, 0.0 ], [ 2241063.946065799333155, 540481.330128945526667, 0.0 ], [ 2241063.605308517348021, 540479.893423058325425, 0.0 ], [ 2241063.239620847627521, 540478.462859582039528, 0.0 ], [ 2241062.849113365635276, 540477.03887108550407, 0.0 ], [ 2241062.433904151897877, 540475.621888149762526, 0.0 ], [ 2241061.994118756148964, 540474.212339237099513, 0.0 ], [ 2241061.529890158679336, 540472.810650562285446, 0.0 ], [ 2241061.04135873215273, 540471.417245963355526, 0.0 ], [ 2241060.528672195971012, 540470.032546773087233, 0.0 ], [ 2241059.991985575761646, 540468.656971692224033, 0.0 ], [ 2241059.431461152154952, 540467.290936662699096, 0.0 ], [ 2241058.847268415149301, 540465.934854741324671, 0.0 ], [ 2241058.239584010560066, 540464.589135975809768, 0.0 ], [ 2241057.608591687865555, 540463.254187279962935, 0.0 ], [ 2241056.954482245258987, 540461.930412310990505, 0.0 ], [ 2241056.277453469112515, 540460.618211347726174, 0.0 ], [ 2241055.577710077632219, 540459.317981168976985, 0.0 ], [ 2241054.855463657062501, 540458.030114933964796, 0.0 ], [ 2241054.110932597424835, 540456.755002063349821, 0.0 ], [ 2241053.344342027790844, 540455.49302812141832, 0.0 ], [ 2241052.555923747364432, 540454.244574699667282, 0.0 ], [ 2241051.745916154701263, 540453.010019301320426, 0.0 ], [ 2241050.914564177859575, 540451.78973522700835, 0.0 ], [ 2241050.062119198031723, 540450.584091462078504, 0.0 ], [ 2241049.188838974572718, 540449.39345256506931, 0.0 ], [ 2241048.294987567234784, 540448.218178557348438, 0.0 ], [ 2241047.380835256073624, 540447.058624814380892, 0.0 ], [ 2241046.446658458560705, 540445.915141958044842, 0.0 ], [ 2241045.492739648558199, 540444.788075750926509, 0.0 ], [ 2241044.519367268308997, 540443.677766991429962, 0.0 ], [ 2241043.526835643686354, 540442.584551411098801, 0.0 ], [ 2241042.515444892458618, 540441.508759572636336, 0.0 ], [ 2241041.485500835347921, 540440.450716770370491, 0.0 ], [ 2241040.437314904294908, 540439.410742931882851, 0.0 ], [ 2241039.371204045135528, 540438.389152520801872, 0.0 ], [ 2241038.287490625400096, 540437.386254442273639, 0.0 ], [ 2241037.186502335127443, 540436.402351949247532, 0.0 ], [ 2241036.068572086747736, 540435.437742550857365, 0.0 ], [ 2241034.934037916827947, 540434.492717922432348, 0.0 ], [ 2241033.783242881298065, 540433.567563817254268, 0.0 ], [ 2241032.616534954402596, 540432.662559980410151, 0.0 ], [ 2241031.434266921132803, 540431.777980063925497, 0.0 ], [ 2241030.236796271521598, 540430.914091543992981, 0.0 ], [ 2241029.024485092610121, 540430.071155640529469, 0.0 ], [ 2241027.797699959482998, 540429.249427237431519, 0.0 ], [ 2241026.556811823043972, 540428.449154806206934, 0.0 ], [ 2241025.302195898722857, 540427.670580330654047, 0.0 ], [ 2241024.034231553319842, 540426.913939233403653, 0.0 ], [ 2241022.753302189521492, 540426.179460305138491, 0.0 ], [ 2241021.45979512995109, 540425.467365634976886, 0.0 ], [ 2241020.154101501684636, 540424.777870543883182, 0.0 ], [ 2241018.836616115644574, 540424.111183518893085, 0.0 ], [ 2241017.507737348787487, 540423.467506150715053, 0.0 ], [ 2241016.167867023032159, 540422.847033072379418, 0.0 ], [ 2241014.817410283256322, 540422.249951900332235, 0.0 ], [ 2241013.456775476690382, 540421.676443177973852, 0.0 ], [ 2241012.086374027188867, 540421.126680320943706, 0.0 ], [ 2241010.706620312295854, 540420.600829564849846, 0.0 ], [ 2241009.317931537516415, 540420.099049914395437, 0.0 ], [ 2241007.92072760919109, 540419.621493096346967, 0.0 ], [ 2241006.515431009698659, 540419.168303512386046, 0.0 ], [ 2241005.102466667536646, 540418.739618196734227, 0.0 ], [ 2241003.682261830661446, 540418.335566773661412, 0.0 ], [ 2241001.706620933488011, 540418.028076916583814, 0.0 ], [ 2240999.725990100298077, 540417.754565547220409, 0.0 ], [ 2240997.740953673608601, 540417.515113359084353, 0.0 ], [ 2240995.752097295131534, 540417.309790997416712, 0.0 ], [ 2240993.760007733944803, 540417.138659037998877, 0.0 ], [ 2240991.765272713266313, 540417.001767969690263, 0.0 ], [ 2240989.768480736762285, 540416.899158179294318, 0.0 ], [ 2240987.770220914855599, 540416.83085993968416, 0.0 ], [ 2240985.77108279010281, 540416.796893400605768, 0.0 ], [ 2240983.771656165830791, 540416.79726858320646, 0.0 ], [ 2240981.772530929651111, 540416.831985376775265, 0.0 ], [ 2240979.774296879768372, 540416.901033538975753, 0.0 ], [ 2240977.777543552219868, 540417.004392698523588, 0.0 ], [ 2240975.782860046252608, 540417.142032361705787, 0.0 ], [ 2240973.790834849700332, 540417.313911920646206, 0.0 ], [ 2240971.80205566668883, 540417.519980666227639, 0.0 ], [ 2240969.817109243478626, 540417.760177802294493, 0.0 ], [ 2240967.8365811961703, 540418.034432463697158, 0.0 ], [ 2240965.861055836081505, 540418.342663737596013, 0.0 ], [ 2240963.891115999314934, 540418.68478068721015, 0.0 ], [ 2240961.927342874929309, 540419.060682378010824, 0.0 ], [ 2240959.970315830782056, 540419.470257908571512, 0.0 ], [ 2240958.020612245891243, 540419.913386442349292, 0.0 ], [ 2240956.078807338140905, 540420.389937243890017, 0.0 ], [ 2240954.145473994780332, 540420.899769717128947, 0.0 ], [ 2240952.221182604320347, 540421.44273344706744, 0.0 ], [ 2240950.306500887963921, 540422.018668243894354, 0.0 ], [ 2240948.40199373010546, 540422.627404190599918, 0.0 ], [ 2240946.508223015349358, 540423.26876169280149, 0.0 ], [ 2240944.62574745900929, 540423.942551531712525, 0.0 ], [ 2240943.304204765707254, 540424.494787491392344, 0.0 ], [ 2240941.992497258353978, 540425.069994463119656, 0.0 ], [ 2240940.691024182364345, 540425.667997370706871, 0.0 ], [ 2240939.400181667879224, 540426.288614199496806, 0.0 ], [ 2240938.120362610090524, 540426.931656051776372, 0.0 ], [ 2240936.851956547703594, 540427.596927204402164, 0.0 ], [ 2240935.595349547453225, 540428.284225168521516, 0.0 ], [ 2240934.350924082566053, 540428.993340750341304, 0.0 ], [ 2240933.119058921001852, 540429.724058116204105, 0.0 ], [ 2240931.900129005778581, 540430.476154856733046, 0.0 ], [ 2240930.694505344145, 540431.249402055866085, 0.0 ], [ 2240929.502554892096668, 540432.043564359773882, 0.0 ], [ 2240928.324640444479883, 540432.858400048571639, 0.0 ], [ 2240927.161120524629951, 540433.693661110126413, 0.0 ], [ 2240926.012349273543805, 540434.549093315377831, 0.0 ], [ 2240924.87867634370923, 540435.424436295870692, 0.0 ], [ 2240923.760446792002767, 540436.319423622568138, 0.0 ], [ 2240922.658000974915922, 540437.233782887575217, 0.0 ], [ 2240921.571674444712698, 540438.167235786677338, 0.0 ], [ 2240920.50179784744978, 540439.119498204207048, 0.0 ], [ 2240919.448696822393686, 540440.090280299074948, 0.0 ], [ 2240918.412691902369261, 540441.079286593827419, 0.0 ], [ 2240917.394098416902125, 540442.086216063704342, 0.0 ], [ 2240916.393226396758109, 540443.110762228723615, 0.0 ], [ 2240915.410380478017032, 540444.152613247162662, 0.0 ], [ 2240914.445859809871763, 540445.211452009971254, 0.0 ], [ 2240913.499957963824272, 540446.286956237512641, 0.0 ], [ 2240912.572962845675647, 540447.378798577818088, 0.0 ], [ 2240911.665156605187804, 540448.486646706005558, 0.0 ], [ 2240910.776815552264452, 540449.61016342532821, 0.0 ], [ 2240909.908210071735084, 540450.749006770201959, 0.0 ], [ 2240909.059604541864246, 540451.902830110047944, 0.0 ], [ 2240908.231257252860814, 540453.07128225476481, 0.0 ], [ 2240907.423420330509543, 540454.254007561597973, 0.0 ], [ 2240906.636339655611664, 540455.450646043638699, 0.0 ], [ 2240905.870254793204367, 540456.660833479021676, 0.0 ], [ 2240905.125398917123675, 540457.884201521985233, 0.0 ], [ 2240904.401998739223927, 540459.120377815212123, 0.0 ], [ 2240903.700274441856891, 540460.368986102752388, 0.0 ], [ 2240903.020439608953893, 540461.629646344692446, 0.0 ], [ 2240902.362701163161546, 540462.901974832871929, 0.0 ], [ 2240901.727259300183505, 540464.185584307648242, 0.0 ], [ 2240901.114307430107147, 540465.480084075941704, 0.0 ], [ 2240900.524032117333263, 540466.785080129746348, 0.0 ], [ 2240899.956613024696708, 540468.100175266386941, 0.0 ], [ 2240899.412222858052701, 540469.424969209474511, 0.0 ], [ 2240898.891027313657105, 540470.75905873044394, 0.0 ], [ 2240898.393185028340667, 540472.102037771255709, 0.0 ], [ 2240897.918847531080246, 540473.45349756849464, 0.0 ], [ 2240897.468159195501357, 540474.813026777119376, 0.0 ], [ 2240897.041257198434323, 540476.18021159642376, 0.0 ], [ 2240896.638271476142108, 540477.55463589518331, 0.0 ], [ 2240896.259324686136097, 540478.935881338780746, 0.0 ], [ 2240895.904532168991864, 540480.323527516564354, 0.0 ], [ 2240895.574001912027597, 540481.717152069555596, 0.0 ], [ 2240895.267834519967437, 540483.116330819088034, 0.0 ], [ 2240894.986123180948198, 540484.520637896028347, 0.0 ], [ 2240894.728953639511019, 540485.929645870579407, 0.0 ], [ 2240894.496404170524329, 540487.342925881617703, 0.0 ], [ 2240894.288545555900782, 540488.760047768242657, 0.0 ], [ 2240894.105441060848534, 540490.180580199696124, 0.0 ], [ 2240893.947146417573094, 540491.604090807726607, 0.0 ], [ 2240893.813709805719554, 540493.030146317090839, 0.0 ], [ 2240893.705171840265393, 540494.458312678267248, 0.0 ], [ 2240893.621565557084978, 540495.888155199121684, 0.0 ], [ 2240893.562916402705014, 540497.319238677504472, 0.0 ], [ 2240893.529242228716612, 540498.751127533148974, 0.0 ], [ 2240893.520553283859044, 540500.183385941199958, 0.0 ], [ 2240893.536852214019746, 540501.615577963995747, 0.0 ], [ 2240893.578134057577699, 540503.047267684014514, 0.0 ], [ 2240893.644386249128729, 540504.478019336936995, 0.0 ], [ 2240893.73558862414211, 540505.907397443661466, 0.0 ], [ 2240893.851713423151523, 540507.334966943250038, 0.0 ], [ 2240893.992725301068276, 540508.760293325292878, 0.0 ], [ 2240894.158581337891519, 540510.182942762156017, 0.0 ], [ 2240894.349231052212417, 540511.602482240879908, 0.0 ], [ 2240894.564616415183991, 540513.018479695194401, 0.0 ], [ 2240894.804671870544553, 540514.43050413671881, 0.0 ], [ 2240895.069324351847172, 540515.838125786627643, 0.0 ], [ 2240895.358493306674063, 540517.240916206035763, 0.0 ], [ 2240895.672090721316636, 540518.638448426383547, 0.0 ], [ 2240896.010021144524217, 540520.030297079822049, 0.0 ], [ 2240896.372181721031666, 540521.41603852820117, 0.0 ], [ 2240896.758462219964713, 540522.795250992523506, 0.0 ], [ 2240897.168745067901909, 540524.167514680535533, 0.0 ], [ 2240897.602905387524515, 540525.532411915599369, 0.0 ], [ 2240898.060811032541096, 540526.889527262654155, 0.0 ], [ 2240898.542322630062699, 540528.238447655574419, 0.0 ], [ 2240899.04729362251237, 540529.578762522316538, 0.0 ], [ 2240899.575570310931653, 540530.910063910298049, 0.0 ], [ 2240900.126991903409362, 540532.231946610263549, 0.0 ], [ 2240900.701390563510358, 540533.544008279684931, 0.0 ], [ 2240901.298591461032629, 540534.845849565463141, 0.0 ], [ 2240901.918412825558335, 540536.137074225000106, 0.0 ], [ 2240902.56066600093618, 540537.417289247387089, 0.0 ], [ 2240903.225155504886061, 540538.68610497249756, 0.0 ], [ 2240903.911679085809737, 540539.943135209963657, 0.0 ], [ 2240904.620027786586434, 540541.187997356522828, 0.0 ], [ 2240905.349986005574465, 540542.420312512433156, 0.0 ], [ 2240906.101331565063447, 540543.639705597073771, 0.0 ], [ 2240906.873835778329521, 540544.845805462799035, 0.0 ], [ 2240907.667263516690582, 540546.038245008094236, 0.0 ], [ 2240908.481373284012079, 540547.216661289101467, 0.0 ], [ 2240909.315917289815843, 540548.380695630447008, 0.0 ], [ 2240910.170641522854567, 540549.529993734089658, 0.0 ], [ 2240911.045285829808563, 540550.664205787237734, 0.0 ], [ 2240911.939583994448185, 540551.782986568869092, 0.0 ], [ 2240912.85326381912455, 540552.885995554970577, 0.0 ], [ 2240913.786047205794603, 540553.972897021682002, 0.0 ], [ 2240914.737650243099779, 540555.043360147858039, 0.0 ], [ 2240915.707783290650696, 540556.097059116116725, 0.0 ], [ 2240916.696151067968458, 540557.133673211093992, 0.0 ], [ 2240917.702452744822949, 540558.152886917814612, 0.0 ], [ 2240918.726382032968104, 540559.154390017269179, 0.0 ], [ 2240919.767627277877182, 540560.137877681409009, 0.0 ], [ 2240920.825871554668993, 540561.10305056523066, 0.0 ], [ 2240921.900792764965445, 540562.049614898278378, 0.0 ], [ 2240922.992063734214753, 540562.97728257405106, 0.0 ], [ 2240924.099352311342955, 540563.885771237662993, 0.0 ], [ 2240925.222321470268071, 540564.774804371758364, 0.0 ], [ 2240926.360629411879927, 540565.644111380446702, 0.0 ], [ 2240927.513929668348283, 540566.493427672307007, 0.0 ], [ 2240928.681871208827943, 540567.322494740132242, 0.0 ], [ 2240929.864098546095192, 540568.131060240208171, 0.0 ], [ 2240931.060251845046878, 540568.918878068798222, 0.0 ], [ 2240932.269967031199485, 540569.685708437114954, 0.0 ], [ 2240933.49287590244785, 540570.431317944545299, 0.0 ], [ 2240934.728606241289526, 540571.155479649314657, 0.0 ], [ 2240935.976781927514821, 540571.8579731376376, 0.0 ], [ 2240937.23702305322513, 540572.538584591238759, 0.0 ], [ 2240938.508946037385613, 540573.19710685161408, 0.0 ], [ 2240939.792163744103163, 540573.833339484059252, 0.0 ], [ 2240941.08628559904173, 540574.447088837972842, 0.0 ], [ 2240942.390917709562927, 540575.038168105762452, 0.0 ], [ 2240943.705662983935326, 540575.606397380353883, 0.0 ], [ 2240945.030121252406389, 540576.151603709324263, 0.0 ], [ 2240946.36388938780874, 540576.673621147754602, 0.0 ], [ 2240947.706561430357397, 540577.172290808870457, 0.0 ], [ 2240949.057728710118681, 540577.64746091212146, 0.0 ], [ 2240950.416979971341789, 540578.098986829747446, 0.0 ], [ 2240951.783901497256011, 540578.526731130317785, 0.0 ], [ 2240953.158077237661928, 540578.930563620990142, 0.0 ], [ 2240954.539088932797313, 540579.310361386975273, 0.0 ], [ 2240955.926516243256629, 540579.666008829022758, 0.0 ], [ 2240957.319936877116561, 540579.997397698345594, 0.0 ], [ 2240958.718926717527211, 540580.304427129798569, 0.0 ], [ 2240960.123059952631593, 540580.587003672728315, 0.0 ], [ 2240961.531909205950797, 540580.845041319029406, 0.0 ], [ 2240962.94504566444084, 540581.078461529570632, 0.0 ], [ 2240964.362039210740477, 540581.287193258176558, 0.0 ], [ 2240965.782458553556353, 540581.471172972815111, 0.0 ], [ 2240967.205871358979493, 540581.630344675504602, 0.0 ], [ 2240968.631844381336123, 540581.764659919193946, 0.0 ], [ 2240970.059943596366793, 540581.874077822081745, 0.0 ], [ 2240971.489734332077205, 540581.958565080538392, 0.0 ], [ 2240972.920781402383, 540582.018095979234204, 0.0 ] ] } }

]
}
