{
"type": "FeatureCollection",
"name": "roads_new2",
"crs": { "type": "name", "properties": { "name": "urn:ogc:def:crs:OGC:1.3:CRS84" } },
"features": [
{ "type": "Feature", "properties": { "fid": 4781, "handle": 3311233, "block": -1, "etype": 18, "space": 0, "layer": "0_Roads_Hatch", "olinetype": "bylayer", "linetype": "", "color": "0,0,0,255", "ocolor": 256, "color24": -1, "transparency": 0, "lweight": -1, "linewidth": 0.0, "ltscale": 1.0, "visible": 1, "width": 4.5, "thickness": 0.0, "ext": "(3:0,0,0.1)" }, "geometry": { "type": "LineString", "coordinates": [ [ 56.396139998275515, 58.217070640018449, 0.0 ], [ 56.396135128124492, 58.217089007091779, 0.0 ], [ 56.396130864241215, 58.217107416094208, 0.0 ], [ 56.396127207917232, 58.217125861453781, 0.0 ], [ 56.39612416026015, 58.217144337587442, 0.0 ], [ 56.396121722193406, 58.217162838902929, 0.0 ], [ 56.396119894455886, 58.217181359800229, 0.0 ], [ 56.396118677601784, 58.217199894673492, 0.0 ], [ 56.396118072000348, 58.217218437912507, 0.0 ], [ 56.396118077835851, 58.217236983904712, 0.0 ], [ 56.396118695107482, 58.217255527036478, 0.0 ], [ 56.39611992362935, 58.217274061695257, 0.0 ], [ 56.396121763030564, 58.217292582270858, 0.0 ], [ 56.396124212755332, 58.217311083157469, 0.0 ], [ 56.396127272063133, 58.217329558755182, 0.0 ], [ 56.396130940028854, 58.217348003471756, 0.0 ], [ 56.396135215543268, 58.217366411724264, 0.0 ], [ 56.396140097313165, 58.217384777940829, 0.0 ], [ 56.396145583861852, 58.217403096562251, 0.0 ], [ 56.396151673529559, 58.217421362043837, 0.0 ], [ 56.396158364473962, 58.217439568856804, 0.0 ], [ 56.396165654670718, 58.217457711490248, 0.0 ], [ 56.396173541914123, 58.217475784452589, 0.0 ], [ 56.396182023817694, 58.217493782273458, 0.0 ], [ 56.396191097814985, 58.217511699505103, 0.0 ], [ 56.396200761160287, 58.217529530724192, 0.0 ], [ 56.396211010929512, 58.217547270533416, 0.0 ], [ 56.396221844021035, 58.217564913563166, 0.0 ], [ 56.396233257156688, 58.217582454473067, 0.0 ], [ 56.39624524688265, 58.217599887953682, 0.0 ], [ 56.396257809570621, 58.217617208728058, 0.0 ], [ 56.396270941418827, 58.217634411553341, 0.0 ], [ 56.396284638453196, 58.217651491222426, 0.0 ], [ 56.39629889652857, 58.217668442565461, 0.0 ], [ 56.396313711329924, 58.217685260451333, 0.0 ], [ 56.396329078373732, 58.217701939789471, 0.0 ], [ 56.396344993009286, 58.217718475531171, 0.0 ], [ 56.396361450420088, 58.217734862671108, 0.0 ], [ 56.396378445625331, 58.217751096249046, 0.0 ], [ 56.396395973481383, 58.217767171351177, 0.0 ], [ 56.396414028683424, 58.217783083111691, 0.0 ], [ 56.396432605766904, 58.217798826714095, 0.0 ], [ 56.396451699109349, 58.217814397392978, 0.0 ] ] } },
{ "type": "Feature", "properties": { "fid": 4782, "handle": 3311234, "block": -1, "etype": 18, "space": 0, "layer": "0_Roads_Hatch", "olinetype": "bylayer", "linetype": "", "color": "0,0,0,255", "ocolor": 256, "color24": -1, "transparency": 0, "lweight": -1, "linewidth": 0.0, "ltscale": 1.0, "visible": 1, "width": 6.0, "thickness": 0.0, "ext": "(3:0,0,0.1)" }, "geometry": { "type": "LineString", "coordinates": [ [ 56.407731827426566, 58.217189626010445, 0.0 ], [ 56.407406988009107, 58.217149059924616, 0.0 ], [ 56.407083519929238, 58.2171055502033, 0.0 ], [ 56.406761518996952, 58.217059109734599, 0.0 ], [ 56.406441080586511, 58.217009752274649, 0.0 ], [ 56.406122299608214, 58.216957492443584, 0.0 ], [ 56.40608624989909, 58.216951933342187, 0.0 ], [ 56.406050024330419, 58.216946702257978, 0.0 ], [ 56.406013633619558, 58.216941800738567, 0.0 ], [ 56.405977088532829, 58.216937230234123, 0.0 ], [ 56.405940399882127, 58.216932992096808, 0.0 ], [ 56.405903578521823, 58.216929087580468, 0.0 ], [ 56.405866635345554, 58.21692551784021, 0.0 ], [ 56.405829581282958, 58.216922283932234, 0.0 ], [ 56.405792427296525, 58.216919386813217, 0.0 ], [ 56.405755184378236, 58.216916827340299, 0.0 ], [ 56.405717863546407, 58.216914606270699, 0.0 ], [ 56.405680475842402, 58.216912724261469, 0.0 ], [ 56.405643032327333, 58.216911181869477, 0.0 ], [ 56.405605544078874, 58.216909979550991, 0.0 ], [ 56.405568022187865, 58.216909117661743, 0.0 ], [ 56.405530477755136, 58.21690859645669, 0.0 ], [ 56.40549292188819, 58.216908416090057, 0.0 ], [ 56.405455365697875, 58.216908576615189, 0.0 ], [ 56.405417820295163, 58.216909077984589, 0.0 ], [ 56.40538029678784, 58.21690992004995, 0.0 ], [ 56.405342806277183, 58.216911102562129, 0.0 ], [ 56.405305359854736, 58.216912625171275, 0.0 ], [ 56.405267968599041, 58.216914487426955, 0.0 ], [ 56.405230643572217, 58.21691668877817, 0.0 ], [ 56.405193395816887, 58.216919228573701, 0.0 ], [ 56.405156236352809, 58.216922106062128, 0.0 ], [ 56.405119176173585, 58.216925320392164, 0.0 ], [ 56.405082226243493, 58.216928870612819, 0.0 ], [ 56.405045397494177, 58.216932755673795, 0.0 ], [ 56.405008700821455, 58.216936974425671, 0.0 ], [ 56.404972147082084, 58.216941525620335, 0.0 ], [ 56.404935747090548, 58.21694640791133, 0.0 ] ] } },
{ "type": "Feature", "properties": { "fid": 4783, "handle": 3311235, "block": -1, "etype": 18, "space": 0, "layer": "0_Roads_Hatch", "olinetype": "bylayer", "linetype": "", "color": "0,0,0,255", "ocolor": 256, "color24": -1, "transparency": 0, "lweight": -1, "linewidth": 0.0, "ltscale": 1.0, "visible": 1, "width": 6.0, "thickness": 0.0, "ext": "(3:0,0,0.1)" }, "geometry": { "type": "LineString", "coordinates": [ [ 56.404935747090548, 58.21694640791133, 0.0 ], [ 56.404899431588248, 58.216961234592368, 0.0 ], [ 56.404862633154899, 58.216975725927398, 0.0 ], [ 56.404825362909833, 58.216989877537344, 0.0 ], [ 56.404787632114946, 58.217003685145791, 0.0 ], [ 56.404749452171366, 58.217017144580311, 0.0 ], [ 56.40471083461599, 58.217030251773693, 0.0 ], [ 56.404671791117984, 58.217043002765116, 0.0 ], [ 56.404632333475298, 58.217055393701401, 0.0 ], [ 56.404592473611011, 58.217067420838248, 0.0 ], [ 56.404552223569844, 58.217079080541183, 0.0 ], [ 56.404511595514393, 58.217090369286815, 0.0 ], [ 56.404470601721584, 58.217101283663844, 0.0 ], [ 56.404429254578886, 58.217111820374086, 0.0 ], [ 56.404387566580546, 58.217121976233472, 0.0 ], [ 56.404345550323882, 58.217131748173067, 0.0 ], [ 56.404303218505433, 58.217141133239885, 0.0 ], [ 56.404260583917079, 58.217150128597822, 0.0 ], [ 56.404217659442317, 58.217158731528713, 0.0 ], [ 56.404174458052182, 58.217166939432758, 0.0 ], [ 56.404130992801477, 58.217174749829674, 0.0 ], [ 56.404087276824725, 58.217182160359208, 0.0 ], [ 56.404043323332282, 58.217189168782006, 0.0 ], [ 56.403999145606285, 58.217195772980197, 0.0 ], [ 56.403954756996626, 58.217201970958044, 0.0 ], [ 56.403910170916994, 58.217207760842641, 0.0 ], [ 56.403865400840729, 58.21721314088429, 0.0 ], [ 56.403820460296856, 58.217218109457249, 0.0 ], [ 56.403775362865829, 58.217222665060014, 0.0 ], [ 56.403730122175638, 58.217226806315942, 0.0 ], [ 56.403684751897501, 58.217230531973591, 0.0 ], [ 56.403639265741838, 58.217233840907149, 0.0 ], [ 56.403593677454104, 58.217236732116604, 0.0 ], [ 56.403548000810609, 58.217239204728322, 0.0 ], [ 56.403502249614405, 58.217241257995106, 0.0 ], [ 56.403456437691055, 58.217242891296436, 0.0 ], [ 56.403410578884476, 58.2172441041388, 0.0 ], [ 56.403364687052779, 58.217244896155655, 0.0 ], [ 56.403318776064019, 58.217245267107664, 0.0 ], [ 56.403272859792118, 58.217245216882752, 0.0 ], [ 56.403226952112497, 58.217244745496075, 0.0 ], [ 56.403181066898064, 58.217243853090039, 0.0 ], [ 56.40314419035014, 58.217243944007656, 0.0 ], [ 56.403107322297188, 58.217244371452537, 0.0 ], [ 56.403070473767151, 58.217245135296793, 0.0 ], [ 56.40303365578216, 58.217246235312011, 0.0 ], [ 56.402996879355193, 58.217247671169105, 0.0 ], [ 56.402960155486824, 58.217249442438622, 0.0 ], [ 56.402923495161865, 58.21725154859071, 0.0 ], [ 56.402886909346172, 58.217253988995367, 0.0 ], [ 56.402850408983291, 58.217256762922659, 0.0 ], [ 56.402814004991228, 58.217259869542815, 0.0 ], [ 56.402777708259187, 58.217263307926579, 0.0 ], [ 56.40274152964426, 58.217267077045499, 0.0 ], [ 56.402705479968233, 58.217271175772112, 0.0 ], [ 56.402669570014353, 58.217275602880427, 0.0 ], [ 56.40263381052408, 58.217280357046221, 0.0 ], [ 56.402598212193837, 58.217285436847362, 0.0 ], [ 56.402562785671911, 58.217290840764427, 0.0 ], [ 56.402527541555173, 58.217296567181016, 0.0 ], [ 56.402492490385974, 58.217302614384181, 0.0 ], [ 56.402457642648947, 58.217308980565079, 0.0 ], [ 56.402423008767897, 58.217315663819484, 0.0 ], [ 56.402388599102679, 58.217322662148284, 0.0 ], [ 56.402354423946107, 58.217329973458135, 0.0 ], [ 56.402320493520847, 58.217337595562014, 0.0 ], [ 56.402286817976389, 58.217345526180026, 0.0 ], [ 56.402253407386013, 58.217353762939965, 0.0 ], [ 56.402220271743737, 58.217362303377953, 0.0 ], [ 56.402187420961383, 58.21737114493947, 0.0 ], [ 56.402154864865601, 58.217380284979676, 0.0 ], [ 56.402122613194869, 58.217389720764665, 0.0 ], [ 56.402090675596661, 58.217399449471941, 0.0 ], [ 56.402059061624527, 58.217409468191406, 0.0 ], [ 56.402027780735217, 58.217419773926245, 0.0 ], [ 56.401996842285882, 58.21743036359377, 0.0 ], [ 56.401966255531285, 58.217441234026332, 0.0 ], [ 56.401936029620991, 58.217452381972322, 0.0 ], [ 56.401906173596643, 58.217463804097136, 0.0 ], [ 56.401876696389294, 58.217475496984122, 0.0 ], [ 56.401847606816695, 58.217487457135604, 0.0 ], [ 56.401818913580684, 58.217499680974022, 0.0 ], [ 56.401790625264553, 58.217512164842937, 0.0 ], [ 56.401762750330512, 58.217524905008027, 0.0 ], [ 56.401735297117142, 58.217537897658453, 0.0 ], [ 56.401708273836888, 58.217551138907673, 0.0 ], [ 56.401681688573639, 58.217564624794946, 0.0 ], [ 56.401655549280278, 58.217578351286207, 0.0 ], [ 56.401629863776336, 58.217592314275528, 0.0 ], [ 56.401604639745578, 58.217606509586169, 0.0 ], [ 56.401579884733792, 58.217620932971919, 0.0 ], [ 56.401555606146502, 58.217635580118284, 0.0 ], [ 56.401531811246727, 58.21765044664393, 0.0 ], [ 56.40150850715284, 58.217665528101762, 0.0 ], [ 56.401485700836453, 58.217680819980522, 0.0 ], [ 56.401463399120225, 58.217696317705958, 0.0 ], [ 56.40144160867596, 58.217712016642167, 0.0 ], [ 56.401420336022554, 58.217727912093139, 0.0 ], [ 56.401399587524033, 58.21774399930402, 0.0 ], [ 56.401379369387634, 58.217760273462602, 0.0 ], [ 56.40135968766198, 58.217776729700823, 0.0 ], [ 56.401340548235282, 58.217793363096021, 0.0 ], [ 56.401321956833549, 58.2178101686726, 0.0 ], [ 56.401303919018858, 58.217827141403454, 0.0 ], [ 56.401286440187739, 58.217844276211473, 0.0 ], [ 56.401269525569532, 58.217861567971006, 0.0 ], [ 56.401253180224799, 58.217879011509517, 0.0 ], [ 56.401237409043866, 58.217896601609034, 0.0 ], [ 56.401222216745296, 58.217914333007691, 0.0 ], [ 56.401207607874539, 58.2179322004014, 0.0 ], [ 56.401193586802513, 58.217950198445358, 0.0 ], [ 56.401180157724347, 58.21796832175572, 0.0 ], [ 56.40116732465809, 58.217986564911079, 0.0 ], [ 56.401155091443513, 58.218004922454227, 0.0 ], [ 56.401143461740979, 58.218023388893734, 0.0 ], [ 56.401132439030334, 58.21804195870552, 0.0 ], [ 56.401122119406757, 58.218059967466694, 0.0 ], [ 56.401111210433605, 58.218077879249137, 0.0 ], [ 56.40109971538034, 58.218095688683107, 0.0 ], [ 56.401087637692164, 58.218113390429487, 0.0 ], [ 56.401074980988973, 58.218130979181609, 0.0 ], [ 56.401061749064198, 58.218148449666501, 0.0 ], [ 56.401047945883839, 58.218165796646737, 0.0 ], [ 56.401033575585075, 58.21818301492187, 0.0 ], [ 56.401018642475158, 58.218200099330033, 0.0 ], [ 56.401003151030089, 58.21821704474948, 0.0 ], [ 56.400987105893243, 58.218233846100169, 0.0 ], [ 56.400970511874071, 58.218250498345178, 0.0 ], [ 56.4009533739465, 58.218266996492289, 0.0 ], [ 56.400935697247647, 58.218283335595551, 0.0 ], [ 56.400917487076072, 58.218299510756573, 0.0 ], [ 56.40089874889032, 58.218315517126165, 0.0 ], [ 56.400879488307304, 58.218331349905753, 0.0 ], [ 56.400859711100495, 58.218347004348729, 0.0 ], [ 56.400839423198306, 58.218362475762063, 0.0 ], [ 56.400818630682302, 58.218377759507462, 0.0 ], [ 56.400797339785285, 58.218392851002918, 0.0 ], [ 56.40077555688957, 58.218407745724136, 0.0 ], [ 56.400753288524925, 58.218422439205717, 0.0 ], [ 56.400730541366727, 58.21843692704261, 0.0 ], [ 56.400707322233927, 58.218451204891423, 0.0 ], [ 56.400683638086953, 58.218465268471704, 0.0 ], [ 56.400659496025703, 58.218479113567248, 0.0 ], [ 56.40063490328739, 58.218492736027329, 0.0 ], [ 56.400609867244327, 58.218506131767967, 0.0 ], [ 56.400584395401758, 58.218519296773117, 0.0 ], [ 56.400558495395657, 58.218532227095984, 0.0 ], [ 56.400532174990332, 58.218544918860033, 0.0 ], [ 56.400505442076167, 58.218557368260356, 0.0 ], [ 56.400478304667246, 58.218569571564537, 0.0 ], [ 56.400450770898935, 58.218581525114111, 0.0 ], [ 56.400422849025475, 58.218593225325314, 0.0 ], [ 56.400394547417456, 58.21860466869056, 0.0 ], [ 56.400365874559384, 58.218615851778992, 0.0 ], [ 56.400336839047014, 58.218626771237986, 0.0 ], [ 56.400307449584929, 58.218637423793844, 0.0 ], [ 56.400277714983794, 58.218647806252967, 0.0 ], [ 56.400247644157801, 58.218657915502625, 0.0 ], [ 56.40021724612199, 58.218667748512047, 0.0 ], [ 56.40018652998944, 58.218677302333276, 0.0 ], [ 56.400155504968701, 58.218686574102129, 0.0 ], [ 56.400124180360905, 58.218695561038828, 0.0 ], [ 56.400092565557024, 58.21870426044908, 0.0 ], [ 56.400060670035103, 58.218712669724795, 0.0 ], [ 56.400028503357291, 58.218720786344839, 0.0 ], [ 56.399996075167095, 58.218728607875818, 0.0 ], [ 56.399963395186461, 58.218736131972811, 0.0 ], [ 56.398746598861031, 58.219014849110202, 0.0 ], [ 56.398682713103909, 58.219029791148124, 0.0 ], [ 56.39861834565933, 58.219044146113454, 0.0 ], [ 56.398553515902499, 58.219057909685056, 0.0 ], [ 56.398488243347877, 58.219071077719889, 0.0 ], [ 56.398422547643321, 58.219083646254084, 0.0 ], [ 56.398356448564044, 58.219095611504294, 0.0 ], [ 56.398289966006814, 58.219106969868747, 0.0 ], [ 56.398223119983861, 58.219117717928327, 0.0 ], [ 56.398155930616916, 58.21912785244762, 0.0 ], [ 56.398088418131046, 58.219137370376053, 0.0 ], [ 56.398020602848717, 58.219146268848405, 0.0 ], [ 56.397952505183525, 58.219154545186136, 0.0 ], [ 56.397884145634151, 58.219162196897834, 0.0 ], [ 56.39781554477814, 58.219169221680197, 0.0 ], [ 56.397746723265726, 58.219175617418614, 0.0 ], [ 56.397677701813564, 58.219181382187855, 0.0 ], [ 56.397608501198576, 58.21918651425257, 0.0 ], [ 56.397539142251581, 58.219191012067917, 0.0 ], [ 56.397469645851167, 58.219194874279928, 0.0 ], [ 56.397400032917261, 58.219198099726015, 0.0 ], [ 56.397330324404876, 58.219200687435212, 0.0 ], [ 56.397260541297875, 58.219202636628623, 0.0 ], [ 56.397190704602544, 58.219203946719446, 0.0 ], [ 56.397120835341319, 58.219204617313359, 0.0 ], [ 56.397050954546401, 58.219204648208482, 0.0 ], [ 56.396981083253579, 58.219204039395493, 0.0 ], [ 56.396911242495641, 58.21920279105769, 0.0 ], [ 56.396841453296283, 58.219200903570837, 0.0 ], [ 56.3967295970631, 58.219196310257175, 0.0 ], [ 56.39661790326825, 58.219190723860066, 0.0 ], [ 56.396506403579764, 58.219184145963425, 0.0 ], [ 56.396395129610546, 58.219176578432219, 0.0 ], [ 56.39628411290947, 58.219168023412074, 0.0 ], [ 56.396173384952391, 58.219158483328506, 0.0 ], [ 56.396062977133241, 58.219147960886438, 0.0 ], [ 56.395952920755072, 58.219136459069212, 0.0 ], [ 56.395929921182578, 58.219134609907968, 0.0 ], [ 56.395906864227214, 58.219132971751918, 0.0 ], [ 56.395883756841165, 58.219131545095038, 0.0 ], [ 56.395860605991871, 58.219130330367513, 0.0 ], [ 56.395837418659845, 58.219129327935541, 0.0 ], [ 56.395814201836558, 58.219128538101451, 0.0 ], [ 56.39579096252244, 58.219127961103347, 0.0 ], [ 56.395767707724659, 58.219127597115239, 0.0 ], [ 56.395744444455048, 58.219127446246823, 0.0 ], [ 56.395721179728035, 58.219127508543671, 0.0 ], [ 56.395697920558455, 58.21912778398692, 0.0 ], [ 56.395674673959455, 58.219128272493585, 0.0 ], [ 56.395651446940441, 58.219128973916327, 0.0 ], [ 56.395628246504856, 58.219129888043646, 0.0 ], [ 56.395605079648163, 58.219131014599931, 0.0 ], [ 56.395581953355709, 58.219132353245527, 0.0 ], [ 56.39555887460061, 58.219133903576754, 0.0 ], [ 56.395535850341609, 58.21913566512616, 0.0 ], [ 56.395512887521079, 58.219137637362628, 0.0 ], [ 56.395489993062832, 58.219139819691442, 0.0 ], [ 56.395467173870102, 58.219142211454596, 0.0 ], [ 56.395444436823396, 58.219144811930924, 0.0 ], [ 56.395421788778464, 58.219147620336329, 0.0 ], [ 56.395399236564259, 58.219150635823986, 0.0 ], [ 56.395376786980826, 58.219153857484677, 0.0 ], [ 56.395354446797242, 58.219157284346984, 0.0 ], [ 56.395332222749637, 58.21916091537765, 0.0 ], [ 56.395310121539111, 58.219164749481841, 0.0 ], [ 56.395288149829746, 58.219168785503392, 0.0 ], [ 56.395266314246584, 58.219173022225455, 0.0 ], [ 56.395244621373578, 58.219177458370531, 0.0 ], [ 56.395223077751737, 58.219182092600995, 0.0 ], [ 56.395201689877041, 58.219186923519516, 0.0 ], [ 56.395180464198496, 58.219191949669458, 0.0 ], [ 56.395159407116218, 58.219197169535306, 0.0 ], [ 56.395138524979536, 58.219202581543193, 0.0 ], [ 56.395117824084984, 58.219208184061209, 0.0 ], [ 56.39509731067448, 58.219213975400088, 0.0 ], [ 56.395076990933404, 58.219219953813564, 0.0 ], [ 56.395056870988789, 58.219226117499048, 0.0 ], [ 56.39503695690739, 58.219232464598008, 0.0 ], [ 56.395017254693904, 58.219238993196598, 0.0 ], [ 56.394997770289194, 58.219245701326322, 0.0 ], [ 56.394978509568396, 58.219252586964522, 0.0 ], [ 56.394959478339267, 58.219259648034935, 0.0 ], [ 56.394940682340355, 58.219266882408526, 0.0 ], [ 56.394922127239283, 58.219274287903936, 0.0 ], [ 56.394903818631043, 58.21928186228817, 0.0 ], [ 56.394885762036317, 58.219289603277389, 0.0 ], [ 56.394867962899838, 58.219297508537473, 0.0 ], [ 56.394850426588683, 58.219305575684778, 0.0 ], [ 56.394833158390696, 58.219313802286827, 0.0 ], [ 56.394816163512914, 58.219322185863049, 0.0 ], [ 56.39479944707994, 58.219330723885662, 0.0 ], [ 56.394724649323017, 58.219383043158381, 0.0 ], [ 56.394651505077498, 58.219436009357942, 0.0 ], [ 56.394580034442356, 58.219489607935287, 0.0 ], [ 56.394510257057171, 58.219543824167651, 0.0 ], [ 56.394442192096626, 58.219598643162563, 0.0 ], [ 56.39437585826532, 58.219654049861873, 0.0 ], [ 56.39431127379256, 58.21971002904592, 0.0 ], [ 56.394248456427441, 58.21976656533775, 0.0 ], [ 56.394187423433763, 58.219823643207292, 0.0 ], [ 56.394128191585573, 58.219881246975596, 0.0 ], [ 56.394070777162284, 58.219939360819239, 0.0 ], [ 56.394021180855496, 58.219996005737784, 0.0 ], [ 56.393973430651471, 58.220053090604246, 0.0 ], [ 56.393927540570076, 58.220110598668661, 0.0 ], [ 56.393883524085545, 58.220168513056834, 0.0 ], [ 56.393841394122603, 58.220226816775202, 0.0 ], [ 56.393801163052565, 58.220285492716037, 0.0 ], [ 56.393762842689775, 58.220344523662071, 0.0 ], [ 56.393726444288028, 58.220403892291991, 0.0 ], [ 56.393691978537412, 58.220463581185214, 0.0 ], [ 56.393659455561007, 58.220523572827119, 0.0 ], [ 56.393628884911983, 58.220583849614151, 0.0 ], [ 56.393600275570805, 58.220644393858954, 0.0 ], [ 56.393573635942488, 58.220705187795716, 0.0 ], [ 56.393548973854244, 58.220766213585165, 0.0 ], [ 56.393526296553084, 58.220827453319906, 0.0 ], [ 56.393505610703734, 58.22088888902973, 0.0 ], [ 56.393486922386636, 58.220950502686755, 0.0 ], [ 56.393470237096139, 58.221012276210878, 0.0 ], [ 56.393455559738932, 58.221074191474926, 0.0 ], [ 56.393442894632493, 58.221136230310016, 0.0 ], [ 56.393432245503973, 58.221198374511019, 0.0 ], [ 56.393423615488899, 58.221260605841671, 0.0 ], [ 56.393422854732286, 58.221274525325121, 0.0 ], [ 56.393421636057084, 58.221288435741457, 0.0 ], [ 56.393419959830119, 58.221302332897274, 0.0 ], [ 56.39341782655616, 58.221316212603099, 0.0 ], [ 56.393415236877807, 58.221330070674746, 0.0 ], [ 56.393412191575194, 58.221343902934521, 0.0 ], [ 56.393408691565831, 58.221357705212569, 0.0 ], [ 56.393404737904312, 58.221371473347951, 0.0 ], [ 56.393400331781983, 58.221385203190167, 0.0 ], [ 56.393395474526635, 58.221398890600106, 0.0 ], [ 56.393390167602007, 58.221412531451556, 0.0 ], [ 56.393384412607425, 58.221426121632319, 0.0 ], [ 56.393378211277316, 58.22143965704538, 0.0 ], [ 56.393371565480642, 58.221453133610346, 0.0 ], [ 56.393364477220381, 58.221466547264498, 0.0 ], [ 56.393356948632885, 58.221479893964037, 0.0 ], [ 56.39334898198728, 58.221493169685488, 0.0 ], [ 56.393340579684732, 58.221506370426589, 0.0 ], [ 56.393331744257793, 58.221519492207825, 0.0 ], [ 56.393322478369555, 58.221532531073379, 0.0 ], [ 56.393312784812892, 58.221545483092498, 0.0 ], [ 56.393302666509626, 58.221558344360574, 0.0 ], [ 56.393292126509664, 58.221571111000337, 0.0 ], [ 56.393281167990018, 58.221583779163041, 0.0 ], [ 56.393269794253868, 58.221596345029681, 0.0 ], [ 56.393258008729603, 58.221608804812021, 0.0 ], [ 56.393245814969752, 58.221621154753819, 0.0 ], [ 56.393233216649975, 58.221633391131995, 0.0 ], [ 56.393220217567794, 58.221645510257588, 0.0 ], [ 56.393206821641705, 58.221657508477115, 0.0 ], [ 56.393193032909714, 58.221669382173438, 0.0 ], [ 56.393178855528362, 58.221681127767013, 0.0 ], [ 56.393164293771321, 58.221692741716865, 0.0 ], [ 56.393149352028153, 58.221704220521751, 0.0 ], [ 56.393134034803005, 58.221715560721108, 0.0 ], [ 56.39311834671323, 58.221726758896232, 0.0 ], [ 56.393102292487988, 58.221737811671169, 0.0 ], [ 56.393085876966829, 58.221748715713844, 0.0 ], [ 56.393069105098277, 58.221759467736952, 0.0 ], [ 56.393051981938235, 58.221770064499076, 0.0 ], [ 56.393034512648597, 58.221780502805565, 0.0 ], [ 56.393016702495558, 58.221790779509561, 0.0 ], [ 56.392998556848106, 58.221800891512906, 0.0 ], [ 56.392980081176404, 58.221810835767151, 0.0 ], [ 56.39296128105012, 58.221820609274282, 0.0 ], [ 56.39294216213672, 58.221830209087884, 0.0 ], [ 56.392922730199807, 58.221839632313852, 0.0 ], [ 56.392902991097401, 58.221848876111324, 0.0 ], [ 56.392882950780084, 58.221857937693542, 0.0 ], [ 56.392862615289296, 58.221866814328642, 0.0 ], [ 56.392841990755457, 58.221875503340577, 0.0 ], [ 56.392821083396157, 58.221884002109739, 0.0 ], [ 56.392799899514259, 58.221892308074068, 0.0 ], [ 56.392778445495992, 58.221900418729426, 0.0 ], [ 56.392756727809058, 58.221908331630694, 0.0 ] ] } },
{ "type": "Feature", "properties": { "fid": 4784, "handle": 3311242, "block": -1, "etype": 18, "space": 0, "layer": "0_Roads_Hatch", "olinetype": "bylayer", "linetype": "", "color": "0,0,0,255", "ocolor": 256, "color24": -1, "transparency": 0, "lweight": -1, "linewidth": 0.0, "ltscale": 1.0, "visible": 1, "width": 6.0, "thickness": 0.0, "ext": "(3:0,0,0.1)" }, "geometry": { "type": "LineString", "coordinates": [ [ 56.401473737452122, 58.210576503296295, 0.0 ], [ 56.401558342533761, 58.210523500918839, 0.0 ], [ 56.401644586279183, 58.210471239458947, 0.0 ], [ 56.401732445393556, 58.210419733028374, 0.0 ], [ 56.401821896146153, 58.210368995534871, 0.0 ], [ 56.401912914376801, 58.210319040678627, 0.0 ], [ 56.402005475502392, 58.210269881948371, 0.0 ], [ 56.402099554523524, 58.210221532617773, 0.0 ], [ 56.402195126031224, 58.21017400574199, 0.0 ], [ 56.402292164213833, 58.210127314153929, 0.0 ], [ 56.40239064286402, 58.210081470461063, 0.0 ], [ 56.402490535385802, 58.210036487041755, 0.0 ], [ 56.402591814801681, 58.209992376042052, 0.0 ], [ 56.402694453760098, 58.20994914937247, 0.0 ], [ 56.402798424542617, 58.20990681870461, 0.0 ], [ 56.402903699071544, 58.209865395468142, 0.0 ], [ 56.40301024891744, 58.209824890847678, 0.0 ] ] } },
{ "type": "Feature", "properties": { "fid": 4785, "handle": 3311830, "block": -1, "etype": 18, "space": 0, "layer": "0_Roads_Hatch", "olinetype": "bylayer", "linetype": "", "color": "0,0,0,255", "ocolor": 256, "color24": -1, "transparency": 0, "lweight": -1, "linewidth": 0.0, "ltscale": 1.0, "visible": 1, "width": 4.5, "thickness": 0.0, "ext": "(3:0,0,0.1)" }, "geometry": { "type": "LineString", "coordinates": [ [ 56.391894742758176, 58.217613157682493, 0.0 ], [ 56.391892253535218, 58.217606566232739, 0.0 ], [ 56.39188998166253, 58.217599952961805, 0.0 ], [ 56.391887927825522, 58.21759331986523, 0.0 ], [ 56.39188609264378, 58.217586668944428, 0.0 ], [ 56.391884476670938, 58.217580002206262, 0.0 ], [ 56.391883080394422, 58.217573321662258, 0.0 ], [ 56.391881904235483, 58.217566629328246, 0.0 ], [ 56.391880948548831, 58.21755992722354, 0.0 ], [ 56.391880213622748, 58.217553217370387, 0.0 ], [ 56.391879699678825, 58.217546501793336, 0.0 ], [ 56.391879406872036, 58.217539782518784, 0.0 ], [ 56.391879335290596, 58.217533061574187, 0.0 ], [ 56.391879484955979, 58.217526340987455, 0.0 ], [ 56.391879855822907, 58.217519622786398, 0.0 ], [ 56.391880447779343, 58.217512908998188, 0.0 ], [ 56.391881260646556, 58.217506201648568, 0.0 ], [ 56.391882294179155, 58.21749950276137, 0.0 ], [ 56.391883548065131, 58.217492814357932, 0.0 ], [ 56.391885021926072, 58.217486138456323, 0.0 ], [ 56.391886715317099, 58.217479477070874, 0.0 ], [ 56.391888627727155, 58.217472832211591, 0.0 ], [ 56.391890758579052, 58.217466205883483, 0.0 ], [ 56.391893107229755, 58.21745960008586, 0.0 ], [ 56.39189567297047, 58.217453016811966, 0.0 ], [ 56.391898455026876, 58.217446458048165, 0.0 ], [ 56.391901452559459, 58.217439925773419, 0.0 ], [ 56.39190466466362, 58.217433421958802, 0.0 ], [ 56.391908090370045, 58.217426948566697, 0.0 ], [ 56.391911728644992, 58.217420507550329, 0.0 ], [ 56.391915578390538, 58.217414100853155, 0.0 ], [ 56.391919638444989, 58.217407730408269, 0.0 ], [ 56.39192390758317, 58.217401398137902, 0.0 ], [ 56.391928384516838, 58.217395105952619, 0.0 ], [ 56.391933067895089, 58.21738885575104, 0.0 ], [ 56.391937956304652, 58.217382649419022, 0.0 ], [ 56.391943048270434, 58.217376488829181, 0.0 ], [ 56.391948342255944, 58.21737037584041, 0.0 ], [ 56.391953836663703, 58.217364312297136, 0.0 ], [ 56.391959529835781, 58.217358300028955, 0.0 ], [ 56.391965420054269, 58.217352340849921, 0.0 ], [ 56.391971505541818, 58.217346436558159, 0.0 ], [ 56.391977784462171, 58.217340588935116, 0.0 ], [ 56.391984254920658, 58.217334799745203, 0.0 ], [ 56.391990914964872, 58.217329070735218, 0.0 ], [ 56.391997762585184, 58.217323403633756, 0.0 ], [ 56.392004795715387, 58.217317800150759, 0.0 ], [ 56.392012012233266, 58.217312261976957, 0.0 ], [ 56.392019409961321, 58.217306790783411, 0.0 ], [ 56.392026986667332, 58.217301388220918, 0.0 ], [ 56.392034740065142, 58.217296055919554, 0.0 ], [ 56.392042667815211, 58.217290795488253, 0.0 ], [ 56.392050767525454, 58.217285608514288, 0.0 ], [ 56.392059036751853, 58.217280496562651, 0.0 ], [ 56.392067472999315, 58.217275461175831, 0.0 ], [ 56.392076073722272, 58.217270503873067, 0.0 ], [ 56.392084836325608, 58.217265626150166, 0.0 ], [ 56.392093758165288, 58.217260829478903, 0.0 ], [ 56.392102836549306, 58.217256115306512, 0.0 ], [ 56.392112068738406, 58.217251485055428, 0.0 ], [ 56.392121451946899, 58.217246940122706, 0.0 ], [ 56.392130983343549, 58.217242481879708, 0.0 ], [ 56.392140660052441, 58.217238111671591, 0.0 ], [ 56.392150479153777, 58.217233830816944, 0.0 ], [ 56.392160437684808, 58.217229640607464, 0.0 ], [ 56.392170532640726, 58.217225542307418, 0.0 ], [ 56.39218076097557, 58.217221537153407, 0.0 ], [ 56.392191119603119, 58.21721762635385, 0.0 ], [ 56.392201605397865, 58.217213811088797, 0.0 ], [ 56.392212215195883, 58.217210092509347, 0.0 ], [ 56.392222945795915, 58.217206471737583, 0.0 ], [ 56.392233793960195, 58.2172029498659, 0.0 ], [ 56.392244756415522, 58.217199527956971, 0.0 ], [ 56.392255829854193, 58.21719620704333, 0.0 ], [ 56.392267010935022, 58.217192988126953, 0.0 ], [ 56.392278296284353, 58.217189872179027, 0.0 ], [ 56.392289682497079, 58.217186860139776, 0.0 ], [ 56.392301166137649, 58.217183952917956, 0.0 ], [ 56.392312743741115, 58.217181151390818, 0.0 ], [ 56.392324411814208, 58.217178456403609, 0.0 ], [ 56.392336166836344, 58.21717586876948, 0.0 ], [ 56.392348005260693, 58.217173389269213, 0.0 ], [ 56.392359923515286, 58.217171018650916, 0.0 ], [ 56.392371918004066, 58.217168757629871, 0.0 ], [ 56.392383985107976, 58.217166606888284, 0.0 ], [ 56.392396121186039, 58.217164567075123, 0.0 ], [ 56.392408322576472, 58.217162638805796, 0.0 ], [ 56.392420585597812, 58.21716082266213, 0.0 ], [ 56.392432906549956, 58.217159119192146, 0.0 ], [ 56.392445281715368, 58.217157528909731, 0.0 ], [ 56.39245770736013, 58.217156052294825, 0.0 ], [ 56.392470179735099, 58.217154689792885, 0.0 ], [ 56.392482695077057, 58.217153441815015, 0.0 ], [ 56.392495249609766, 58.21715230873783, 0.0 ], [ 56.392507839545239, 58.217151290903132, 0.0 ], [ 56.39252046108475, 58.21715038861808, 0.0 ], [ 56.392533110420061, 58.217149602154855, 0.0 ], [ 56.392545783734555, 58.217148931750785, 0.0 ], [ 56.392558477204361, 58.217148377608211, 0.0 ], [ 56.392571186999533, 58.217147939894218, 0.0 ], [ 56.392583909285214, 58.217147618740952, 0.0 ], [ 56.392596640222784, 58.217147414245296, 0.0 ], [ 56.392609375970956, 58.217147326468933, 0.0 ], [ 56.39276676535124, 58.217000215267724, 0.0 ], [ 56.392928633602352, 58.216854463830003, 0.0 ], [ 56.393094938498074, 58.216710110128425, 0.0 ], [ 56.393265636657894, 58.216567191771055, 0.0 ] ] } },
{ "type": "Feature", "properties": { "fid": 4786, "handle": 3316864, "block": -1, "etype": 18, "space": 0, "layer": "0_Roads_Hatch", "olinetype": "bylayer", "linetype": "", "color": "0,0,0,255", "ocolor": 256, "color24": -1, "transparency": 0, "lweight": -1, "linewidth": 0.0, "ltscale": 1.0, "visible": 1, "width": 6.0, "thickness": 0.0, "ext": "(3:0,0,0.1)" }, "geometry": { "type": "LineString", "coordinates": [ [ 56.394852802633011, 58.215145096093828, 0.0 ], [ 56.394886686437097, 58.215144943288067, 0.0 ], [ 56.394920560296875, 58.215144483953708, 0.0 ], [ 56.394954414255295, 58.215143718225782, 0.0 ], [ 56.394988238361172, 58.215142646329355, 0.0 ], [ 56.395022022672123, 58.215141268579515, 0.0 ], [ 56.395055757257417, 58.215139585381252, 0.0 ], [ 56.395089432200997, 58.215137597229301, 0.0 ], [ 56.395123037604293, 58.215135304708085, 0.0 ], [ 56.39515656358919, 58.215132708491495, 0.0 ], [ 56.395190000300971, 58.215129809342613, 0.0 ], [ 56.395223337911112, 58.215126608113707, 0.0 ], [ 56.39525656662024, 58.215123105745718, 0.0 ], [ 56.395289676661022, 58.215119303268118, 0.0 ], [ 56.395322658300998, 58.215115201798675, 0.0 ], [ 56.395355501845465, 58.215110802542959, 0.0 ], [ 56.395388197640315, 58.215106106794096, 0.0 ], [ 56.395420736074882, 58.215101115932384, 0.0 ], [ 56.395453107584792, 58.215095831424883, 0.0 ], [ 56.395485302654727, 58.215090254824865, 0.0 ], [ 56.39551731182123, 58.21508438777159, 0.0 ], [ 56.395549125675551, 58.215078231989651, 0.0 ], [ 56.395580734866307, 58.21507178928843, 0.0 ], [ 56.395612130102329, 58.215065061561781, 0.0 ], [ 56.395643302155342, 58.215058050787192, 0.0 ], [ 56.395674241862693, 58.215050759025466, 0.0 ], [ 56.395704940130045, 58.215043188419997, 0.0 ], [ 56.395735387934032, 58.215035341196042, 0.0 ], [ 56.395765576324933, 58.215027219660271, 0.0 ], [ 56.395795496429308, 58.215018826199902, 0.0 ], [ 56.395825139452597, 58.21501016328218, 0.0 ], [ 56.395854496681672, 58.215001233453421, 0.0 ], [ 56.395883559487487, 58.214992039338497, 0.0 ], [ 56.3959123193275, 58.214982583639959, 0.0 ], [ 56.395940767748293, 58.214972869137206, 0.0 ], [ 56.395968896387956, 58.214962898685691, 0.0 ], [ 56.395996696978656, 58.214952675216132, 0.0 ], [ 56.396024161348947, 58.214942201733656, 0.0 ], [ 56.396051281426296, 58.214931481316789, 0.0 ], [ 56.396068279604336, 58.214921720276656, 0.0 ], [ 56.396084953577372, 58.214911804732175, 0.0 ], [ 56.396101298303655, 58.214901737681664, 0.0 ], [ 56.396117308841021, 58.214891522169324, 0.0 ], [ 56.396132980348284, 58.214881161284225, 0.0 ], [ 56.396148308086914, 58.214870658159406, 0.0 ], [ 56.396163287422247, 58.214860015970807, 0.0 ], [ 56.396177913825042, 58.214849237936562, 0.0 ], [ 56.39619218287276, 58.214838327315817, 0.0 ], [ 56.396206090250985, 58.214827287407793, 0.0 ], [ 56.396219631754576, 58.21481612155079, 0.0 ], [ 56.396232803289159, 58.214804833121271, 0.0 ], [ 56.396245600872177, 58.214793425532669, 0.0 ], [ 56.396258020634136, 58.214781902234527, 0.0 ], [ 56.39627005881988, 58.214770266711277, 0.0 ], [ 56.396281711789598, 58.214758522481375, 0.0 ], [ 56.396292976019978, 58.214746673096109, 0.0 ], [ 56.396303848105269, 58.214734722138537, 0.0 ], [ 56.396314324758329, 58.214722673222489, 0.0 ], [ 56.396324402811551, 58.214710529991336, 0.0 ], [ 56.396334079217922, 58.214698296116978, 0.0 ], [ 56.396343351051868, 58.214685975298806, 0.0 ], [ 56.396352215510127, 58.214673571262374, 0.0 ], [ 56.396360669912696, 58.2146610877585, 0.0 ], [ 56.396368711703509, 58.214648528562009, 0.0 ], [ 56.39637633845134, 58.214635897470536, 0.0 ], [ 56.396383547850391, 58.214623198303514, 0.0 ], [ 56.396390337721158, 58.214610434900933, 0.0 ], [ 56.39639670601094, 58.214597611122237, 0.0 ], [ 56.396402650794549, 58.214584730845132, 0.0 ], [ 56.396408170274839, 58.214571797964275, 0.0 ], [ 56.396413262783305, 58.214558816390436, 0.0 ], [ 56.396417926780522, 58.214545790048902, 0.0 ], [ 56.39642216085668, 58.21453272287863, 0.0 ], [ 56.396425963731929, 58.214519618830856, 0.0 ], [ 56.396429334256872, 58.214506481867936, 0.0 ], [ 56.396432271412792, 58.214493315962329, 0.0 ], [ 56.39643477431202, 58.214480125095001, 0.0 ], [ 56.396436842198241, 58.214466913254668, 0.0 ], [ 56.39643847444664, 58.214453684436236, 0.0 ], [ 56.396439670564163, 58.214440442639898, 0.0 ], [ 56.3964404301896, 58.214427191869575, 0.0 ], [ 56.396440753093756, 58.214413936132061, 0.0 ], [ 56.396440639179481, 58.214400679435585, 0.0 ], [ 56.396440088481704, 58.214387425788637, 0.0 ], [ 56.396439101167438, 58.214374179198821, 0.0 ], [ 56.396437677535701, 58.214360943671601, 0.0 ], [ 56.396435818017459, 58.214347723209009, 0.0 ], [ 56.39643352317546, 58.214334521808667, 0.0 ], [ 56.396430793704113, 58.214321343462302, 0.0 ], [ 56.39642763042918, 58.214308192154739, 0.0 ], [ 56.396424034307678, 58.214295071862573, 0.0 ], [ 56.396420006427441, 58.214281986553047, 0.0 ], [ 56.396415548006878, 58.214268940182777, 0.0 ], [ 56.396410660394551, 58.214255936696659, 0.0 ], [ 56.396405345068835, 58.21424298002664, 0.0 ], [ 56.396399603637384, 58.214230074090409, 0.0 ], [ 56.396393437836728, 58.214217222790374, 0.0 ], [ 56.396386849531659, 58.214204430012444, 0.0 ], [ 56.396379840714786, 58.214191699624706, 0.0 ], [ 56.396372413505809, 58.214179035476548, 0.0 ], [ 56.396364570150936, 58.21416644139719, 0.0 ], [ 56.396356313022224, 58.214153921194715, 0.0 ], [ 56.39634764461681, 58.214141478654909, 0.0 ], [ 56.396338567556178, 58.21412911753999, 0.0 ], [ 56.39632908458541, 58.214116841587547, 0.0 ], [ 56.39631919857225, 58.214104654509512, 0.0 ], [ 56.39630891250637, 58.214092559990853, 0.0 ], [ 56.396298229498335, 58.214080561688583, 0.0 ], [ 56.396287152778754, 58.214068663230606, 0.0 ], [ 56.396275685697276, 58.214056868214598, 0.0 ], [ 56.396263831721541, 58.214045180207066, 0.0 ], [ 56.396251594436215, 58.21403360274202, 0.0 ], [ 56.396238977541806, 58.214022139320157, 0.0 ], [ 56.396225984853622, 58.214010793407581, 0.0 ], [ 56.396212620300574, 58.213999568434957, 0.0 ], [ 56.39619888792398, 58.213988467796348, 0.0 ], [ 56.396184791876401, 58.21397749484818, 0.0 ], [ 56.396170336420361, 58.213966652908312, 0.0 ], [ 56.396155525926993, 58.213955945254966, 0.0 ], [ 56.396140364874775, 58.213945375125782, 0.0 ], [ 56.396124857848221, 58.213934945716794, 0.0 ], [ 56.396109009536389, 58.213924660181462, 0.0 ], [ 56.396092824731539, 58.213914521629746, 0.0 ], [ 56.396076308327679, 58.21390453312727, 0.0 ], [ 56.396059465319041, 58.213894697694116, 0.0 ], [ 56.396042300798598, 58.213885018304182, 0.0 ], [ 56.396024819956523, 58.213875497884167, 0.0 ], [ 56.396007028078678, 58.213866139312749, 0.0 ], [ 56.395988930544846, 58.213856945419508, 0.0 ], [ 56.395970532827327, 58.213847918984406, 0.0 ], [ 56.395951840489126, 58.213839062736668, 0.0 ], [ 56.395932859182274, 58.213830379354114, 0.0 ], [ 56.39591359464626, 58.213821871462265, 0.0 ], [ 56.395894052706105, 58.213813541633542, 0.0 ], [ 56.395874239270739, 58.213805392386618, 0.0 ], [ 56.395854160331183, 58.213797426185508, 0.0 ], [ 56.395833821958689, 58.213789645438816, 0.0 ], [ 56.395813230302956, 58.213782052499212, 0.0 ], [ 56.395792391590255, 58.213774649662483, 0.0 ], [ 56.395771312121539, 58.213767439166944, 0.0 ], [ 56.395749998270546, 58.213760423192738, 0.0 ], [ 56.395728456481869, 58.213753603861264, 0.0 ], [ 56.395706693269034, 58.213746983234408, 0.0 ], [ 56.395684715212454, 58.213740563313941, 0.0 ], [ 56.39566252895753, 58.213734346041051, 0.0 ], [ 56.39564014121261, 58.213728333295528, 0.0 ], [ 56.395617558746928, 58.213722526895396, 0.0 ], [ 56.395594788388586, 58.213716928596355, 0.0 ], [ 56.395571837022509, 58.213711540090976, 0.0 ], [ 56.395548711588297, 58.213706363008576, 0.0 ], [ 56.39552541907824, 58.213701398914537, 0.0 ], [ 56.395501966535093, 58.213696649309746, 0.0 ], [ 56.39547836104996, 58.213692115630273, 0.0 ], [ 56.395454609760257, 58.213687799246955, 0.0 ], [ 56.395430719847404, 58.213683701464838, 0.0 ], [ 56.395406698534742, 58.213679823522995, 0.0 ], [ 56.395382553085419, 58.213676166593864, 0.0 ], [ 56.395348954507618, 58.213673365142917, 0.0 ], [ 56.395315269714963, 58.213670868643895, 0.0 ], [ 56.395281508644558, 58.21366867783329, 0.0 ], [ 56.395247681256052, 58.213666793357405, 0.0 ], [ 56.395213797528584, 58.213665215772153, 0.0 ], [ 56.395179867457962, 58.213663945542962, 0.0 ], [ 56.395145901053652, 58.213662983044458, 0.0 ], [ 56.395111908335828, 58.21366232856068, 0.0 ], [ 56.395077899332406, 58.213661982284677, 0.0 ], [ 56.395043884076138, 58.213661944318595, 0.0 ], [ 56.395009872601612, 58.213662214673604, 0.0 ], [ 56.394975874942283, 58.213662793269989, 0.0 ], [ 56.394941901127559, 58.213663679937028, 0.0 ], [ 56.394907961179776, 58.213664874413183, 0.0 ], [ 56.394874065111331, 58.213666376346062, 0.0 ], [ 56.394840222921616, 58.213668185292619, 0.0 ], [ 56.394806444594224, 58.21367030071913, 0.0 ], [ 56.394772740093842, 58.213672722001604, 0.0 ], [ 56.394739119363372, 58.213675448425803, 0.0 ], [ 56.39470559232106, 58.213678479187308, 0.0 ], [ 56.394672168857532, 58.213681813392107, 0.0 ], [ 56.394638858832785, 58.213685450056623, 0.0 ], [ 56.394605672073446, 58.213689388107923, 0.0 ], [ 56.394572618369729, 58.213693626384369, 0.0 ], [ 56.394539707472646, 58.21369816363562, 0.0 ], [ 56.394506949091067, 58.213702998523182, 0.0 ], [ 56.394474352888885, 58.213708129620706, 0.0 ], [ 56.394441928482181, 58.213713555414571, 0.0 ], [ 56.394409685436337, 58.21371927430409, 0.0 ], [ 56.394377633263247, 58.213725284602191, 0.0 ], [ 56.394355128750199, 58.213730215213374, 0.0 ], [ 56.394332790648264, 58.213735352261928, 0.0 ], [ 56.394310625756184, 58.213740694184324, 0.0 ], [ 56.394288640820008, 58.213746239354826, 0.0 ], [ 56.394266842531046, 58.213751986085626, 0.0 ], [ 56.394245237523734, 58.213757932627765, 0.0 ], [ 56.394223832373783, 58.213764077171369, 0.0 ], [ 56.394202633596016, 58.213770417846291, 0.0 ], [ 56.394181647642505, 58.213776952722753, 0.0 ], [ 56.394160880900507, 58.213783679811833, 0.0 ], [ 56.394140339690644, 58.21379059706608, 0.0 ], [ 56.394120030264837, 58.213797702380226, 0.0 ], [ 56.394099958804517, 58.213804993591729, 0.0 ], [ 56.394080131418669, 58.213812468481429, 0.0 ], [ 56.39406055414203, 58.213820124774351, 0.0 ], [ 56.394041232933212, 58.21382796014025, 0.0 ], [ 56.394022173672894, 58.213835972194353, 0.0 ], [ 56.394003382162097, 58.213844158498176, 0.0 ], [ 56.393984864120277, 58.213852516560181, 0.0 ], [ 56.393966625183729, 58.213861043836481, 0.0 ], [ 56.393948670903804, 58.213869737731819, 0.0 ], [ 56.393931006745198, 58.213878595600093, 0.0 ], [ 56.393913638084371, 58.213887614745339, 0.0 ], [ 56.393896570207794, 58.213896792422545, 0.0 ], [ 56.39387980831048, 58.213906125838385, 0.0 ], [ 56.39386335749424, 58.213915612152199, 0.0 ], [ 56.393847222766297, 58.213925248476727, 0.0 ], [ 56.393831409037617, 58.213935031879089, 0.0 ], [ 56.393815921121515, 58.2139449593816, 0.0 ], [ 56.393800763732187, 58.213955027962754, 0.0 ], [ 56.393785941483159, 58.213965234558081, 0.0 ], [ 56.393771458886029, 58.213975576061095, 0.0 ], [ 56.393757320349003, 58.213986049324298, 0.0 ], [ 56.393743530175584, 58.213996651160016, 0.0 ], [ 56.393730092563288, 58.214007378341478, 0.0 ], [ 56.393717011602284, 58.214018227603781, 0.0 ], [ 56.39370429127424, 58.214029195644819, 0.0 ], [ 56.393691935451066, 58.214040279126316, 0.0 ], [ 56.39367994789373, 58.214051474674932, 0.0 ], [ 56.393668332251124, 58.214062778883161, 0.0 ], [ 56.393657092058994, 58.21407418831042, 0.0 ], [ 56.393646230738753, 58.214085699484123, 0.0 ], [ 56.393635751596562, 58.214097308900733, 0.0 ], [ 56.39362565782227, 58.214109013026729, 0.0 ], [ 56.393615952488389, 58.214120808299853, 0.0 ], [ 56.393606638549301, 58.214132691129997, 0.0 ], [ 56.393597718840191, 58.214144657900512, 0.0 ], [ 56.393589196076306, 58.214156704969092, 0.0 ], [ 56.393581072852072, 58.214168828669116, 0.0 ], [ 56.393573351640335, 58.214181025310523, 0.0 ], [ 56.39356603479154, 58.214193291181047, 0.0 ], [ 56.393559124533134, 58.214205622547468, 0.0 ], [ 56.393552622968755, 58.214218015656478, 0.0 ], [ 56.393546532077714, 58.214230466736055, 0.0 ], [ 56.393540853714278, 58.214242971996512, 0.0 ], [ 56.393535589607197, 58.214255527631664, 0.0 ], [ 56.393530741359136, 58.214268129820013, 0.0 ], [ 56.393526310446155, 58.214280774725864, 0.0 ], [ 56.393522298217363, 58.214293458500499, 0.0 ], [ 56.393518705894387, 58.214306177283426, 0.0 ], [ 56.393515534571058, 58.214318927203408, 0.0 ], [ 56.393512785213083, 58.214331704379816, 0.0 ], [ 56.393510458657737, 58.214344504923645, 0.0 ], [ 56.393508555613607, 58.214357324938817, 0.0 ], [ 56.393507076660391, 58.214370160523337, 0.0 ], [ 56.39350602224868, 58.214383007770422, 0.0 ], [ 56.393505392699872, 58.214395862769749, 0.0 ], [ 56.393505188206014, 58.214408721608656, 0.0 ], [ 56.393505408829874, 58.214421580373248, 0.0 ], [ 56.393506054504726, 58.214434435149769, 0.0 ], [ 56.393507125034475, 58.214447282025517, 0.0 ], [ 56.393508620093783, 58.214460117090319, 0.0 ], [ 56.393510539228053, 58.214472936437524, 0.0 ], [ 56.39351288185361, 58.214485736165265, 0.0 ], [ 56.393515647257857, 58.214498512377666, 0.0 ], [ 56.393518834599568, 58.214511261186011, 0.0 ], [ 56.39352244290901, 58.214523978709906, 0.0 ], [ 56.393526471088421, 58.214536661078434, 0.0 ], [ 56.393530917912123, 58.214549304431422, 0.0 ], [ 56.393535782027087, 58.214561904920615, 0.0 ], [ 56.393541061953236, 58.214574458710665, 0.0 ], [ 56.39354675608395, 58.214586961980579, 0.0 ], [ 56.393552862686477, 58.214599410924649, 0.0 ], [ 56.393559379902584, 58.214611801753712, 0.0 ], [ 56.393566305749005, 58.214624130696329, 0.0 ], [ 56.393573638118106, 58.214636393999825, 0.0 ], [ 56.393581374778485, 58.214648587931528, 0.0 ], [ 56.393589513375723, 58.214660708779981, 0.0 ], [ 56.393598051433003, 58.214672752855769, 0.0 ], [ 56.393606986351962, 58.214684716493018, 0.0 ], [ 56.393616315413404, 58.21469659605021, 0.0 ], [ 56.393626035778141, 58.214708387911529, 0.0 ], [ 56.393636144487921, 58.214720088487731, 0.0 ], [ 56.39364663846623, 58.214731694217456, 0.0 ], [ 56.393657514519305, 58.214743201568133, 0.0 ], [ 56.393668769337062, 58.214754607037214, 0.0 ], [ 56.393680399494158, 58.214765907153051, 0.0 ], [ 56.393692401450927, 58.214777098476134, 0.0 ], [ 56.393704771554582, 58.214788177600056, 0.0 ], [ 56.39371750604024, 58.214799141152561, 0.0 ], [ 56.393730601032118, 58.214809985796535, 0.0 ], [ 56.393744052544676, 58.214820708231088, 0.0 ], [ 56.39375785648383, 58.214831305192504, 0.0 ], [ 56.393772008648256, 58.214841773455277, 0.0 ], [ 56.393786504730571, 58.214852109833053, 0.0 ], [ 56.393801340318745, 58.214862311179601, 0.0 ], [ 56.393816510897359, 58.21487237438987, 0.0 ], [ 56.393832011849078, 58.214882296400745, 0.0 ], [ 56.393847838455912, 58.214892074192186, 0.0 ], [ 56.393863985900794, 58.214901704787884, 0.0 ], [ 56.393880449268963, 58.214911185256597, 0.0 ], [ 56.393897223549494, 58.214920512712546, 0.0 ], [ 56.393914303636826, 58.214929684316623, 0.0 ], [ 56.393931684332266, 58.214938697277141, 0.0 ], [ 56.393949360345644, 58.21494754885066, 0.0 ], [ 56.393967326296867, 58.214956236342971, 0.0 ], [ 56.39398557671759, 58.214964757109655, 0.0 ], [ 56.394004106052847, 58.214973108557203, 0.0 ], [ 56.394022908662798, 58.214981288143491, 0.0 ], [ 56.394041978824397, 58.21498929337875, 0.0 ], [ 56.394061310733115, 58.214997121826421, 0.0 ], [ 56.394080898504789, 58.215004771103516, 0.0 ], [ 56.394100736177315, 58.215012238881798, 0.0 ], [ 56.394120817712555, 58.215019522888078, 0.0 ], [ 56.394141136998101, 58.21502662090532, 0.0 ], [ 56.394161687849177, 58.215033530772871, 0.0 ], [ 56.394182464010527, 58.215040250387553, 0.0 ], [ 56.394203459158263, 58.215046777703911, 0.0 ], [ 56.394224666901877, 58.215053110735205, 0.0 ], [ 56.394246080786083, 58.215059247553711, 0.0 ], [ 56.394267694292907, 58.215065186291433, 0.0 ], [ 56.394289500843527, 58.215070925140701, 0.0 ], [ 56.394311493800402, 58.215076462354688, 0.0 ], [ 56.394333666469251, 58.215081796247944, 0.0 ], [ 56.394356012101042, 58.215086925196893, 0.0 ], [ 56.394378523894105, 58.215091847640338, 0.0 ], [ 56.394401194996178, 58.215096562079957, 0.0 ], [ 56.394424018506513, 58.21510106708071, 0.0 ], [ 56.394446987477941, 58.215105361271341, 0.0 ], [ 56.394470094919022, 58.215109443344708, 0.0 ], [ 56.394493333796177, 58.215113312058364, 0.0 ], [ 56.394516697035769, 58.215116966234632, 0.0 ], [ 56.394540177526359, 58.215120404761237, 0.0 ], [ 56.394563768120726, 58.215123626591584, 0.0 ], [ 56.394587461638224, 58.21512663074494, 0.0 ], [ 56.394611250866809, 58.215129416306802, 0.0 ], [ 56.394635128565312, 58.21513198242944, 0.0 ], [ 56.394659087465641, 58.215134328331608, 0.0 ], [ 56.394683120274991, 58.215136453299344, 0.0 ], [ 56.394707219678018, 58.215138356685713, 0.0 ], [ 56.394731378339131, 58.215140037911446, 0.0 ], [ 56.394755588904729, 58.215141496464767, 0.0 ], [ 56.394779844005328, 58.215142731901679, 0.0 ], [ 56.394804136257967, 58.21514374384617, 0.0 ], [ 56.394828458268314, 58.215144531990177, 0.0 ], [ 56.394852802633011, 58.215145096093828, 0.0 ] ] } },
{ "type": "Feature", "properties": { "fid": 4787, "handle": 3705640, "block": -1, "etype": 18, "space": 0, "layer": "0_Roads_Hatch", "olinetype": "bylayer", "linetype": "", "color": "0,0,0,255", "ocolor": 256, "color24": -1, "transparency": 0, "lweight": -1, "linewidth": 0.0, "ltscale": 1.0, "visible": 1, "width": 6.0, "thickness": 0.0, "ext": "(3:0,0,0.1)" }, "geometry": { "type": "LineString", "coordinates": [ [ 56.40278340646563, 58.213756784040605, 0.0 ], [ 56.402595735492021, 58.213786879412936, 0.0 ], [ 56.402407126096669, 58.213815294278277, 0.0 ], [ 56.402217632313999, 58.213842020495754, 0.0 ], [ 56.402027308432181, 58.213867050408325, 0.0 ], [ 56.401836208977514, 58.213890376844937, 0.0 ], [ 56.401644388698891, 58.213911993122537, 0.0 ], [ 56.401451902552026, 58.213931893048041, 0.0 ], [ 56.401258805683661, 58.213950070920099, 0.0 ], [ 56.401065153415821, 58.213966521530729, 0.0 ], [ 56.400871001229852, 58.21398124016676, 0.0 ], [ 56.400676404750584, 58.213994222611319, 0.0 ], [ 56.400375274281956, 58.214009832149124, 0.0 ] ] } },
{ "type": "Feature", "properties": { "fid": 4788, "handle": 3705644, "block": -1, "etype": 18, "space": 0, "layer": "0_Roads_Hatch", "olinetype": "bylayer", "linetype": "", "color": "0,0,0,255", "ocolor": 256, "color24": -1, "transparency": 0, "lweight": -1, "linewidth": 0.0, "ltscale": 1.0, "visible": 1, "width": 6.0, "thickness": 0.0, "ext": "(3:0,0,0.1)" }, "geometry": { "type": "LineString", "coordinates": [ [ 56.401809537977755, 58.212549963412705, 0.0 ], [ 56.401770950525496, 58.21256121529693, 0.0 ], [ 56.401732739659572, 58.212572819625223, 0.0 ], [ 56.40169491693652, 58.212584772888079, 0.0 ], [ 56.401657493795533, 58.212597071470483, 0.0 ], [ 56.401620481554922, 58.212609711652881, 0.0 ], [ 56.401583891408833, 58.212622689612523, 0.0 ], [ 56.401547734423801, 58.212636001424499, 0.0 ], [ 56.401512021535318, 58.212649643062782, 0.0 ], [ 56.40147676354465, 58.21266361040179, 0.0 ], [ 56.40144197111556, 58.212677899217276, 0.0 ], [ 56.401407654770992, 58.212692505187853, 0.0 ], [ 56.401373824889966, 58.212707423896077, 0.0 ], [ 56.401340491704417, 58.212722650830194, 0.0 ], [ 56.401307665296116, 58.212738181384886, 0.0 ], [ 56.401275355593562, 58.212754010863243, 0.0 ], [ 56.401243572369069, 58.212770134477864, 0.0 ], [ 56.40121232523574, 58.212786547352373, 0.0 ], [ 56.40118162364459, 58.212803244522931, 0.0 ], [ 56.401151476881701, 58.212820220939669, 0.0 ], [ 56.401121894065341, 58.212837471468291, 0.0 ], [ 56.40109288414331, 58.212854990891628, 0.0 ], [ 56.401064455890157, 58.212872773911101, 0.0 ], [ 56.401036617904573, 58.212890815148448, 0.0 ], [ 56.401009378606723, 58.212909109147304, 0.0 ], [ 56.400982746235812, 58.212927650374809, 0.0 ], [ 56.400956728847461, 58.212946433223394, 0.0 ], [ 56.400931334311345, 58.212965452012313, 0.0 ], [ 56.400906570308841, 58.21298470098958, 0.0 ], [ 56.400882444330634, 58.213004174333442, 0.0 ], [ 56.400858963674459, 58.213023866154359, 0.0 ], [ 56.400836135442944, 58.213043770496725, 0.0 ], [ 56.400813966541449, 58.21306388134056, 0.0 ], [ 56.400792463675891, 58.21308419260351, 0.0 ], [ 56.40077163335085, 58.213104698142544, 0.0 ], [ 56.400751481867509, 58.21312539175586, 0.0 ], [ 56.400732015321779, 58.213146267184804, 0.0 ], [ 56.400713239602403, 58.213167318115694, 0.0 ], [ 56.400695160389283, 58.213188538181726, 0.0 ], [ 56.400677783151657, 58.213209920964999, 0.0 ], [ 56.400661113146477, 58.213231459998354, 0.0 ], [ 56.400645155416846, 58.213253148767336, 0.0 ], [ 56.400629914790464, 58.213274980712228, 0.0 ], [ 56.400615395878134, 58.213296949229999, 0.0 ], [ 56.400601603072467, 58.213319047676258, 0.0 ], [ 56.40058854054643, 58.213341269367355, 0.0 ], [ 56.400576212252162, 58.213363607582323, 0.0 ], [ 56.400564621919749, 58.213386055564946, 0.0 ], [ 56.40055854690668, 58.21339277406399, 0.0 ], [ 56.40055225257202, 58.213399436095813, 0.0 ], [ 56.400545740799437, 58.213406039666616, 0.0 ], [ 56.400539013537717, 58.213412582800053, 0.0 ], [ 56.40053207280009, 58.213419063537799, 0.0 ], [ 56.400524920663713, 58.213425479940334, 0.0 ], [ 56.400517559269005, 58.213431830087252, 0.0 ], [ 56.400509990819032, 58.213438112078116, 0.0 ], [ 56.400502217578769, 58.213444324032771, 0.0 ], [ 56.400494241874569, 58.21345046409207, 0.0 ], [ 56.40048606609335, 58.213456530418362, 0.0 ], [ 56.400477692681882, 58.213462521196128, 0.0 ], [ 56.400469124146156, 58.213468434632368, 0.0 ], [ 56.400460363050492, 58.213474268957256, 0.0 ], [ 56.400451412016885, 58.213480022424704, 0.0 ], [ 56.400442273724167, 58.213485693312734, 0.0 ], [ 56.400432950907259, 58.213491279924135, 0.0 ], [ 56.400423446356221, 58.213496780586922, 0.0 ], [ 56.400413762915605, 58.21350219365479, 0.0 ], [ 56.400403903483443, 58.213507517507672, 0.0 ], [ 56.400393871010472, 58.213512750552226, 0.0 ], [ 56.400383668499209, 58.213517891222253, 0.0 ], [ 56.400373299003085, 58.213522937979214, 0.0 ], [ 56.400362765625481, 58.213527889312651, 0.0 ], [ 56.400352071518853, 58.213532743740757, 0.0 ], [ 56.400341219883735, 58.213537499810592, 0.0 ], [ 56.400330213967877, 58.213542156098725, 0.0 ], [ 56.400319057065147, 58.213546711211627, 0.0 ], [ 56.400307752514607, 58.213551163785958, 0.0 ], [ 56.400296303699548, 58.213555512489151, 0.0 ], [ 56.400284714046428, 58.213559756019649, 0.0 ], [ 56.400272987023818, 58.21356389310742, 0.0 ], [ 56.400261126141487, 58.213567922514301, 0.0 ], [ 56.400249134949178, 58.213571843034302, 0.0 ], [ 56.400237017035728, 58.21357565349409, 0.0 ], [ 56.400224776027841, 58.213579352753179, 0.0 ], [ 56.400212415589095, 58.213582939704466, 0.0 ], [ 56.400199939418798, 58.21358641327442, 0.0 ], [ 56.400187351250892, 58.213589772423425, 0.0 ], [ 56.400174654852897, 58.213593016146127, 0.0 ] ] } },
{ "type": "Feature", "properties": { "fid": 4790, "handle": 3705676, "block": -1, "etype": 18, "space": 0, "layer": "0_Roads_Hatch", "olinetype": "bylayer", "linetype": "", "color": "0,0,0,255", "ocolor": 256, "color24": -1, "transparency": 0, "lweight": -1, "linewidth": 0.0, "ltscale": 1.0, "visible": 1, "width": 6.0, "thickness": 0.0, "ext": "(3:0,0,0.1)" }, "geometry": { "type": "LineString", "coordinates": [ [ 56.404935747090548, 58.21694640791133, 0.0 ], [ 56.404825936748288, 58.216874019043935, 0.0 ], [ 56.404718511402876, 58.216800640538175, 0.0 ], [ 56.40461350306564, 58.216726294269954, 0.0 ], [ 56.404510943026757, 58.216651002403616, 0.0 ], [ 56.404410861845911, 58.216574787385248, 0.0 ], [ 56.40431328934325, 58.216497671936011, 0.0 ], [ 56.404218254590411, 58.216419679045416, 0.0 ], [ 56.404125785901947, 58.21634083196421, 0.0 ], [ 56.404035910826934, 58.216261154197873, 0.0 ], [ 56.403948656140606, 58.216180669499202, 0.0 ], [ 56.403864047836564, 58.216099401861477, 0.0 ], [ 56.403782111118957, 58.21601737551115, 0.0 ], [ 56.40370287039503, 58.215934614900718, 0.0 ], [ 56.40364073191494, 58.215857683755289, 0.0 ], [ 56.403581029816273, 58.215780217236549, 0.0 ], [ 56.403523780640263, 58.215702236828257, 0.0 ], [ 56.403469000247533, 58.215623764156618, 0.0 ], [ 56.40341670381374, 58.215544820984121, 0.0 ], [ 56.403366905825372, 58.215465429203675, 0.0 ], [ 56.403319620075784, 58.215385610832357, 0.0 ], [ 56.40327485966133, 58.215305388005483, 0.0 ], [ 56.403232636977805, 58.215224782970367, 0.0 ], [ 56.403192963716975, 58.215143818080136, 0.0 ], [ 56.403155850863413, 58.215062515787594, 0.0 ], [ 56.403121308691382, 58.21498089863892, 0.0 ], [ 56.403089346762108, 58.214898989267496, 0.0 ], [ 56.403059973921103, 58.214816810387539, 0.0 ], [ 56.403033198295667, 58.214734384787882, 0.0 ], [ 56.403009027292789, 58.214651735325617, 0.0 ], [ 56.402987467596972, 58.214568884919714, 0.0 ], [ 56.402968525168511, 58.214485856544769, 0.0 ], [ 56.402952205241775, 58.214402673224519, 0.0 ], [ 56.402938512323843, 58.214319358025506, 0.0 ], [ 56.402927450193239, 58.214235934050713, 0.0 ], [ 56.402920062523187, 58.214185880955135, 0.0 ], [ 56.4029110237841, 58.214135903368707, 0.0 ], [ 56.402900336725864, 58.214086016458204, 0.0 ], [ 56.402888004598665, 58.214036235362762, 0.0 ], [ 56.402874031151789, 58.213986575189423, 0.0 ], [ 56.40285842063259, 58.213937051008372, 0.0 ], [ 56.402841177785163, 58.213887677848582, 0.0 ], [ 56.402822307848879, 58.213838470693048, 0.0 ], [ 56.402801816556831, 58.213789444474322, 0.0 ], [ 56.402779710134034, 58.213740614070034, 0.0 ], [ 56.40275599529555, 58.213691994298294, 0.0 ], [ 56.40273067924447, 58.213643599913283, 0.0 ], [ 56.402692032430863, 58.213588622032042, 0.0 ], [ 56.402651704883482, 58.213533981403266, 0.0 ], [ 56.402609707171329, 58.213479692336662, 0.0 ], [ 56.402566050300699, 58.213425769049785, 0.0 ], [ 56.402520745712181, 58.213372225664379, 0.0 ], [ 56.402473805277744, 58.213319076202616, 0.0 ], [ 56.402425241297593, 58.213266334583459, 0.0 ], [ 56.402375066496965, 58.213214014618963, 0.0 ], [ 56.40232329402275, 58.213162130010772, 0.0 ], [ 56.402269937440032, 58.213110694346319, 0.0 ], [ 56.402221150259614, 58.21306409199908, 0.0 ], [ 56.402173880250508, 58.213017056195248, 0.0 ], [ 56.402128141229902, 58.212969600689696, 0.0 ], [ 56.402083946567124, 58.212921739359757, 0.0 ], [ 56.402041309179722, 58.212873486201552, 0.0 ], [ 56.402000241529727, 58.212824855325607, 0.0 ], [ 56.40196075561996, 58.212775860952917, 0.0 ], [ 56.401922862990538, 58.212726517410708, 0.0 ], [ 56.401886574715569, 58.212676839128214, 0.0 ], [ 56.401851901399823, 58.212626840632545, 0.0 ], [ 56.401818853175747, 58.212576536544312, 0.0 ], [ 56.401787439700392, 58.212525941573524, 0.0 ], [ 56.401757670152669, 58.212475070515119, 0.0 ], [ 56.401729553230702, 58.212423938244719, 0.0 ], [ 56.401703097149188, 58.212372559714304, 0.0 ], [ 56.40167830963712, 58.21232094994771, 0.0 ], [ 56.401655197935412, 58.212269124036396, 0.0 ], [ 56.401633768794909, 58.212217097134982, 0.0 ], [ 56.401614028474363, 58.212164884456776, 0.0 ], [ 56.40159598273862, 58.212112501269218, 0.0 ], [ 56.401579636856901, 58.212059962889754, 0.0 ], [ 56.4015504914152, 58.211968171328976, 0.0 ], [ 56.401524327210204, 58.211876129938332, 0.0 ], [ 56.401501151884425, 58.211783865684218, 0.0 ], [ 56.401480972204418, 58.211691405598224, 0.0 ], [ 56.401463794059048, 58.211598776769044, 0.0 ], [ 56.401449622457577, 58.211506006334602, 0.0 ], [ 56.401438461528393, 58.211413121474116, 0.0 ], [ 56.401430314517711, 58.211320149400088, 0.0 ], [ 56.401425183788724, 58.211227117350354, 0.0 ], [ 56.401423070820861, 58.211134052580199, 0.0 ], [ 56.401423976209486, 58.21104098235417, 0.0 ], [ 56.401427899665684, 58.210947933938215, 0.0 ], [ 56.401434840016329, 58.210854934591758, 0.0 ], [ 56.401444795204569, 58.210762011559552, 0.0 ], [ 56.401457762290399, 58.21066919206379, 0.0 ], [ 56.401473737451504, 58.210576503296195, 0.0 ] ] } },
{ "type": "Feature", "properties": { "fid": 4791, "handle": 3705735, "block": -1, "etype": 18, "space": 0, "layer": "0_Roads_Hatch", "olinetype": "bylayer", "linetype": "", "color": "0,0,0,255", "ocolor": 256, "color24": -1, "transparency": 0, "lweight": -1, "linewidth": 0.0, "ltscale": 1.0, "visible": 1, "width": 6.0, "thickness": 0.0, "ext": "(3:0,0,0.1)" }, "geometry": { "type": "LineString", "coordinates": [ [ 56.395958339642632, 58.214966683975241, 0.0 ], [ 56.39608217701214, 58.214944725595601, 0.0 ], [ 56.396206713171431, 58.214923896990854, 0.0 ], [ 56.396331911115716, 58.214904204349871, 0.0 ], [ 56.3964577336437, 58.214885653523922, 0.0 ], [ 56.396584143368749, 58.214868250025049, 0.0 ], [ 56.396711102729903, 58.214851999024411, 0.0 ], [ 56.396838574003027, 58.21483690535063, 0.0 ], [ 56.396966519312052, 58.214822973488531, 0.0 ], [ 56.397094900640198, 58.214810207577649, 0.0 ], [ 56.397223679841247, 58.21479861141114, 0.0 ], [ 56.397352818650894, 58.214788188434554, 0.0 ], [ 56.397482278698092, 58.214778941744854, 0.0 ], [ 56.397612021516416, 58.214770874089538, 0.0 ], [ 56.397742008555532, 58.214763987865673, 0.0 ], [ 56.397872201192605, 58.214758285119416, 0.0 ], [ 56.398002560743763, 58.214753767545204, 0.0 ], [ 56.398133048475607, 58.214750436485325, 0.0 ], [ 56.398263625616678, 58.214748292929535, 0.0 ], [ 56.39839425336897, 58.214747337514744, 0.0 ], [ 56.398524892919482, 58.214747570524857, 0.0 ], [ 56.398655505451678, 58.21474899189063, 0.0 ], [ 56.398786052157064, 58.214751601189754, 0.0 ], [ 56.398916494246677, 58.214755397646954, 0.0 ], [ 56.399046792962594, 58.214760380134145, 0.0 ], [ 56.399176909589478, 58.21476654717096, 0.0 ], [ 56.399306805466011, 58.214773896924953, 0.0 ], [ 56.399436441996414, 58.214782427212377, 0.0 ], [ 56.399565780661902, 58.214792135498627, 0.0 ], [ 56.399694783032068, 58.214803018899076, 0.0 ], [ 56.399823410776357, 58.21481507417996, 0.0 ], [ 56.399951625675406, 58.214828297759304, 0.0 ], [ 56.400079389632396, 58.214842685708049, 0.0 ], [ 56.400206664684397, 58.214858233751087, 0.0 ] ] } },
{ "type": "Feature", "properties": { "fid": 4792, "handle": 3705738, "block": -1, "etype": 18, "space": 0, "layer": "0_Roads_Hatch", "olinetype": "bylayer", "linetype": "", "color": "0,0,0,255", "ocolor": 256, "color24": -1, "transparency": 0, "lweight": -1, "linewidth": 0.0, "ltscale": 1.0, "visible": 1, "width": 6.0, "thickness": 0.0, "ext": "(3:0,0,0.1)" }, "geometry": { "type": "LineString", "coordinates": [ [ 56.395147089213111, 58.215133473604588, 0.0 ], [ 56.395169589420078, 58.215193180350575, 0.0 ], [ 56.395194041982599, 58.215252672936742, 0.0 ], [ 56.395220439603875, 58.215311933586349, 0.0 ], [ 56.395248774405822, 58.215370944591818, 0.0 ], [ 56.395279037931324, 58.215429688320192, 0.0 ], [ 56.395311221146912, 58.215488147218196, 0.0 ], [ 56.395345314445279, 58.215546303817639, 0.0 ], [ 56.395381307648201, 58.215604140740552, 0.0 ], [ 56.39541919000964, 58.215661640704369, 0.0 ], [ 56.395458950218845, 58.215718786527198, 0.0 ], [ 56.395500576403805, 58.215775561132837, 0.0 ], [ 56.395544056134717, 58.215831947555948, 0.0 ], [ 56.395589376427679, 58.215887928947161, 0.0 ], [ 56.395636523748713, 58.215943488577985, 0.0 ], [ 56.395685484017569, 58.215998609845848, 0.0 ], [ 56.395736242612116, 58.216053276279212, 0.0 ], [ 56.395788784372613, 58.216107471542287, 0.0 ], [ 56.395843093606246, 58.21616117944005, 0.0 ], [ 56.395899154091779, 58.216214383923045, 0.0 ], [ 56.395956949084514, 58.216267069092162, 0.0 ], [ 56.396016461321096, 58.216319219203399, 0.0 ], [ 56.396077673024855, 58.216370818672601, 0.0 ], [ 56.396140565910954, 58.216421852080067, 0.0 ], [ 56.396205121191976, 58.21647230417522, 0.0 ], [ 56.396271319583462, 58.21652215988113, 0.0 ], [ 56.396339141309674, 58.216571404299039, 0.0 ], [ 56.396408566109493, 58.21662002271276, 0.0 ], [ 56.396479573242516, 58.21666800059311, 0.0 ], [ 56.396552141495192, 58.216715323602358, 0.0 ], [ 56.396626249187172, 58.216761977598374, 0.0 ], [ 56.39670187417785, 58.216807948638831, 0.0 ], [ 56.396778993872864, 58.216853222985513, 0.0 ], [ 56.396857585230933, 58.216897787108394, 0.0 ], [ 56.396937624770672, 58.216941627689557, 0.0 ], [ 56.397019088577707, 58.216984731627321, 0.0 ] ] } },
{ "type": "Feature", "properties": { "fid": 4793, "handle": 3706080, "block": -1, "etype": 18, "space": 0, "layer": "0_Roads_Hatch", "olinetype": "bylayer", "linetype": "", "color": "0,0,0,255", "ocolor": 256, "color24": -1, "transparency": 0, "lweight": -1, "linewidth": 0.0, "ltscale": 1.0, "visible": 1, "width": 6.0, "thickness": 0.0, "ext": "(3:0,0,0.1)" }, "geometry": { "type": "LineString", "coordinates": [ [ 56.395144304915142, 58.213664605540323, 0.0 ], [ 56.395288530181546, 58.213670825439458, 0.0 ], [ 56.395432938207854, 58.213675724168809, 0.0 ], [ 56.395577485537096, 58.213679300254192, 0.0 ], [ 56.395722128670343, 58.213681552619434, 0.0 ], [ 56.395866824079825, 58.213682480586733, 0.0 ], [ 56.396011528221976, 58.213682083876819, 0.0 ], [ 56.396156197550667, 58.213680362609047, 0.0 ], [ 56.396300788530183, 58.213677317301439, 0.0 ], [ 56.39644525764848, 58.213672948870368, 0.0 ], [ 56.396589561430169, 58.213667258630458, 0.0 ], [ 56.396733656449719, 58.213660248294069, 0.0 ], [ 56.396877499344448, 58.21365191997085, 0.0 ], [ 56.397021046827653, 58.213642276166979, 0.0 ], [ 56.397164255701618, 58.213631319784611, 0.0 ], [ 56.397307082870668, 58.213619054120855, 0.0 ], [ 56.397449485354095, 58.213605482866811, 0.0 ], [ 56.397591420299094, 58.213590610106444, 0.0 ], [ 56.397732844993804, 58.213574440315419, 0.0 ], [ 56.397873716879985, 58.213556978359705, 0.0 ], [ 56.398013993565989, 58.21353822949407, 0.0 ], [ 56.398153632839467, 58.213518199360628, 0.0 ], [ 56.398292592680079, 58.213496893986928, 0.0 ], [ 56.398430831272151, 58.213474319784403, 0.0 ], [ 56.398568307017342, 58.213450483546175, 0.0 ], [ 56.398704978547073, 58.213425392445231, 0.0 ], [ 56.398840804734995, 58.213399054032074, 0.0 ], [ 56.398975744709482, 58.213371476232645, 0.0 ], [ 56.399109757865823, 58.213342667345714, 0.0 ], [ 56.399242803878529, 58.213312636040605, 0.0 ], [ 56.399374842713407, 58.213281391354357, 0.0 ], [ 56.39950583463969, 58.213248942689205, 0.0 ], [ 56.399635740241941, 58.21321529980969, 0.0 ], [ 56.399764520431987, 58.213180472839525, 0.0 ] ] } },
{ "type": "Feature", "properties": { "fid": 4794, "handle": 3706082, "block": -1, "etype": 18, "space": 0, "layer": "0_Roads_Hatch", "olinetype": "bylayer", "linetype": "", "color": "0,0,0,255", "ocolor": 256, "color24": -1, "transparency": 0, "lweight": -1, "linewidth": 0.0, "ltscale": 1.0, "visible": 1, "width": 6.0, "thickness": 0.0, "ext": "(3:0,0,0.1)" }, "geometry": { "type": "LineString", "coordinates": [ [ 56.39467773607079, 58.213681236222435, 0.0 ], [ 56.394668506793806, 58.213620654840071, 0.0 ], [ 56.394661271568232, 58.213559998038178, 0.0 ], [ 56.394656032564136, 58.213499284094993, 0.0 ], [ 56.394652791350005, 58.213438531305918, 0.0 ], [ 56.394651548892256, 58.213377757977923, 0.0 ], [ 56.394652305555077, 58.213316982424054, 0.0 ], [ 56.394655061100202, 58.213256222958009, 0.0 ], [ 56.394659814687067, 58.213195497888435, 0.0 ], [ 56.394666564873035, 58.21313482551362, 0.0 ], [ 56.394675309613902, 58.213074224115886, 0.0 ], [ 56.394686046264432, 58.213013711955966, 0.0 ], [ 56.394698771579279, 58.212953307267753, 0.0 ], [ 56.394713481713872, 58.212893028252481, 0.0 ], [ 56.394730172225664, 58.212832893073646, 0.0 ], [ 56.394748838075422, 58.212772919851119, 0.0 ], [ 56.394769473628813, 58.212713126656041, 0.0 ], [ 56.394792072658078, 58.212653531505062, 0.0 ], [ 56.394816628343918, 58.212594152355166, 0.0 ], [ 56.394843133277583, 58.212535007098147, 0.0 ], [ 56.394871579463107, 58.212476113555219, 0.0 ], [ 56.394901958319721, 58.212417489471648, 0.0 ], [ 56.394934260684451, 58.212359152511496, 0.0 ], [ 56.394968476814881, 58.212301120252135, 0.0 ], [ 56.395004596392155, 58.212243410179106, 0.0 ], [ 56.395042608524001, 58.212186039680709, 0.0 ], [ 56.395082501748099, 58.21212902604298, 0.0 ], [ 56.395124264035516, 58.212072386444255, 0.0 ], [ 56.395167882794354, 58.212016137950059, 0.0 ], [ 56.395213344873511, 58.211960297508085, 0.0 ], [ 56.395260636566725, 58.211904881942928, 0.0 ], [ 56.395309743616664, 58.211849907951155, 0.0 ], [ 56.395360651219228, 58.211795392096178, 0.0 ], [ 56.395413344028022, 58.211741350803251, 0.0 ], [ 56.395467806159019, 58.211687800354689, 0.0 ], [ 56.395524021195307, 58.21163475688472, 0.0 ], [ 56.395581972192097, 58.211582236374845, 0.0 ], [ 56.395641641681763, 58.211530254648885, 0.0 ], [ 56.39570301167916, 58.211478827368261, 0.0 ] ] } },
{ "type": "Feature", "properties": { "fid": 4795, "handle": 3706096, "block": -1, "etype": 18, "space": 0, "layer": "0_Roads_Hatch", "olinetype": "bylayer", "linetype": "", "color": "0,0,0,255", "ocolor": 256, "color24": -1, "transparency": 33554559, "lweight": -1, "linewidth": 0.0, "ltscale": 1.0, "visible": 1, "width": 3.0, "thickness": 0.0, "ext": "(3:0,0,0.1)" }, "geometry": { "type": "LineString", "coordinates": [ [ 56.398115930642348, 58.213522338741122, 0.0 ], [ 56.398151112679173, 58.213575878394607, 0.0 ], [ 56.398184524183392, 58.213629733009441, 0.0 ], [ 56.398216155030703, 58.213683886279576, 0.0 ], [ 56.398245995635705, 58.213738321808471, 0.0 ], [ 56.398274036954987, 58.213793023114, 0.0 ], [ 56.398300270489791, 58.213847973633612, 0.0 ], [ 56.398324688288604, 58.213903156729053, 0.0 ], [ 56.398347282949615, 58.21395855569169, 0.0 ], [ 56.398368047622888, 58.214014153747463, 0.0 ], [ 56.398386976012546, 58.21406993406184, 0.0 ], [ 56.398404062378596, 58.214125879745097, 0.0 ], [ 56.398419301538709, 58.214181973857379, 0.0 ], [ 56.398432688869853, 58.214238199413764, 0.0 ], [ 56.398444220309614, 58.214294539389464, 0.0 ], [ 56.398453892357509, 58.21435097672498, 0.0 ], [ 56.398461702075984, 58.214407494331248, 0.0 ], [ 56.398467647091401, 58.214464075094739, 0.0 ], [ 56.398471725594703, 58.214520701882861, 0.0 ], [ 56.398473936342008, 58.214577357548933, 0.0 ], [ 56.398474278654952, 58.214634024937403, 0.0 ], [ 56.39847275242095, 58.214690686889128, 0.0 ], [ 56.398469358093251, 58.214747326246616, 0.0 ] ] } },
{ "type": "Feature", "properties": { "fid": 4796, "handle": 3708352, "block": -1, "etype": 18, "space": 0, "layer": "0_Roads_Hatch", "olinetype": "bylayer", "linetype": "", "color": "0,0,0,255", "ocolor": 256, "color24": -1, "transparency": 0, "lweight": -1, "linewidth": 0.0, "ltscale": 1.0, "visible": 1, "width": 4.5, "thickness": 0.0, "ext": "(3:0,0,0.1)" }, "geometry": { "type": "LineString", "coordinates": [ [ 56.400338317290419, 58.21757622933481, 0.0 ], [ 56.400193556493306, 58.217538900443913, 0.0 ], [ 56.400165099839263, 58.217531852877926, 0.0 ], [ 56.400136875516246, 58.217524549803912, 0.0 ], [ 56.400108891762734, 58.217516993353627, 0.0 ], [ 56.400081156747014, 58.217509185732766, 0.0 ], [ 56.40005367856466, 58.217501129220373, 0.0 ], [ 56.400026465236316, 58.217492826168112, 0.0 ], [ 56.399999524705294, 58.217484278999649, 0.0 ], [ 56.399972864835284, 58.217475490209829, 0.0 ], [ 56.399946493407981, 58.217466462364101, 0.0 ], [ 56.399920418120907, 58.217457198097669, 0.0 ], [ 56.399894646585096, 58.217447700114754, 0.0 ], [ 56.399869186322952, 58.217437971187728, 0.0 ], [ 56.399844044765942, 58.217428014156461, 0.0 ], [ 56.399819229252493, 58.217417831927378, 0.0 ], [ 56.399794747025872, 58.217407427472587, 0.0 ], [ 56.399770605232057, 58.217396803829132, 0.0 ], [ 56.39974681091757, 58.217385964097986, 0.0 ], [ 56.399723371027548, 58.217374911443201, 0.0 ], [ 56.399700292403629, 58.217363649090991, 0.0 ], [ 56.399677581781965, 58.217352180328831, 0.0 ], [ 56.399655245791322, 58.217340508504265, 0.0 ], [ 56.399633290951023, 58.217328637024337, 0.0 ], [ 56.399611723669189, 58.217316569354146, 0.0 ], [ 56.399590550240738, 58.217304309016249, 0.0 ], [ 56.399569776845645, 58.217291859589309, 0.0 ], [ 56.39954940954707, 58.217279224707212, 0.0 ], [ 56.399529454289649, 58.217266408057995, 0.0 ], [ 56.399509916897699, 58.217253413382728, 0.0 ], [ 56.399490803073554, 58.217240244474475, 0.0 ], [ 56.399472118395899, 58.21722690517705, 0.0 ], [ 56.399453868318155, 58.217213399384164, 0.0 ], [ 56.399436058166813, 58.217199731037944, 0.0 ], [ 56.399418693139985, 58.217185904128108, 0.0 ], [ 56.399401778305844, 58.217171922690532, 0.0 ], [ 56.399385318601091, 58.217157790806333, 0.0 ], [ 56.399369318829613, 58.217143512600359, 0.0 ] ] } },
{ "type": "Feature", "properties": { "fid": 4797, "handle": 3708353, "block": -1, "etype": 18, "space": 0, "layer": "0_Roads_Hatch", "olinetype": "bylayer", "linetype": "", "color": "0,0,0,255", "ocolor": 256, "color24": -1, "transparency": 0, "lweight": -1, "linewidth": 0.0, "ltscale": 1.0, "visible": 1, "width": 5.9999999999999991, "thickness": 0.0, "ext": "(3:0,0,0.1)" }, "geometry": { "type": "LineString", "coordinates": [ [ 56.400425662249702, 58.216468305815276, 0.0 ], [ 56.400440641003684, 58.216480648239667, 0.0 ], [ 56.400456018589757, 58.216492853324958, 0.0 ], [ 56.400471790487245, 58.216504917482801, 0.0 ], [ 56.400487952059471, 58.216516837166211, 0.0 ], [ 56.400504498555264, 58.216528608870796, 0.0 ], [ 56.400521425110234, 58.216540229135546, 0.0 ], [ 56.400538726748181, 58.21655169454403, 0.0 ], [ 56.400556398382719, 58.216563001725405, 0.0 ], [ 56.400574434818559, 58.216574147355182, 0.0 ], [ 56.400592830753205, 58.216585128156481, 0.0 ], [ 56.400611580778452, 58.216595940900909, 0.0 ], [ 56.400630679381948, 58.216606582409412, 0.0 ], [ 56.40065012094886, 58.216617049553243, 0.0 ], [ 56.400669899763471, 58.216627339255062, 0.0 ], [ 56.400690010010948, 58.216637448489536, 0.0 ], [ 56.400710445778977, 58.216647374284513, 0.0 ], [ 56.4007312010595, 58.216657113721638, 0.0 ], [ 56.400752269750541, 58.216666663937474, 0.0 ], [ 56.400773645657907, 58.216676022124169, 0.0 ], [ 56.400795322497139, 58.216685185530316, 0.0 ], [ 56.400817293895258, 58.216694151461738, 0.0 ], [ 56.400839553392608, 58.216702917282404, 0.0 ], [ 56.400862094444932, 58.216711480415064, 0.0 ], [ 56.400884910425063, 58.216719838342037, 0.0 ], [ 56.400907994625058, 58.21672798860601, 0.0 ], [ 56.400931340258055, 58.216735928810728, 0.0 ], [ 56.400954940460366, 58.216743656621659, 0.0 ], [ 56.400978788293401, 58.216751169766745, 0.0 ], [ 56.40100287674575, 58.216758466037007, 0.0 ], [ 56.401027198735285, 58.216765543287259, 0.0 ], [ 56.401051747111154, 58.216772399436728, 0.0 ], [ 56.401076514655976, 58.216779032469653, 0.0 ], [ 56.401101494087854, 58.216785440435721, 0.0 ], [ 56.40112667806266, 58.216791621451023, 0.0 ], [ 56.401152059176084, 58.216797573698194, 0.0 ], [ 56.401177629965822, 58.216803295427219, 0.0 ], [ 56.401203382913799, 58.216808784955823, 0.0 ], [ 56.401229310448414, 58.216814040669995, 0.0 ], [ 56.401255404946646, 58.216819061024573, 0.0 ], [ 56.401281658736465, 58.216823844543356, 0.0 ], [ 56.401308064098927, 58.216828389820058, 0.0 ], [ 56.401334613270564, 58.216832695518249, 0.0 ], [ 56.401361298445565, 58.216836760371962, 0.0 ], [ 56.401388111778161, 58.216840583186112, 0.0 ], [ 56.401415045384915, 58.216844162836736, 0.0 ], [ 56.401442091346951, 58.216847498271349, 0.0 ], [ 56.401469241712419, 58.216850588509296, 0.0 ], [ 56.401766907393309, 58.216888538041054, 0.0 ] ] } },
{ "type": "Feature", "properties": { "fid": 4798, "handle": 3708517, "block": -1, "etype": 18, "space": 0, "layer": "0_Roads_Hatch", "olinetype": "bylayer", "linetype": "", "color": "0,0,0,255", "ocolor": 256, "color24": -1, "transparency": 0, "lweight": -1, "linewidth": 0.0, "ltscale": 1.0, "visible": 1, "width": 6.0, "thickness": 0.0, "ext": "(3:0,0,0.1)" }, "geometry": { "type": "LineString", "coordinates": [ [ 56.401100810526742, 58.215811240182759, 0.0 ], [ 56.401117947525961, 58.215828687264263, 0.0 ], [ 56.401135654192196, 58.215845975214833, 0.0 ], [ 56.401153925221706, 58.215863098855351, 0.0 ], [ 56.401172755141701, 58.215880053055947, 0.0 ], [ 56.401192138311885, 58.215896832737457, 0.0 ], [ 56.401212068926199, 58.215913432872995, 0.0 ], [ 56.401232541014615, 58.215929848489523, 0.0 ], [ 56.401253548444799, 58.215946074669198, 0.0 ], [ 56.401275084924023, 58.215962106550968, 0.0 ], [ 56.401297144001077, 58.215977939331943, 0.0 ], [ 56.401319719068127, 58.215993568268892, 0.0 ], [ 56.401342803362731, 58.216008988679704, 0.0 ], [ 56.401366389969887, 58.216024195944655, 0.0 ], [ 56.401390471824065, 58.216039185507881, 0.0 ], [ 56.401415041711331, 58.216053952878745, 0.0 ], [ 56.401440092271557, 58.216068493633209, 0.0 ], [ 56.401465616000543, 58.21608280341507, 0.0 ], [ 56.401491605252325, 58.216096877937275, 0.0 ], [ 56.401518052241428, 58.216110712983344, 0.0 ], [ 56.401544949045238, 58.216124304408503, 0.0 ], [ 56.401572287606363, 58.216137648140936, 0.0 ], [ 56.401600059735031, 58.216150740183032, 0.0 ], [ 56.401628257111518, 58.216163576612601, 0.0 ], [ 56.401656871288736, 58.216176153583994, 0.0 ], [ 56.401685893694633, 58.216188467329289, 0.0 ], [ 56.401715315634888, 58.216200514159482, 0.0 ], [ 56.401745128295424, 58.216212290465478, 0.0 ], [ 56.401775322745095, 58.216223792719205, 0.0 ], [ 56.401805889938338, 58.216235017474723, 0.0 ], [ 56.401836820717911, 58.216245961369232, 0.0 ], [ 56.401868105817599, 58.216256621124018, 0.0 ], [ 56.401899735865022, 58.216266993545602, 0.0 ], [ 56.401931701384456, 58.216277075526449, 0.0 ], [ 56.40196399279958, 58.216286864046104, 0.0 ], [ 56.401996600436483, 58.216296356172023, 0.0 ], [ 56.402029514526468, 58.216305549060479, 0.0 ], [ 56.402062725208978, 58.216314439957351, 0.0 ], [ 56.402096222534638, 58.216323026198999, 0.0 ], [ 56.402129996468119, 58.21633130521306, 0.0 ], [ 56.402164036891236, 58.216339274519214, 0.0 ], [ 56.402198333605902, 58.216346931729944, 0.0 ], [ 56.402232876337287, 58.216354274551129, 0.0 ], [ 56.402267654736789, 58.216361300783028, 0.0 ], [ 56.402302658385189, 58.216368008320593, 0.0 ], [ 56.402337876795784, 58.216374395154233, 0.0 ], [ 56.402373299417519, 58.216380459370598, 0.0 ], [ 56.402408915638119, 58.216386199152836, 0.0 ], [ 56.4024447147873, 58.216391612781337, 0.0 ], [ 56.402480686139945, 58.216396698634284, 0.0 ], [ 56.402516818919366, 58.216401455187892, 0.0 ], [ 56.402553102300473, 58.216405881017195, 0.0 ], [ 56.402589525413063, 58.21640997479625, 0.0 ], [ 56.402626077345033, 58.216413735298552, 0.0 ], [ 56.402662747145683, 58.216417161397487, 0.0 ], [ 56.402699523829021, 58.216420252066641, 0.0 ], [ 56.402736396376959, 58.216423006380026, 0.0 ], [ 56.402773353742759, 58.216425423512497, 0.0 ], [ 56.402810384854213, 58.216427502739847, 0.0 ], [ 56.402847478617012, 58.216429243439215, 0.0 ], [ 56.402884623918112, 58.216430645089069, 0.0 ], [ 56.402921809628992, 58.216431707269514, 0.0 ], [ 56.402959024609018, 58.216432429662255, 0.0 ], [ 56.402996257708807, 58.216432812050932, 0.0 ], [ 56.403033497773507, 58.216432854320978, 0.0 ], [ 56.403070733646231, 58.216432556459665, 0.0 ], [ 56.403107954171311, 58.216431918556303, 0.0 ], [ 56.403145148197694, 58.216430940801978, 0.0 ], [ 56.403182304582266, 58.216429623489624, 0.0 ], [ 56.403219412193167, 58.216427967013871, 0.0 ], [ 56.403256459913194, 58.216425971871026, 0.0 ], [ 56.403293436643096, 58.216423638658782, 0.0 ], [ 56.403330331304822, 58.216420968076228, 0.0 ], [ 56.40336713284502, 58.216417960923387, 0.0 ], [ 56.403403830238176, 58.216414618101169, 0.0 ], [ 56.403440412489999, 58.216410940611119, 0.0 ], [ 56.403476868640709, 58.216406929554971, 0.0 ], [ 56.403513187768318, 58.216402586134421, 0.0 ], [ 56.403549358991903, 58.216397911650702, 0.0 ], [ 56.403585371474833, 58.216392907504243, 0.0 ], [ 56.403621214428114, 58.21638757519429, 0.0 ], [ 56.403656877113477, 58.216381916318369, 0.0 ], [ 56.403692348846747, 58.21637593257185, 0.0 ], [ 56.403727619000911, 58.216369625747355, 0.0 ], [ 56.403762677009411, 58.2163629977344, 0.0 ], [ 56.403797512369238, 58.216356050518733, 0.0 ], [ 56.403832114644111, 58.216348786181584, 0.0 ], [ 56.403866473467602, 58.216341206899386, 0.0 ], [ 56.403900578546235, 58.216333314942808, 0.0 ], [ 56.403934419662583, 58.216325112676166, 0.0 ], [ 56.403967986678303, 58.216316602556851, 0.0 ], [ 56.40400126953719, 58.216307787134419, 0.0 ], [ 56.404034258268219, 58.216298669049849, 0.0 ], [ 56.404066942988479, 58.21628925103483, 0.0 ] ] } },
{ "type": "Feature", "properties": { "fid": 4799, "handle": 3708674, "block": -1, "etype": 18, "space": 0, "layer": "0_Roads_Hatch", "olinetype": "bylayer", "linetype": "", "color": "0,0,0,255", "ocolor": 256, "color24": -1, "transparency": 0, "lweight": -1, "linewidth": 0.0, "ltscale": 1.0, "visible": 1, "width": 6.0, "thickness": 0.0, "ext": "(3:0,0,0.1)" }, "geometry": { "type": "LineString", "coordinates": [ [ 56.399510123480731, 58.211799020371636, 0.0 ], [ 56.399526860204311, 58.21178152532093, 0.0 ], [ 56.399544166593628, 58.211764185338332, 0.0 ], [ 56.399562037491641, 58.211747005590084, 0.0 ], [ 56.399580467573145, 58.211729991194645, 0.0 ], [ 56.399599451346326, 58.211713147221197, 0.0 ], [ 56.39961898315449, 58.211696478688232, 0.0 ], [ 56.39963905717763, 58.211679990561862, 0.0 ], [ 56.399659667434264, 58.211663687754474, 0.0 ], [ 56.399680807783135, 58.211647575123216, 0.0 ], [ 56.399702471925096, 58.211631657468658, 0.0 ], [ 56.399724653404981, 58.211615939533161, 0.0 ], [ 56.399747345613505, 58.211600425999606, 0.0 ], [ 56.399770541789231, 58.211585121490025, 0.0 ], [ 56.39979423502065, 58.211570030564118, 0.0 ], [ 56.399818418248124, 58.211555157717989, 0.0 ], [ 56.399843084266109, 58.211540507382658, 0.0 ], [ 56.399868225725243, 58.211526083923005, 0.0 ], [ 56.399893835134499, 58.211511891636178, 0.0 ], [ 56.399919904863523, 58.211497934750497, 0.0 ], [ 56.399946427144819, 58.2114842174242, 0.0 ], [ 56.399973394076035, 58.211470743744016, 0.0 ], [ 56.400000797622468, 58.211457517724192, 0.0 ], [ 56.400028629619307, 58.211444543305163, 0.0 ], [ 56.40005688177412, 58.211431824352374, 0.0 ], [ 56.400085545669356, 58.211419364655157, 0.0 ], [ 56.400114612764767, 58.211407167925614, 0.0 ], [ 56.40014407440006, 58.211395237797532, 0.0 ], [ 56.400173921797403, 58.211383577825139, 0.0 ], [ 56.40020414606407, 58.211372191482326, 0.0 ], [ 56.400234738195046, 58.211361082161439, 0.0 ], [ 56.400265689075795, 58.211350253172164, 0.0 ], [ 56.400296989484907, 58.211339707740791, 0.0 ], [ 56.400328630096844, 58.21132944900905, 0.0 ], [ 56.40036060148477, 58.211319480033346, 0.0 ], [ 56.400392894123293, 58.211309803783635, 0.0 ], [ 56.400425498391364, 58.211300423142731, 0.0 ], [ 56.40045840457509, 58.211291340905397, 0.0 ], [ 56.400491602870659, 58.21128255977743, 0.0 ], [ 56.400525083387286, 58.211274082374985, 0.0 ], [ 56.400558836150097, 58.211265911223641, 0.0 ], [ 56.400592851103127, 58.211258048757841, 0.0 ], [ 56.400627118112318, 58.211250497319938, 0.0 ], [ 56.400661626968557, 58.211243259159772, 0.0 ], [ 56.400696367390672, 58.2112363364337, 0.0 ], [ 56.400731329028588, 58.211229731204199, 0.0 ], [ 56.400766501466208, 58.211223445439082, 0.0 ], [ 56.40080187422479, 58.21121748101109, 0.0 ], [ 56.400837436765862, 58.211211839697107, 0.0 ], [ 56.400873178494429, 58.211206523177879, 0.0 ], [ 56.400909088762113, 58.211201533037261, 0.0 ], [ 56.400945156870385, 58.211196870761945, 0.0 ], [ 56.40098137207368, 58.211192537740921, 0.0 ], [ 56.401017723582598, 58.211188535265123, 0.0 ], [ 56.401054200567167, 58.211184864526977, 0.0 ], [ 56.401090792160069, 58.211181526620081, 0.0 ], [ 56.401127487459782, 58.21117852253883, 0.0 ], [ 56.401164275533965, 58.211175853178268, 0.0 ], [ 56.401201145422597, 58.211173519333563, 0.0 ], [ 56.401238086141326, 58.211171521700145, 0.0 ], [ 56.401275086684691, 58.211169860873035, 0.0 ], [ 56.401312136029389, 58.211168537347149, 0.0 ], [ 56.401349223137615, 58.211167551516709, 0.0 ], [ 56.4013863369603, 58.211166903675441, 0.0 ], [ 56.401423466440427, 58.211166594016333, 0.0 ] ] } },
{ "type": "Feature", "properties": { "fid": 4800, "handle": 3708856, "block": -1, "etype": 18, "space": 0, "layer": "0_Roads_Hatch", "olinetype": "bylayer", "linetype": "", "color": "0,0,0,255", "ocolor": 256, "color24": -1, "transparency": 0, "lweight": -1, "linewidth": 0.0, "ltscale": 1.0, "visible": 1, "width": 4.5, "thickness": 0.0, "ext": "(3:0,0,0.1)" }, "geometry": { "type": "LineString", "coordinates": [ [ 56.402150589581836, 58.216336170758034, 0.0 ], [ 56.402172398470469, 58.216316104992586, 0.0 ], [ 56.40219354987196, 58.216295844185623, 0.0 ], [ 56.402214037525304, 58.216275394335582, 0.0 ], [ 56.402233855366028, 58.216254761496877, 0.0 ], [ 56.402252997528002, 58.216233951778108, 0.0 ], [ 56.402271458345176, 58.216212971340205, 0.0 ], [ 56.402289232353255, 58.216191826394677, 0.0 ], [ 56.402306314291287, 58.21617052320164, 0.0 ], [ 56.402322699103252, 58.216149068068113, 0.0 ], [ 56.402338381939565, 58.216127467346055, 0.0 ], [ 56.402353358158457, 58.216105727430623, 0.0 ], [ 56.402367623327422, 58.21608385475799, 0.0 ], [ 56.402381173224477, 58.216061855803723, 0.0 ], [ 56.402394003839376, 58.216039737080777, 0.0 ], [ 56.402406111374937, 58.216017505137572, 0.0 ], [ 56.40241749224797, 58.215995166555913, 0.0 ], [ 56.402428143090503, 58.215972727949278, 0.0 ], [ 56.402438060750697, 58.215950195960737, 0.0 ], [ 56.402447242293775, 58.215927577260949, 0.0 ], [ 56.402455685002955, 58.215904878546255, 0.0 ], [ 56.402463386380106, 58.215882106536654, 0.0 ], [ 56.402470344146693, 58.215859267973862, 0.0 ], [ 56.402476556244288, 58.215836369619282, 0.0 ], [ 56.402482020835215, 58.215813418251962, 0.0 ], [ 56.402486736303132, 58.215790420666664, 0.0 ], [ 56.402490701253498, 58.215767383671832, 0.0 ], [ 56.402493914513933, 58.215744314087544, 0.0 ], [ 56.402496375134625, 58.215721218743532, 0.0 ], [ 56.402498082388597, 58.215698104477113, 0.0 ] ] } },
{ "type": "Feature", "properties": { "fid": 4801, "handle": 3709188, "block": -1, "etype": 18, "space": 0, "layer": "0_Roads_Hatch", "olinetype": "bylayer", "linetype": "", "color": "0,0,0,255", "ocolor": 256, "color24": -1, "transparency": 0, "lweight": -1, "linewidth": 0.0, "ltscale": 1.0, "visible": 1, "width": 4.5, "thickness": 0.0, "ext": "(3:0,0,0.1)" }, "geometry": { "type": "LineString", "coordinates": [ [ 56.400284506973321, 58.21134386516966, 0.0 ], [ 56.400262804899761, 58.211310453363559, 0.0 ], [ 56.400240031531688, 58.211277240761781, 0.0 ], [ 56.400216193432179, 58.211244236931442, 0.0 ], [ 56.400191297470947, 58.211211451379583, 0.0 ], [ 56.400165350822412, 58.211178893550418, 0.0 ], [ 56.40013836096356, 58.211146572822436, 0.0 ], [ 56.400110335671805, 58.211114498505786, 0.0 ], [ 56.4000812830228, 58.211082679839727, 0.0 ], [ 56.400051211388046, 58.211051125989719, 0.0 ], [ 56.400020129432491, 58.211019846045055, 0.0 ], [ 56.399988046112078, 58.210988849015976, 0.0 ], [ 56.399954970671068, 58.210958143831284, 0.0 ], [ 56.399920912639452, 58.210927739335652, 0.0 ], [ 56.399885881830222, 58.210897644287151, 0.0 ], [ 56.399849888336448, 58.210867867354665, 0.0 ], [ 56.399812942528463, 58.210838417115419, 0.0 ], [ 56.399775055050803, 58.210809302052517, 0.0 ], [ 56.39973623681918, 58.210780530552547, 0.0 ], [ 56.399696499017359, 58.210752110903044, 0.0 ], [ 56.399655853093861, 58.210724051290192, 0.0 ], [ 56.399614310758714, 58.210696359796465, 0.0 ], [ 56.399571883980101, 58.21066904439828, 0.0 ], [ 56.399528584980835, 58.210642112963697, 0.0 ], [ 56.399484426234906, 58.210615573250152, 0.0 ], [ 56.399439420463892, 58.21058943290226, 0.0 ], [ 56.399393580633188, 58.210563699449551, 0.0 ], [ 56.399346919948435, 58.210538380304335, 0.0 ] ] } },
{ "type": "Feature", "properties": { "fid": 4802, "handle": 3709195, "block": -1, "etype": 18, "space": 0, "layer": "0_Roads_Hatch", "olinetype": "bylayer", "linetype": "", "color": "0,0,0,255", "ocolor": 256, "color24": -1, "transparency": 0, "lweight": -1, "linewidth": 0.0, "ltscale": 1.0, "visible": 1, "width": 15.0, "thickness": 0.0, "ext": "(3:0,0,0.1)" }, "geometry": { "type": "LineString", "coordinates": [ [ 56.399358083619234, 58.210518220977505, 0.0 ], [ 56.399512090454017, 58.210629318377748, 0.0 ] ] } },
{ "type": "Feature", "properties": { "fid": 4803, "handle": 3709295, "block": -1, "etype": 18, "space": 0, "layer": "0_Roads_Hatch", "olinetype": "bylayer", "linetype": "", "color": "0,0,0,255", "ocolor": 256, "color24": -1, "transparency": 0, "lweight": -1, "linewidth": 0.0, "ltscale": 1.0, "visible": 1, "width": 4.5, "thickness": 0.0, "ext": "(3:0,0,0.1)" }, "geometry": { "type": "LineString", "coordinates": [ [ 56.398064039130247, 58.211152877447333, 0.0 ], [ 56.398068013462087, 58.211143855782922, 0.0 ], [ 56.398072279991091, 58.211134871368806, 0.0 ], [ 56.39807683746529, 58.211125926840921, 0.0 ], [ 56.3980816845474, 58.211117024823459, 0.0 ], [ 56.398086819815077, 58.211108167928131, 0.0 ], [ 56.39809224176151, 58.211099358753486, 0.0 ], [ 56.398097948795765, 58.211090599884017, 0.0 ], [ 56.398103939243263, 58.211081893889428, 0.0 ], [ 56.398110211346271, 58.211073243323931, 0.0 ], [ 56.398116763264433, 58.211064650725532, 0.0 ], [ 56.398123593075319, 58.211056118615154, 0.0 ], [ 56.398130698774935, 58.211047649496017, 0.0 ], [ 56.3981380782784, 58.211039245852781, 0.0 ], [ 56.398145729420484, 58.211030910151031, 0.0 ], [ 56.398153649956235, 58.211022644836291, 0.0 ], [ 56.39816183756173, 58.211014452333494, 0.0 ], [ 56.398170289834646, 58.211006335046193, 0.0 ], [ 56.398179004295059, 58.210998295355886, 0.0 ], [ 56.398187978386076, 58.21099033562129, 0.0 ], [ 56.398197209474709, 58.210982458177646, 0.0 ], [ 56.398206694852462, 58.210974665336074, 0.0 ], [ 56.398216431736387, 58.210966959382894, 0.0 ], [ 56.398226417269655, 58.21095934257891, 0.0 ], [ 56.398236648522492, 58.21095181715873, 0.0 ], [ 56.398247122493082, 58.210944385330215, 0.0 ], [ 56.398257836108399, 58.210937049273731, 0.0 ], [ 56.398268786225096, 58.210929811141547, 0.0 ], [ 56.398279969630458, 58.210922673057212, 0.0 ], [ 56.398291383043315, 58.210915637114923, 0.0 ], [ 56.398303023115048, 58.21090870537887, 0.0 ], [ 56.398314886430526, 58.210901879882726, 0.0 ], [ 56.398326969509171, 58.210895162628979, 0.0 ], [ 56.39833926880587, 58.21088855558834, 0.0 ], [ 56.398351780712119, 58.210882060699198, 0.0 ], [ 56.39836450155704, 58.210875679867016, 0.0 ], [ 56.398377427608487, 58.210869414963859, 0.0 ], [ 56.398390555074073, 58.210863267827634, 0.0 ], [ 56.398403880102329, 58.210857240261895, 0.0 ], [ 56.39841739878387, 58.210851334034956, 0.0 ] ] } },
{ "type": "Feature", "properties": { "fid": 4804, "handle": 3709499, "block": -1, "etype": 18, "space": 0, "layer": "0_Roads_Hatch", "olinetype": "bylayer", "linetype": "", "color": "0,0,0,255", "ocolor": 256, "color24": -1, "transparency": 0, "lweight": -1, "linewidth": 0.0, "ltscale": 1.0, "visible": 1, "width": 15.0, "thickness": 0.0, "ext": "(3:0,0,0.1)" }, "geometry": { "type": "LineString", "coordinates": [ [ 56.398417860489729, 58.21084735872487, 0.0 ], [ 56.398244990619055, 58.210946416721661, 0.0 ] ] } },
{ "type": "Feature", "properties": { "fid": 4805, "handle": 3709680, "block": -1, "etype": 18, "space": 0, "layer": "0_Roads_Hatch", "olinetype": "bylayer", "linetype": "", "color": "0,0,0,255", "ocolor": 256, "color24": -1, "transparency": 0, "lweight": -1, "linewidth": 0.0, "ltscale": 1.0, "visible": 1, "width": 15.0, "thickness": 0.0, "ext": "(3:0,0,0.1)" }, "geometry": { "type": "LineString", "coordinates": [ [ 56.402492915085539, 58.215659248085025, 0.0 ], [ 56.402486032492398, 58.215793871592027, 0.0 ] ] } },
{ "type": "Feature", "properties": { "fid": 4806, "handle": 3710038, "block": -1, "etype": 18, "space": 0, "layer": "0_Roads_Hatch", "olinetype": "bylayer", "linetype": "", "color": "0,0,0,255", "ocolor": 256, "color24": -1, "transparency": 0, "lweight": -1, "linewidth": 0.0, "ltscale": 1.0, "visible": 1, "width": 6.0, "thickness": 0.0, "ext": "(3:0,0,0.1)" }, "geometry": { "type": "LineString", "coordinates": [ [ 56.398168827777802, 58.217291506527104, 0.0 ], [ 56.398185790284984, 58.217323654144977, 0.0 ], [ 56.398203788410143, 58.217355644580451, 0.0 ], [ 56.398222816930087, 58.217387468544764, 0.0 ], [ 56.398242870322505, 58.217419116797423, 0.0 ], [ 56.398263942767329, 58.217450580149098, 0.0 ], [ 56.398286028148632, 58.217481849463923, 0.0 ], [ 56.398309120056297, 58.217512915662468, 0.0 ], [ 56.3983332117879, 58.217543769724251, 0.0 ], [ 56.398358296350608, 58.217574402690339, 0.0 ], [ 56.398384366463297, 58.217604805665907, 0.0 ], [ 56.39841141455863, 58.217634969823003, 0.0 ], [ 56.398439432785189, 58.217664886403014, 0.0 ], [ 56.398468413009809, 58.217694546719024, 0.0 ], [ 56.398498346819963, 58.217723942158671, 0.0 ], [ 56.39852922552614, 58.217753064186432, 0.0 ], [ 56.398561040164402, 58.21778190434614, 0.0 ], [ 56.398593781498974, 58.217810454263443, 0.0 ], [ 56.398627440024946, 58.217838705648262, 0.0 ], [ 56.398662005970969, 58.217866650297239, 0.0 ], [ 56.398697469302171, 58.217894280095969, 0.0 ], [ 56.398733819723041, 58.217921587021493, 0.0 ], [ 56.398771046680359, 58.217948563144603, 0.0 ], [ 56.398809139366357, 58.217975200632111, 0.0 ], [ 56.398848086721792, 58.218001491749163, 0.0 ], [ 56.398887877439144, 58.218027428861426, 0.0 ], [ 56.398928499965976, 58.218053004437401, 0.0 ], [ 56.398969942508188, 58.218078211050489, 0.0 ], [ 56.399012193033521, 58.218103041381255, 0.0 ], [ 56.399055239274993, 58.218127488219508, 0.0 ], [ 56.399279454190342, 58.218250377441173, 0.0 ], [ 56.399307466056271, 58.218265785718771, 0.0 ], [ 56.399334966571033, 58.218281448379855, 0.0 ], [ 56.399361947438678, 58.218297360699928, 0.0 ], [ 56.399388400519925, 58.218313517879082, 0.0 ], [ 56.399414317834669, 58.218329915043697, 0.0 ], [ 56.399439691564382, 58.21834654724767, 0.0 ], [ 56.399464514054486, 58.218363409474009, 0.0 ], [ 56.399488777816629, 58.2183804966363, 0.0 ], [ 56.39951247553099, 58.218397803580274, 0.0 ], [ 56.399535600048431, 58.21841532508541, 0.0 ], [ 56.399558144392699, 58.21843305586647, 0.0 ], [ 56.399580101762552, 58.218450990574986, 0.0 ], [ 56.399601465533685, 58.218469123801036, 0.0 ], [ 56.399622229260927, 58.218487450074797, 0.0 ], [ 56.39964238668, 58.218505963868175, 0.0 ], [ 56.399661931709531, 58.218524659596589, 0.0 ], [ 56.399680858452854, 58.218543531620483, 0.0 ], [ 56.399699161199699, 58.218562574247102, 0.0 ], [ 56.399716834428091, 58.21858178173229, 0.0 ], [ 56.399733872805903, 58.218601148282133, 0.0 ], [ 56.399750271192445, 58.218620668054704, 0.0 ], [ 56.39976602464008, 58.218640335161822, 0.0 ], [ 56.399781128395702, 58.218660143670924, 0.0 ], [ 56.399795577902147, 58.218680087606728, 0.0 ], [ 56.399809368799573, 58.218700160953119, 0.0 ], [ 56.399822496926852, 58.218720357654917, 0.0 ], [ 56.399834958322678, 58.218740671619713, 0.0 ], [ 56.399846749226882, 58.218761096719746, 0.0 ] ] } },
{ "type": "Feature", "properties": { "fid": 4807, "handle": 3710140, "block": -1, "etype": 18, "space": 0, "layer": "0_Roads_Hatch", "olinetype": "bylayer", "linetype": "", "color": "0,0,0,255", "ocolor": 256, "color24": -1, "transparency": 0, "lweight": -1, "linewidth": 0.0, "ltscale": 1.0, "visible": 1, "width": 4.5, "thickness": 0.0, "ext": "(3:0,0,0.1)" }, "geometry": { "type": "LineString", "coordinates": [ [ 56.396749105571743, 58.217795359076291, 0.0 ], [ 56.396702878082237, 58.21779715764125, 0.0 ], [ 56.396656716225117, 58.217799376492962, 0.0 ], [ 56.396610633722041, 58.21780201497188, 0.0 ], [ 56.396564644271052, 58.217805072293679, 0.0 ], [ 56.396518761542595, 58.217808547549616, 0.0 ], [ 56.39647299917538, 58.217812439706648, 0.0 ], [ 56.396427370772329, 58.21781674760782, 0.0 ], [ 56.396381889896595, 58.217821469972613, 0.0 ], [ 56.39633657006749, 58.217826605397306, 0.0 ], [ 56.396291424756441, 58.217832152355342, 0.0 ], [ 56.396246467383044, 58.217838109197935, 0.0 ], [ 56.396201711311043, 58.217844474154347, 0.0 ], [ 56.396157169844358, 58.217851245332653, 0.0 ], [ 56.396112856223141, 58.217858420720042, 0.0 ], [ 56.396068783619853, 58.217865998183612, 0.0 ], [ 56.396024965135346, 58.217873975471022, 0.0 ], [ 56.395981413794921, 58.217882350210914, 0.0 ], [ 56.395938142544516, 58.217891119913908, 0.0 ], [ 56.395895164246831, 58.217900281973193, 0.0 ], [ 56.395852491677552, 58.217909833665324, 0.0 ], [ 56.395810137521487, 58.217919772150992, 0.0 ], [ 56.395768114368799, 58.217930094475975, 0.0 ], [ 56.395726434711335, 58.217940797571863, 0.0 ], [ 56.395685110938871, 58.217951878257217, 0.0 ], [ 56.395644155335397, 58.217963333238202, 0.0 ], [ 56.395603580075495, 58.217975159109713, 0.0 ], [ 56.395563397220762, 58.217987352356566, 0.0 ], [ 56.395523618716169, 58.217999909354148, 0.0 ], [ 56.395484256386517, 58.218012826369893, 0.0 ], [ 56.395445321932954, 58.218026099564121, 0.0 ], [ 56.395406826929467, 58.218039724991243, 0.0 ], [ 56.395368782819439, 58.218053698601054, 0.0 ], [ 56.395331200912274, 58.218068016239819, 0.0 ], [ 56.39529409238007, 58.218082673651494, 0.0 ], [ 56.395257468254158, 58.218097666479039, 0.0 ], [ 56.395221339421994, 58.218112990265723, 0.0 ], [ 56.395185716623779, 58.218128640456406, 0.0 ], [ 56.395150610449413, 58.218144612399001, 0.0 ], [ 56.39511603133522, 58.218160901345641, 0.0 ], [ 56.395081989560886, 58.218177502454267, 0.0 ], [ 56.395048495246421, 58.218194410790076, 0.0 ], [ 56.395015558349151, 58.218211621326844, 0.0 ], [ 56.394983188660717, 58.218229128948579, 0.0 ] ] } },
{ "type": "Feature", "properties": { "fid": 4808, "handle": 3710141, "block": -1, "etype": 18, "space": 0, "layer": "0_Roads_Hatch", "olinetype": "bylayer", "linetype": "", "color": "0,0,0,255", "ocolor": 256, "color24": -1, "transparency": 0, "lweight": -1, "linewidth": 0.0, "ltscale": 1.0, "visible": 1, "width": 4.5, "thickness": 0.0, "ext": "(3:0,0,0.1)" }, "geometry": { "type": "LineString", "coordinates": [ [ 56.396749105571743, 58.217795359076291, 0.0 ], [ 56.396759038305476, 58.217795055716948, 0.0 ], [ 56.39676897955227, 58.217794843779934, 0.0 ], [ 56.396778926290331, 58.21779472332976, 0.0 ], [ 56.396788875496213, 58.21779469440294, 0.0 ], [ 56.396798824145698, 58.217794757008321, 0.0 ], [ 56.396808769214751, 58.217794911126909, 0.0 ], [ 56.396818707680424, 58.217795156711766, 0.0 ], [ 56.396828636521782, 58.217795493688321, 0.0 ], [ 56.396838552720801, 58.217795921954107, 0.0 ], [ 56.396848453263317, 58.217796441378951, 0.0 ], [ 56.396858335139875, 58.217797051804986, 0.0 ], [ 56.396868195346791, 58.217797753046618, 0.0 ], [ 56.396878030886867, 58.217798544890748, 0.0 ], [ 56.396887838770461, 58.217799427096615, 0.0 ], [ 56.396897616016339, 58.217800399396161, 0.0 ], [ 56.396907359652509, 58.217801461493764, 0.0 ], [ 56.396917066717293, 58.217802613066603, 0.0 ], [ 56.396926734260056, 58.217803853764636, 0.0 ], [ 56.396936359342227, 58.217805183210764, 0.0 ], [ 56.396945939038083, 58.217806601000824, 0.0 ], [ 56.396955470435749, 58.217808106703906, 0.0 ], [ 56.396964950637994, 58.217809699862308, 0.0 ], [ 56.396974376763168, 58.217811379991794, 0.0 ], [ 56.396983745946052, 58.217813146581619, 0.0 ], [ 56.39699305533874, 58.217814999094841, 0.0 ], [ 56.39700230211146, 58.21781693696834, 0.0 ], [ 56.397011483453547, 58.217818959613055, 0.0 ], [ 56.397020596574158, 58.21782106641421, 0.0 ], [ 56.397029638703223, 58.217823256731393, 0.0 ], [ 56.397038607092213, 58.217825529898825, 0.0 ], [ 56.397047499015052, 58.217827885225518, 0.0 ], [ 56.397056311768885, 58.217830321995578, 0.0 ], [ 56.397065042674924, 58.217832839468279, 0.0 ], [ 56.397073689079242, 58.217835436878389, 0.0 ], [ 56.39708224835362, 58.217838113436436, 0.0 ], [ 56.397090717896312, 58.217840868328771, 0.0 ], [ 56.397099095132852, 58.217843700718028, 0.0 ], [ 56.397107377516811, 58.217846609743283, 0.0 ], [ 56.39711556253063, 58.21784959452026, 0.0 ], [ 56.397123647686286, 58.217852654141701, 0.0 ], [ 56.397131630526147, 58.217855787677578, 0.0 ], [ 56.397139508623681, 58.217858994175423, 0.0 ], [ 56.397147279584189, 58.21786227266054, 0.0 ], [ 56.397154941045521, 58.217865622136401, 0.0 ], [ 56.397162490678831, 58.217869041584862, 0.0 ], [ 56.397169926189235, 58.217872529966549, 0.0 ], [ 56.397177245316563, 58.217876086221061, 0.0 ] ] } },
{ "type": "Feature", "properties": { "fid": 4809, "handle": 3710839, "block": -1, "etype": 18, "space": 0, "layer": "0_Roads_Hatch", "olinetype": "bylayer", "linetype": "", "color": "0,0,0,255", "ocolor": 256, "color24": -1, "transparency": 0, "lweight": -1, "linewidth": 0.0, "ltscale": 1.0, "visible": 1, "width": 6.0, "thickness": 0.0, "ext": "(3:0,0,0.1)" }, "geometry": { "type": "LineString", "coordinates": [ [ 56.403193072868177, 58.215105701874094, 0.0 ], [ 56.403146393206228, 58.215106200124744, 0.0 ], [ 56.403099704201296, 58.215106273122558, 0.0 ], [ 56.403053019764116, 58.215105920845765, 0.0 ], [ 56.403006353804074, 58.215105143399356, 0.0 ], [ 56.402959720225034, 58.215103941014945, 0.0 ], [ 56.402913132921235, 58.215102314050782, 0.0 ], [ 56.402866605773092, 58.215100262991598, 0.0 ], [ 56.402820152643109, 58.21509778844851, 0.0 ], [ 56.402773787371721, 58.215094891158799, 0.0 ], [ 56.402727523773194, 58.215091571985681, 0.0 ], [ 56.402681375631452, 58.215087831918112, 0.0 ], [ 56.402635356696067, 58.215083672070378, 0.0 ], [ 56.402589480678024, 58.215079093681936, 0.0 ], [ 56.402543761245774, 58.215074098116872, 0.0 ], [ 56.402498212021086, 58.215068686863525, 0.0 ], [ 56.402452846574967, 58.215062861534257, 0.0 ], [ 56.4024076784237, 58.215056623864605, 0.0 ], [ 56.402362721024701, 58.215049975713043, 0.0 ], [ 56.402317987772648, 58.215042919060366, 0.0 ], [ 56.402273491995324, 58.215035456009055, 0.0 ], [ 56.402229246949815, 58.215027588782654, 0.0 ], [ 56.402185265818446, 58.215019319725201, 0.0 ], [ 56.402141561704852, 58.215010651300339, 0.0 ], [ 56.402098147630156, 58.215001586090771, 0.0 ], [ 56.402055036529006, 58.214992126797419, 0.0 ], [ 56.402012241245771, 58.214982276238601, 0.0 ], [ 56.401969774530663, 58.214972037349213, 0.0 ], [ 56.401927649036018, 58.214961413179779, 0.0 ], [ 56.401885877312417, 58.214950406895788, 0.0 ], [ 56.401844471805035, 58.214939021776395, 0.0 ], [ 56.401803444849904, 58.214927261213674, 0.0 ], [ 56.401762808670227, 58.214915128711617, 0.0 ], [ 56.401722575372744, 58.214902627884925, 0.0 ], [ 56.401682756944112, 58.214889762458135, 0.0 ], [ 56.401643365247367, 58.214876536264356, 0.0 ], [ 56.401604412018344, 58.214862953244179, 0.0 ], [ 56.40156590886221, 58.214849017444486, 0.0 ], [ 56.401527867249982, 58.214834733017305, 0.0 ], [ 56.401490298515178, 58.214820104218525, 0.0 ], [ 56.401453213850303, 58.214805135406614, 0.0 ], [ 56.401416624303693, 58.214789831041315, 0.0 ], [ 56.401380540776024, 58.214774195682367, 0.0 ], [ 56.40134497401727, 58.214758233988142, 0.0 ], [ 56.401309934623328, 58.214741950714163, 0.0 ], [ 56.401275433032964, 58.214725350711802, 0.0 ], [ 56.401241479524636, 58.214708438926799, 0.0 ], [ 56.401208084213529, 58.214691220397775, 0.0 ], [ 56.401175257048394, 58.214673700254693, 0.0 ], [ 56.401143007808756, 58.214655883717413, 0.0 ], [ 56.401111346101843, 58.214637776094065, 0.0 ], [ 56.401080281359825, 58.214619382779524, 0.0 ], [ 56.401049822836981, 58.214600709253759, 0.0 ], [ 56.401039689272089, 58.214594562518805, 0.0 ], [ 56.401029354906335, 58.214588509607061, 0.0 ], [ 56.401018822858475, 58.214582552345107, 0.0 ], [ 56.401008096306882, 58.214576692530635, 0.0 ], [ 56.400997178488673, 58.214570931932059, 0.0 ], [ 56.400986072698622, 58.21456527228775, 0.0 ], [ 56.400974782288259, 58.214559715305619, 0.0 ], [ 56.4009633106648, 58.214554262662617, 0.0 ], [ 56.400951661290179, 58.214548916004198, 0.0 ], [ 56.400939837679914, 58.214543676943904, 0.0 ], [ 56.400927843402123, 58.214538547062666, 0.0 ], [ 56.400915682076452, 58.214533527908557, 0.0 ], [ 56.400903357372897, 58.214528620996248, 0.0 ], [ 56.400890873010795, 58.214523827806495, 0.0 ], [ 56.400878232757641, 58.214519149785737, 0.0 ], [ 56.400865440427964, 58.214514588345665, 0.0 ], [ 56.400852499882198, 58.214510144862807, 0.0 ], [ 56.400839415025473, 58.214505820678113, 0.0 ], [ 56.400826189806502, 58.214501617096424, 0.0 ], [ 56.40081282821631, 58.214497535386357, 0.0 ], [ 56.400799334287115, 58.21449357677961, 0.0 ], [ 56.400785712091029, 58.214489742470725, 0.0 ], [ 56.400771965738869, 58.214486033616865, 0.0 ], [ 56.400758099378933, 58.21448245133719, 0.0 ], [ 56.400744117195742, 58.214478996712813, 0.0 ], [ 56.400730023408741, 58.21447567078615, 0.0 ], [ 56.400715822271032, 58.214472474560935, 0.0 ], [ 56.400701518068168, 58.21446940900168, 0.0 ], [ 56.400687115116739, 58.21446647503344, 0.0 ], [ 56.400672617763171, 58.21446367354168, 0.0 ], [ 56.400658030382353, 58.214461005371724, 0.0 ], [ 56.400643357376353, 58.214458471328804, 0.0 ], [ 56.400628603173075, 58.214456072177605, 0.0 ], [ 56.400613772224908, 58.214453808642091, 0.0 ], [ 56.40059886900741, 58.214451681405365, 0.0 ], [ 56.400583898017949, 58.214449691109344, 0.0 ], [ 56.400568863774332, 58.214447838354694, 0.0 ], [ 56.400553770813424, 58.214446123700441, 0.0 ], [ 56.400538623689904, 58.21444454766403, 0.0 ], [ 56.400523426974672, 58.214443110721128, 0.0 ], [ 56.40050818525367, 58.214441813305307, 0.0 ], [ 56.400492903126398, 58.214440655808076, 0.0 ], [ 56.400477585204548, 58.214439638578767, 0.0 ], [ 56.400462236110606, 58.214438761924349, 0.0 ], [ 56.400446860476471, 58.214438026109349, 0.0 ], [ 56.400431462942059, 58.21443743135584, 0.0 ], [ 56.400416048153879, 58.214436977843256, 0.0 ], [ 56.400400620763641, 58.214436665708469, 0.0 ], [ 56.400385185426885, 58.214436495045717, 0.0 ], [ 56.400369746801502, 58.214436465906495, 0.0 ] ] } },
{ "type": "Feature", "properties": { "fid": 4810, "handle": 3711125, "block": -1, "etype": 18, "space": 0, "layer": "0_Roads_Hatch", "olinetype": "bylayer", "linetype": "", "color": "0,0,0,255", "ocolor": 256, "color24": -1, "transparency": 0, "lweight": -1, "linewidth": 0.0, "ltscale": 1.0, "visible": 1, "width": 6.0, "thickness": 0.0, "ext": "(3:0,0,0.1)" }, "geometry": { "type": "LineString", "coordinates": [ [ 56.398116793781682, 58.213523617085357, 0.0 ], [ 56.398102239813404, 58.213501789108371, 0.0 ], [ 56.398086973833649, 58.213480097009807, 0.0 ], [ 56.39807100039561, 58.213458547257666, 0.0 ], [ 56.398054324263406, 58.213437146277521, 0.0 ], [ 56.398036950410656, 58.213415900450485, 0.0 ], [ 56.398018884019017, 58.213394816111503, 0.0 ], [ 56.398000130476554, 58.213373899547321, 0.0 ], [ 56.397980695376241, 58.213353156994657, 0.0 ], [ 56.397960584514223, 58.213332594638246, 0.0 ], [ 56.397939803888121, 58.213312218609211, 0.0 ], [ 56.397918359695204, 58.213292034983056, 0.0 ], [ 56.397896258330604, 58.213272049777864, 0.0 ], [ 56.397873506385295, 58.213252268952587, 0.0 ], [ 56.397850110644264, 58.213232698405257, 0.0 ], [ 56.397826078084414, 58.213213343971148, 0.0 ], [ 56.397801415872465, 58.21319421142109, 0.0 ], [ 56.397776131362868, 58.213175306459767, 0.0 ], [ 56.397750232095568, 58.213156634723973, 0.0 ], [ 56.397723725793774, 58.213138201780978, 0.0 ], [ 56.3976966203617, 58.213120013126847, 0.0 ], [ 56.397668923882051, 58.213102074184768, 0.0 ], [ 56.397640644613851, 58.213084390303472, 0.0 ], [ 56.397611790989792, 58.213066966755669, 0.0 ], [ 56.397582371613765, 58.213049808736372, 0.0 ], [ 56.397552395258344, 58.213032921361496, 0.0 ], [ 56.397521870862114, 58.213016309666166, 0.0 ], [ 56.397490807527042, 58.212999978603428, 0.0 ], [ 56.397459214515713, 58.21298393304248, 0.0 ], [ 56.397427101248653, 58.212968177767522, 0.0 ], [ 56.39739447730144, 58.212952717476149, 0.0 ], [ 56.397361352401866, 58.21293755677798, 0.0 ], [ 56.397327736427073, 58.212922700193381, 0.0 ], [ 56.397293639400573, 58.212908152151876, 0.0 ], [ 56.397259071489287, 58.212893916991149, 0.0 ], [ 56.397224043000463, 58.212879998955579, 0.0 ], [ 56.397188564378681, 58.212866402194869, 0.0 ], [ 56.397152646202628, 58.212853130763008, 0.0 ], [ 56.397116299182109, 58.212840188616994, 0.0 ], [ 56.397079534154663, 58.21282757961562, 0.0 ], [ 56.397042362082452, 58.212815307518284, 0.0 ], [ 56.39700479404901, 58.212803375984073, 0.0 ], [ 56.396966841255853, 58.212791788570399, 0.0 ], [ 56.396928515019184, 58.212780548732134, 0.0 ], [ 56.396889826766547, 58.212769659820481, 0.0 ], [ 56.396850788033333, 58.212759125082052, 0.0 ], [ 56.396811410459449, 58.212748947657815, 0.0 ], [ 56.396771705785788, 58.212739130582207, 0.0 ], [ 56.396731685850746, 58.21272967678221, 0.0 ], [ 56.396691362586665, 58.212720589076611, 0.0 ], [ 56.396650748016292, 58.212711870174822, 0.0 ], [ 56.396609854249242, 58.212703522676485, 0.0 ], [ 56.396568693478322, 58.212695549070453, 0.0 ], [ 56.396527277975906, 58.212687951734026, 0.0 ], [ 56.396485620090317, 58.212680732932391, 0.0 ], [ 56.396443732242112, 58.21267389481789, 0.0 ], [ 56.396401626920401, 58.212667439429282, 0.0 ], [ 56.396359316679089, 58.2126613686913, 0.0 ], [ 56.396316814133186, 58.212655684413903, 0.0 ], [ 56.396274131955018, 58.212650388291884, 0.0 ], [ 56.396208095812533, 58.212643219642388, 0.0 ], [ 56.396141835200105, 58.212636653224315, 0.0 ], [ 56.396075369834115, 58.212630690991581, 0.0 ], [ 56.396008719491853, 58.212625334718268, 0.0 ], [ 56.395941904005603, 58.212620585998138, 0.0 ], [ 56.395874943256786, 58.212616446244255, 0.0 ], [ 56.395807857170013, 58.212612916688407, 0.0 ], [ 56.395740665707166, 58.212609998380827, 0.0 ], [ 56.395673388861475, 58.212607692189877, 0.0 ], [ 56.395606046651544, 58.212605998801784, 0.0 ], [ 56.395538659115473, 58.212604918720388, 0.0 ], [ 56.395471246304773, 58.212604452267108, 0.0 ], [ 56.395403828278489, 58.21260459958075, 0.0 ], [ 56.395336425097256, 58.212605360617438, 0.0 ], [ 56.395269056817234, 58.212606735150743, 0.0 ], [ 56.39520174348425, 58.212608722771662, 0.0 ], [ 56.395134505127785, 58.212611322888776, 0.0 ], [ 56.39506736175499, 58.21261453472836, 0.0 ], [ 56.395000333344804, 58.212618357334769, 0.0 ], [ 56.39493343984195, 58.212622789570503, 0.0 ], [ 56.394866701151045, 58.212627830116752, 0.0 ], [ 56.394800137130673, 58.212633477473695, 0.0 ], [ 56.394750762047316, 58.212639304126249, 0.0 ], [ 56.394701580988183, 58.212645571192247, 0.0 ], [ 56.394652608056006, 58.212652276874607, 0.0 ], [ 56.394603857293824, 58.21265941925045, 0.0 ], [ 56.394555342681052, 58.212666996271757, 0.0 ], [ 56.394507078129372, 58.21267500576576, 0.0 ], [ 56.3944590774788, 58.212683445435786, 0.0 ], [ 56.394411354493691, 58.212692312861726, 0.0 ], [ 56.394363922858851, 58.212701605500847, 0.0 ], [ 56.394316796175531, 58.212711320688499, 0.0 ], [ 56.394269987957607, 58.212721455638835, 0.0 ], [ 56.394223511627636, 58.212732007445631, 0.0 ], [ 56.394177380513042, 58.212742973083166, 0.0 ], [ 56.394131607842318, 58.212754349407014, 0.0 ], [ 56.394086206741193, 58.212766133155014, 0.0 ], [ 56.394041190228883, 58.212778320948118, 0.0 ], [ 56.393996571214373, 58.212790909291471, 0.0 ], [ 56.393952362492719, 58.212803894575295, 0.0 ], [ 56.393908576741318, 58.212817273076091, 0.0 ], [ 56.393865226516361, 58.212831040957468, 0.0 ], [ 56.393822324249179, 58.21284519427148, 0.0 ], [ 56.393779882242718, 58.212859728959586, 0.0 ], [ 56.393737912667952, 58.21287464085389, 0.0 ], [ 56.39370649147908, 58.212886814838839, 0.0 ], [ 56.393674679633783, 58.212898702899771, 0.0 ], [ 56.393642486472537, 58.21291030154601, 0.0 ], [ 56.393609921447755, 58.212921607371854, 0.0 ], [ 56.393576994121133, 58.212932617057653, 0.0 ], [ 56.393543714160749, 58.212943327370617, 0.0 ], [ 56.393510091338229, 58.212953735165826, 0.0 ], [ 56.393476135525965, 58.212963837387356, 0.0 ], [ 56.393441856694068, 58.212973631068834, 0.0 ], [ 56.39340726490758, 58.212983113334531, 0.0 ], [ 56.393372370323448, 58.21299228140024, 0.0 ], [ 56.393337183187548, 58.213001132573844, 0.0 ], [ 56.393301713831661, 58.213009664256447, 0.0 ], [ 56.393265972670505, 58.213017873942853, 0.0 ], [ 56.39322997019859, 58.213025759222504, 0.0 ], [ 56.393193716987206, 58.213033317779932, 0.0 ], [ 56.393157223681257, 58.213040547395813, 0.0 ], [ 56.393120500996204, 58.213047445947232, 0.0 ], [ 56.393083559714839, 58.213054011408595, 0.0 ], [ 56.3930464106842, 58.213060241852091, 0.0 ], [ 56.393009064812311, 58.213066135448202, 0.0 ], [ 56.39297153306503, 58.213071690466435, 0.0 ], [ 56.392933826462809, 58.213076905275649, 0.0 ], [ 56.392895956077432, 58.213081778344581, 0.0 ], [ 56.392857933028857, 58.213086308242367, 0.0 ], [ 56.392819768481793, 58.213090493638866, 0.0 ], [ 56.392781473642565, 58.213094333305158, 0.0 ], [ 56.39274305975578, 58.213097826113696, 0.0 ], [ 56.392704538100951, 58.21310097103899, 0.0 ], [ 56.392665919989312, 58.213103767157499, 0.0 ], [ 56.392627216760374, 58.213106213648238, 0.0 ], [ 56.392588439778685, 58.213108309792823, 0.0 ], [ 56.392549600430442, 58.213110054975758, 0.0 ], [ 56.392510710120149, 58.213111448684593, 0.0 ], [ 56.392471780267329, 58.213112490510099, 0.0 ], [ 56.392432822303036, 58.213113180146372, 0.0 ], [ 56.392393847666646, 58.213113517390866, 0.0 ], [ 56.392354867802425, 58.213113502144608, 0.0 ], [ 56.392315894156127, 58.213113134412069, 0.0 ], [ 56.392276938171747, 58.213112414301207, 0.0 ], [ 56.392238011288065, 58.213111342023467, 0.0 ], [ 56.392199124935274, 58.213109917893725, 0.0 ], [ 56.392160290531727, 58.213108142330171, 0.0 ], [ 56.392119847169496, 58.213105100628567, 0.0 ], [ 56.392079507450482, 58.213101697133837, 0.0 ], [ 56.392039282994631, 58.213097932826372, 0.0 ], [ 56.391999185388684, 58.213093808790475, 0.0 ], [ 56.39195922618287, 58.213089326214082, 0.0 ], [ 56.391919416887475, 58.213084486388432, 0.0 ], [ 56.391879768969652, 58.213079290707689, 0.0 ], [ 56.391840293850024, 58.21307374066842, 0.0 ], [ 56.39180100289942, 58.213067837869353, 0.0 ], [ 56.391761907435615, 58.213061584010802, 0.0 ], [ 56.39172301872005, 58.213054980894213, 0.0 ], [ 56.39168434795458, 58.213048030421618, 0.0 ], [ 56.391645906278292, 58.213040734595133, 0.0 ], [ 56.391607704764233, 58.21303309551633, 0.0 ], [ 56.391569754416267, 58.213025115385655, 0.0 ], [ 56.391532066165873, 58.213016796501812, 0.0 ], [ 56.391494650869028, 58.213008141261007, 0.0 ] ] } },
{ "type": "Feature", "properties": { "fid": 4811, "handle": 3711834, "block": -1, "etype": 18, "space": 0, "layer": "0_Roads_Hatch", "olinetype": "bylayer", "linetype": "", "color": "0,0,0,255", "ocolor": 256, "color24": -1, "transparency": 0, "lweight": -1, "linewidth": 0.0, "ltscale": 1.0, "visible": 1, "width": 4.5, "thickness": 0.0, "ext": "(3:0,0,0.1)" }, "geometry": { "type": "LineString", "coordinates": [ [ 56.391499640851748, 58.213010015214408, 0.0 ], [ 56.391404006755636, 58.212987157285511, 0.0 ], [ 56.391309115614071, 58.212963452722775, 0.0 ], [ 56.39121499433611, 58.212938908248759, 0.0 ], [ 56.391121669612374, 58.21291353082399, 0.0 ], [ 56.391029167907377, 58.212887327645433, 0.0 ], [ 56.390937515452087, 58.212860306144066, 0.0 ], [ 56.390846738236426, 58.212832473982957, 0.0 ], [ 56.390756862001957, 58.212803839055077, 0.0 ] ] } },
{ "type": "Feature", "properties": { "fid": 4812, "handle": 3711874, "block": -1, "etype": 18, "space": 0, "layer": "0_Roads_Hatch", "olinetype": "bylayer", "linetype": "", "color": "0,0,0,255", "ocolor": 256, "color24": -1, "transparency": 0, "lweight": -1, "linewidth": 0.0, "ltscale": 1.0, "visible": 1, "width": 4.5, "thickness": 0.0, "ext": "(3:0,0,0.1)" }, "geometry": { "type": "LineString", "coordinates": [ [ 56.393057362042697, 58.211870743778626, 0.0 ], [ 56.393041995078946, 58.211865610293117, 0.0 ], [ 56.393026798544156, 58.211860337388693, 0.0 ], [ 56.393011776979037, 58.211854926640925, 0.0 ], [ 56.392996934872073, 58.211849379666567, 0.0 ], [ 56.39298227665806, 58.21184369812309, 0.0 ], [ 56.392967806716861, 58.211837883708156, 0.0 ], [ 56.392953529372107, 58.21183193815915, 0.0 ], [ 56.392939448889827, 58.211825863252663, 0.0 ], [ 56.392925569477242, 58.211819660803855, 0.0 ], [ 56.3929118952815, 58.211813332666118, 0.0 ], [ 56.392898430388385, 58.211806880730258, 0.0 ], [ 56.392885178821167, 58.211800306924196, 0.0 ], [ 56.392872144539346, 58.211793613212201, 0.0 ], [ 56.392859331437514, 58.211786801594364, 0.0 ], [ 56.39284674334413, 58.211779874106021, 0.0 ], [ 56.392834384020446, 58.211772832817175, 0.0 ], [ 56.392822257159345, 58.211765679831757, 0.0 ], [ 56.392810366384232, 58.211758417287108, 0.0 ], [ 56.39279871524797, 58.211751047353324, 0.0 ], [ 56.392787307231792, 58.211743572232514, 0.0 ], [ 56.3927761457443, 58.211735994158353, 0.0 ], [ 56.392765234120425, 58.211728315395064, 0.0 ], [ 56.392754575620437, 58.211720538237216, 0.0 ], [ 56.392744173428945, 58.211712665008569, 0.0 ], [ 56.392734030653955, 58.211704698061666, 0.0 ], [ 56.392724150326018, 58.211696639777038, 0.0 ], [ 56.392714535397189, 58.21168849256258, 0.0 ], [ 56.392705188740244, 58.211680258852645, 0.0 ], [ 56.392696113147792, 58.211671941107454, 0.0 ], [ 56.39268731133145, 58.211663541812406, 0.0 ], [ 56.392678785920999, 58.211655063477217, 0.0 ], [ 56.392670539463651, 58.211646508635198, 0.0 ], [ 56.392662574423262, 58.211637879842542, 0.0 ], [ 56.392654893179575, 58.21162917967753, 0.0 ], [ 56.392647498027515, 58.211620410739819, 0.0 ], [ 56.392640391176577, 58.21161157564952, 0.0 ], [ 56.392633574750057, 58.21160267704655, 0.0 ], [ 56.392627050784469, 58.211593717589842, 0.0 ], [ 56.392620821228974, 58.211584699956497, 0.0 ], [ 56.392614887944703, 58.21157562684089, 0.0 ], [ 56.392609252704311, 58.211566500954135, 0.0 ], [ 56.392603917191366, 58.211557325023009, 0.0 ], [ 56.392598882999884, 58.211548101789248, 0.0 ], [ 56.392594151633801, 58.211538834008792, 0.0 ], [ 56.392589724506649, 58.211529524450739, 0.0 ], [ 56.392585602940976, 58.211520175896887, 0.0 ], [ 56.392581788168073, 58.211510791140455, 0.0 ], [ 56.392578281327523, 58.21150137298563, 0.0 ], [ 56.39257508346693, 58.211491924246531, 0.0 ], [ 56.39257219554154, 58.211482447746427, 0.0 ], [ 56.392569618414022, 58.211472946316796, 0.0 ], [ 56.392567352854151, 58.211463422796683, 0.0 ], [ 56.392565399538626, 58.211453880031698, 0.0 ] ] } },
{ "type": "Feature", "properties": { "fid": 4813, "handle": 3711934, "block": -1, "etype": 18, "space": 0, "layer": "0_Roads_Hatch", "olinetype": "bylayer", "linetype": "", "color": "0,0,0,255", "ocolor": 256, "color24": -1, "transparency": 0, "lweight": -1, "linewidth": 0.0, "ltscale": 1.0, "visible": 1, "width": 4.5, "thickness": 0.0, "ext": "(3:0,0,0.1)" }, "geometry": { "type": "LineString", "coordinates": [ [ 56.392075967151058, 58.212415247676653, 0.0 ], [ 56.39206188036701, 58.21240243079761, 0.0 ], [ 56.392047376384497, 58.212389744187838, 0.0 ], [ 56.392032459527883, 58.212377191629493, 0.0 ], [ 56.39201713424454, 58.212364776864639, 0.0 ], [ 56.392001405103635, 58.212352503594403, 0.0 ], [ 56.391985276794671, 58.212340375477538, 0.0 ], [ 56.391968754126168, 58.212328396129728, 0.0 ], [ 56.391951842024191, 58.212316569122144, 0.0 ], [ 56.391934545530873, 58.212304897980601, 0.0 ], [ 56.391916869802934, 58.212293386184449, 0.0 ], [ 56.391898820110157, 58.212282037165551, 0.0 ], [ 56.391880401833731, 58.212270854307164, 0.0 ], [ 56.391861620464766, 58.212259840943105, 0.0 ], [ 56.391842481602581, 58.212249000356572, 0.0 ], [ 56.391822990953052, 58.212238335779325, 0.0 ], [ 56.391803154326915, 58.212227850390583, 0.0 ], [ 56.391782977638037, 58.212217547316179, 0.0 ], [ 56.391762466901625, 58.212207429627611, 0.0 ], [ 56.391741628232474, 58.212197500341098, 0.0 ], [ 56.391720467843108, 58.212187762416654, 0.0 ], [ 56.391698992041974, 58.212178218757295, 0.0 ], [ 56.391677207231488, 58.212168872208068, 0.0 ], [ 56.391655119906218, 58.212159725555303, 0.0 ], [ 56.391632736650848, 58.212150781525736, 0.0 ], [ 56.391610064138312, 58.212142042785651, 0.0 ], [ 56.391587109127741, 58.212133511940202, 0.0 ], [ 56.391563878462456, 58.212125191532508, 0.0 ], [ 56.391540379067962, 58.21211708404293, 0.0 ], [ 56.391516617949826, 58.212109191888445, 0.0 ], [ 56.391492602191683, 58.212101517421772, 0.0 ], [ 56.391468338953004, 58.21209406293071, 0.0 ], [ 56.39144383546703, 58.21208683063756, 0.0 ], [ 56.391419099038664, 58.212079822698321, 0.0 ], [ 56.39139413704217, 58.212073041202125, 0.0 ], [ 56.391368956919088, 58.212066488170585, 0.0 ], [ 56.391343566175919, 58.212060165557233, 0.0 ], [ 56.391317972382026, 58.212054075246854, 0.0 ], [ 56.391292183167195, 58.21204821905512, 0.0 ], [ 56.391266206219548, 58.212042598727727, 0.0 ], [ 56.39124004928307, 58.212037215940128, 0.0 ], [ 56.391213720155442, 58.212032072297063, 0.0 ], [ 56.391187226685702, 58.212027169331819, 0.0 ], [ 56.391160576771767, 58.212022508506053, 0.0 ], [ 56.391133778358295, 58.212018091209131, 0.0 ], [ 56.391106839434116, 58.212013918757975, 0.0 ], [ 56.391079768029989, 58.212009992396354, 0.0 ], [ 56.391052572216132, 58.212006313294751, 0.0 ], [ 56.391025260099866, 58.212002882549939, 0.0 ], [ 56.390997839823164, 58.211999701184673, 0.0 ], [ 56.390970319560225, 58.211996770147344, 0.0 ], [ 56.390942707515052, 58.211994090311663, 0.0 ] ] } },
{ "type": "Feature", "properties": { "fid": 4816, "handle": 3713130, "block": -1, "etype": 18, "space": 0, "layer": "0_Roads_Hatch", "olinetype": "bylayer", "linetype": "", "color": "0,0,0,255", "ocolor": 256, "color24": -1, "transparency": 0, "lweight": -1, "linewidth": 0.0, "ltscale": 1.0, "visible": 1, "width": 4.5, "thickness": 0.0, "ext": "(3:0,0,0.1)" }, "geometry": { "type": "LineString", "coordinates": [ [ 56.394300399916609, 58.219705149264598, 0.0 ], [ 56.394789046669729, 58.219820730105184, 0.0 ] ] } },
{ "type": "Feature", "properties": { "fid": 4820, "handle": 3713188, "block": -1, "etype": 18, "space": 0, "layer": "0_Roads_Hatch", "olinetype": "bylayer", "linetype": "", "color": "0,0,0,255", "ocolor": 256, "color24": -1, "transparency": 0, "lweight": -1, "linewidth": 0.0, "ltscale": 1.0, "visible": 1, "width": 4.5, "thickness": 0.0, "ext": "(3:0,0,0.1)" }, "geometry": { "type": "LineString", "coordinates": [ [ 56.393876395292565, 58.220179766652684, 0.0 ], [ 56.394637676748317, 58.220310858577676, 0.0 ] ] } },
{ "type": "Feature", "properties": { "fid": 4825, "handle": 3713249, "block": -1, "etype": 18, "space": 0, "layer": "0_Roads_Hatch", "olinetype": "bylayer", "linetype": "", "color": "0,0,0,255", "ocolor": 256, "color24": -1, "transparency": 0, "lweight": -1, "linewidth": 0.0, "ltscale": 1.0, "visible": 1, "width": 4.5, "thickness": 0.0, "ext": "(3:0,0,0.1)" }, "geometry": { "type": "LineString", "coordinates": [ [ 56.393572400210033, 58.220704970170154, 0.0 ], [ 56.394400949018333, 58.220842940363639, 0.0 ] ] } },
{ "type": "Feature", "properties": { "fid": 4830, "handle": 3713349, "block": -1, "etype": 18, "space": 0, "layer": "0_Roads_Hatch", "olinetype": "bylayer", "linetype": "", "color": "0,0,0,255", "ocolor": 256, "color24": -1, "transparency": 0, "lweight": -1, "linewidth": 0.0, "ltscale": 1.0, "visible": 1, "width": 4.5, "thickness": 0.0, "ext": "(3:0,0,0.1)" }, "geometry": { "type": "LineString", "coordinates": [ [ 56.393411210324942, 58.221347961642728, 0.0 ], [ 56.394054866427709, 58.221454733471177, 0.0 ] ] } },
{ "type": "Feature", "properties": { "fid": 4833, "handle": 3713671, "block": -1, "etype": 18, "space": 0, "layer": "0_Roads_Hatch", "olinetype": "bylayer", "linetype": "", "color": "0,0,0,255", "ocolor": 256, "color24": -1, "transparency": 0, "lweight": -1, "linewidth": 0.0, "ltscale": 1.0, "visible": 1, "width": 6.0, "thickness": 0.0, "ext": "(3:0,0,0.1)" }, "geometry": { "type": "LineString", "coordinates": [ [ 56.39570301167916, 58.211478827368261, 0.0 ], [ 56.395654522854976, 58.211473777218309, 0.0 ], [ 56.395605877236413, 58.211469166187698, 0.0 ], [ 56.395557089098716, 58.211464995629612, 0.0 ], [ 56.395508172758902, 58.211461266767849, 0.0 ], [ 56.39545914257166, 58.211457980696672, 0.0 ], [ 56.395410012925005, 58.21145513838038, 0.0 ], [ 56.395360798236176, 58.211452740653094, 0.0 ], [ 56.395311512947323, 58.211450788218379, 0.0 ], [ 56.395262171521338, 58.211449281649209, 0.0 ], [ 56.395212788437533, 58.21144822138767, 0.0 ], [ 56.39516337818749, 58.211447607744923, 0.0 ], [ 56.395113955270745, 58.211447440901033, 0.0 ], [ 56.395064534190546, 58.211447720904971, 0.0 ], [ 56.39501512944959, 58.211448447674528, 0.0 ], [ 56.394965755545783, 58.21144962099644, 0.0 ], [ 56.39491642696801, 58.211451240526436, 0.0 ], [ 56.39486715819185, 58.211453305789242, 0.0 ], [ 56.394817963675322, 58.21145581617877, 0.0 ], [ 56.394768857854672, 58.211458770958359, 0.0 ], [ 56.39471985514011, 58.211462169260948, 0.0 ], [ 56.394670969911687, 58.211466010089254, 0.0 ], [ 56.394622216514861, 58.2114702923162, 0.0 ], [ 56.394573609256497, 58.211475014685142, 0.0 ], [ 56.394525162400583, 58.211480175810301, 0.0 ], [ 56.394476890164029, 58.211485774177106, 0.0 ], [ 56.394428806712568, 58.21149180814276, 0.0 ], [ 56.394380926156501, 58.211498275936492, 0.0 ], [ 56.394333262546667, 58.211505175660356, 0.0 ], [ 56.394285829870185, 58.211512505289583, 0.0 ], [ 56.394238642046531, 58.211520262673297, 0.0 ], [ 56.394191712923266, 58.211528445535045, 0.0 ], [ 56.394113217431396, 58.211546276414815, 0.0 ], [ 56.394035310057838, 58.21156481187122, 0.0 ], [ 56.393958013505149, 58.211584046503155, 0.0 ], [ 56.393881350297924, 58.211603974705774, 0.0 ], [ 56.393805342776353, 58.211624590672159, 0.0 ], [ 56.393730013089673, 58.211645888394905, 0.0 ], [ 56.393655383189731, 58.21166786166804, 0.0 ], [ 56.393581474824551, 58.211690504088637, 0.0 ], [ 56.393508309532045, 58.2117138090588, 0.0 ], [ 56.393435908633755, 58.21173776978754, 0.0 ], [ 56.39336429322853, 58.211762379292814, 0.0 ], [ 56.393293484186543, 58.211787630403492, 0.0 ], [ 56.39322350214308, 58.211813515761456, 0.0 ], [ 56.393154367492556, 58.211840027823726, 0.0 ], [ 56.393086100382639, 58.21186715886477, 0.0 ], [ 56.393018720708312, 58.211894900978585, 0.0 ], [ 56.392952248106091, 58.211923246081106, 0.0 ], [ 56.392886701948306, 58.21195218591258, 0.0 ], [ 56.392822101337494, 58.211981712039886, 0.0 ], [ 56.392758465100727, 58.212011815859007, 0.0 ], [ 56.392695811784279, 58.212042488597653, 0.0 ], [ 56.392634159648104, 58.212073721317637, 0.0 ], [ 56.392573526660513, 58.212105504917616, 0.0 ], [ 56.392513930493024, 58.21213783013571, 0.0 ], [ 56.392455388515174, 58.212170687552103, 0.0 ], [ 56.392397917789395, 58.212204067591955, 0.0 ], [ 56.392341535066116, 58.212237960528078, 0.0 ], [ 56.392286256778839, 58.212272356483766, 0.0 ], [ 56.392232099039418, 58.212307245435724, 0.0 ], [ 56.392179077633223, 58.212342617216969, 0.0 ], [ 56.392127208014706, 58.212378461519727, 0.0 ], [ 56.392076505302754, 58.212414767898629, 0.0 ], [ 56.392028217498186, 58.212451986566244, 0.0 ], [ 56.391981148630826, 58.2124896376584, 0.0 ], [ 56.391935312603955, 58.212527710056676, 0.0 ], [ 56.391890722956987, 58.212566192518288, 0.0 ], [ 56.391847392861365, 58.212605073679278, 0.0 ], [ 56.391805335116707, 58.212644342057999, 0.0 ], [ 56.391764562147046, 58.212683986058252, 0.0 ], [ 56.391725085997166, 58.21272399397305, 0.0 ], [ 56.391686918328958, 58.212764353987843, 0.0 ], [ 56.391650070418031, 58.212805054183981, 0.0 ], [ 56.39161455315044, 58.212846082542441, 0.0 ], [ 56.391580377019316, 58.212887426947177, 0.0 ], [ 56.391547552121907, 58.212929075188754, 0.0 ], [ 56.391516088156514, 58.212971014968097, 0.0 ], [ 56.391485994419625, 58.213013233899794, 0.0 ], [ 56.391457279803184, 58.213055719516149, 0.0 ], [ 56.391429952791981, 58.213098459270483, 0.0 ], [ 56.391404021461121, 58.213141440541172, 0.0 ], [ 56.391379493473544, 58.213184650635114, 0.0 ], [ 56.391356376077965, 58.213228076791665, 0.0 ], [ 56.391334676106524, 58.213271706186305, 0.0 ], [ 56.391314399972835, 58.213315525934448, 0.0 ], [ 56.391295553670147, 58.2133595230952, 0.0 ], [ 56.391278142769487, 58.213403684675256, 0.0 ], [ 56.391262172418024, 58.213447997632763, 0.0 ], [ 56.391247647337579, 58.213492448881027, 0.0 ], [ 56.391234571823183, 58.213537025292503, 0.0 ], [ 56.391222949741831, 58.213581713702659, 0.0 ], [ 56.391212784531298, 58.213626500913769, 0.0 ], [ 56.391204079199177, 58.213671373698922, 0.0 ], [ 56.391196836321946, 58.213716318805929, 0.0 ], [ 56.391191058044171, 58.213761322961112, 0.0 ], [ 56.391186746077921, 58.213806372873336, 0.0 ], [ 56.391183901702227, 58.213851455237908, 0.0 ], [ 56.391182525762723, 58.213896556740529, 0.0 ], [ 56.391182618671365, 58.213941664061117, 0.0 ], [ 56.391184180406285, 58.213986763877877, 0.0 ], [ 56.391187210511823, 58.214031842871194, 0.0 ], [ 56.391191708098674, 58.214076887727558, 0.0 ], [ 56.391197671844076, 58.214121885143406, 0.0 ], [ 56.39120509999227, 58.214166821829203, 0.0 ], [ 56.39121399035497, 58.214211684513309, 0.0 ], [ 56.391224340311979, 58.214256459945865, 0.0 ], [ 56.391236146812041, 58.214301134902755, 0.0 ], [ 56.391249406373603, 58.214345696189461, 0.0 ], [ 56.391264115086024, 58.214390130644972, 0.0 ], [ 56.391280268610515, 58.21443442514574, 0.0 ], [ 56.391297862181553, 58.214478566609458, 0.0 ], [ 56.391348758393029, 58.214610561783331, 0.0 ], [ 56.391403943298926, 58.214742076158856, 0.0 ], [ 56.391463400664982, 58.214873070933898, 0.0 ], [ 56.391527112995746, 58.215003507459414, 0.0 ], [ 56.391595061539846, 58.2151333472505, 0.0 ], [ 56.391667226295297, 58.215262551997974, 0.0 ], [ 56.391743586015494, 58.215391083579469, 0.0 ], [ 56.391824118215368, 58.215518904070997, 0.0 ], [ 56.391851640909017, 58.215556964883604, 0.0 ], [ 56.391880376218104, 58.215594775310038, 0.0 ], [ 56.391910315970932, 58.215632324592832, 0.0 ], [ 56.391941451653032, 58.215669602048635, 0.0 ], [ 56.391973774409614, 58.215706597071545, 0.0 ], [ 56.392007275048073, 58.21574329913588, 0.0 ], [ 56.392041944040514, 58.215779697799363, 0.0 ], [ 56.392077771526651, 58.215815782705903, 0.0 ], [ 56.39211474731642, 58.215851543588776, 0.0 ], [ 56.392152860892971, 58.215886970273274, 0.0 ], [ 56.392192101415624, 58.215922052679879, 0.0 ], [ 56.39223245772299, 58.215956780826907, 0.0 ], [ 56.392273918336059, 58.215991144833481, 0.0 ], [ 56.392316471461598, 58.216025134922297, 0.0 ], [ 56.392360104995362, 58.216058741422401, 0.0 ], [ 56.392404806525619, 58.21609195477194, 0.0 ], [ 56.392450563336709, 58.216124765520895, 0.0 ], [ 56.392497362412534, 58.216157164333815, 0.0 ], [ 56.392545190440359, 58.216189141992388, 0.0 ], [ 56.392594033814618, 58.216220689398121, 0.0 ], [ 56.392643878640683, 58.216251797574913, 0.0 ], [ 56.39269471073893, 58.216282457671603, 0.0 ], [ 56.392746515648632, 58.21631266096454, 0.0 ], [ 56.392799278632275, 58.216342398859958, 0.0 ], [ 56.392852984679514, 58.216371662896542, 0.0 ], [ 56.39290761851165, 58.216400444747741, 0.0 ], [ 56.392960899969921, 58.216427699405649, 0.0 ], [ 56.393015060799243, 58.216454467070122, 0.0 ], [ 56.393070085018465, 58.21648073984187, 0.0 ], [ 56.393125956391621, 58.216506509967637, 0.0 ], [ 56.393182658432565, 58.216531769842618, 0.0 ], [ 56.393240174409947, 58.21655651201241, 0.0 ], [ 56.393298487352098, 58.216580729175462, 0.0 ], [ 56.39335758005209, 58.216604414185163, 0.0 ], [ 56.393417435072713, 58.216627560051798, 0.0 ], [ 56.393478034751752, 58.216650159944891, 0.0 ], [ 56.39353936120709, 58.216672207195046, 0.0 ], [ 56.393601396342028, 58.21669369529581, 0.0 ], [ 56.393664121850662, 58.216714617905936, 0.0 ], [ 56.393727519223255, 58.216734968850886, 0.0 ], [ 56.393791569751642, 58.216754742124884, 0.0 ], [ 56.393856254534853, 58.216773931892682, 0.0 ], [ 56.393921554484642, 58.216792532491027, 0.0 ], [ 56.393987450331124, 58.216810538430735, 0.0 ], [ 56.394053922628487, 58.216827944398005, 0.0 ], [ 56.394120951760684, 58.216844745256118, 0.0 ], [ 56.394188517947264, 58.216860936046878, 0.0 ], [ 56.394256601249189, 58.216876511992162, 0.0 ], [ 56.394325181574779, 58.216891468495312, 0.0 ], [ 56.394394238685521, 58.216905801142431, 0.0 ], [ 56.394463752202192, 58.216919505703714, 0.0 ], [ 56.394533701610776, 58.216932578134781, 0.0 ], [ 56.394604066268514, 58.216945014577661, 0.0 ], [ 56.394674825410085, 58.216956811362238, 0.0 ], [ 56.394745958153678, 58.216967965007079, 0.0 ], [ 56.394817443507137, 58.216978472220518, 0.0 ], [ 56.394889260374185, 58.216988329901703, 0.0 ], [ 56.39496138756072, 58.216997535141452, 0.0 ], [ 56.395033803780926, 58.217006085223218, 0.0 ], [ 56.395106487663682, 58.21701397762358, 0.0 ], [ 56.395179417758825, 58.217021210013471, 0.0 ], [ 56.395252572543484, 58.217027780258427, 0.0 ], [ 56.395325930428442, 58.217033686419413, 0.0 ], [ 56.395399469764513, 58.217038926753482, 0.0 ], [ 56.395473168848937, 58.217043499714073, 0.0 ], [ 56.395547005931746, 58.217047403951632, 0.0 ], [ 56.395620959222278, 58.217050638313907, 0.0 ], [ 56.395695006895501, 58.21705320184644, 0.0 ], [ 56.395769127098568, 58.217055093792638, 0.0 ], [ 56.395843297957171, 58.217056313594121, 0.0 ], [ 56.395917497582047, 58.217056860890956, 0.0 ], [ 56.395991704075463, 58.217056735521624, 0.0 ], [ 56.396065895537646, 58.217055937523071, 0.0 ], [ 56.396140050073264, 58.217054467130865, 0.0 ], [ 56.396214145797877, 58.217052324778884, 0.0 ], [ 56.396288160844414, 58.217049511099404, 0.0 ], [ 56.396362073369644, 58.217046026922773, 0.0 ], [ 56.39643586156059, 58.217041873277275, 0.0 ], [ 56.396509503640999, 58.217037051388708, 0.0 ], [ 56.396582977877763, 58.217031562680063, 0.0 ], [ 56.396656262587335, 58.217025408771235, 0.0 ], [ 56.39672933614213, 58.217018591478258, 0.0 ], [ 56.396802176976905, 58.217011112813111, 0.0 ], [ 56.396874763595164, 58.217002974982876, 0.0 ], [ 56.396947074575451, 58.216994180389129, 0.0 ], [ 56.397019088577707, 58.216984731627321, 0.0 ], [ 56.397073260932068, 58.216975389854966, 0.0 ], [ 56.397127120353908, 58.216965557158488, 0.0 ], [ 56.397180650867057, 58.216955236454559, 0.0 ], [ 56.397233836592946, 58.216944430804624, 0.0 ], [ 56.397286661755359, 58.216933143413989, 0.0 ], [ 56.39733911068506, 58.216921377630811, 0.0 ], [ 56.397391167824445, 58.216909136945176, 0.0 ], [ 56.397442817732212, 58.216896424988093, 0.0 ], [ 56.397494045087853, 58.216883245530276, 0.0 ], [ 56.397544834696298, 58.21686960248114, 0.0 ], [ 56.397595171492341, 58.216855499887636, 0.0 ], [ 56.397645040545179, 58.216840941932979, 0.0 ], [ 56.397694427062795, 58.216825932935457, 0.0 ], [ 56.397743316396358, 58.216810477347224, 0.0 ], [ 56.397791694044564, 58.216794579752779, 0.0 ], [ 56.397839545657966, 58.216778244867854, 0.0 ], [ 56.39788685704319, 58.216761477537737, 0.0 ], [ 56.397933614167179, 58.216744282736087, 0.0 ], [ 56.39797980316137, 58.216726665563357, 0.0 ], [ 56.398025410325715, 58.21670863124524, 0.0 ], [ 56.398070422132903, 58.216690185131142, 0.0 ], [ 56.398114825232199, 58.216671332692719, 0.0 ], [ 56.398158606453549, 58.216652079522035, 0.0 ], [ 56.398201752811374, 58.216632431330005, 0.0 ], [ 56.398244251508515, 58.216612393944743, 0.0 ], [ 56.398286089939987, 58.216591973309868, 0.0 ], [ 56.398327255696707, 58.216571175482542, 0.0 ], [ 56.398367736569163, 58.216550006631856, 0.0 ], [ 56.398453598858197, 58.216503478980641, 0.0 ], [ 56.398537936838999, 58.216456181403636, 0.0 ], [ 56.398620725726808, 58.216408127803668, 0.0 ], [ 56.398701941192499, 58.216359332305956, 0.0 ], [ 56.398781559369745, 58.216309809253644, 0.0 ], [ 56.398859556862043, 58.216259573203658, 0.0 ], [ 56.39893591074955, 58.216208638922467, 0.0 ], [ 56.399010598595865, 58.21615702138174, 0.0 ], [ 56.399083598454574, 58.216104735753866, 0.0 ], [ 56.399154888875671, 58.216051797407601, 0.0 ], [ 56.399224448911994, 58.21599822190344, 0.0 ], [ 56.3992922581252, 58.21594402498912, 0.0 ], [ 56.399358296591892, 58.215889222594946, 0.0 ], [ 56.399422544909406, 58.215833830829141, 0.0 ], [ 56.399484984201536, 58.215777865973067, 0.0 ], [ 56.399545596124085, 58.215721344476506, 0.0 ], [ 56.399604362870193, 58.215664282952716, 0.0 ], [ 56.399661267175624, 58.215606698173602, 0.0 ], [ 56.399716292323795, 58.215548607064825, 0.0 ], [ 56.399769422150733, 58.215490026700778, 0.0 ], [ 56.399820641049729, 58.215430974299572, 0.0 ], [ 56.399869933975992, 58.215371467217956, 0.0 ], [ 56.399917286451078, 58.215311522946266, 0.0 ], [ 56.399962684566987, 58.215251159103232, 0.0 ], [ 56.400006114990447, 58.215190393430788, 0.0 ], [ 56.400047564966677, 58.215129243788951, 0.0 ], [ 56.400087022323198, 58.215067728150387, 0.0 ], [ 56.400124475473355, 58.215005864595391, 0.0 ], [ 56.400159913419706, 58.214943671306266, 0.0 ], [ 56.400193325757321, 58.214881166562272, 0.0 ], [ 56.400224702676731, 58.214818368734001, 0.0 ], [ 56.400254034966856, 58.214755296278149, 0.0 ], [ 56.400281314017711, 58.214691967732044, 0.0 ], [ 56.400306531822835, 58.214628401708076, 0.0 ], [ 56.400329680981777, 58.214564616888474, 0.0 ], [ 56.40035075470211, 58.2145006320196, 0.0 ], [ 56.400369746801502, 58.214436465906495, 0.0 ], [ 56.400376516983847, 58.21440805687368, 0.0 ], [ 56.400382370793494, 58.214379591195147, 0.0 ], [ 56.400387306539905, 58.214351077102314, 0.0 ], [ 56.400391322798029, 58.214322522840455, 0.0 ], [ 56.400394418408737, 58.214293936666593, 0.0 ], [ 56.400396592479076, 58.2142653268468, 0.0 ], [ 56.400397844382624, 58.214236701654073, 0.0 ], [ 56.400398173759577, 58.214208069365789, 0.0 ], [ 56.400397580516952, 58.214179438261418, 0.0 ], [ 56.400396064828506, 58.214150816619934, 0.0 ], [ 56.40039362713474, 58.214122212717704, 0.0 ], [ 56.400390268142772, 58.214093634825858, 0.0 ], [ 56.400385988826088, 58.214065091208042, 0.0 ], [ 56.400380790424357, 58.2140365901179, 0.0 ], [ 56.400374674442908, 58.214008139796789, 0.0 ], [ 56.400367642652455, 58.213979748471409, 0.0 ], [ 56.400359697088476, 58.21395142435135, 0.0 ], [ 56.400350840050699, 58.213923175626704, 0.0 ], [ 56.400341074102329, 58.213895010465841, 0.0 ], [ 56.400330402069415, 58.213866937012831, 0.0 ], [ 56.40031882704001, 58.213838963385335, 0.0 ], [ 56.400306352363174, 58.213811097672036, 0.0 ], [ 56.400292981648136, 58.213783347930381, 0.0 ], [ 56.40027871876319, 58.213755722184359, 0.0 ], [ 56.400263567834529, 58.213728228422042, 0.0 ], [ 56.400247533245185, 58.213700874593229, 0.0 ], [ 56.400230619633561, 58.213673668607399, 0.0 ], [ 56.400212831892276, 58.213646618331182, 0.0 ], [ 56.400194175166654, 58.213619731586142, 0.0 ], [ 56.400174654853231, 58.213593016146568, 0.0 ] ] } },
{ "type": "Feature", "properties": { "fid": 4834, "handle": 3713764, "block": -1, "etype": 18, "space": 0, "layer": "0_Roads_Hatch", "olinetype": "bylayer", "linetype": "", "color": "0,0,0,255", "ocolor": 256, "color24": -1, "transparency": 0, "lweight": -1, "linewidth": 0.0, "ltscale": 1.0, "visible": 1, "width": 6.0, "thickness": 0.0, "ext": "(3:0,0,0.1)" }, "geometry": { "type": "LineString", "coordinates": [ [ 56.39570301167916, 58.211478827368261, 0.0 ], [ 56.395799146211829, 58.211493177046243, 0.0 ], [ 56.395894804038484, 58.211508388294128, 0.0 ], [ 56.395989957441813, 58.211524456704538, 0.0 ], [ 56.396084578850562, 58.211541377621629, 0.0 ], [ 56.396178640847459, 58.211559146142569, 0.0 ], [ 56.396272116177293, 58.211577757118953, 0.0 ], [ 56.396364977754587, 58.211597205158256, 0.0 ], [ 56.396457198671683, 58.211617484625414, 0.0 ], [ 56.396548752206364, 58.211638589644359, 0.0 ], [ 56.396639611829642, 58.211660514099954, 0.0 ], [ 56.396729751213478, 58.211683251639485, 0.0 ], [ 56.396819144238364, 58.211706795674743, 0.0 ], [ 56.39690776500089, 58.211731139383716, 0.0 ], [ 56.396995587821252, 58.211756275712759, 0.0 ], [ 56.397082587250729, 58.211782197378525, 0.0 ], [ 56.39716873807896, 58.211808896870011, 0.0 ], [ 56.397254015341353, 58.211836366450903, 0.0 ], [ 56.397365306128499, 58.21187391243695, 0.0 ], [ 56.397475365851868, 58.211912456027775, 0.0 ], [ 56.397584162408464, 58.211951985982154, 0.0 ], [ 56.397691664063352, 58.211992490771067, 0.0 ], [ 56.397797839458946, 58.212033958581195, 0.0 ], [ 56.397902657624108, 58.212076377318333, 0.0 ], [ 56.398006087983276, 58.212119734610809, 0.0 ], [ 56.398108100365285, 58.212164017813208, 0.0 ], [ 56.398208665012199, 58.212209214010095, 0.0 ], [ 56.398307752588003, 58.212255310019593, 0.0 ], [ 56.398405334187117, 58.212302292397396, 0.0 ], [ 56.398501381342875, 58.212350147440603, 0.0 ], [ 56.398595866035834, 58.212398861191751, 0.0 ], [ 56.398688760701873, 58.212448419442836, 0.0 ], [ 56.398780038240318, 58.212498807739564, 0.0 ], [ 56.398869672021803, 58.212550011385382, 0.0 ], [ 56.398957635896032, 58.21260201544596, 0.0 ], [ 56.399043904199473, 58.212654804753313, 0.0 ], [ 56.399128451762735, 58.212708363910579, 0.0 ], [ 56.399211253918054, 58.212762677296041, 0.0 ], [ 56.399292286506331, 58.212817729068107, 0.0 ], [ 56.399371525884362, 58.212873503169597, 0.0 ], [ 56.399448948931564, 58.212929983332735, 0.0 ], [ 56.399524533056869, 58.212987153083581, 0.0 ], [ 56.399598256205223, 58.213044995747076, 0.0 ], [ 56.399670096864064, 58.213103494451722, 0.0 ], [ 56.399740034069609, 58.213162632134683, 0.0 ], [ 56.399808047412961, 58.213222391546573, 0.0 ], [ 56.399874117046075, 58.213282755256621, 0.0 ], [ 56.39993822368757, 58.213343705657714, 0.0 ], [ 56.400000348628318, 58.213405224971432, 0.0 ], [ 56.400060473736971, 58.213467295253501, 0.0 ], [ 56.4001185814652, 58.213529898398612, 0.0 ], [ 56.400174654852897, 58.213593016146127, 0.0 ] ] } },
{ "type": "Feature", "properties": { "fid": 4855, "handle": 3713897, "block": -1, "etype": 18, "space": 0, "layer": "0_Roads_Hatch", "olinetype": "bylayer", "linetype": "", "color": "0,0,0,255", "ocolor": 256, "color24": -1, "transparency": 0, "lweight": -1, "linewidth": 0.0, "ltscale": 1.0, "visible": 1, "width": 15.0, "thickness": 0.0, "ext": "(3:0,0,0.1)" }, "geometry": { "type": "LineString", "coordinates": [ [ 56.399353134625315, 58.210514755789255, 0.0 ], [ 56.399501787979212, 58.210624214558457, 0.0 ] ] } },
{ "type": "Feature", "properties": { "fid": 4857, "handle": 3713899, "block": -1, "etype": 18, "space": 0, "layer": "0_Roads_Hatch", "olinetype": "bylayer", "linetype": "", "color": "0,0,0,255", "ocolor": 256, "color24": -1, "transparency": 0, "lweight": -1, "linewidth": 0.0, "ltscale": 1.0, "visible": 1, "width": 15.0, "thickness": 0.0, "ext": "(3:0,0,0.1)" }, "geometry": { "type": "LineString", "coordinates": [ [ 56.398417860489729, 58.21084735872487, 0.0 ], [ 56.398244990619055, 58.210946416721661, 0.0 ] ] } },
{ "type": "Feature", "properties": { "fid": 4858, "handle": 3713902, "block": -1, "etype": 18, "space": 0, "layer": "0_Roads_Hatch", "olinetype": "bylayer", "linetype": "", "color": "0,0,0,255", "ocolor": 256, "color24": -1, "transparency": 0, "lweight": -1, "linewidth": 0.0, "ltscale": 1.0, "visible": 1, "width": 15.0, "thickness": 0.0, "ext": "(3:0,0,0.1)" }, "geometry": { "type": "LineString", "coordinates": [ [ 56.402492915085539, 58.215659248085025, 0.0 ], [ 56.402486032492398, 58.215793871592027, 0.0 ] ] } },
{ "type": "Feature", "properties": { "fid": 4869, "handle": 3713961, "block": -1, "etype": 18, "space": 0, "layer": "0_Roads_Hatch", "olinetype": "bylayer", "linetype": "", "color": "0,0,0,255", "ocolor": 256, "color24": -1, "transparency": 0, "lweight": -1, "linewidth": 0.0, "ltscale": 1.0, "visible": 1, "width": 6.0, "thickness": 0.0, "ext": "(3:0,0,0.1)" }, "geometry": { "type": "LineString", "coordinates": [ [ 56.397019088577707, 58.216984731627321, 0.0 ], [ 56.397040966558642, 58.216996983561941, 0.0 ], [ 56.397063242324208, 58.21700903425895, 0.0 ], [ 56.397085909228252, 58.21702088012271, 0.0 ], [ 56.397108960507872, 58.217032517618698, 0.0 ], [ 56.397132389285503, 58.217043943274547, 0.0 ], [ 56.397156188570882, 58.217055153681109, 0.0 ], [ 56.397180351263202, 58.217066145493462, 0.0 ], [ 56.397204870153196, 58.217076915431896, 0.0 ], [ 56.397229737925272, 58.217087460282904, 0.0 ], [ 56.397254947159745, 58.217097776900111, 0.0 ], [ 56.397280490335021, 58.217107862205289, 0.0 ], [ 56.397306359829841, 58.217117713189161, 0.0 ], [ 56.397332547925572, 58.217127326912468, 0.0 ], [ 56.397359046808489, 58.217136700506622, 0.0 ], [ 56.3973858485721, 58.21714583117474, 0.0 ], [ 56.397412945219557, 58.217154716192468, 0.0 ], [ 56.397440328665965, 58.217163352908621, 0.0 ], [ 56.397467990740857, 58.217171738746238, 0.0 ], [ 56.397495923190633, 58.217179871203129, 0.0 ], [ 56.397524117680952, 58.217187747852726, 0.0 ], [ 56.397552565799302, 58.217195366344782, 0.0 ], [ 56.397581259057503, 58.217202724406121, 0.0 ], [ 56.39761018889412, 58.217209819841194, 0.0 ], [ 56.397639346677217, 58.217216650532883, 0.0 ], [ 56.397668723706758, 58.217223214443003, 0.0 ], [ 56.397698311217333, 58.217229509613063, 0.0 ], [ 56.397728100380647, 58.217235534164658, 0.0 ], [ 56.397758082308243, 58.217241286300172, 0.0 ], [ 56.397788248054184, 58.217246764303312, 0.0 ], [ 56.397818588617604, 58.217251966539465, 0.0 ], [ 56.397849094945492, 58.217256891456429, 0.0 ], [ 56.397879757935371, 58.217261537584719, 0.0 ], [ 56.397910568438, 58.217265903537957, 0.0 ], [ 56.397941517260108, 58.217269988013427, 0.0 ], [ 56.397972595167126, 58.217273789792436, 0.0 ], [ 56.398003792886023, 58.217277307740538, 0.0 ], [ 56.398035101107922, 58.217280540808083, 0.0 ], [ 56.398066510491034, 58.21728348803034, 0.0 ], [ 56.398098011663336, 58.217286148527961, 0.0 ], [ 56.398129595225427, 58.217288521507044, 0.0 ], [ 56.398161251753358, 58.217290606259574, 0.0 ], [ 56.398192971801294, 58.217292402163451, 0.0 ], [ 56.39822474590455, 58.217293908682855, 0.0 ], [ 56.398256564582255, 58.217295125368238, 0.0 ], [ 56.398288418340272, 58.217296051856536, 0.0 ], [ 56.398320297673926, 58.217296687871375, 0.0 ], [ 56.398352193070977, 58.21729703322292, 0.0 ], [ 56.39838409501435, 58.21729708780812, 0.0 ], [ 56.39841599398504, 58.217296851610691, 0.0 ], [ 56.398447880464921, 58.217296324701174, 0.0 ], [ 56.398479744939593, 58.217295507236699, 0.0 ], [ 56.398511577901211, 58.21729439946126, 0.0 ], [ 56.398543369851382, 58.21729300170535, 0.0 ], [ 56.398575111303884, 58.217291314386017, 0.0 ], [ 56.398606792787625, 58.217289338006765, 0.0 ], [ 56.398638404849372, 58.217287073157351, 0.0 ], [ 56.398669938056642, 58.217284520513452, 0.0 ], [ 56.398701383000464, 58.217281680836841, 0.0 ], [ 56.398732730298207, 58.217278554974797, 0.0 ], [ 56.39876397059642, 58.217275143860014, 0.0 ], [ 56.398795094573551, 58.217271448510296, 0.0 ], [ 56.398826092942755, 58.217267470028325, 0.0 ], [ 56.398856956454722, 58.217263209601157, 0.0 ], [ 56.398887675900347, 58.217258668500065, 0.0 ], [ 56.398918242113538, 58.217253848079991, 0.0 ], [ 56.398948645973945, 58.217248749779294, 0.0 ], [ 56.398978878409658, 58.217243375119232, 0.0 ], [ 56.399008930399923, 58.217237725703427, 0.0 ], [ 56.399038792977876, 58.217231803217672, 0.0 ], [ 56.399068457233142, 58.217225609429072, 0.0 ], [ 56.399097914314545, 58.217219146185734, 0.0 ], [ 56.399127155432787, 58.217212415416199, 0.0 ], [ 56.399156171862941, 58.21720541912876, 0.0 ], [ 56.399184954947188, 58.217198159410998, 0.0 ], [ 56.399213496097346, 58.21719063842913, 0.0 ], [ 56.399241786797461, 58.217182858427186, 0.0 ], [ 56.399269818606278, 58.217174821726609, 0.0 ], [ 56.399297583159822, 58.217166530725379, 0.0 ], [ 56.399325072173909, 58.217157987897394, 0.0 ], [ 56.399352277446532, 58.217149195791642, 0.0 ], [ 56.399379190860408, 58.217140157031494, 0.0 ], [ 56.399405804385374, 58.21713087431398, 0.0 ], [ 56.399432110080696, 58.217121350408803, 0.0 ], [ 56.399458100097583, 58.217111588157742, 0.0 ], [ 56.399483766681399, 58.217101590473661, 0.0 ], [ 56.399509102174072, 58.217091360339623, 0.0 ], [ 56.399534099016321, 58.217080900808078, 0.0 ], [ 56.399558749749943, 58.217070214999936, 0.0 ], [ 56.399583047020002, 58.217059306103586, 0.0 ], [ 56.399606983577073, 58.217048177374053, 0.0 ], [ 56.399630552279355, 58.217036832131846, 0.0 ], [ 56.399653746094856, 58.217025273762104, 0.0 ], [ 56.399676558103444, 58.217013505713638, 0.0 ], [ 56.399790389030429, 58.216939072071341, 0.0 ], [ 56.399901792749212, 58.216863622870839, 0.0 ], [ 56.400010736740327, 58.216787180146731, 0.0 ], [ 56.400117189203257, 58.216709766223595, 0.0 ], [ 56.400221119065733, 58.216631403709577, 0.0 ], [ 56.400322495992832, 58.216552115489655, 0.0 ], [ 56.400421290395734, 58.216471924718981, 0.0 ], [ 56.400517473440452, 58.216390854816083, 0.0 ], [ 56.400611017056143, 58.21630892945624, 0.0 ], [ 56.400701893943378, 58.21622617256422, 0.0 ], [ 56.40079007758203, 58.2161426083075, 0.0 ], [ 56.400875542239021, 58.216058261089231, 0.0 ], [ 56.400958262975863, 58.215973155540951, 0.0 ], [ 56.401038215655873, 58.21588731651552, 0.0 ], [ 56.401115376951203, 58.215800769079785, 0.0 ], [ 56.401189724349663, 58.215713538507345, 0.0 ], [ 56.401261236161261, 58.215625650270987, 0.0 ], [ 56.401329891524519, 58.215537130035464, 0.0 ], [ 56.401395670412519, 58.215448003649847, 0.0 ], [ 56.401458553638776, 58.215358297140071, 0.0 ], [ 56.40151852286278, 58.215268036701154, 0.0 ], [ 56.40157556059534, 58.215177248689791, 0.0 ], [ 56.401629650203688, 58.215085959616474, 0.0 ], [ 56.401680775916269, 58.214994196137802, 0.0 ], [ 56.401728922827331, 58.214901985048733, 0.0 ] ] } },
{ "type": "Feature", "properties": { "fid": 4870, "handle": 3713963, "block": -1, "etype": 18, "space": 0, "layer": "0_Roads_Hatch", "olinetype": "bylayer", "linetype": "", "color": "0,0,0,255", "ocolor": 256, "color24": -1, "transparency": 0, "lweight": -1, "linewidth": 0.0, "ltscale": 1.0, "visible": 1, "width": 6.0, "thickness": 0.0, "ext": "(3:0,0,0.1)" }, "geometry": { "type": "LineString", "coordinates": [ [ 56.39570301167916, 58.211478827368261, 0.0 ], [ 56.395720984973259, 58.211464858803204, 0.0 ], [ 56.395739416657598, 58.211451057625219, 0.0 ], [ 56.395758301136446, 58.211437428023821, 0.0 ], [ 56.395777632676619, 58.211423974136515, 0.0 ], [ 56.395797405409276, 58.211410700047374, 0.0 ], [ 56.395817613331616, 58.211397609785962, 0.0 ], [ 56.395838250308792, 58.211384707326033, 0.0 ], [ 56.395859310075693, 58.211371996584234, 0.0 ], [ 56.395880786238941, 58.211359481419137, 0.0 ], [ 56.395902672278723, 58.211347165629803, 0.0 ], [ 56.395924961550854, 58.211335052954915, 0.0 ], [ 56.395947647288743, 58.211323147071397, 0.0 ], [ 56.395970722605462, 58.21131145159341, 0.0 ], [ 56.395994180495904, 58.211299970071252, 0.0 ], [ 56.396018013838777, 58.211288705990263, 0.0 ], [ 56.39604221539885, 58.211277662769767, 0.0 ], [ 56.396066777829184, 58.211266843762075, 0.0 ], [ 56.396091693673242, 58.211256252251381, 0.0 ], [ 56.396116955367297, 58.21124589145284, 0.0 ], [ 56.396142555242598, 58.211235764511635, 0.0 ], [ 56.396168485527788, 58.211225874501821, 0.0 ], [ 56.396194738351241, 58.211216224425627, 0.0 ], [ 56.396221305743389, 58.211206817212449, 0.0 ], [ 56.396248179639265, 58.211197655717868, 0.0 ], [ 56.396275351880817, 58.21118874272296, 0.0 ], [ 56.396302814219474, 58.211180080933339, 0.0 ], [ 56.396330558318631, 58.211171672978402, 0.0 ], [ 56.396358575756132, 58.211163521410363, 0.0 ], [ 56.396386858026936, 58.211155628703757, 0.0 ], [ 56.396415396545549, 58.211147997254457, 0.0 ], [ 56.396444182648757, 58.211140629379059, 0.0 ], [ 56.396473207598177, 58.211133527314068, 0.0 ], [ 56.396502462582951, 58.211126693215483, 0.0 ], [ 56.396531938722447, 58.211120129157699, 0.0 ], [ 56.396561627068834, 58.211113837133411, 0.0 ], [ 56.396591518609945, 58.211107819052494, 0.0 ], [ 56.396621604271935, 58.211102076741845, 0.0 ], [ 56.396651874922021, 58.211096611944534, 0.0 ], [ 56.39668232137128, 58.211091426319456, 0.0 ], [ 56.396712934377462, 58.211086521440734, 0.0 ], [ 56.396743704647754, 58.211081898797275, 0.0 ], [ 56.396774622841647, 58.211077559792294, 0.0 ], [ 56.396805679573667, 58.21107350574291, 0.0 ], [ 56.396836865416368, 58.211069737879789, 0.0 ], [ 56.396868170903083, 58.211066257346637, 0.0 ], [ 56.39689958653085, 58.211063065200044, 0.0 ], [ 56.396931102763268, 58.211060162408977, 0.0 ], [ 56.396962710033435, 58.211057549854573, 0.0 ], [ 56.396994398746777, 58.211055228329897, 0.0 ], [ 56.397026159284046, 58.211053198539645, 0.0 ], [ 56.397057982004164, 58.211051461100013, 0.0 ], [ 56.397089857247195, 58.211050016538401, 0.0 ], [ 56.397121775337247, 58.211048865293257, 0.0 ], [ 56.397153726585472, 58.211048007714091, 0.0 ], [ 56.397185701292898, 58.211047444061244, 0.0 ], [ 56.397217689753489, 58.211047174505772, 0.0 ], [ 56.397249682256984, 58.211047199129524, 0.0 ], [ 56.397281669091939, 58.211047517924996, 0.0 ], [ 56.397313640548596, 58.211048130795454, 0.0 ], [ 56.397345586921894, 58.211049037554886, 0.0 ], [ 56.397377498514352, 58.211050237927957, 0.0 ], [ 56.397409365639078, 58.211051731550334, 0.0 ], [ 56.397441178622664, 58.211053517968658, 0.0 ], [ 56.397472927808103, 58.211055596640584, 0.0 ], [ 56.397504603557792, 58.211057966935158, 0.0 ], [ 56.397536196256397, 58.211060628132884, 0.0 ], [ 56.397567696313764, 58.211063579425883, 0.0 ], [ 56.397599094167923, 58.211066819918358, 0.0 ], [ 56.397630380287822, 58.211070348626592, 0.0 ], [ 56.397661545176433, 58.21107416447942, 0.0 ], [ 56.397692579373405, 58.211078266318523, 0.0 ], [ 56.397723473458122, 58.211082652898803, 0.0 ], [ 56.397754218052476, 58.211087322888652, 0.0 ], [ 56.397784803823711, 58.211092274870495, 0.0 ], [ 56.397815221487285, 58.211097507341094, 0.0 ], [ 56.397845461809673, 58.211103018712159, 0.0 ], [ 56.397875515611183, 58.211108807310637, 0.0 ], [ 56.39790537376868, 58.211114871379401, 0.0 ], [ 56.397935027218466, 58.211121209077639, 0.0 ], [ 56.397964466958925, 58.211127818481479, 0.0 ], [ 56.39799368405334, 58.211134697584633, 0.0 ], [ 56.398022669632518, 58.211141844298929, 0.0 ], [ 56.398051414897552, 58.211149256454888, 0.0 ], [ 56.398079911122487, 58.211156931802492, 0.0 ], [ 56.398108149656892, 58.211164868011856, 0.0 ], [ 56.39813612192863, 58.211173062673858, 0.0 ], [ 56.398163819446275, 58.211181513301014, 0.0 ], [ 56.398309688616642, 58.211238815676275, 0.0 ], [ 56.398453675437253, 58.211297429315223, 0.0 ], [ 56.398595737591258, 58.211357336995469, 0.0 ], [ 56.398735833326704, 58.211418521114361, 0.0 ], [ 56.39887392146877, 58.211480963693937, 0.0 ], [ 56.399009961431901, 58.211544646386571, 0.0 ], [ 56.399143913231725, 58.211609550480013, 0.0 ], [ 56.399275737496815, 58.211675656903047, 0.0 ], [ 56.399405395480223, 58.21174294623107, 0.0 ], [ 56.399532849070901, 58.211811398691808, 0.0 ], [ 56.399658060804882, 58.211880994171047, 0.0 ], [ 56.399780993876334, 58.211951712218642, 0.0 ], [ 56.399901612148305, 58.212023532054424, 0.0 ], [ 56.40001988016342, 58.212096432574363, 0.0 ], [ 56.400135763154267, 58.212170392356761, 0.0 ], [ 56.400249227053635, 58.21224538966846, 0.0 ], [ 56.40036023850454, 58.212321402471346, 0.0 ], [ 56.400468764869991, 58.212398408428747, 0.0 ], [ 56.400574774242685, 58.212476384912001, 0.0 ], [ 56.400678235454286, 58.212555309007051, 0.0 ], [ 56.400779118084657, 58.212635157521341, 0.0 ], [ 56.400877392470818, 58.212715906990361, 0.0 ], [ 56.400973029715658, 58.212797533684807, 0.0 ], [ 56.401066001696414, 58.212880013617372, 0.0 ] ] } },
{ "type": "Feature", "properties": { "fid": 4871, "handle": 3714008, "block": -1, "etype": 18, "space": 0, "layer": "0_Roads_Hatch", "olinetype": "bylayer", "linetype": "", "color": "0,0,0,255", "ocolor": 256, "color24": -1, "transparency": 0, "lweight": -1, "linewidth": 0.0, "ltscale": 1.0, "visible": 1, "width": 6.0, "thickness": 0.0, "ext": "(3:0,0,0.1)" }, "geometry": { "type": "LineString", "coordinates": [ [ 56.394485976675774, 58.209246249713935, 0.0 ], [ 56.394487579436912, 58.20924503046362, 0.0 ], [ 56.39448848824366, 58.20924403727313, 0.0 ], [ 56.394489429676526, 58.209243052585038, 0.0 ], [ 56.394490403450099, 58.209242076697826, 0.0 ], [ 56.394491409269094, 58.209241109907396, 0.0 ], [ 56.394492446828629, 58.209240152506872, 0.0 ], [ 56.394493515814077, 58.209239204786485, 0.0 ], [ 56.394494615901358, 58.209238267033577, 0.0 ], [ 56.394495746756952, 58.2092373395325, 0.0 ], [ 56.394496908037979, 58.209236422564409, 0.0 ], [ 56.394498099392379, 58.209235516407297, 0.0 ], [ 56.394499320458941, 58.209234621335938, 0.0 ], [ 56.394500570867443, 58.209233737621709, 0.0 ], [ 56.394501850238804, 58.209232865532485, 0.0 ], [ 56.394503158185131, 58.20923200533273, 0.0 ], [ 56.394504494309871, 58.209231157283192, 0.0 ], [ 56.394505858207943, 58.209230321641009, 0.0 ], [ 56.394507249465825, 58.209229498659546, 0.0 ], [ 56.394508667661704, 58.209228688588261, 0.0 ], [ 56.394510112365616, 58.209227891672796, 0.0 ], [ 56.394511583139568, 58.209227108154778, 0.0 ], [ 56.394513079537603, 58.209226338271719, 0.0 ], [ 56.394514601106088, 58.209225582257055, 0.0 ], [ 56.394516147383662, 58.209224840339978, 0.0 ], [ 56.394517717901564, 58.209224112745439, 0.0 ], [ 56.394519312183604, 58.209223399694061, 0.0 ], [ 56.394520929746434, 58.20922270140197, 0.0 ], [ 56.394522570099639, 58.209222018080901, 0.0 ], [ 56.394524232745887, 58.209221349938012, 0.0 ], [ 56.394525917181113, 58.209220697175894, 0.0 ], [ 56.394527622894586, 58.209220059992447, 0.0 ], [ 56.394529349369201, 58.209219438580853, 0.0 ], [ 56.394531096081501, 58.209218833129533, 0.0 ], [ 56.394532862501904, 58.209218243821987, 0.0 ], [ 56.394534648094897, 58.209217670836935, 0.0 ], [ 56.39453645231908, 58.209217114348093, 0.0 ], [ 56.394538274627472, 58.209216574524149, 0.0 ], [ 56.394540114467567, 58.209216051528813, 0.0 ], [ 56.394541971281569, 58.209215545520578, 0.0 ], [ 56.394543844506508, 58.209215056652937, 0.0 ], [ 56.394545733574468, 58.209214585074065, 0.0 ], [ 56.394547637912702, 58.209214130926952, 0.0 ], [ 56.394549556943886, 58.209213694349259, 0.0 ], [ 56.394551490086151, 58.209213275473374, 0.0 ], [ 56.394553436753434, 58.209212874426264, 0.0 ], [ 56.394555396355543, 58.209212491329552, 0.0 ], [ 56.394557368298351, 58.209212126299384, 0.0 ], [ 56.394559351984007, 58.209211779446399, 0.0 ], [ 56.394561346811095, 58.209211450875792, 0.0 ], [ 56.394563352174806, 58.20921114068716, 0.0 ], [ 56.394565367467145, 58.209210848974557, 0.0 ], [ 56.394567392077143, 58.209210575826411, 0.0 ], [ 56.394569425390955, 58.20921032132555, 0.0 ], [ 56.394571466792122, 58.209210085549124, 0.0 ], [ 56.394573515661712, 58.209209868568628, 0.0 ], [ 56.394575571378574, 58.20920967044983, 0.0 ], [ 56.394577633319408, 58.209209491252807, 0.0 ], [ 56.394579700859126, 58.209209331031886, 0.0 ], [ 56.394581773370838, 58.20920918983564, 0.0 ], [ 56.394583850226226, 58.209209067706908, 0.0 ], [ 56.394585930795628, 58.209208964682645, 0.0 ], [ 56.394588014448225, 58.209208880794144, 0.0 ], [ 56.394590100552335, 58.209208816066827, 0.0 ], [ 56.394592188475436, 58.209208770520341, 0.0 ], [ 56.394594277584552, 58.209208744168443, 0.0 ], [ 56.394596367246258, 58.209208737019154, 0.0 ], [ 56.394598456827055, 58.209208749074662, 0.0 ], [ 56.3946005456934, 58.209208780331245, 0.0 ], [ 56.394602633211974, 58.209208830779474, 0.0 ], [ 56.394604718749903, 58.209208900404064, 0.0 ], [ 56.394606801674875, 58.209208989183885, 0.0 ], [ 56.394608881355389, 58.209209097092035, 0.0 ], [ 56.394610957160921, 58.209209224095794, 0.0 ], [ 56.394613028462132, 58.209209370156636, 0.0 ], [ 56.394615094631035, 58.209209535230286, 0.0 ], [ 56.394617155041182, 58.209209719266738, 0.0 ], [ 56.394619209067955, 58.209209922210142, 0.0 ], [ 56.394621256088541, 58.209210143998973, 0.0 ], [ 56.394623295482369, 58.209210384566042, 0.0 ], [ 56.3946253266311, 58.209210643838361, 0.0 ], [ 56.394627348918966, 58.209210921737331, 0.0 ], [ 56.394629361732797, 58.209211218178716, 0.0 ], [ 56.39463136446237, 58.209211533072633, 0.0 ], [ 56.394633356500499, 58.209211866323621, 0.0 ], [ 56.394635337243244, 58.209212217830583, 0.0 ], [ 56.394637306090026, 58.209212587487031, 0.0 ], [ 56.394639262443995, 58.209212975180847, 0.0 ], [ 56.394641205711956, 58.209213380794502, 0.0 ], [ 56.394643135304797, 58.209213804205056, 0.0 ], [ 56.394645050637479, 58.209214245284059, 0.0 ], [ 56.394646951129289, 58.209214703897835, 0.0 ], [ 56.394648836204055, 58.209215179907353, 0.0 ], [ 56.394650705290239, 58.209215673168259, 0.0 ], [ 56.394652557821196, 58.209216183531055, 0.0 ], [ 56.39465439323525, 58.209216710840927, 0.0 ], [ 56.394656210975924, 58.209217254938075, 0.0 ], [ 56.394658010492144, 58.209217815657524, 0.0 ], [ 56.394659791238297, 58.209218392829257, 0.0 ], [ 56.394661552674499, 58.209218986278309, 0.0 ], [ 56.394663294266735, 58.209219595824742, 0.0 ], [ 56.394665015486957, 58.209220221283708, 0.0 ], [ 56.394666715813329, 58.209220862465671, 0.0 ], [ 56.394668394730353, 58.209221519176182, 0.0 ], [ 56.394670051728987, 58.209222191216135, 0.0 ], [ 56.394671686306886, 58.209222878381794, 0.0 ], [ 56.394673297968446, 58.20922358046483, 0.0 ], [ 56.394674886225062, 58.209224297252355, 0.0 ], [ 56.394676450595192, 58.209225028527065, 0.0 ], [ 56.394677990604542, 58.209225774067249, 0.0 ], [ 56.394679505786193, 58.209226533646913, 0.0 ], [ 56.394680995680808, 58.20922730703569, 0.0 ], [ 56.394682459836652, 58.209228093999201, 0.0 ], [ 56.394683897809806, 58.209228894298754, 0.0 ], [ 56.394685309164288, 58.209229707691748, 0.0 ], [ 56.394686693472266, 58.209230533931589, 0.0 ], [ 56.394688050313967, 58.209231372767768, 0.0 ], [ 56.394689379278056, 58.209232223945996, 0.0 ], [ 56.394690679961599, 58.209233087208126, 0.0 ], [ 56.394691951970259, 58.209233962292515, 0.0 ], [ 56.394693194918375, 58.209234848933825, 0.0 ], [ 56.394694408429096, 58.20923574686325, 0.0 ], [ 56.394695592134539, 58.209236655808517, 0.0 ], [ 56.394696745675809, 58.209237575494086, 0.0 ], [ 56.39469786870314, 58.209238505641117, 0.0 ], [ 56.394698960876063, 58.209239445967619, 0.0 ], [ 56.394700021863457, 58.20924039618847, 0.0 ], [ 56.394701051343645, 58.20924135601561, 0.0 ], [ 56.394702049004522, 58.209242325158016, 0.0 ], [ 56.394703014543566, 58.20924330332187, 0.0 ], [ 56.394703947668084, 58.209244290210599, 0.0 ], [ 56.394704848095145, 58.209245285524993, 0.0 ], [ 56.394705715551737, 58.209246288963328, 0.0 ], [ 56.394706549774895, 58.209247300221328, 0.0 ], [ 56.394707350511673, 58.209248318992415, 0.0 ], [ 56.394708117519301, 58.209249344967731, 0.0 ], [ 56.39470885056523, 58.209250377836213, 0.0 ], [ 56.394709549427219, 58.209251417284698, 0.0 ], [ 56.394710213893369, 58.209252462998066, 0.0 ], [ 56.39471084376224, 58.209253514659231, 0.0 ], [ 56.394711438842847, 58.209254571949394, 0.0 ], [ 56.394711998954776, 58.209255634547986, 0.0 ], [ 56.394712523928213, 58.209256702132855, 0.0 ], [ 56.394713013603962, 58.209257774380291, 0.0 ], [ 56.394713467833611, 58.209258850965249, 0.0 ], [ 56.394713886479401, 58.209259931561313, 0.0 ], [ 56.394714269414401, 58.209261015840852, 0.0 ], [ 56.394714616522542, 58.209262103475112, 0.0 ], [ 56.394714927698537, 58.209263194134422, 0.0 ], [ 56.394715202848083, 58.20926428748804, 0.0 ], [ 56.39471544188774, 58.209265383204496, 0.0 ], [ 56.394715644745034, 58.209266480951598, 0.0 ], [ 56.394715811358431, 58.209267580396507, 0.0 ], [ 56.394715941677461, 58.209268681205906, 0.0 ], [ 56.394716035662576, 58.209269783046054, 0.0 ], [ 56.394716093285282, 58.209270885582875, 0.0 ], [ 56.394716114528116, 58.209271988482108, 0.0 ], [ 56.394716099384631, 58.209273091409351, 0.0 ], [ 56.394716047859411, 58.209274194030243, 0.0 ], [ 56.394715959968075, 58.209275296010475, 0.0 ], [ 56.394715835737273, 58.209276397015977, 0.0 ], [ 56.394715675204651, 58.209277496712858, 0.0 ], [ 56.394715478418895, 58.20927859476781, 0.0 ], [ 56.394715245439663, 58.209279690847829, 0.0 ], [ 56.394714976337568, 58.209280784620688, 0.0 ], [ 56.394714671194208, 58.209281875754741, 0.0 ], [ 56.394714330102097, 58.209282963919122, 0.0 ], [ 56.394713953164633, 58.209284048783971, 0.0 ], [ 56.394713540496106, 58.209285130020376, 0.0 ], [ 56.394713092221629, 58.20928620730048, 0.0 ], [ 56.394712608477086, 58.209287280297715, 0.0 ], [ 56.394712089409161, 58.209288348686769, 0.0 ], [ 56.394711535175219, 58.209289412143661, 0.0 ], [ 56.394710945943281, 58.209290470346048, 0.0 ], [ 56.394710321891999, 58.209291522973075, 0.0 ], [ 56.394709663210584, 58.209292569705568, 0.0 ], [ 56.394708970098712, 58.209293610226233, 0.0 ], [ 56.394708242766526, 58.209294644219518, 0.0 ], [ 56.394707481434544, 58.209295671371983, 0.0 ], [ 56.394706686333585, 58.209296691372231, 0.0 ], [ 56.394705857704714, 58.20929770391097, 0.0 ], [ 56.394704995799124, 58.20929870868126, 0.0 ], [ 56.39470410087818, 58.209299705378449, 0.0 ], [ 56.394703173213166, 58.209300693700349, 0.0 ], [ 56.394702213085345, 58.209301673347305, 0.0 ], [ 56.394701220785812, 58.209302644022344, 0.0 ], [ 56.39470019661541, 58.209303605431124, 0.0 ], [ 56.394699140884654, 58.209304557282174, 0.0 ], [ 56.394698053913622, 58.209305499286941, 0.0 ], [ 56.394696936031863, 58.209306431159803, 0.0 ], [ 56.394695787578272, 58.209307352618239, 0.0 ], [ 56.394694608901084, 58.209308263382859, 0.0 ], [ 56.394693400357639, 58.209309163177529, 0.0 ], [ 56.394692162314321, 58.209310051729446, 0.0 ], [ 56.394690895146518, 58.209310928769241, 0.0 ], [ 56.394689599238383, 58.209311794031017, 0.0 ], [ 56.394688274982848, 58.209312647252389, 0.0 ], [ 56.394686922781375, 58.209313488174736, 0.0 ], [ 56.394685543043941, 58.209314316543029, 0.0 ], [ 56.394684136188857, 58.209315132106177, 0.0 ], [ 56.394682702642655, 58.209315934616924, 0.0 ], [ 56.394681242839965, 58.209316723831932, 0.0 ], [ 56.394679757223379, 58.209317499511904, 0.0 ], [ 56.394678246243288, 58.209318261421664, 0.0 ], [ 56.394676710357835, 58.209319009330265, 0.0 ], [ 56.394675150032647, 58.20931974301093, 0.0 ], [ 56.39467356574081, 58.209320462241209, 0.0 ], [ 56.394671957962629, 58.209321166803036, 0.0 ], [ 56.394670327185572, 58.209321856482823, 0.0 ], [ 56.394668673904079, 58.20932253107145, 0.0 ], [ 56.39466699861935, 58.209323190364394, 0.0 ], [ 56.39466530183936, 58.209323834161772, 0.0 ], [ 56.394663584078522, 58.209324462268363, 0.0 ], [ 56.394661845857627, 58.209325074493812, 0.0 ], [ 56.394660087703691, 58.209325670652433, 0.0 ], [ 56.394658310149737, 58.209326250563535, 0.0 ], [ 56.394656513734724, 58.209326814051224, 0.0 ], [ 56.394654699003269, 58.209327360944719, 0.0 ], [ 56.394652866505552, 58.209327891078196, 0.0 ], [ 56.394651016797226, 58.209328404290872, 0.0 ], [ 56.394649150439029, 58.209328900427238, 0.0 ], [ 56.394647267996845, 58.209329379336857, 0.0 ], [ 56.394645370041395, 58.209329840874474, 0.0 ], [ 56.394643457148099, 58.209330284900176, 0.0 ], [ 56.394641529896923, 58.209330711279378, 0.0 ], [ 56.394639588872195, 58.209331119882783, 0.0 ], [ 56.394637634662381, 58.209331510586495, 0.0 ], [ 56.39463566785998, 58.2093318832721, 0.0 ], [ 56.394633689061287, 58.209332237826594, 0.0 ], [ 56.394631698866249, 58.209332574142429, 0.0 ], [ 56.394629697878273, 58.209332892117686, 0.0 ], [ 56.394627686704027, 58.209333191655965, 0.0 ], [ 56.394625665953235, 58.209333472666408, 0.0 ], [ 56.394623636238606, 58.209333735063886, 0.0 ], [ 56.39462159817549, 58.209333978768775, 0.0 ], [ 56.394619552381812, 58.209334203707215, 0.0 ], [ 56.394617499477796, 58.209334409811014, 0.0 ], [ 56.3946154400859, 58.209334597017715, 0.0 ], [ 56.394613374830456, 58.209334765270484, 0.0 ], [ 56.39461130433763, 58.209334914518351, 0.0 ], [ 56.394609229235201, 58.209335044716077, 0.0 ], [ 56.394607150152254, 58.209335155824171, 0.0 ], [ 56.394605067719155, 58.209335247808959, 0.0 ], [ 56.394602982567285, 58.209335320642531, 0.0 ], [ 56.394600895328821, 58.209335374302825, 0.0 ], [ 56.394598806636566, 58.209335408773583, 0.0 ], [ 56.394596717123811, 58.209335424044319, 0.0 ], [ 56.394594627424027, 58.209335420110442, 0.0 ], [ 56.394592538170819, 58.209335396973096, 0.0 ], [ 56.394590449997587, 58.209335354639322, 0.0 ], [ 56.394588363537444, 58.209335293121974, 0.0 ], [ 56.394586279422981, 58.209335212439676, 0.0 ], [ 56.394584198286068, 58.209335112616898, 0.0 ], [ 56.394582120757669, 58.209334993683939, 0.0 ], [ 56.394580047467649, 58.209334855676765, 0.0 ], [ 56.394577979044634, 58.209334698637342, 0.0 ], [ 56.394575916115691, 58.209334522613169, 0.0 ], [ 56.394573859306313, 58.209334327657679, 0.0 ], [ 56.394571809240063, 58.209334113829982, 0.0 ], [ 56.394569766538503, 58.209333881194851, 0.0 ], [ 56.394567731820949, 58.209333629822879, 0.0 ], [ 56.394565705704295, 58.209333359790264, 0.0 ], [ 56.394563688802833, 58.20933307117884, 0.0 ], [ 56.39456168172805, 58.209332764076152, 0.0 ], [ 56.39455968508846, 58.209332438575281, 0.0 ], [ 56.394557699489425, 58.209332094774943, 0.0 ], [ 56.394555725532932, 58.209331732779361, 0.0 ], [ 56.394553763817484, 58.209331352698243, 0.0 ], [ 56.394551814937806, 58.209330954646902, 0.0 ], [ 56.394549879484785, 58.209330538745952, 0.0 ], [ 56.394547958045237, 58.209330105121531, 0.0 ], [ 56.394546051201672, 58.209329653905094, 0.0 ], [ 56.394544159532259, 58.209329185233464, 0.0 ], [ 56.394542283610498, 58.20932869924868, 0.0 ], [ 56.394540424005157, 58.209328196098134, 0.0 ], [ 56.39453858128001, 58.209327675934361, 0.0 ], [ 56.394536755993776, 58.209327138915043, 0.0 ], [ 56.394534948699828, 58.209326585203051, 0.0 ], [ 56.394533159946121, 58.209326014966187, 0.0 ], [ 56.394531390274992, 58.209325428377419, 0.0 ], [ 56.394529640222949, 58.209324825614544, 0.0 ], [ 56.394527910320583, 58.209324206860316, 0.0 ], [ 56.394526201092404, 58.209323572302317, 0.0 ], [ 56.394524513056581, 58.209322922132984, 0.0 ], [ 56.394522846724932, 58.209322256549378, 0.0 ], [ 56.394521202602654, 58.209321575753364, 0.0 ], [ 56.394519581188206, 58.209320879951264, 0.0 ], [ 56.39451798297317, 58.209320169354108, 0.0 ], [ 56.394516408442144, 58.209319444177297, 0.0 ], [ 56.394514858072448, 58.209318704640701, 0.0 ], [ 56.394513332334149, 58.209317950968526, 0.0 ], [ 56.394511831689812, 58.209317183389324, 0.0 ], [ 56.394510356594431, 58.209316402135769, 0.0 ], [ 56.394508907495229, 58.209315607444708, 0.0 ], [ 56.394507484831536, 58.209314799557134, 0.0 ], [ 56.394506089034678, 58.209313978717958, 0.0 ], [ 56.394504720527856, 58.209313145176012, 0.0 ], [ 56.394503379725961, 58.209312299184063, 0.0 ], [ 56.394502067035496, 58.209311440998604, 0.0 ], [ 56.394500782854465, 58.209310570879779, 0.0 ], [ 56.394499527572194, 58.209309689091427, 0.0 ], [ 56.394498301569257, 58.209308795900903, 0.0 ], [ 56.394497105217397, 58.20930789157898, 0.0 ], [ 56.394495938879281, 58.209306976399816, 0.0 ], [ 56.39449480290854, 58.20930605064094, 0.0 ], [ 56.39449369764958, 58.209305114582996, 0.0 ], [ 56.394492623437515, 58.20930416850976, 0.0 ], [ 56.394491580597986, 58.2093032127081, 0.0 ], [ 56.394490569447186, 58.209302247467782, 0.0 ], [ 56.394489590291684, 58.209301273081472, 0.0 ], [ 56.394488643428318, 58.209300289844542, 0.0 ], [ 56.394487729144195, 58.209299298055157, 0.0 ], [ 56.394486847716479, 58.209298298013998, 0.0 ], [ 56.394485999412403, 58.20929729002421, 0.0 ], [ 56.394485184489177, 58.209296274391448, 0.0 ], [ 56.39448440319385, 58.209295251423605, 0.0 ], [ 56.394483655763302, 58.209294221430866, 0.0 ], [ 56.394482942424155, 58.209293184725489, 0.0 ], [ 56.394482263392653, 58.209292141621773, 0.0 ], [ 56.394481618874686, 58.209291092435969, 0.0 ], [ 56.394481009065615, 58.209290037486241, 0.0 ], [ 56.394480434150388, 58.209288977092314, 0.0 ], [ 56.394479894303259, 58.209287911575785, 0.0 ], [ 56.394479389687916, 58.209286841259619, 0.0 ], [ 56.394478920457338, 58.209285766468412, 0.0 ], [ 56.394478486753798, 58.209284687527969, 0.0 ], [ 56.39447808870878, 58.209283604765382, 0.0 ], [ 56.39447772644295, 58.209282518508992, 0.0 ], [ 56.394477400066137, 58.209281429088058, 0.0 ], [ 56.394477109677325, 58.209280336832947, 0.0 ], [ 56.394476855364495, 58.209279242074757, 0.0 ], [ 56.394476637204789, 58.209278145145454, 0.0 ], [ 56.394476455264332, 58.209277046377544, 0.0 ], [ 56.394476309598303, 58.209275946104192, 0.0 ], [ 56.394476200250836, 58.209274844659028, 0.0 ], [ 56.394476127255075, 58.209273742375906, 0.0 ], [ 56.394476090633162, 58.209272639589088, 0.0 ], [ 56.394476090396196, 58.20927153663289, 0.0 ], [ 56.394476126544255, 58.209270433841709, 0.0 ], [ 56.394476199066361, 58.209269331549891, 0.0 ], [ 56.394476307940529, 58.209268230091631, 0.0 ], [ 56.394476453133741, 58.209267129800899, 0.0 ], [ 56.394476634601979, 58.209266031011261, 0.0 ], [ 56.394476852290225, 58.209264934055845, 0.0 ], [ 56.394477106132463, 58.20926383926723, 0.0 ], [ 56.394477396051734, 58.209262746977402, 0.0 ], [ 56.394477721960151, 58.20926165751743, 0.0 ], [ 56.394478083758898, 58.209260571217655, 0.0 ], [ 56.394478481338261, 58.209259488407469, 0.0 ], [ 56.394478914577711, 58.209258409415092, 0.0 ], [ 56.394479383345896, 58.209257334567695, 0.0 ], [ 56.394479887500673, 58.209256264191147, 0.0 ], [ 56.39448042688921, 58.209255198609966, 0.0 ], [ 56.394481001347948, 58.209254138147237, 0.0 ], [ 56.394481610702748, 58.209253083124452, 0.0 ], [ 56.394482254768832, 58.209252033861468, 0.0 ], [ 56.394482933350943, 58.209250990676438, 0.0 ], [ 56.394483646243344, 58.209249953885596, 0.0 ] ] } },
{ "type": "Feature", "properties": { "fid": 5087, "handle": 3731006, "block": -1, "etype": 18, "space": 0, "layer": "0_Roads_Hatch", "olinetype": "bylayer", "linetype": "", "color": "0,0,0,255", "ocolor": 256, "color24": -1, "transparency": 0, "lweight": -1, "linewidth": 0.0, "ltscale": 1.0, "visible": 1, "width": 15.0, "thickness": 0.0, "ext": "(3:0,0,0.1)" }, "geometry": { "type": "LineString", "coordinates": [ [ 56.394787624801097, 58.219820364491852, 0.0 ], [ 56.394554713163615, 58.219765287648109, 0.0 ] ] } },
{ "type": "Feature", "properties": { "fid": 5088, "handle": 3731008, "block": -1, "etype": 18, "space": 0, "layer": "0_Roads_Hatch", "olinetype": "bylayer", "linetype": "", "color": "0,0,0,255", "ocolor": 256, "color24": -1, "transparency": 0, "lweight": -1, "linewidth": 0.0, "ltscale": 1.0, "visible": 1, "width": 15.0, "thickness": 0.0, "ext": "(3:0,0,0.1)" }, "geometry": { "type": "LineString", "coordinates": [ [ 56.394636254861659, 58.220310492962689, 0.0 ], [ 56.394394050023266, 58.220268012009512, 0.0 ] ] } },
{ "type": "Feature", "properties": { "fid": 5089, "handle": 3731010, "block": -1, "etype": 18, "space": 0, "layer": "0_Roads_Hatch", "olinetype": "bylayer", "linetype": "", "color": "0,0,0,255", "ocolor": 256, "color24": -1, "transparency": 0, "lweight": -1, "linewidth": 0.0, "ltscale": 1.0, "visible": 1, "width": 15.0, "thickness": 0.0, "ext": "(3:0,0,0.1)" }, "geometry": { "type": "LineString", "coordinates": [ [ 56.394400949018333, 58.220842940363639, 0.0 ], [ 56.394158740836531, 58.22080045896633, 0.0 ] ] } },
{ "type": "Feature", "properties": { "fid": 5090, "handle": 3731012, "block": -1, "etype": 18, "space": 0, "layer": "0_Roads_Hatch", "olinetype": "bylayer", "linetype": "", "color": "0,0,0,255", "ocolor": 256, "color24": -1, "transparency": 0, "lweight": -1, "linewidth": 0.0, "ltscale": 1.0, "visible": 1, "width": 15.0, "thickness": 0.0, "ext": "(3:0,0,0.1)" }, "geometry": { "type": "LineString", "coordinates": [ [ 56.394054741314804, 58.221454932053497, 0.0 ], [ 56.393811048163585, 58.221414890940345, 0.0 ] ] } },
{ "type": "Feature", "properties": { "fid": 5103, "handle": 3731921, "block": -1, "etype": 18, "space": 0, "layer": "0_Roads_Hatch", "olinetype": "bylayer", "linetype": "", "color": "0,0,0,255", "ocolor": 256, "color24": -1, "transparency": 0, "lweight": -1, "linewidth": 0.0, "ltscale": 1.0, "visible": 1, "width": 15.0, "thickness": 0.0, "ext": "(3:0,0,0.1)" }, "geometry": { "type": "LineString", "coordinates": [ [ 56.39192314887589, 58.217698241755642, 0.0 ], [ 56.391897077544634, 58.217563190836231, 0.0 ] ] } },
{ "type": "Feature", "properties": { "fid": 5125, "handle": 3739859, "block": -1, "etype": 18, "space": 0, "layer": "0_Roads_Hatch", "olinetype": "bylayer", "linetype": "", "color": "0,0,0,255", "ocolor": 256, "color24": -1, "transparency": 0, "lweight": -1, "linewidth": 0.0, "ltscale": 1.0, "visible": 1, "width": 6.0, "thickness": 0.0, "ext": "(3:0,0,0.1)" }, "geometry": { "type": "LineString", "coordinates": [ [ 56.40278340646563, 58.213756784040605, 0.0 ], [ 56.403153899160728, 58.213698622612277, 0.0 ], [ 56.403522734406522, 58.213637598791095, 0.0 ], [ 56.403889832782944, 58.213573725718447, 0.0 ], [ 56.404255115245121, 58.213507017149176, 0.0 ], [ 56.404618503140611, 58.213437487448793, 0.0 ] ] } },
{ "type": "Feature", "properties": { "fid": 5127, "handle": 3739885, "block": -1, "etype": 18, "space": 0, "layer": "0_Roads_Hatch", "olinetype": "bylayer", "linetype": "", "color": "0,0,0,255", "ocolor": 256, "color24": -1, "transparency": 0, "lweight": -1, "linewidth": 0.0, "ltscale": 1.0, "visible": 1, "width": 6.0, "thickness": 0.0, "ext": "(3:0,0,0.1)" }, "geometry": { "type": "LineString", "coordinates": [ [ 56.401641578078234, 58.210470873828612, 0.0 ], [ 56.405811929486717, 58.216920864545052, 0.0 ] ] } },
{ "type": "Feature", "properties": { "fid": 5143, "handle": 3743469, "block": -1, "etype": 18, "space": 0, "layer": "0_Roads_Hatch", "olinetype": "bylayer", "linetype": "", "color": "0,0,0,255", "ocolor": 256, "color24": -1, "transparency": 0, "lweight": -1, "linewidth": 0.0, "ltscale": 1.0, "visible": 1, "width": 15.0, "thickness": 0.0, "ext": "(3:0,0,0.1)" }, "geometry": { "type": "LineString", "coordinates": [ [ 56.396121509623136, 58.212873832535855, 0.0 ], [ 56.396089468012548, 58.213006598345828, 0.0 ] ] } },
{ "type": "Feature", "properties": { "fid": 5144, "handle": 3743844, "block": -1, "etype": 18, "space": 0, "layer": "0_Roads_Hatch", "olinetype": "bylayer", "linetype": "", "color": "0,0,0,255", "ocolor": 256, "color24": -1, "transparency": 0, "lweight": -1, "linewidth": 0.0, "ltscale": 1.0, "visible": 1, "width": 6.0, "thickness": 0.0, "ext": "(3:0,0,0.1)" }, "geometry": { "type": "LineString", "coordinates": [ [ 56.398469358093251, 58.214747326246616, 0.0 ], [ 56.398468520131573, 58.214768132039445, 0.0 ], [ 56.398466995469427, 58.214788926971231, 0.0 ], [ 56.398464784568361, 58.214809704730499, 0.0 ], [ 56.398461888098183, 58.214830459011033, 0.0 ], [ 56.398458306936824, 58.214851183513744, 0.0 ], [ 56.39845404216998, 58.214871871948574, 0.0 ], [ 56.398449095090868, 58.214892518036329, 0.0 ], [ 56.398443467199797, 58.214913115510711, 0.0 ], [ 56.398437160203699, 58.214933658120202, 0.0 ], [ 56.398430176015651, 58.21495413962986, 0.0 ], [ 56.398422516754287, 58.214974553823296, 0.0 ], [ 56.398414184743103, 58.214994894504571, 0.0 ], [ 56.398405182509833, 58.215015155500026, 0.0 ], [ 56.398395512785633, 58.215035330660172, 0.0 ], [ 56.398385178504256, 58.215055413861542, 0.0 ], [ 56.398374182801199, 58.215075399008619, 0.0 ], [ 56.398362529012708, 58.215095280035612, 0.0 ], [ 56.398350220674764, 58.215115050908281, 0.0 ], [ 56.398337261522109, 58.2151347056259, 0.0 ], [ 56.398323655486955, 58.215154238222915, 0.0 ], [ 56.398309406697891, 58.215173642770857, 0.0 ], [ 56.39829451947864, 58.215192913380093, 0.0 ], [ 56.398278998346726, 58.215212044201671, 0.0 ], [ 56.398262848012045, 58.215231029429027, 0.0 ], [ 56.398246073375567, 58.215249863299732, 0.0 ], [ 56.398228679527712, 58.215268540097426, 0.0 ], [ 56.398210671746902, 58.215287054153265, 0.0 ], [ 56.398192055497887, 58.215305399847885, 0.0 ], [ 56.398172836430184, 58.215323571612963, 0.0 ], [ 56.398153020376249, 58.215341563933023, 0.0 ], [ 56.398132613349816, 58.215359371346956, 0.0 ], [ 56.398111621543961, 58.215376988449833, 0.0 ], [ 56.398090051329334, 58.215394409894493, 0.0 ], [ 56.398067909252134, 58.215411630393064, 0.0 ], [ 56.398045202032186, 58.215428644718727, 0.0 ], [ 56.398021936560873, 58.215445447707303, 0.0 ], [ 56.397998119899071, 58.215462034258593, 0.0 ], [ 56.397973759274933, 58.215478399338231, 0.0 ], [ 56.397948862081812, 58.215494537978927, 0.0 ], [ 56.39792343587591, 58.215510445282248, 0.0 ], [ 56.397897488374028, 58.215526116419873, 0.0 ], [ 56.397871027451288, 58.215541546635222, 0.0 ], [ 56.397844061138578, 58.215556731244831, 0.0 ], [ 56.397816597620299, 58.2155716656397, 0.0 ], [ 56.397788645231778, 58.215586345286859, 0.0 ], [ 56.397760212456731, 58.215600765730599, 0.0 ], [ 56.397731307924765, 58.215614922593957, 0.0 ], [ 56.397701940408673, 58.215628811579869, 0.0 ], [ 56.397672118821824, 58.215642428472648, 0.0 ], [ 56.397641852215408, 58.215655769139147, 0.0 ], [ 56.397611149775805, 58.215668829530095, 0.0 ], [ 56.397580020821614, 58.215681605681283, 0.0 ], [ 56.397548474800999, 58.215694093714703, 0.0 ], [ 56.397516521288708, 58.215706289839886, 0.0 ], [ 56.397484169983223, 58.215718190354934, 0.0 ], [ 56.397451430703796, 58.215729791647696, 0.0 ], [ 56.397418313387483, 58.215741090196751, 0.0 ], [ 56.397384828086061, 58.215752082572656, 0.0 ], [ 56.397350984963097, 58.215762765438868, 0.0 ], [ 56.397316794290766, 58.21577313555278, 0.0 ], [ 56.39728226644678, 58.215783189766761, 0.0 ], [ 56.397223608408588, 58.215801507848141, 0.0 ], [ 56.397164366050603, 58.215819294601346, 0.0 ], [ 56.397104556653943, 58.215836544837735, 0.0 ], [ 56.397044197665217, 58.215853253525097, 0.0 ], [ 56.396983306691453, 58.215869415789214, 0.0 ], [ 56.396921901494963, 58.215885026915309, 0.0 ], [ 56.39685999998806, 58.215900082349336, 0.0 ], [ 56.396797620228007, 58.215914577699252, 0.0 ], [ 56.39673478041157, 58.215928508736617, 0.0 ], [ 56.396671498869843, 58.215941871397391, 0.0 ], [ 56.396607794062817, 58.215954661783428, 0.0 ], [ 56.39654368457402, 58.215966876163598, 0.0 ], [ 56.396479189105101, 58.215978510974651, 0.0 ], [ 56.396414326470357, 58.215989562822479, 0.0 ], [ 56.396349115591242, 58.21600002848308, 0.0 ], [ 56.396283575490891, 58.216009904903324, 0.0 ], [ 56.39621772528848, 58.216019189202115, 0.0 ], [ 56.39615158419371, 58.216027878671007, 0.0 ], [ 56.396085171501205, 58.216035970775081, 0.0 ], [ 56.396018506584845, 58.216043463153689, 0.0 ], [ 56.395951608892112, 58.216050353621164, 0.0 ], [ 56.395884497938447, 58.216056640167409, 0.0 ], [ 56.395817193301568, 58.216062320958464, 0.0 ], [ 56.395749714615647, 58.216067394337152, 0.0 ], [ 56.395648616852789, 58.216070476476112, 0.0 ], [ 56.395547439926276, 58.216072721675509, 0.0 ], [ 56.395446208718006, 58.216074129383159, 0.0 ], [ 56.395344948123224, 58.2160746992529, 0.0 ], [ 56.395243683044441, 58.216074431144634, 0.0 ], [ 56.395142438385221, 58.216073325124235, 0.0 ], [ 56.395041239044147, 58.216071381463735, 0.0 ], [ 56.394940109908617, 58.216068600641115, 0.0 ], [ 56.394839075848758, 58.21606498334026, 0.0 ], [ 56.394807872784753, 58.216064550132806, 0.0 ], [ 56.394776660210574, 58.21606440057122, 0.0 ], [ 56.394745447384544, 58.216064534699854, 0.0 ], [ 56.394714243565105, 58.216064952478838, 0.0 ], [ 56.394683058008013, 58.216065653784391, 0.0 ], [ 56.394651899963627, 58.2160666384084, 0.0 ], [ 56.394620778674089, 58.216067906058846, 0.0 ], [ 56.394589703370713, 58.216069456359683, 0.0 ], [ 56.394558683271129, 58.216071288851069, 0.0 ], [ 56.394527727576609, 58.21607340298943, 0.0 ], [ 56.394496845469362, 58.216075798147713, 0.0 ], [ 56.394466046109684, 58.216078473615397, 0.0 ], [ 56.394435338633421, 58.216081428598905, 0.0 ], [ 56.394404732149155, 58.216084662221739, 0.0 ], [ 56.394374235735484, 58.21608817352471, 0.0 ], [ 56.394343858438354, 58.216091961466255, 0.0 ], [ 56.394313609268465, 58.216096024922841, 0.0 ], [ 56.39428349719843, 58.216100362689097, 0.0 ], [ 56.394253531160274, 58.216104973478373, 0.0 ], [ 56.394223720042675, 58.216109855923015, 0.0 ], [ 56.394194072688364, 58.216115008574711, 0.0 ], [ 56.394164597891518, 58.216120429905139, 0.0 ], [ 56.394135304395199, 58.216126118306128, 0.0 ], [ 56.394106200888601, 58.216132072090417, 0.0 ], [ 56.394077296004646, 58.216138289491937, 0.0 ], [ 56.394048598317312, 58.216144768666481, 0.0 ], [ 56.394020116339163, 58.216151507692125, 0.0 ], [ 56.393991858518774, 58.216158504569954, 0.0 ], [ 56.393966343760681, 58.216165983688981, 0.0 ], [ 56.393941077260891, 58.216173693936028, 0.0 ], [ 56.393916066537273, 58.216181633016951, 0.0 ], [ 56.393891319031631, 58.216189798569609, 0.0 ], [ 56.393866842107478, 58.216198188164419, 0.0 ], [ 56.393842643047776, 58.216206799305198, 0.0 ], [ 56.393818729052889, 58.216215629429776, 0.0 ], [ 56.393795107238368, 58.216224675910858, 0.0 ], [ 56.393771784632797, 58.216233936056767, 0.0 ], [ 56.393748768175804, 58.216243407112245, 0.0 ], [ 56.393726064715928, 58.2162530862593, 0.0 ], [ 56.393703681008581, 58.216262970618025, 0.0 ], [ 56.393681623714095, 58.216273057247363, 0.0 ], [ 56.393659899395615, 58.21628334314623, 0.0 ], [ 56.393638514517335, 58.216293825254098, 0.0 ], [ 56.393617475442369, 58.216304500452146, 0.0 ], [ 56.393596788431019, 58.216315365564085, 0.0 ], [ 56.393576459638858, 58.216326417357074, 0.0 ], [ 56.393556495114822, 58.216337652542762, 0.0 ], [ 56.393536900799575, 58.216349067778225, 0.0 ], [ 56.393517682523566, 58.216360659666925, 0.0 ], [ 56.3934988460054, 58.216372424759847, 0.0 ], [ 56.39348039685013, 58.216384359556372, 0.0 ], [ 56.393462340547529, 58.216396460505329, 0.0 ], [ 56.393444682470538, 58.216408724006214, 0.0 ], [ 56.393427427873611, 58.216421146410127, 0.0 ], [ 56.393410581891146, 58.216433724020831, 0.0 ], [ 56.393394149536, 58.216446453095976, 0.0 ], [ 56.393378135697951, 58.216459329848057, 0.0 ], [ 56.393362545142296, 58.216472350445692, 0.0 ], [ 56.393347382508381, 58.216485511014731, 0.0 ], [ 56.393332652308239, 58.216498807639205, 0.0 ], [ 56.393318358925271, 58.216512236362838, 0.0 ], [ 56.393304506612893, 58.216525793189952, 0.0 ], [ 56.393291099493304, 58.216539474086773, 0.0 ], [ 56.39327814155628, 58.216553274982601, 0.0 ], [ 56.393265636657894, 58.216567191771055, 0.0 ] ] } },
{ "type": "Feature", "properties": { "fid": 5147, "handle": 3749141, "block": -1, "etype": 18, "space": 0, "layer": "0_Roads_Hatch", "olinetype": "bylayer", "linetype": "", "color": "0,0,0,255", "ocolor": 256, "color24": -1, "transparency": 0, "lweight": -1, "linewidth": 0.0, "ltscale": 1.0, "visible": 1, "width": 6.0, "thickness": 0.0, "ext": "(3:0,0,0.1)" }, "geometry": { "type": "LineString", "coordinates": [ [ 56.39693269942584, 58.215488697105314, 0.0 ], [ 56.396946076564696, 58.215507977903975, 0.0 ], [ 56.396960074350794, 58.215527135614046, 0.0 ], [ 56.396974688720363, 58.215546164672382, 0.0 ], [ 56.396989915430645, 58.215565059553327, 0.0 ], [ 56.397005750061005, 58.215583814770042, 0.0 ], [ 56.397022188014255, 58.215602424876337, 0.0 ], [ 56.397039224518018, 58.215620884468059, 0.0 ], [ 56.397056854626051, 58.215639188184845, 0.0 ], [ 56.397075073219739, 58.215657330711565, 0.0 ], [ 56.39709387500951, 58.215675306779872, 0.0 ], [ 56.397113254536485, 58.215693111169699, 0.0 ], [ 56.397133206173955, 58.215710738710911, 0.0 ], [ 56.397153724129012, 58.215728184284679, 0.0 ], [ 56.397174802444354, 58.215745442825025, 0.0 ], [ 56.397196434999842, 58.215762509320228, 0.0 ], [ 56.397218615514447, 58.21577937881441, 0.0 ], [ 56.397241337547925, 58.215796046408819, 0.0 ] ] } },
{ "type": "Feature", "properties": { "fid": 5149, "handle": 3749144, "block": -1, "etype": 18, "space": 0, "layer": "0_Roads_Hatch", "olinetype": "bylayer", "linetype": "", "color": "0,0,0,255", "ocolor": 256, "color24": -1, "transparency": 0, "lweight": -1, "linewidth": 0.0, "ltscale": 1.0, "visible": 1, "width": 15.0, "thickness": 0.0, "ext": "(3:0,0,0.1)" }, "geometry": { "type": "LineString", "coordinates": [ [ 56.396993586350256, 58.215622347331468, 0.0 ], [ 56.39688218913733, 58.215502110199161, 0.0 ] ] } },
{ "type": "Feature", "properties": { "fid": 5173, "handle": 3754977, "block": -1, "etype": 18, "space": 0, "layer": "0_Roads_Hatch", "olinetype": "bylayer", "linetype": "", "color": "0,0,0,255", "ocolor": 256, "color24": -1, "transparency": 0, "lweight": -1, "linewidth": 0.0, "ltscale": 1.0, "visible": 1, "width": 6.0, "thickness": 0.0, "ext": "(3:0,0,0.1)" }, "geometry": { "type": "LineString", "coordinates": [ [ 56.391188140040583, 58.214042480894072, 0.0 ], [ 56.391239937274101, 58.21405208325114, 0.0 ], [ 56.391292043340798, 58.214061208429797, 0.0 ], [ 56.39134444245714, 58.21406985366589, 0.0 ], [ 56.391397118750795, 58.214078016340629, 0.0 ], [ 56.391450056265462, 58.214085693981431, 0.0 ], [ 56.391503238965647, 58.214092884262612, 0.0 ], [ 56.391556650741563, 58.214099585006117, 0.0 ], [ 56.391610275414031, 58.214105794182139, 0.0 ], [ 56.391664096739326, 58.214111509909834, 0.0 ], [ 56.391718098414103, 58.214116730457853, 0.0 ], [ 56.391772264080444, 58.214121454244761, 0.0 ], [ 56.391826577330676, 58.21412567983964, 0.0 ], [ 56.391881021712415, 58.214129405962481, 0.0 ], [ 56.391935580733524, 58.214132631484595, 0.0 ], [ 56.391990237867148, 58.214135355428915, 0.0 ], [ 56.39204497655669, 58.21413757697028, 0.0 ], [ 56.392099780220832, 58.214139295435743, 0.0 ], [ 56.392154632258574, 58.214140510304823, 0.0 ], [ 56.392209516054251, 58.214141221209438, 0.0 ], [ 56.392264414982584, 58.214141427934258, 0.0 ], [ 56.392319312413683, 58.21414113041665, 0.0 ], [ 56.392374191718162, 58.214140328746801, 0.0 ], [ 56.392429036272063, 58.214139023167462, 0.0 ], [ 56.392483829462002, 58.214137214074171, 0.0 ], [ 56.392538554690148, 58.214134902014926, 0.0 ], [ 56.392593195379277, 58.214132087690075, 0.0 ], [ 56.392647734977757, 58.214128771952097, 0.0 ], [ 56.392702156964631, 58.214124955805474, 0.0 ], [ 56.392756444854541, 58.214120640406094, 0.0 ], [ 56.392810582202792, 58.214115827061214, 0.0 ], [ 56.392864552610313, 58.214110517228846, 0.0 ], [ 56.392918339728581, 58.214104712517461, 0.0 ], [ 56.392971927264689, 58.214098414685367, 0.0 ], [ 56.393025298986146, 58.214091625640307, 0.0 ], [ 56.393078438725908, 58.214084347438799, 0.0 ], [ 56.393131330387199, 58.214076582285507, 0.0 ], [ 56.393183957948438, 58.214068332532648, 0.0 ], [ 56.393236305468058, 58.214059600679164, 0.0 ], [ 56.393288357089389, 58.214050389370136, 0.0 ], [ 56.393340097045396, 58.214040701395739, 0.0 ], [ 56.393391509663495, 58.21403053969064, 0.0 ], [ 56.393442579370323, 58.214019907332947, 0.0 ], [ 56.393493290696377, 58.214008807543422, 0.0 ], [ 56.393543628280845, 58.213997243684275, 0.0 ], [ 56.393593576876071, 58.213985219258419, 0.0 ], [ 56.393643121352319, 58.213972737908186, 0.0 ], [ 56.393692246702358, 58.213959803414369, 0.0 ], [ 56.393740938045873, 58.213946419694999, 0.0 ], [ 56.393789180634116, 58.213932590804141, 0.0 ], [ 56.393836959854333, 58.213918320930766, 0.0 ], [ 56.39388426123417, 58.21390361439741, 0.0 ] ] } },
{ "type": "Feature", "properties": { "fid": 5176, "handle": 3755049, "block": -1, "etype": 18, "space": 0, "layer": "0_Roads_Hatch", "olinetype": "bylayer", "linetype": "", "color": "0,0,0,255", "ocolor": 256, "color24": -1, "transparency": 0, "lweight": -1, "linewidth": 0.0, "ltscale": 1.0, "visible": 1, "width": 6.0, "thickness": 0.0, "ext": "(3:0,0,0.1)" }, "geometry": { "type": "LineString", "coordinates": [ [ 56.392062490673823, 58.21580057270522, 0.0 ], [ 56.392100136414953, 58.215776848424262, 0.0 ], [ 56.392138548241626, 58.215753468620385, 0.0 ], [ 56.39217771483542, 58.215730440181773, 0.0 ], [ 56.392217624655565, 58.215707769893136, 0.0 ], [ 56.392258265942417, 58.215685464433555, 0.0 ], [ 56.392299626720913, 58.215663530374684, 0.0 ], [ 56.39234169480401, 58.215641974178666, 0.0 ], [ 56.392384457796439, 58.215620802196462, 0.0 ], [ 56.392427903098209, 58.215600020665626, 0.0 ], [ 56.392472017908375, 58.215579635708842, 0.0 ], [ 56.392516789228843, 58.215559653331844, 0.0 ], [ 56.392562203868138, 58.215540079421707, 0.0 ], [ 56.392608248445313, 58.215520919745359, 0.0 ], [ 56.392654909393933, 58.215502179947443, 0.0 ], [ 56.392702172966025, 58.215483865549018, 0.0 ], [ 56.392750025236118, 58.21546598194579, 0.0 ], [ 56.392798452105367, 58.215448534406498, 0.0 ], [ 56.392847439305733, 58.215431528071477, 0.0 ], [ 56.392896972404138, 58.21541496795097, 0.0 ], [ 56.392947036806724, 58.215398858923841, 0.0 ], [ 56.392997617763214, 58.215383205736018, 0.0 ], [ 56.39304870037116, 58.215368012999114, 0.0 ], [ 56.39310026958038, 58.215353285189067, 0.0 ], [ 56.393152310197429, 58.215339026644926, 0.0 ], [ 56.393204806889997, 58.215325241567356, 0.0 ], [ 56.393257744191487, 58.215311934017613, 0.0 ], [ 56.393311106505543, 58.215299107916223, 0.0 ], [ 56.393364878110624, 58.215286767041945, 0.0 ], [ 56.393419043164698, 58.215274915030484, 0.0 ], [ 56.393473585709835, 58.215263555373511, 0.0 ], [ 56.393528489676974, 58.215252691417774, 0.0 ], [ 56.39358373889057, 58.215242326363885, 0.0 ], [ 56.393639317073465, 58.215232463265416, 0.0 ], [ 56.393695207851586, 58.215223105028159, 0.0 ], [ 56.393751394758823, 58.215214254409133, 0.0 ], [ 56.393807861241861, 58.215205914015797, 0.0 ], [ 56.393864590665046, 58.215198086305328, 0.0 ], [ 56.393921566315306, 58.215190773583778, 0.0 ], [ 56.393978771407056, 58.215183978005555, 0.0 ], [ 56.394036189087153, 58.215177701572685, 0.0 ], [ 56.394093802439826, 58.215171946134241, 0.0 ], [ 56.394151594491731, 58.215166713385855, 0.0 ], [ 56.39420954821685, 58.215162004869079, 0.0 ], [ 56.394267646541593, 58.215157821971118, 0.0 ], [ 56.394325872349761, 58.215154165924226, 0.0 ], [ 56.394384208487622, 58.21515103780559, 0.0 ], [ 56.394442637769004, 58.21514843853673, 0.0 ], [ 56.394501142980211, 58.215146368883353, 0.0 ], [ 56.394559706885275, 58.215144829455276, 0.0 ], [ 56.394618312230911, 58.215143820705975, 0.0 ], [ 56.394676941751619, 58.215143342932656, 0.0 ], [ 56.394735578174782, 58.215143396276105, 0.0 ], [ 56.394794204225782, 58.215143980720534, 0.0 ], [ 56.394852802633011, 58.215145096093828, 0.0 ] ] } },
{ "type": "Feature", "properties": { "fid": 5210, "handle": 3757843, "block": -1, "etype": 18, "space": 0, "layer": "0_Roads_Hatch", "olinetype": "bylayer", "linetype": "", "color": "0,0,0,255", "ocolor": 256, "color24": -1, "transparency": 0, "lweight": -1, "linewidth": 0.0, "ltscale": 1.0, "visible": 1, "width": 6.0, "thickness": 0.0, "ext": "(3:0,0,0.1)" }, "geometry": { "type": "LineString", "coordinates": [ [ 56.394557864229419, 58.211476642056745, 0.0 ], [ 56.394491549970319, 58.211381422089929, 0.0 ], [ 56.394428104765069, 58.211285659184192, 0.0 ], [ 56.394367544541311, 58.211189377415408, 0.0 ], [ 56.39430988450102, 58.211092600989737, 0.0 ], [ 56.39425513911663, 58.210995354237518, 0.0 ], [ 56.39420332212751, 58.210897661607156, 0.0 ], [ 56.394154446536447, 58.210799547658958, 0.0 ], [ 56.394108524606466, 58.210701037058861, 0.0 ], [ 56.394065567857758, 58.210602154572435, 0.0 ], [ 56.394055577443446, 58.210578672144003, 0.0 ], [ 56.394046356149303, 58.210555102239617, 0.0 ], [ 56.394037906718864, 58.210531451875838, 0.0 ], [ 56.394030231665909, 58.210507728093035, 0.0 ], [ 56.394023333273609, 58.210483937953498, 0.0 ], [ 56.394017213594005, 58.210460088539271, 0.0 ], [ 56.394011874447237, 58.210436186949991, 0.0 ], [ 56.394007317421142, 58.210412240300762, 0.0 ], [ 56.39400354387071, 58.210388255720225, 0.0 ], [ 56.39400055491766, 58.210364240348177, 0.0 ], [ 56.393998351450172, 58.210340201333594, 0.0 ], [ 56.39399693412259, 58.210316145832536, 0.0 ], [ 56.39399630335523, 58.210292081005868, 0.0 ], [ 56.393996459334275, 58.210268014017259, 0.0 ], [ 56.393997402011678, 58.210243952031057, 0.0 ], [ 56.393999131105261, 58.210219902210014, 0.0 ], [ 56.394001646098658, 58.21019587171331, 0.0 ], [ 56.394004946241658, 58.210171867694321, 0.0 ], [ 56.394009030550286, 58.210147897298548, 0.0 ], [ 56.394013897807127, 58.210123967661453, 0.0 ], [ 56.394019546561751, 58.210100085906369, 0.0 ], [ 56.394025975131058, 58.210076259142383, 0.0 ], [ 56.394033181599866, 58.210052494462154, 0.0 ], [ 56.394041163821413, 58.210028798939781, 0.0 ], [ 56.394049919418059, 58.210005179628951, 0.0 ], [ 56.39405944578192, 58.209981643560504, 0.0 ], [ 56.394069740075722, 58.209958197740519, 0.0 ], [ 56.394080799233606, 58.209934849148205, 0.0 ], [ 56.394092619962088, 58.209911604733819, 0.0 ], [ 56.394105198740938, 58.209888471416555, 0.0 ], [ 56.394118531824326, 58.209865456082603, 0.0 ], [ 56.394132615241936, 58.209842565582932, 0.0 ], [ 56.39414744480009, 58.209819806731403, 0.0 ], [ 56.394163016083056, 58.209797186302659, 0.0 ], [ 56.394179324454313, 58.209774711030072, 0.0 ], [ 56.394196365057986, 58.209752387603899, 0.0 ], [ 56.39421413282021, 58.209730222669087, 0.0 ], [ 56.39423262245078, 58.209708222823437, 0.0 ], [ 56.394251828444588, 58.209686394615574, 0.0 ], [ 56.394271745083323, 58.209664744543083, 0.0 ], [ 56.394292366437178, 58.209643279050397, 0.0 ], [ 56.39431368636663, 58.209622004527134, 0.0 ], [ 56.394335698524216, 58.209600927305893, 0.0 ], [ 56.394358396356473, 58.209580053660716, 0.0 ], [ 56.394381773105856, 58.209559389804916, 0.0 ], [ 56.394405821812811, 58.209538941889321, 0.0 ], [ 56.394430535317738, 58.209518716000588, 0.0 ], [ 56.394558287691048, 58.20941582953192, 0.0 ], [ 56.394687933285773, 58.209313605040023, 0.0 ] ] } },
{ "type": "Feature", "properties": { "fid": 5220, "handle": 3758198, "block": -1, "etype": 18, "space": 0, "layer": "0_Roads_Hatch", "olinetype": "bylayer", "linetype": "", "color": "0,0,0,255", "ocolor": 256, "color24": -1, "transparency": 0, "lweight": -1, "linewidth": 0.0, "ltscale": 1.0, "visible": 1, "width": 4.5, "thickness": 0.0, "ext": "(3:0,0,0.1)" }, "geometry": { "type": "LineString", "coordinates": [ [ 56.394065567857758, 58.210602154572435, 0.0 ], [ 56.394037669235267, 58.210599816671376, 0.0 ], [ 56.394009698810024, 58.210597731410367, 0.0 ], [ 56.393981664794353, 58.210595899401746, 0.0 ], [ 56.393953575419282, 58.210594321183351, 0.0 ], [ 56.393925438932072, 58.21059299721864, 0.0 ], [ 56.393897263593821, 58.210591927896196, 0.0 ], [ 56.393869057677001, 58.210591113530079, 0.0 ], [ 56.393840829463095, 58.210590554359392, 0.0 ], [ 56.393812587240127, 58.210590250548258, 0.0 ], [ 56.393784339300211, 58.210590202185934, 0.0 ], [ 56.393756093937156, 58.210590409286624, 0.0 ], [ 56.39372785944402, 58.210590871789464, 0.0 ], [ 56.393699644110647, 58.210591589558696, 0.0 ], [ 56.393671456221298, 58.210592562383574, 0.0 ], [ 56.393643304052134, 58.210593789978446, 0.0 ], [ 56.393615195868847, 58.210595271982911, 0.0 ], [ 56.393587139924222, 58.210597007961844, 0.0 ], [ 56.393559144455715, 58.210598997405526, 0.0 ], [ 56.393531217683012, 58.210601239729819, 0.0 ], [ 56.39350336780565, 58.210603734276454, 0.0 ], [ 56.393475603000574, 58.21060648031289, 0.0 ], [ 56.393447931419772, 58.210609477032961, 0.0 ], [ 56.393420361187871, 58.210612723556757, 0.0 ], [ 56.393392900399753, 58.210616218931065, 0.0 ], [ 56.39336555711813, 58.210619962129684, 0.0 ], [ 56.393338339371269, 58.210623952053496, 0.0 ], [ 56.393311255150579, 58.210628187531057, 0.0 ], [ 56.393284312408234, 58.210632667318791, 0.0 ], [ 56.393257519054927, 58.210637390101425, 0.0 ], [ 56.393230882957461, 58.210642354492272, 0.0 ], [ 56.39320441193653, 58.210647559033752, 0.0 ], [ 56.393178113764293, 58.210653002197752, 0.0 ], [ 56.393151996162231, 58.210658682386146, 0.0 ], [ 56.393126066798786, 58.210664597931135, 0.0 ], [ 56.393100333287173, 58.210670747095904, 0.0 ], [ 56.393074803183062, 58.210677128074956, 0.0 ], [ 56.39304948398248, 58.210683738994817, 0.0 ], [ 56.393024383119503, 58.210690577914406, 0.0 ], [ 56.392999507964106, 58.210697642825814, 0.0 ], [ 56.392974865820037, 58.210704931654647, 0.0 ], [ 56.39295046392261, 58.210712442260835, 0.0 ] ] } },
{ "type": "Feature", "properties": { "fid": 5223, "handle": 3758201, "block": -1, "etype": 18, "space": 0, "layer": "0_Roads_Hatch", "olinetype": "bylayer", "linetype": "", "color": "0,0,0,255", "ocolor": 256, "color24": -1, "transparency": 0, "lweight": -1, "linewidth": 0.0, "ltscale": 1.0, "visible": 1, "width": 15.0, "thickness": 0.0, "ext": "(3:0,0,0.1)" }, "geometry": { "type": "LineString", "coordinates": [ [ 56.39295046392261, 58.210712442260842, 0.0 ], [ 56.393179305664347, 58.210652866994245, 0.0 ] ] } },
{ "type": "Feature", "properties": { "fid": 5234, "handle": 3759500, "block": -1, "etype": 18, "space": 0, "layer": "0_Roads_Hatch", "olinetype": "bylayer", "linetype": "", "color": "0,0,0,255", "ocolor": 256, "color24": -1, "transparency": 0, "lweight": -1, "linewidth": 0.0, "ltscale": 1.0, "visible": 1, "width": 14.999999999999995, "thickness": 0.0, "ext": "(3:0,0,0.1)" }, "geometry": { "type": "LineString", "coordinates": [ [ 56.390942707515052, 58.211994090311677, 0.0 ], [ 56.391189835297027, 58.212027647055052, 0.0 ] ] } },
{ "type": "Feature", "properties": { "fid": 5294, "handle": 3769913, "block": -1, "etype": 18, "space": 0, "layer": "0_Roads_Hatch", "olinetype": "bylayer", "linetype": "", "color": "254,234,185,255", "ocolor": 254, "color24": 16706233, "transparency": 0, "lweight": -1, "linewidth": 0.0, "ltscale": 1.0, "visible": 1, "width": 2.0, "thickness": 0.0, "ext": "(3:0,0,0.1)" }, "geometry": { "type": "LineString", "coordinates": [ [ 56.400048246133551, 58.213606792824777, 0.0 ], [ 56.399922552660087, 58.213639505970008, 0.0 ], [ 56.399795805542105, 58.213671066698538, 0.0 ], [ 56.399668042715028, 58.213701465563652, 0.0 ], [ 56.39953930241856, 58.213730693466246, 0.0 ], [ 56.399409623185292, 58.213758741657792, 0.0 ], [ 56.399279043829175, 58.213785601742785, 0.0 ], [ 56.399147603433782, 58.213811265681372, 0.0 ], [ 56.399015341340757, 58.213835725791753, 0.0 ], [ 56.398882297137895, 58.213858974752334, 0.0 ], [ 56.398748510647351, 58.213881005604144, 0.0 ], [ 56.398614021913716, 58.213901811752791, 0.0 ], [ 56.398478871191962, 58.213921386970405, 0.0 ], [ 56.398343098935456, 58.213939725397587, 0.0 ], [ 56.398206745783746, 58.213956821545189, 0.0 ], [ 56.39806985255052, 58.213972670295831, 0.0 ], [ 56.397932460211244, 58.213987266905491, 0.0 ], [ 56.39779460989093, 58.214000607005012, 0.0 ], [ 56.397656342851867, 58.214012686601343, 0.0 ], [ 56.397517700481181, 58.214023502078696, 0.0 ], [ 56.397378724278475, 58.214033050199646, 0.0 ], [ 56.397239455843376, 58.214041328106205, 0.0 ], [ 56.3970999368631, 58.214048333320484, 0.0 ], [ 56.396960209099923, 58.214054063745664, 0.0 ], [ 56.396820314378672, 58.214058517666466, 0.0 ], [ 56.396680294574246, 58.214061693749656, 0.0 ], [ 56.396540191598966, 58.214063591044592, 0.0 ], [ 56.396400047390124, 58.214064208983316, 0.0 ] ] } },
{ "type": "Feature", "properties": { "fid": 5295, "handle": 3769914, "block": -1, "etype": 18, "space": 0, "layer": "0_Roads_Hatch", "olinetype": "bylayer", "linetype": "", "color": "254,234,185,255", "ocolor": 254, "color24": 16706233, "transparency": 0, "lweight": -1, "linewidth": 0.0, "ltscale": 1.0, "visible": 1, "width": 2.0, "thickness": 0.0, "ext": "(3:0,0,0.1)" }, "geometry": { "type": "LineString", "coordinates": [ [ 56.396553919305902, 58.21443629311505, 0.0 ], [ 56.396699456216538, 58.214419417905276, 0.0 ], [ 56.396845517663934, 58.214403856083578, 0.0 ], [ 56.396992061096775, 58.21438961218341, 0.0 ], [ 56.397139043823486, 58.214376690354413, 0.0 ], [ 56.397286423024667, 58.214365094360865, 0.0 ], [ 56.397434155765566, 58.214354827581012, 0.0 ], [ 56.397582199008539, 58.214345893005707, 0.0 ], [ 56.397730509625596, 58.214338293237837, 0.0 ], [ 56.397879044410956, 58.214332030491299, 0.0 ], [ 56.398027760093576, 58.214327106590595, 0.0 ], [ 56.398176613349825, 58.214323522970162, 0.0 ], [ 56.398325560815984, 58.214321280674021, 0.0 ], [ 56.398474559100976, 58.214320380355296, 0.0 ], [ 56.398623564798882, 58.21432082227637, 0.0 ], [ 56.398772534501703, 58.214322606308457, 0.0 ], [ 56.39892142481181, 58.214325731931886, 0.0 ], [ 56.399070192354763, 58.214330198236084, 0.0 ], [ 56.399218793791789, 58.214336003919946, 0.0 ], [ 56.399367185832503, 58.214343147292176, 0.0 ], [ 56.399515325247386, 58.214351626271771, 0.0 ], [ 56.399663168880451, 58.214361438388657, 0.0 ], [ 56.399810673661811, 58.214372580784399, 0.0 ], [ 56.399957796620129, 58.214385050212947, 0.0 ], [ 56.40010449489521, 58.214398843041799, 0.0 ], [ 56.400250725750425, 58.214413955252738, 0.0 ] ] } },
{ "type": "Feature", "properties": { "fid": 5298, "handle": 3771193, "block": -1, "etype": 18, "space": 0, "layer": "0_Roads_Hatch", "olinetype": "bylayer", "linetype": "", "color": "0,0,0,255", "ocolor": 256, "color24": -1, "transparency": 0, "lweight": -1, "linewidth": 0.0, "ltscale": 1.0, "visible": 1, "width": 6.0, "thickness": 0.0, "ext": "(3:0,0,0.1)" }, "geometry": { "type": "LineString", "coordinates": [ [ 56.396525263192807, 58.214883870479333, 0.0 ], [ 56.396519542481272, 58.214884809742649, 0.0 ], [ 56.396513791751616, 58.214885696488523, 0.0 ], [ 56.396508012734927, 58.214886530450059, 0.0 ], [ 56.396502207170784, 58.214887311376231, 0.0 ], [ 56.396496376806773, 58.214888039031926, 0.0 ], [ 56.396490523397937, 58.21488871319815, 0.0 ], [ 56.396484648706249, 58.214889333671962, 0.0 ], [ 56.396478754500109, 58.21488990026657, 0.0 ], [ 56.39647284255377, 58.214890412811421, 0.0 ], [ 56.396466914646872, 58.214890871152235, 0.0 ], [ 56.396460972563773, 58.214891275151054, 0.0 ], [ 56.396455018093206, 58.21489162468626, 0.0 ], [ 56.396449053027531, 58.214891919652594, 0.0 ], [ 56.39644307916236, 58.214892159961337, 0.0 ], [ 56.396437098295941, 58.214892345540129, 0.0 ], [ 56.396431112228619, 58.214892476333063, 0.0 ], [ 56.396425122762324, 58.214892552300839, 0.0 ], [ 56.396419131699993, 58.214892573420506, 0.0 ], [ 56.396413140845027, 58.214892539685778, 0.0 ], [ 56.396407152000812, 58.214892451106785, 0.0 ], [ 56.396401166970101, 58.214892307710166, 0.0 ], [ 56.396395187554482, 58.21489210953915, 0.0 ], [ 56.396389215553874, 58.214891856653317, 0.0 ], [ 56.396383252765972, 58.214891549128851, 0.0 ], [ 56.396377300985677, 58.214891187058264, 0.0 ], [ 56.396371362004572, 58.214890770550603, 0.0 ], [ 56.396365437610442, 58.214890299731202, 0.0 ], [ 56.396359529586597, 58.214889774741813, 0.0 ], [ 56.396353639711471, 58.214889195740454, 0.0 ], [ 56.396347769758037, 58.214888562901407, 0.0 ], [ 56.396341921493253, 58.21488787641519, 0.0 ], [ 56.396336096677558, 58.214887136488457, 0.0 ], [ 56.396330297064303, 58.214886343343906, 0.0 ], [ 56.396324524399319, 58.21488549722028, 0.0 ], [ 56.396318780420252, 58.214884598372322, 0.0 ], [ 56.396313066856152, 58.214883647070565, 0.0 ], [ 56.396307385426908, 58.21488264360142, 0.0 ], [ 56.39630173784272, 58.214881588266863, 0.0 ], [ 56.396296125803623, 58.214880481384689, 0.0 ], [ 56.396290550998948, 58.21487932328796, 0.0 ], [ 56.396285015106784, 58.214878114325352, 0.0 ], [ 56.396279519793545, 58.214876854860783, 0.0 ], [ 56.396274066713431, 58.214875545273358, 0.0 ], [ 56.396268657507903, 58.214874185957356, 0.0 ], [ 56.39626329380522, 58.214872777321858, 0.0 ], [ 56.396257977219939, 58.214871319790895, 0.0 ], [ 56.39625270935246, 58.214869813803304, 0.0 ], [ 56.396247491788507, 58.214868259812313, 0.0 ], [ 56.39624232609863, 58.214866658285736, 0.0 ], [ 56.3962372138378, 58.214865009705711, 0.0 ], [ 56.39623215654489, 58.214863314568404, 0.0 ], [ 56.396227155742231, 58.214861573384169, 0.0 ], [ 56.396222212935143, 58.214859786677053, 0.0 ], [ 56.396217329611495, 58.214857954984929, 0.0 ], [ 56.396212507241231, 58.214856078859178, 0.0 ], [ 56.396207747275987, 58.214854158864533, 0.0 ], [ 56.396203051148547, 58.214852195578928, 0.0 ], [ 56.396198420272555, 58.214850189593385, 0.0 ], [ 56.396193856041961, 58.214848141511695, 0.0 ], [ 56.396189359830657, 58.214846051950389, 0.0 ], [ 56.396184932992092, 58.214843921538488, 0.0 ] ] } },
{ "type": "Feature", "properties": { "fid": 5299, "handle": 3771194, "block": -1, "etype": 18, "space": 0, "layer": "0_Roads_Hatch", "olinetype": "bylayer", "linetype": "", "color": "0,0,0,255", "ocolor": 256, "color24": -1, "transparency": 0, "lweight": -1, "linewidth": 0.0, "ltscale": 1.0, "visible": 1, "width": 6.0, "thickness": 0.0, "ext": "(3:0,0,0.1)" }, "geometry": { "type": "LineString", "coordinates": [ [ 56.396088368514036, 58.213681334625448, 0.0 ], [ 56.396084069694062, 58.213680913259118, 0.0 ], [ 56.396079757613251, 58.213680531490418, 0.0 ], [ 56.396075433581139, 58.213680189435266, 0.0 ], [ 56.39607109891088, 58.213679887197571, 0.0 ], [ 56.39606675491887, 58.213679624869108, 0.0 ], [ 56.396062402924343, 58.21367940252955, 0.0 ], [ 56.396058044248953, 58.213679220246384, 0.0 ], [ 56.396053680216404, 58.213679078075032, 0.0 ], [ 56.396049312151952, 58.213678976058617, 0.0 ], [ 56.396044941382186, 58.213678914228133, 0.0 ], [ 56.396040569234444, 58.213678892602395, 0.0 ], [ 56.396036197036501, 58.213678911187905, 0.0 ], [ 56.396031826116158, 58.21367896997905, 0.0 ], [ 56.396027457800805, 58.213679068957973, 0.0 ], [ 56.396023093417071, 58.213679208094618, 0.0 ], [ 56.396018734290337, 58.213679387346765, 0.0 ], [ 56.396014381744472, 58.213679606659916, 0.0 ], [ 56.396010037101284, 58.213679865967507, 0.0 ], [ 56.396005701680181, 58.213680165190787, 0.0 ], [ 56.396001376797798, 58.213680504238866, 0.0 ], [ 56.395997063767553, 58.21368088300877, 0.0 ], [ 56.39599276389928, 58.213681301385499, 0.0 ], [ 56.395988478498801, 58.213681759241979, 0.0 ], [ 56.395984208867532, 58.213682256439192, 0.0 ], [ 56.395979956302128, 58.213682792826113, 0.0 ], [ 56.395975722094057, 58.213683368239835, 0.0 ], [ 56.395971507529197, 58.213683982505657, 0.0 ], [ 56.395967313887475, 58.213684635436991, 0.0 ], [ 56.395963142442461, 58.213685326835602, 0.0 ], [ 56.395958994460976, 58.213686056491447, 0.0 ], [ 56.395954871202719, 58.213686824182972, 0.0 ], [ 56.395950773919893, 58.213687629677061, 0.0 ], [ 56.395946703856794, 58.213688472729054, 0.0 ], [ 56.395942662249453, 58.21368935308297, 0.0 ], [ 56.395938650325284, 58.213690270471382, 0.0 ], [ 56.395934669302662, 58.213691224615765, 0.0 ], [ 56.395930720390602, 58.213692215226274, 0.0 ], [ 56.395926804788324, 58.213693242002158, 0.0 ], [ 56.395922923684978, 58.213694304631552, 0.0 ], [ 56.395919078259219, 58.213695402791764, 0.0 ], [ 56.395915269678852, 58.213696536149236, 0.0 ], [ 56.395911499100535, 58.213697704359859, 0.0 ], [ 56.395907767669343, 58.213698907068782, 0.0 ], [ 56.395904076518484, 58.213700143910813, 0.0 ], [ 56.395900426768925, 58.213701414510339, 0.0 ], [ 56.395896819529064, 58.213702718481464, 0.0 ], [ 56.395893255894379, 58.213704055428131, 0.0 ], [ 56.39588973694714, 58.213705424944472, 0.0 ], [ 56.395886263756012, 58.213706826614406, 0.0 ], [ 56.395882837375758, 58.213708260012382, 0.0 ], [ 56.39587945884697, 58.213709724703037, 0.0 ], [ 56.395876129195656, 58.213711220241578, 0.0 ], [ 56.395872849433026, 58.21371274617379, 0.0 ], [ 56.395869620555125, 58.213714302036294, 0.0 ], [ 56.395866443542502, 58.213715887356599, 0.0 ], [ 56.395863319360025, 58.21371750165325, 0.0 ], [ 56.395860248956474, 58.213719144435977, 0.0 ], [ 56.395857233264316, 58.213720815205917, 0.0 ], [ 56.395854273199404, 58.213722513455622, 0.0 ], [ 56.395851369660662, 58.213724238669393, 0.0 ], [ 56.395848523529899, 58.213725990323283, 0.0 ], [ 56.39584573567145, 58.213727767885345, 0.0 ], [ 56.395843006931997, 58.213729570815744, 0.0 ], [ 56.395840338140225, 58.213731398566921, 0.0 ], [ 56.395837730106628, 58.213733250583822, 0.0 ], [ 56.395835183623269, 58.21373512630403, 0.0 ], [ 56.39583269946349, 58.213737025157869, 0.0 ], [ 56.395830278381709, 58.213738946568675, 0.0 ], [ 56.395827921113217, 58.213740889952973, 0.0 ], [ 56.395825628373899, 58.213742854720529, 0.0 ], [ 56.395823400860046, 58.213744840274671, 0.0 ], [ 56.395821239248143, 58.213746846012427, 0.0 ], [ 56.395819144194682, 58.213748871324661, 0.0 ], [ 56.395817116335898, 58.2137509155963, 0.0 ], [ 56.395815156287682, 58.213752978206507, 0.0 ], [ 56.395813264645255, 58.213755058528889, 0.0 ], [ 56.395811441983135, 58.213757155931667, 0.0 ], [ 56.395809688854825, 58.213759269777903, 0.0 ], [ 56.395808005792802, 58.213761399425586, 0.0 ], [ 56.39580639330817, 58.21376354422803, 0.0 ], [ 56.395804851890645, 58.213765703533802, 0.0 ], [ 56.395803382008381, 58.213767876687207, 0.0 ], [ 56.395801984107749, 58.213770063028242, 0.0 ], [ 56.395800658613318, 58.213772261892927, 0.0 ], [ 56.395799405927633, 58.213774472613473, 0.0 ], [ 56.395798226431125, 58.213776694518529, 0.0 ] ] } },
{ "type": "Feature", "properties": { "fid": 5341, "handle": 3773421, "block": -1, "etype": 18, "space": 0, "layer": "0_Roads_Hatch", "olinetype": "bylayer", "linetype": "", "color": "0,0,0,255", "ocolor": 256, "color24": -1, "transparency": 0, "lweight": -1, "linewidth": 0.0, "ltscale": 1.0, "visible": 1, "width": 6.0, "thickness": 0.0, "ext": "(3:0,0,0.1)" }, "geometry": { "type": "LineString", "coordinates": [ [ 56.396135296350124, 58.212995084787671, 0.0 ], [ 56.396138105549412, 58.21297433405644, 0.0 ], [ 56.396141593163961, 58.212953612013692, 0.0 ], [ 56.396145758152947, 58.212932924836444, 0.0 ], [ 56.396150599273696, 58.212912278691313, 0.0 ], [ 56.396156115081929, 58.212891679732714, 0.0 ], [ 56.396162303932257, 58.212871134100958, 0.0 ], [ 56.396169163978712, 58.212850647920426, 0.0 ], [ 56.396176693175249, 58.212830227297793, 0.0 ], [ 56.396184889276341, 58.212809878320179, 0.0 ], [ 56.396193749837714, 58.212789607053367, 0.0 ], [ 56.396203272217043, 58.212769419539974, 0.0 ], [ 56.396213453574703, 58.212749321797453, 0.0 ], [ 56.396224290874663, 58.212729319816738, 0.0 ], [ 56.396235780885412, 58.212709419560142, 0.0 ], [ 56.396247920180855, 58.212689626959531, 0.0 ], [ 56.396260705141408, 58.212669947914783, 0.0 ], [ 56.396274131955018, 58.212650388291884, 0.0 ] ] } }
]
}
