{
"type": "FeatureCollection",
"name": "roads",
"crs": { "type": "name", "properties": { "name": "urn:ogc:def:crs:OGC:1.3:CRS84" } },
"features": [
{ "type": "Feature", "properties": { "fid": 4781, "handle": 3311233, "block": -1, "etype": 18, "space": 0, "layer": "0_Roads_Hatch", "olinetype": "bylayer", "linetype": "", "color": "0,0,0,255", "ocolor": 256, "color24": -1, "transparency": 0, "lweight": -1, "linewidth": 0.0, "ltscale": 1.0, "visible": 1, "width": 4.5, "thickness": 0.0, "ext": "(3:0,0,0.1)" }, "geometry": { "type": "LineString", "coordinates": [ [ 2241049.069410944823176, 540796.313465532031842, 0.0 ], [ 2241048.787849002052099, 540798.35986422363203, 0.0 ], [ 2241048.541931006126106, 540800.410851564258337, 0.0 ], [ 2241048.33173139160499, 540802.465806759544648, 0.0 ], [ 2241048.157313781324774, 540804.524107813718729, 0.0 ], [ 2241048.018730968702585, 540806.585131718544289, 0.0 ], [ 2241047.916024900041521, 540808.648254641680978, 0.0 ], [ 2241047.849226662423462, 540810.712852115277201, 0.0 ], [ 2241047.818356474395841, 540812.778299225261435, 0.0 ], [ 2241047.823423679918051, 540814.843970800167881, 0.0 ], [ 2241047.86442674510181, 540816.909241601126269, 0.0 ], [ 2241047.941353258676827, 540818.973486509989016, 0.0 ], [ 2241048.054179937113076, 540821.036080719553865, 0.0 ], [ 2241048.202872629743069, 540823.09639992180746, 0.0 ], [ 2241048.387386330403388, 540825.153820497915149, 0.0 ], [ 2241048.607665189541876, 540827.207719705882482, 0.0 ], [ 2241048.863642533775419, 540829.25747586984653, 0.0 ], [ 2241049.155240883119404, 540831.302468567853794, 0.0 ], [ 2241049.482371977064759, 540833.342078819870949, 0.0 ], [ 2241049.844936798326671, 540835.375689274864271, 0.0 ], [ 2241050.242825605906546, 540837.402684397995472, 0.0 ], [ 2241050.67591796675697, 540839.422450656536967, 0.0 ], [ 2241051.144082792103291, 540841.434376706136391, 0.0 ], [ 2241051.647178376559168, 540843.437853575218469, 0.0 ], [ 2241052.18505244422704, 540845.432274849736132, 0.0 ], [ 2241052.757542189676315, 540847.417036856524646, 0.0 ], [ 2241053.364474331494421, 540849.391538846306503, 0.0 ], [ 2241054.005665163043886, 540851.355183174950071, 0.0 ], [ 2241054.680920608807355, 540853.307375485193916, 0.0 ], [ 2241055.390036280732602, 540855.24752488557715, 0.0 ], [ 2241056.132797543890774, 540857.175044130184688, 0.0 ], [ 2241056.908979578409344, 540859.089349795831367, 0.0 ], [ 2241057.718347448855639, 540860.989862459013239, 0.0 ], [ 2241058.560656175483018, 540862.876006870763376, 0.0 ], [ 2241059.435650806874037, 540864.747212131391279, 0.0 ], [ 2241060.343066499102861, 540866.602911862893961, 0.0 ], [ 2241061.282628595363349, 540868.442544380552135, 0.0 ], [ 2241062.254052707459778, 540870.265552862780169, 0.0 ], [ 2241063.257044804748148, 540872.071385519928299, 0.0 ], [ 2241064.29130129981786, 540873.859495760989375, 0.0 ], [ 2241065.35650914395228, 540875.629342359374277, 0.0 ], [ 2241066.45234591839835, 540877.38038961624261, 0.0 ], [ 2241067.578479934949428, 540879.112107523251325, 0.0 ] ] } },
{ "type": "Feature", "properties": { "fid": 4782, "handle": 3311234, "block": -1, "etype": 18, "space": 0, "layer": "0_Roads_Hatch", "olinetype": "bylayer", "linetype": "", "color": "0,0,0,255", "ocolor": 256, "color24": -1, "transparency": 0, "lweight": -1, "linewidth": 0.0, "ltscale": 1.0, "visible": 1, "width": 6.0, "thickness": 0.0, "ext": "(3:0,0,0.1)" }, "geometry": { "type": "LineString", "coordinates": [ [ 2241730.4, 540808.06691291637253, 0.0 ], [ 2241711.298249934799969, 540803.589038558071479, 0.0 ], [ 2241692.276359388139099, 540798.783219756092876, 0.0 ], [ 2241673.339958165306598, 540793.650878862361424, 0.0 ], [ 2241654.4946507695131, 540788.19353486795444, 0.0 ], [ 2241635.746014743112028, 540782.412802953040227, 0.0 ], [ 2241633.625884050503373, 540781.798156036180444, 0.0 ], [ 2241631.495494795497507, 540781.220067281043157, 0.0 ], [ 2241629.355477313045412, 540780.678707731422037, 0.0 ], [ 2241627.20646478747949, 540780.174237563624047, 0.0 ], [ 2241625.049093062989414, 540779.70680603897199, 0.0 ], [ 2241622.88400045922026, 540779.276551460265182, 0.0 ], [ 2241620.711827578488737, 540778.883601130335592, 0.0 ], [ 2241618.533217118121684, 540778.528071314445697, 0.0 ], [ 2241616.348813681863248, 540778.210067205829546, 0.0 ], [ 2241614.159263585228473, 540777.92968289507553, 0.0 ], [ 2241611.965214668307453, 540777.687001341604628, 0.0 ], [ 2241609.767316101584584, 540777.482094349572435, 0.0 ], [ 2241607.566218193620443, 540777.315022546215914, 0.0 ], [ 2241605.362572201527655, 540777.185835364623927, 0.0 ], [ 2241603.157030134927481, 540777.09457102837041, 0.0 ], [ 2241600.950244565028697, 540777.041256540454924, 0.0 ], [ 2241598.742868430912495, 540777.025907675502822, 0.0 ], [ 2241596.535554845351726, 540777.048528974875808, 0.0 ], [ 2241594.328956904821098, 540777.109113745391369, 0.0 ], [ 2241592.123727492056787, 540777.207644061534666, 0.0 ], [ 2241589.920519085600972, 540777.34409077023156, 0.0 ], [ 2241587.719983566086739, 540777.518413499929011, 0.0 ], [ 2241585.522772023454309, 540777.730560672469437, 0.0 ], [ 2241583.3295345637016, 540777.980469518108293, 0.0 ], [ 2241581.140920117031783, 540778.268066094373353, 0.0 ], [ 2241578.957576246000826, 540778.593265307950787, 0.0 ], [ 2241576.780148954130709, 540778.955970939365216, 0.0 ], [ 2241574.60928249405697, 540779.35607567219995, 0.0 ], [ 2241572.445619176141918, 540779.7934611242963, 0.0 ], [ 2241570.289799180813134, 540780.267997883027419, 0.0 ], [ 2241568.142460368108004, 540780.779545543366112, 0.0 ], [ 2241566.004238087218255, 540781.327952749794349, 0.0 ] ] } },
{ "type": "Feature", "properties": { "fid": 4783, "handle": 3311235, "block": -1, "etype": 18, "space": 0, "layer": "0_Roads_Hatch", "olinetype": "bylayer", "linetype": "", "color": "0,0,0,255", "ocolor": 256, "color24": -1, "transparency": 0, "lweight": -1, "linewidth": 0.0, "ltscale": 1.0, "visible": 1, "width": 6.0, "thickness": 0.0, "ext": "(3:0,0,0.1)" }, "geometry": { "type": "LineString", "coordinates": [ [ 2241566.004238087218255, 540781.327952749794349, 0.0 ], [ 2241563.873371045105159, 540782.983967309235595, 0.0 ], [ 2241561.714041158091277, 540784.602693046908826, 0.0 ], [ 2241559.526900880038738, 540786.183640856412239, 0.0 ], [ 2241557.312611065804958, 540787.726333046099171, 0.0 ], [ 2241555.071840775199234, 540789.230303483665921, 0.0 ], [ 2241552.80526706809178, 540790.695097736548632, 0.0 ], [ 2241550.513574801385403, 540792.120273209526204, 0.0 ], [ 2241548.197456422261894, 540793.505399278597906, 0.0 ], [ 2241545.857611757703125, 540794.85005742055364, 0.0 ], [ 2241543.49474780401215, 540796.153841340215877, 0.0 ], [ 2241541.109578512609005, 540797.416357092210092, 0.0 ], [ 2241538.702824574895203, 540798.637223200988956, 0.0 ], [ 2241536.275213203858584, 540799.816070775617845, 0.0 ], [ 2241533.827477914746851, 540800.952543621067889, 0.0 ], [ 2241531.360358303878456, 540802.046298346249387, 0.0 ], [ 2241528.874599824193865, 540803.09700446750503, 0.0 ], [ 2241526.370953559875488, 540804.10434450849425, 0.0 ], [ 2241523.850176001898944, 540805.068014096119441, 0.0 ], [ 2241521.313028814736754, 540805.987722052726895, 0.0 ], [ 2241518.760278611909598, 540806.863190483767539, 0.0 ], [ 2241516.192696718964726, 540807.694154861965217, 0.0 ], [ 2241513.61105894530192, 540808.480364107061177, 0.0 ], [ 2241511.01614534528926, 540809.221580661833286, 0.0 ], [ 2241508.408739985432476, 540809.917580563924275, 0.0 ], [ 2241505.789630707353354, 540810.568153513246216, 0.0 ], [ 2241503.159608887974173, 540811.17310293589253, 0.0 ], [ 2241500.519469202961773, 540811.732246043276973, 0.0 ], [ 2241497.870009382721037, 540812.245413887430914, 0.0 ], [ 2241495.212029976770282, 540812.712451411876827, 0.0 ], [ 2241492.546334106475115, 540813.133217499009334, 0.0 ], [ 2241489.873727225698531, 540813.507585012004711, 0.0 ], [ 2241487.195016876794398, 540813.835440833936445, 0.0 ], [ 2241484.511012446135283, 540814.116685901302844, 0.0 ], [ 2241481.82252491870895, 540814.351235234527849, 0.0 ], [ 2241479.130366635974497, 540814.539017963223159, 0.0 ], [ 2241476.435351047199219, 540814.679977348074317, 0.0 ], [ 2241473.738292464986444, 540814.774070797255263, 0.0 ], [ 2241471.04000581940636, 540814.821269880165346, 0.0 ], [ 2241468.34130641259253, 540814.821560335112736, 0.0 ], [ 2241465.643009670078754, 540814.77494207455311, 0.0 ], [ 2241462.9459308963269, 540814.681429184158333, 0.0 ], [ 2241460.778567285742611, 540814.696286011603661, 0.0 ], [ 2241458.611784809269011, 540814.748625705833547, 0.0 ], [ 2241456.446231654379517, 540814.838432609452866, 0.0 ], [ 2241454.282555643003434, 540814.96567985706497, 0.0 ], [ 2241452.12140403361991, 540815.130329382955097, 0.0 ], [ 2241449.963423330336809, 540815.332331932382658, 0.0 ], [ 2241447.809259089175612, 540815.571627076948062, 0.0 ], [ 2241445.65955572295934, 540815.848143231705762, 0.0 ], [ 2241443.514956312254071, 540816.161797677632421, 0.0 ], [ 2241441.376102408394217, 540816.512496585492045, 0.0 ], [ 2241439.243633845821023, 540816.90013504459057, 0.0 ], [ 2241437.118188547901809, 540817.324597093625925, 0.0 ], [ 2241435.000402337405831, 540817.785755755496211, 0.0 ], [ 2241432.890908745583147, 540818.283473075833172, 0.0 ], [ 2241430.79033882310614, 540818.817600163281895, 0.0 ], [ 2241428.699320951011032, 540819.387977234902792, 0.0 ], [ 2241426.618480653036386, 540819.994433663552627, 0.0 ], [ 2241424.548440408427268, 540820.63678802899085, 0.0 ], [ 2241422.489819465205073, 540821.314848172361962, 0.0 ], [ 2241420.443233655765653, 540822.028411253355443, 0.0 ], [ 2241418.409295212477446, 540822.77726381085813, 0.0 ], [ 2241416.388612582813948, 540823.561181827448308, 0.0 ], [ 2241414.381790251005441, 540824.379930795403197, 0.0 ], [ 2241412.389428552705795, 540825.233265787828714, 0.0 ], [ 2241410.412123499903828, 540826.120931531186216, 0.0 ], [ 2241408.450466598384082, 540827.042662482243031, 0.0 ], [ 2241406.505044674035162, 540827.998182907002047, 0.0 ], [ 2241404.576439695898443, 540828.987206963473, 0.0 ], [ 2241402.665228602476418, 540830.009438787237741, 0.0 ], [ 2241400.77198312850669, 540831.064572579576634, 0.0 ], [ 2241398.897269634064287, 540832.152292699553072, 0.0 ], [ 2241397.041648936457932, 540833.272273757844232, 0.0 ], [ 2241395.205676140263677, 540834.424180714529939, 0.0 ], [ 2241393.389900472946465, 540835.607668978860602, 0.0 ], [ 2241391.5948651204817, 540836.822384512866847, 0.0 ], [ 2241389.82110706390813, 540838.067963936831802, 0.0 ], [ 2241388.069156919140369, 540839.34403463837225, 0.0 ], [ 2241386.339538778178394, 540840.650214883382432, 0.0 ], [ 2241384.632770053111017, 540841.986113930819556, 0.0 ], [ 2241382.949361320585012, 540843.351332149119116, 0.0 ], [ 2241381.289816168136895, 540844.745461136335507, 0.0 ], [ 2241379.654631046112627, 540846.168083841330372, 0.0 ], [ 2241378.044295115862042, 540847.618774689733982, 0.0 ], [ 2241376.459290106780827, 540849.097099710139446, 0.0 ], [ 2241374.900090169627219, 540850.602616664837115, 0.0 ], [ 2241373.367161735426635, 540852.134875181363896, 0.0 ], [ 2241371.860963377170265, 540853.693416887894273, 0.0 ], [ 2241370.381945671048015, 540855.277775549679063, 0.0 ], [ 2241368.930551061406732, 540856.88747720932588, 0.0 ], [ 2241367.507213730830699, 540858.522040327778086, 0.0 ], [ 2241366.112359466962516, 540860.180975928786211, 0.0 ], [ 2241364.74640553817153, 540861.863787745358422, 0.0 ], [ 2241363.409760566893965, 540863.569972367607988, 0.0 ], [ 2241362.102824407164007, 540865.299019393976778, 0.0 ], [ 2241360.825988026335835, 540867.050411583739333, 0.0 ], [ 2241359.579633387736976, 540868.823625011369586, 0.0 ], [ 2241358.364133335649967, 540870.618129223701544, 0.0 ], [ 2241357.179851484019309, 540872.433387398603372, 0.0 ], [ 2241356.027142108883709, 540874.268856505281292, 0.0 ], [ 2241354.906350040342659, 540876.123987466911785, 0.0 ], [ 2241353.817810561973602, 540877.998225324903615, 0.0 ], [ 2241352.761849306989461, 540879.891009404906072, 0.0 ], [ 2241351.738782164640725, 540881.80177348444704, 0.0 ], [ 2241350.748915183357894, 540883.729945962317288, 0.0 ], [ 2241349.792544479481876, 540885.674950029700994, 0.0 ], [ 2241348.869956149719656, 540887.636203842703253, 0.0 ], [ 2241347.981426184531301, 540889.613120696274564, 0.0 ], [ 2241347.127220385242254, 540891.605109199648723, 0.0 ], [ 2241346.30759428627789, 540893.611573453759775, 0.0 ], [ 2241345.52279307693243, 540895.63191322889179, 0.0 ], [ 2241344.773051528725773, 540897.665524144540541, 0.0 ], [ 2241344.058593925554305, 540899.711797850206494, 0.0 ], [ 2241343.379633995704353, 540901.77012220735196, 0.0 ], [ 2241342.736374848987907, 540903.839881472405978, 0.0 ], [ 2241342.134300457313657, 540905.847058982239105, 0.0 ], [ 2241341.497565102763474, 540907.843511640792713, 0.0 ], [ 2241340.8263596650213, 540909.828640953754075, 0.0 ], [ 2241340.120885356795043, 540911.801851821830496, 0.0 ], [ 2241339.381353665143251, 540913.762552718399093, 0.0 ], [ 2241338.607986284885556, 540915.710155867040157, 0.0 ], [ 2241337.801015055738389, 540917.644077417673543, 0.0 ], [ 2241336.960681890137494, 540919.563737621996552, 0.0 ], [ 2241336.087238701991737, 540921.468561006709933, 0.0 ], [ 2241335.18094733171165, 540923.357976546278223, 0.0 ], [ 2241334.242079465650022, 540925.231417834060267, 0.0 ], [ 2241333.27091655600816, 540927.088323252392001, 0.0 ], [ 2241332.267749737482518, 540928.92813614057377, 0.0 ], [ 2241331.232879737857729, 540930.750304961693473, 0.0 ], [ 2241330.166616789065301, 540932.554283468518406, 0.0 ], [ 2241329.069280533585697, 540934.339530866593122, 0.0 ], [ 2241327.941199930384755, 540936.105511976755224, 0.0 ], [ 2241326.782713153399527, 540937.851697395555675, 0.0 ], [ 2241325.594167492818087, 540939.577563653816469, 0.0 ], [ 2241324.375919248443097, 540941.282593373442069, 0.0 ], [ 2241323.128333625849336, 540942.96627542283386, 0.0 ], [ 2241321.851784624624997, 540944.6281050699763, 0.0 ], [ 2241320.546654926612973, 540946.267584133893251, 0.0 ], [ 2241319.213335782289505, 540947.884221133426763, 0.0 ], [ 2241317.852226892020553, 540949.47753143531736, 0.0 ], [ 2241316.46373628731817, 540951.047037399141118, 0.0 ], [ 2241315.04828020837158, 540952.59226852026768, 0.0 ], [ 2241313.606282978784293, 540954.112761571421288, 0.0 ], [ 2241312.138176878448576, 540955.608060741098598, 0.0 ], [ 2241310.644402014091611, 540957.077717770589516, 0.0 ], [ 2241309.125406187959015, 540958.521292087738402, 0.0 ], [ 2241307.581644762773067, 540959.938350940006785, 0.0 ], [ 2241306.013580524828285, 540961.32846952311229, 0.0 ], [ 2241304.421683546621352, 540962.691231109085493, 0.0 ], [ 2241302.806431045290083, 540964.026227171183564, 0.0 ], [ 2241301.168307238724083, 540965.333057505893521, 0.0 ], [ 2241299.507803201675415, 540966.611330353305675, 0.0 ], [ 2241297.82541671814397, 540967.860662514460273, 0.0 ], [ 2241296.12165213143453, 540969.080679466133006, 0.0 ], [ 2241294.397020194213837, 540970.271015473292209, 0.0 ], [ 2241292.652037913911045, 540971.431313698529266, 0.0 ], [ 2241290.887228399515152, 540972.561226309044287, 0.0 ], [ 2241289.103120703715831, 540973.660414581303485, 0.0 ], [ 2241287.300249663181603, 540974.728549001854844, 0.0 ], [ 2241285.479155740700662, 540975.765309366863221, 0.0 ], [ 2241283.640384861268103, 540976.770384877570905, 0.0 ], [ 2241281.78448824910447, 540977.743474233779125, 0.0 ], [ 2241279.912022263277322, 540978.684285723953508, 0.0 ], [ 2241278.023548228200525, 540979.592537312884815, 0.0 ], [ 2241276.119632268790156, 540980.467956726206467, 0.0 ], [ 2241274.200845138635486, 540981.31028153153602, 0.0 ], [ 2241202.757537314202636, 541012.51422286988236, 0.0 ], [ 2241199.006640028674155, 541014.186925975140184, 0.0 ], [ 2241195.227289472240955, 541015.794307540287264, 0.0 ], [ 2241191.42062311200425, 541017.335883793537505, 0.0 ], [ 2241187.587786635383964, 541018.811190768377855, 0.0 ], [ 2241183.729933607857674, 541020.21978444326669, 0.0 ], [ 2241179.848225122317672, 541021.5612408752786, 0.0 ], [ 2241175.943829453084618, 541022.835156327928416, 0.0 ], [ 2241172.017921701073647, 541024.041147392243147, 0.0 ], [ 2241168.071683442685753, 541025.178851102362387, 0.0 ], [ 2241164.106302372645587, 541026.247925044852309, 0.0 ], [ 2241160.122971947770566, 541027.248047461849637, 0.0 ], [ 2241156.12289102608338, 541028.178917347453535, 0.0 ], [ 2241152.107263507321477, 541029.040254538995214, 0.0 ], [ 2241148.077297971118242, 541029.83179980062414, 0.0 ], [ 2241144.034207311458886, 541030.553314901888371, 0.0 ], [ 2241139.979208372533321, 541031.204582689097151, 0.0 ], [ 2241135.91352158319205, 541031.785407151095569, 0.0 ], [ 2241131.838370588608086, 541032.295613477705047, 0.0 ], [ 2241127.754981882404536, 541032.735048112692311, 0.0 ], [ 2241123.664584437850863, 541033.10357879975345, 0.0 ], [ 2241119.568409336730838, 541033.401094622910023, 0.0 ], [ 2241115.467689400538802, 541033.627506038872525, 0.0 ], [ 2241111.363658818416297, 541033.782744905096479, 0.0 ], [ 2241107.25755277602002, 541033.866764499340206, 0.0 ], [ 2241103.150607082992792, 541033.879539534449577, 0.0 ], [ 2241099.044057803228498, 541033.821066165342927, 0.0 ], [ 2241094.939140879083425, 541033.691361990873702, 0.0 ], [ 2241090.837091763969511, 541033.490466047893278, 0.0 ], [ 2241084.262040094938129, 541032.993827530997805, 0.0 ], [ 2241077.696281232405454, 541032.386567436857149, 0.0 ], [ 2241071.141676189377904, 541031.668857888667844, 0.0 ], [ 2241064.60008281795308, 541030.840902315685526, 0.0 ], [ 2241058.073355282656848, 541029.902935395482928, 0.0 ], [ 2241051.563343533314764, 541028.855222987476736, 0.0 ], [ 2241045.071892782580107, 541027.698062057606876, 0.0 ], [ 2241038.600842982064933, 541026.431780594401062, 0.0 ], [ 2241037.248664441518486, 541026.228913968079723, 0.0 ], [ 2241035.893167139030993, 541026.049557519610971, 0.0 ], [ 2241034.534759811125696, 541025.893765332060866, 0.0 ], [ 2241033.173852073494345, 541025.761584382969886, 0.0 ], [ 2241031.810854295268655, 541025.653054530499503, 0.0 ], [ 2241030.446177474688739, 541025.568208500510082, 0.0 ], [ 2241029.080233117565513, 541025.507071877829731, 0.0 ], [ 2241027.713433111552149, 541025.469663097406738, 0.0 ], [ 2241026.346189601812512, 541025.455993439536542, 0.0 ], [ 2241024.978914868552238, 541025.466067026252858, 0.0 ], [ 2241023.612021200358868, 541025.499880819930695, 0.0 ], [ 2241022.245920770801604, 541025.557424624334089, 0.0 ], [ 2241020.881025514565408, 541025.638681087642908, 0.0 ], [ 2241019.517747002653778, 541025.743625707807951, 0.0 ], [ 2241018.156496319919825, 541025.872226839652285, 0.0 ], [ 2241016.797683937475085, 541026.024445704882964, 0.0 ], [ 2241015.441719593014568, 541026.200236403150484, 0.0 ], [ 2241014.089012164156884, 541026.399545926600695, 0.0 ], [ 2241012.739969547837973, 541026.622314175241627, 0.0 ], [ 2241011.394998534582555, 541026.868473975453526, 0.0 ], [ 2241010.054504688363522, 541027.137951100012287, 0.0 ], [ 2241008.718892221339047, 541027.430664290674031, 0.0 ], [ 2241007.388563875574619, 541027.7465252825059, 0.0 ], [ 2241006.06392079917714, 541028.085438830661587, 0.0 ], [ 2241004.745362425222993, 541028.44730273890309, 0.0 ], [ 2241003.43328635301441, 541028.832007890683599, 0.0 ], [ 2241002.128088226541877, 541029.239438281743787, 0.0 ], [ 2241000.830161615740508, 541029.669471055269241, 0.0 ], [ 2240999.539897898212075, 541030.121976538910531, 0.0 ], [ 2240998.257686140947044, 541030.596818284015171, 0.0 ], [ 2240996.983912982512265, 541031.093853106489405, 0.0 ], [ 2240995.718962517566979, 541031.612931130104698, 0.0 ], [ 2240994.463216179981828, 541032.153895831899717, 0.0 ], [ 2240993.217052627820522, 541032.716584089095704, 0.0 ], [ 2240991.980847630184144, 541033.300826228223741, 0.0 ], [ 2240990.754973952658474, 541033.906446076580323, 0.0 ], [ 2240989.539801246486604, 541034.533261015429161, 0.0 ], [ 2240988.335695935413241, 541035.181082034367137, 0.0 ], [ 2240987.143021105322987, 541035.849713789415546, 0.0 ], [ 2240985.962136397138238, 541036.538954660645686, 0.0 ], [ 2240984.793397894594818, 541037.248596814111806, 0.0 ], [ 2240983.63715801993385, 541037.978426264016889, 0.0 ], [ 2240982.493765426799655, 541038.728222937090322, 0.0 ], [ 2240981.363564893603325, 541039.497760739293881, 0.0 ], [ 2240980.246897222474217, 541040.286807623575442, 0.0 ], [ 2240979.144099134020507, 541041.095125660649501, 0.0 ], [ 2240978.055503165815026, 541041.922471109428443, 0.0 ], [ 2240976.981437574606389, 541042.768594491994008, 0.0 ], [ 2240975.922226233873516, 541043.633240667870268, 0.0 ], [ 2240974.878188539296389, 541044.516148910857737, 0.0 ], [ 2240973.849639310501516, 541045.417052988661453, 0.0 ], [ 2240972.836888696532696, 541046.335681241936982, 0.0 ], [ 2240971.840242083184421, 541047.271756667061709, 0.0 ], [ 2240970.859999999869615, 541048.224996999371797, 0.0 ], [ 2240966.477536357939243, 541054.062517297687009, 0.0 ], [ 2240962.192429658025503, 541059.971873554866761, 0.0 ], [ 2240958.005857182666659, 541065.951442244579084, 0.0 ], [ 2240953.918969144113362, 541071.999580550356768, 0.0 ], [ 2240949.932888366281986, 541078.114626816823147, 0.0 ], [ 2240946.048709979280829, 541084.294901006738655, 0.0 ], [ 2240942.267501114867628, 541090.538705162005499, 0.0 ], [ 2240938.590300616342574, 541096.84432387072593, 0.0 ], [ 2240935.018118751235306, 541103.210024737636559, 0.0 ], [ 2240931.551936934702098, 541109.634058861178346, 0.0 ], [ 2240928.192707459442317, 541116.114661313127726, 0.0 ], [ 2240925.292576801031828, 541122.430591016076505, 0.0 ], [ 2240922.501063499599695, 541128.795273202704266, 0.0 ], [ 2240919.818986747413874, 541135.206840105121955, 0.0 ], [ 2240917.247133621945977, 541141.66341019666288, 0.0 ], [ 2240914.786258853506297, 541148.16308874450624, 0.0 ], [ 2240912.437084607314318, 541154.703968364745378, 0.0 ], [ 2240910.200300266500562, 541161.284129583276808, 0.0 ], [ 2240908.076562233734876, 541167.901641397969797, 0.0 ], [ 2240906.066493737976998, 541174.554561846191064, 0.0 ], [ 2240904.170684649609029, 541181.240938574192114, 0.0 ], [ 2240902.389691309537739, 541187.95880941033829, 0.0 ], [ 2240900.724036364816129, 541194.706202940549701, 0.0 ], [ 2240899.174208614975214, 541201.481139087467454, 0.0 ], [ 2240897.740662869997323, 541208.28162969078403, 0.0 ], [ 2240896.423819815274328, 541215.105679091066122, 0.0 ], [ 2240895.22406588960439, 541221.95128471555654, 0.0 ], [ 2240894.141753170173615, 541228.816437665489502, 0.0 ], [ 2240893.177199270110577, 541235.699123305734247, 0.0 ], [ 2240892.33068724675104, 541242.597321856301278, 0.0 ], [ 2240891.602465514559299, 541249.509008984430693, 0.0 ], [ 2240890.992747777607292, 541256.432156399358064, 0.0 ], [ 2240890.501712961122394, 541263.364732447080314, 0.0 ], [ 2240890.460613109171391, 541264.915204276447184, 0.0 ], [ 2240890.392600257415324, 541266.464728830498643, 0.0 ], [ 2240890.297694908920676, 541268.012838990194723, 0.0 ], [ 2240890.175925673451275, 541269.559068062808365, 0.0 ], [ 2240890.027329260017723, 541271.102949922671542, 0.0 ], [ 2240889.851950463838875, 541272.644019152037799, 0.0 ], [ 2240889.64984215516597, 541274.181811180547811, 0.0 ], [ 2240889.421065261121839, 541275.715862426208332, 0.0 ], [ 2240889.165688748471439, 541277.24571043450851, 0.0 ], [ 2240888.883789603598416, 541278.77089401811827, 0.0 ], [ 2240888.575452806893736, 541280.290953395771794, 0.0 ], [ 2240888.240771309938282, 541281.805430331034586, 0.0 ], [ 2240887.879846005700529, 541283.31386827013921, 0.0 ], [ 2240887.492785698734224, 541284.815812480286695, 0.0 ], [ 2240887.079707071650773, 541286.310810185736045, 0.0 ], [ 2240886.640734651125968, 541287.798410705290735, 0.0 ], [ 2240886.176000769715756, 541289.278165587340482, 0.0 ], [ 2240885.685645525343716, 541290.749628745601512, 0.0 ], [ 2240885.169816741254181, 541292.212356593459845, 0.0 ], [ 2240884.628669918514788, 541293.665908177616075, 0.0 ], [ 2240884.062368190847337, 541295.109845310798846, 0.0 ], [ 2240883.47108227526769, 541296.543732704594731, 0.0 ], [ 2240882.854990420863032, 541297.967138099716976, 0.0 ], [ 2240882.214278354775161, 541299.379632396856323, 0.0 ], [ 2240881.549139225389808, 541300.780789786251262, 0.0 ], [ 2240880.859773545060307, 541302.170187875628471, 0.0 ], [ 2240880.146389129571617, 541303.547407817328349, 0.0 ], [ 2240879.409201036673039, 541304.912034435314126, 0.0 ], [ 2240878.648431497160345, 541306.263656349969096, 0.0 ], [ 2240877.864309853874147, 541307.601866101613268, 0.0 ], [ 2240877.057072486262769, 541308.926260274252854, 0.0 ], [ 2240876.226962745189667, 541310.236439616652206, 0.0 ], [ 2240875.374230874236673, 541311.532009162474424, 0.0 ], [ 2240874.499133937992156, 541312.812578349839896, 0.0 ], [ 2240873.6019357428886, 541314.077761139138602, 0.0 ], [ 2240872.68290675804019, 541315.327176128630526, 0.0 ], [ 2240871.742324032820761, 541316.560446670278907, 0.0 ], [ 2240870.780471115373075, 541317.777200982905924, 0.0 ], [ 2240869.797637965995818, 541318.977072264184244, 0.0 ], [ 2240868.794120868202299, 541320.159698801347986, 0.0 ], [ 2240867.770222342573106, 541321.324724080390297, 0.0 ], [ 2240866.726251053158194, 541322.471796893281862, 0.0 ], [ 2240865.662521714344621, 541323.600571443792433, 0.0 ], [ 2240864.579354998655617, 541324.710707452148199, 0.0 ], [ 2240863.477077436167747, 541325.80187025712803, 0.0 ], [ 2240862.356021319516003, 541326.87373091711197, 0.0 ], [ 2240861.216524601448327, 541327.925966309732758, 0.0 ], [ 2240860.058930794242769, 541328.958259228267707, 0.0 ], [ 2240858.883588866330683, 541329.970298478147015, 0.0 ], [ 2240857.690853134728968, 541330.961778970551677, 0.0 ], [ 2240856.481083162128925, 541331.932401814032346, 0.0 ], [ 2240855.254643644206226, 541332.881874405196868, 0.0 ], [ 2240854.011904303915799, 541333.809910516371019, 0.0 ], [ 2240852.753239776473492, 541334.716230381978676, 0.0 ], [ 2240851.479029498528689, 541335.600560783524998, 0.0 ] ] } },
{ "type": "Feature", "properties": { "fid": 4784, "handle": 3311242, "block": -1, "etype": 18, "space": 0, "layer": "0_Roads_Hatch", "olinetype": "bylayer", "linetype": "", "color": "0,0,0,255", "ocolor": 256, "color24": -1, "transparency": 0, "lweight": -1, "linewidth": 0.0, "ltscale": 1.0, "visible": 1, "width": 6.0, "thickness": 0.0, "ext": "(3:0,0,0.1)" }, "geometry": { "type": "LineString", "coordinates": [ [ 2241360.959879369474947, 540072.285466351313516, 0.0 ], [ 2241365.920374501962215, 540066.37103523442056, 0.0 ], [ 2241370.977395741268992, 540060.538922103121877, 0.0 ], [ 2241376.12957726418972, 540054.79070212203078, 0.0 ], [ 2241381.375527544412762, 540049.12792779749725, 0.0 ], [ 2241386.713829731103033, 540043.552128558396362, 0.0 ], [ 2241392.143042030744255, 540038.064810342737474, 0.0 ], [ 2241397.66169809596613, 540032.667455191491172, 0.0 ], [ 2241403.268307422287762, 540027.361520847771317, 0.0 ], [ 2241408.961355749517679, 540022.148440363351256, 0.0 ], [ 2241414.739305472467095, 540017.029621711466461, 0.0 ], [ 2241420.600596055854112, 540012.006447407067753, 0.0 ], [ 2241426.543644453864545, 540007.080274132546037, 0.0 ], [ 2241432.566845540888608, 540002.252432372188196, 0.0 ], [ 2241438.668572541326284, 539997.524226052220911, 0.0 ], [ 2241444.847177472431213, 539992.896932188887149, 0.0 ], [ 2241451.100991587620229, 539988.371800543507561, 0.0 ] ] } },
{ "type": "Feature", "properties": { "fid": 4785, "handle": 3311830, "block": -1, "etype": 18, "space": 0, "layer": "0_Roads_Hatch", "olinetype": "bylayer", "linetype": "", "color": "0,0,0,255", "ocolor": 256, "color24": -1, "transparency": 0, "lweight": -1, "linewidth": 0.0, "ltscale": 1.0, "visible": 1, "width": 4.5, "thickness": 0.0, "ext": "(3:0,0,0.1)" }, "geometry": { "type": "LineString", "coordinates": [ [ 2240799.699175729881972, 540857.318070683046244, 0.0 ], [ 2240799.551150378771126, 540856.584251770749688, 0.0 ], [ 2240799.415893697645515, 540855.847972386982292, 0.0 ], [ 2240799.293446498457342, 540855.109454693156295, 0.0 ], [ 2240799.183845728170127, 540854.368921526009217, 0.0 ], [ 2240799.087124456651509, 540853.626596330199391, 0.0 ], [ 2240799.003311867825687, 540852.882703091483563, 0.0 ], [ 2240798.932433252222836, 540852.137466268381104, 0.0 ], [ 2240798.874509994871914, 540851.391110725118779, 0.0 ], [ 2240798.829559574369341, 540850.643861663411371, 0.0 ], [ 2240798.797595553100109, 540849.895944554358721, 0.0 ], [ 2240798.778627575840801, 540849.147585070808418, 0.0 ], [ 2240798.77266136649996, 540848.399009019252844, 0.0 ], [ 2240798.779698724392802, 540847.650442271260545, 0.0 ], [ 2240798.799737527035177, 540846.902110695606098, 0.0 ], [ 2240798.832771727349609, 540846.154240090399981, 0.0 ], [ 2240798.878791357856244, 540845.4070561141707, 0.0 ], [ 2240798.937782533466816, 540844.660784218809567, 0.0 ], [ 2240799.009727453347296, 540843.91564958053641, 0.0 ], [ 2240799.094604410231113, 540843.171877032727934, 0.0 ], [ 2240799.192387792747468, 540842.429690997581929, 0.0 ], [ 2240799.303048097062856, 540841.68931541882921, 0.0 ], [ 2240799.426551932934672, 540840.950973693514243, 0.0 ], [ 2240799.562862034421414, 540840.214888605521992, 0.0 ], [ 2240799.711937272921205, 540839.481282257358544, 0.0 ], [ 2240799.87373266601935, 540838.750376003910787, 0.0 ], [ 2240800.048199395183474, 540838.022390385274775, 0.0 ], [ 2240800.235284817870706, 540837.297545060049742, 0.0 ], [ 2240800.43493248289451, 540836.576058739796281, 0.0 ], [ 2240800.647082150448114, 540835.858149121981114, 0.0 ], [ 2240800.871669807005674, 540835.144032825366594, 0.0 ], [ 2240801.108627686742693, 540834.433925323653966, 0.0 ], [ 2240801.357884291093796, 540833.728040881454945, 0.0 ], [ 2240801.619364410638809, 540833.026592488749884, 0.0 ], [ 2240801.892989147920161, 540832.329791797092184, 0.0 ], [ 2240802.178675940725952, 540831.637849055812694, 0.0 ], [ 2240802.476338586769998, 540830.950973048224114, 0.0 ], [ 2240802.785887271165848, 540830.269371028989553, 0.0 ], [ 2240803.107228592038155, 540829.593248661374673, 0.0 ], [ 2240803.440265589859337, 540828.922809955081902, 0.0 ], [ 2240803.784897774923593, 540828.258257205132395, 0.0 ], [ 2240804.141021160408854, 540827.59979093039874, 0.0 ], [ 2240804.508528291247785, 540826.947609813185409, 0.0 ], [ 2240804.887308277189732, 540826.301910639624111, 0.0 ], [ 2240805.27724682725966, 540825.662888239487074, 0.0 ], [ 2240805.678226283285767, 540825.030735428561457, 0.0 ], [ 2240806.090125656221062, 540824.40564294939395, 0.0 ], [ 2240806.512820660602301, 540823.78779941436369, 0.0 ], [ 2240806.946183755062521, 540823.177391248405911, 0.0 ], [ 2240807.390084178652614, 540822.57460263336543, 0.0 ], [ 2240807.844387991353869, 540821.979615451418795, 0.0 ], [ 2240808.308958113193512, 540821.392609231290407, 0.0 ], [ 2240808.783654367551208, 540820.813761093304493, 0.0 ], [ 2240809.268333521205932, 540820.243245696299709, 0.0 ], [ 2240809.762849330436438, 540819.681235184660181, 0.0 ], [ 2240810.267052581999451, 540819.127899136743508, 0.0 ], [ 2240810.780791140161455, 540818.583404513541609, 0.0 ], [ 2240811.303909991402179, 540818.047915608040057, 0.0 ], [ 2240811.836251293309033, 540817.52159399620723, 0.0 ], [ 2240812.377654418814927, 540817.004598487517796, 0.0 ], [ 2240812.927956008818001, 540816.497085077920929, 0.0 ], [ 2240813.486990016885102, 540815.999206901877187, 0.0 ], [ 2240814.054587763734162, 540815.511114186607301, 0.0 ], [ 2240814.630577984731644, 540815.032954207039438, 0.0 ], [ 2240815.214786883443594, 540814.564871240640059, 0.0 ], [ 2240815.807038183324039, 540814.10700652457308, 0.0 ], [ 2240816.407153181731701, 540813.659498212626204, 0.0 ], [ 2240817.014950803015381, 540813.222481333767064, 0.0 ], [ 2240817.630247652996331, 540812.796087751397863, 0.0 ], [ 2240818.252858074847609, 540812.380446123308502, 0.0 ], [ 2240818.882594205904752, 540811.975681863259524, 0.0 ], [ 2240819.519266031682491, 540811.581917102797888, 0.0 ], [ 2240820.162681446876377, 540811.199270654586144, 0.0 ], [ 2240820.81264630984515, 540810.827857976430096, 0.0 ], [ 2240821.468964503612369, 540810.467791136703454, 0.0 ], [ 2240822.131437994074076, 540810.119178780121729, 0.0 ], [ 2240822.799866889603436, 540809.782126095145941, 0.0 ], [ 2240823.474049501586705, 540809.456734782550484, 0.0 ], [ 2240824.153782405424863, 540809.143103024340235, 0.0 ], [ 2240824.838860502466559, 540808.841325454064645, 0.0 ], [ 2240825.529077080078423, 540808.551493128878064, 0.0 ], [ 2240826.224223875440657, 540808.273693501017988, 0.0 ], [ 2240826.924091138876975, 540808.008010392659344, 0.0 ], [ 2240827.628467695787549, 540807.754523969488218, 0.0 ], [ 2240828.337141011375934, 540807.513310717535205, 0.0 ], [ 2240829.049897253047675, 540807.284443419077434, 0.0 ], [ 2240829.766521357931197, 540807.067991131450981, 0.0 ], [ 2240830.486797095742077, 540806.864019165979698, 0.0 ], [ 2240831.210507133044302, 540806.672589068184607, 0.0 ], [ 2240831.937433101702482, 540806.49375859904103, 0.0 ], [ 2240832.667355662677437, 540806.327581718214788, 0.0 ], [ 2240833.400054572615772, 540806.174108566949144, 0.0 ], [ 2240834.135308750439435, 540806.033385453629307, 0.0 ], [ 2240834.872896343935281, 540805.905454839230515, 0.0 ], [ 2240835.612594797741622, 540805.790355324861594, 0.0 ], [ 2240836.354180918540806, 540805.688121640239842, 0.0 ], [ 2240837.097430943511426, 540805.598784632747993, 0.0 ], [ 2240837.842120608314872, 540805.522371258586645, 0.0 ], [ 2240838.588025214150548, 540805.458904574275948, 0.0 ], [ 2240839.334919694811106, 540805.408403729903512, 0.0 ], [ 2240840.082578686531633, 540805.370883963420056, 0.0 ], [ 2240840.830776594113559, 540805.346356595866382, 0.0 ], [ 2240841.579287659842521, 540805.33482902823016, 0.0 ], [ 2240850.791440751869231, 540788.927801685757004, 0.0 ], [ 2240860.267268409952521, 540772.671633594436571, 0.0 ], [ 2240870.004300798289478, 540756.570561857428402, 0.0 ], [ 2240880.0, 540740.628783152322285, 0.0 ] ] } },
{ "type": "Feature", "properties": { "fid": 4786, "handle": 3316864, "block": -1, "etype": 18, "space": 0, "layer": "0_Roads_Hatch", "olinetype": "bylayer", "linetype": "", "color": "0,0,0,255", "ocolor": 256, "color24": -1, "transparency": 0, "lweight": -1, "linewidth": 0.0, "ltscale": 1.0, "visible": 1, "width": 6.0, "thickness": 0.0, "ext": "(3:0,0,0.1)" }, "geometry": { "type": "LineString", "coordinates": [ [ 2240972.920781402383, 540582.018095979234204, 0.0 ], [ 2240974.912349246907979, 540581.996484694653191, 0.0 ], [ 2240976.903253920376301, 540581.940734289004467, 0.0 ], [ 2240978.892910258844495, 540581.850861148443073, 0.0 ], [ 2240980.880733464844525, 540581.726891688420437, 0.0 ], [ 2240982.866139280609787, 540581.568862345768139, 0.0 ], [ 2240984.848544158041477, 540581.376819568453357, 0.0 ], [ 2240986.827365431468934, 540581.150819801143371, 0.0 ], [ 2240988.802021488081664, 540580.890929469722323, 0.0 ], [ 2240990.77193193975836, 540580.597224960569292, 0.0 ], [ 2240992.736517793033272, 540580.269792598905042, 0.0 ], [ 2240994.695201619528234, 540579.908728623413481, 0.0 ], [ 2240996.647407725453377, 540579.514139157370664, 0.0 ], [ 2240998.592562321107835, 540579.086140178027563, 0.0 ], [ 2241000.53009368898347, 540578.624857482383959, 0.0 ], [ 2241002.459432352334261, 540578.130426649819128, 0.0 ], [ 2241004.380011242814362, 540577.602993002976291, 0.0 ], [ 2241006.291265866253525, 540577.042711564456113, 0.0 ], [ 2241008.192634469363838, 540576.449747011181898, 0.0 ], [ 2241010.083558204583824, 540575.824273626785725, 0.0 ], [ 2241011.963481293525547, 540575.166475249570794, 0.0 ], [ 2241013.831851192750037, 540574.476545218494721, 0.0 ], [ 2241015.688118752092123, 540573.754686317173764, 0.0 ], [ 2241017.531738380901515, 540573.001110713230446, 0.0 ], [ 2241019.362168204504997, 540572.216039896593429, 0.0 ], [ 2241021.178870225790888, 540571.399704614304937, 0.0 ], [ 2241022.981310481671244, 540570.552344802650623, 0.0 ], [ 2241024.768959201406687, 540569.674209516262636, 0.0 ], [ 2241026.541290961671621, 540568.765556855709292, 0.0 ], [ 2241028.297784841153771, 540567.826653890777379, 0.0 ], [ 2241030.037924573756754, 540566.85777658270672, 0.0 ], [ 2241031.761198699474335, 540565.859209702699445, 0.0 ], [ 2241033.467100716196001, 540564.831246747984551, 0.0 ], [ 2241035.155129227321595, 540563.774189856252633, 0.0 ], [ 2241036.824788089375943, 540562.688349716132507, 0.0 ], [ 2241038.475586559157819, 540561.574045476387255, 0.0 ], [ 2241040.107039436232299, 540560.431604651734233, 0.0 ], [ 2241041.718667204957455, 540559.261363027035259, 0.0 ], [ 2241043.309996179305017, 540558.063664558110759, 0.0 ], [ 2241044.306626334320754, 540556.974184101447463, 0.0 ], [ 2241045.284161572344601, 540555.867538634454831, 0.0 ], [ 2241046.242306309752166, 540554.744062780751847, 0.0 ], [ 2241047.180770826060325, 540553.604096253286116, 0.0 ], [ 2241048.099271351005882, 540552.44798375130631, 0.0 ], [ 2241048.997530151624233, 540551.276074856286868, 0.0 ], [ 2241049.875275615602732, 540550.088723925873637, 0.0 ], [ 2241050.732242333237082, 540548.886289987480268, 0.0 ], [ 2241051.568171177990735, 540547.669136628857814, 0.0 ], [ 2241052.382809384260327, 540546.437631888780743, 0.0 ], [ 2241053.175910624209791, 540545.192148145637475, 0.0 ], [ 2241053.947235082741827, 540543.933062004507519, 0.0 ], [ 2241054.696549530141056, 540542.660754183656536, 0.0 ], [ 2241055.423627390060574, 540541.375609399285167, 0.0 ], [ 2241056.12824881169945, 540540.078016248997301, 0.0 ], [ 2241056.810200734063983, 540538.76836709480267, 0.0 ], [ 2241057.469276950694621, 540537.447057943907566, 0.0 ], [ 2241058.105278172064573, 540536.114488329389133, 0.0 ], [ 2241058.7180120870471, 540534.771061189123429, 0.0 ], [ 2241059.307293418329209, 540533.417182744015008, 0.0 ], [ 2241059.872943981550634, 540532.053262375527993, 0.0 ], [ 2241060.414792737457901, 540530.67971250100527, 0.0 ], [ 2241060.932675842661411, 540529.296948450035416, 0.0 ], [ 2241061.42643670225516, 540527.905388338142075, 0.0 ], [ 2241061.895926014054567, 540526.505452940473333, 0.0 ], [ 2241062.341001816093922, 540525.097565564909019, 0.0 ], [ 2241062.761529526673257, 540523.682151923771016, 0.0 ], [ 2241063.157381989527494, 540522.259640004835092, 0.0 ], [ 2241063.52843950688839, 540520.830459942575544, 0.0 ], [ 2241063.874589879997075, 540519.395043887663633, 0.0 ], [ 2241064.195728441234678, 540517.953825876465999, 0.0 ], [ 2241064.491758086252958, 540516.507241699495353, 0.0 ], [ 2241064.762589301448315, 540515.055728770093992, 0.0 ], [ 2241065.008140194695443, 540513.599725991836749, 0.0 ], [ 2241065.22833651676774, 540512.139673625933938, 0.0 ], [ 2241065.423111685551703, 540510.676013158052228, 0.0 ], [ 2241065.592406806070358, 540509.209187165019102, 0.0 ], [ 2241065.736170686315745, 540507.739639180712402, 0.0 ], [ 2241065.854359856341034, 540506.267813562066294, 0.0 ], [ 2241065.946938578039408, 540504.794155354844406, 0.0 ], [ 2241066.013878858182579, 540503.319110158830881, 0.0 ], [ 2241066.055160455405712, 540501.843123993137851, 0.0 ], [ 2241066.070770887192339, 540500.366643161629327, 0.0 ], [ 2241066.060705432668328, 540498.890114117413759, 0.0 ], [ 2241066.024967136327177, 540497.413983328617178, 0.0 ], [ 2241065.963566804304719, 540495.938697142642923, 0.0 ], [ 2241065.876523002516478, 540494.464701651362702, 0.0 ], [ 2241065.763862051069736, 540492.992442556889728, 0.0 ], [ 2241065.625618015415967, 540491.522365035722032, 0.0 ], [ 2241065.461832698434591, 540490.054913604981266, 0.0 ], [ 2241065.272555623669177, 540488.590531987836584, 0.0 ], [ 2241065.057844025548548, 540487.129662979044951, 0.0 ], [ 2241064.817762826569378, 540485.672748311189935, 0.0 ], [ 2241064.552384622395039, 540484.220228521153331, 0.0 ], [ 2241064.26178965670988, 540482.772542817168869, 0.0 ], [ 2241063.946065799333155, 540481.330128945526667, 0.0 ], [ 2241063.605308517348021, 540479.893423058325425, 0.0 ], [ 2241063.239620847627521, 540478.462859582039528, 0.0 ], [ 2241062.849113365635276, 540477.03887108550407, 0.0 ], [ 2241062.433904151897877, 540475.621888149762526, 0.0 ], [ 2241061.994118756148964, 540474.212339237099513, 0.0 ], [ 2241061.529890158679336, 540472.810650562285446, 0.0 ], [ 2241061.04135873215273, 540471.417245963355526, 0.0 ], [ 2241060.528672195971012, 540470.032546773087233, 0.0 ], [ 2241059.991985575761646, 540468.656971692224033, 0.0 ], [ 2241059.431461152154952, 540467.290936662699096, 0.0 ], [ 2241058.847268415149301, 540465.934854741324671, 0.0 ], [ 2241058.239584010560066, 540464.589135975809768, 0.0 ], [ 2241057.608591687865555, 540463.254187279962935, 0.0 ], [ 2241056.954482245258987, 540461.930412310990505, 0.0 ], [ 2241056.277453469112515, 540460.618211347726174, 0.0 ], [ 2241055.577710077632219, 540459.317981168976985, 0.0 ], [ 2241054.855463657062501, 540458.030114933964796, 0.0 ], [ 2241054.110932597424835, 540456.755002063349821, 0.0 ], [ 2241053.344342027790844, 540455.49302812141832, 0.0 ], [ 2241052.555923747364432, 540454.244574699667282, 0.0 ], [ 2241051.745916154701263, 540453.010019301320426, 0.0 ], [ 2241050.914564177859575, 540451.78973522700835, 0.0 ], [ 2241050.062119198031723, 540450.584091462078504, 0.0 ], [ 2241049.188838974572718, 540449.39345256506931, 0.0 ], [ 2241048.294987567234784, 540448.218178557348438, 0.0 ], [ 2241047.380835256073624, 540447.058624814380892, 0.0 ], [ 2241046.446658458560705, 540445.915141958044842, 0.0 ], [ 2241045.492739648558199, 540444.788075750926509, 0.0 ], [ 2241044.519367268308997, 540443.677766991429962, 0.0 ], [ 2241043.526835643686354, 540442.584551411098801, 0.0 ], [ 2241042.515444892458618, 540441.508759572636336, 0.0 ], [ 2241041.485500835347921, 540440.450716770370491, 0.0 ], [ 2241040.437314904294908, 540439.410742931882851, 0.0 ], [ 2241039.371204045135528, 540438.389152520801872, 0.0 ], [ 2241038.287490625400096, 540437.386254442273639, 0.0 ], [ 2241037.186502335127443, 540436.402351949247532, 0.0 ], [ 2241036.068572086747736, 540435.437742550857365, 0.0 ], [ 2241034.934037916827947, 540434.492717922432348, 0.0 ], [ 2241033.783242881298065, 540433.567563817254268, 0.0 ], [ 2241032.616534954402596, 540432.662559980410151, 0.0 ], [ 2241031.434266921132803, 540431.777980063925497, 0.0 ], [ 2241030.236796271521598, 540430.914091543992981, 0.0 ], [ 2241029.024485092610121, 540430.071155640529469, 0.0 ], [ 2241027.797699959482998, 540429.249427237431519, 0.0 ], [ 2241026.556811823043972, 540428.449154806206934, 0.0 ], [ 2241025.302195898722857, 540427.670580330654047, 0.0 ], [ 2241024.034231553319842, 540426.913939233403653, 0.0 ], [ 2241022.753302189521492, 540426.179460305138491, 0.0 ], [ 2241021.45979512995109, 540425.467365634976886, 0.0 ], [ 2241020.154101501684636, 540424.777870543883182, 0.0 ], [ 2241018.836616115644574, 540424.111183518893085, 0.0 ], [ 2241017.507737348787487, 540423.467506150715053, 0.0 ], [ 2241016.167867023032159, 540422.847033072379418, 0.0 ], [ 2241014.817410283256322, 540422.249951900332235, 0.0 ], [ 2241013.456775476690382, 540421.676443177973852, 0.0 ], [ 2241012.086374027188867, 540421.126680320943706, 0.0 ], [ 2241010.706620312295854, 540420.600829564849846, 0.0 ], [ 2241009.317931537516415, 540420.099049914395437, 0.0 ], [ 2241007.92072760919109, 540419.621493096346967, 0.0 ], [ 2241006.515431009698659, 540419.168303512386046, 0.0 ], [ 2241005.102466667536646, 540418.739618196734227, 0.0 ], [ 2241003.682261830661446, 540418.335566773661412, 0.0 ], [ 2241001.706620933488011, 540418.028076916583814, 0.0 ], [ 2240999.725990100298077, 540417.754565547220409, 0.0 ], [ 2240997.740953673608601, 540417.515113359084353, 0.0 ], [ 2240995.752097295131534, 540417.309790997416712, 0.0 ], [ 2240993.760007733944803, 540417.138659037998877, 0.0 ], [ 2240991.765272713266313, 540417.001767969690263, 0.0 ], [ 2240989.768480736762285, 540416.899158179294318, 0.0 ], [ 2240987.770220914855599, 540416.83085993968416, 0.0 ], [ 2240985.77108279010281, 540416.796893400605768, 0.0 ], [ 2240983.771656165830791, 540416.79726858320646, 0.0 ], [ 2240981.772530929651111, 540416.831985376775265, 0.0 ], [ 2240979.774296879768372, 540416.901033538975753, 0.0 ], [ 2240977.777543552219868, 540417.004392698523588, 0.0 ], [ 2240975.782860046252608, 540417.142032361705787, 0.0 ], [ 2240973.790834849700332, 540417.313911920646206, 0.0 ], [ 2240971.80205566668883, 540417.519980666227639, 0.0 ], [ 2240969.817109243478626, 540417.760177802294493, 0.0 ], [ 2240967.8365811961703, 540418.034432463697158, 0.0 ], [ 2240965.861055836081505, 540418.342663737596013, 0.0 ], [ 2240963.891115999314934, 540418.68478068721015, 0.0 ], [ 2240961.927342874929309, 540419.060682378010824, 0.0 ], [ 2240959.970315830782056, 540419.470257908571512, 0.0 ], [ 2240958.020612245891243, 540419.913386442349292, 0.0 ], [ 2240956.078807338140905, 540420.389937243890017, 0.0 ], [ 2240954.145473994780332, 540420.899769717128947, 0.0 ], [ 2240952.221182604320347, 540421.44273344706744, 0.0 ], [ 2240950.306500887963921, 540422.018668243894354, 0.0 ], [ 2240948.40199373010546, 540422.627404190599918, 0.0 ], [ 2240946.508223015349358, 540423.26876169280149, 0.0 ], [ 2240944.62574745900929, 540423.942551531712525, 0.0 ], [ 2240943.304204765707254, 540424.494787491392344, 0.0 ], [ 2240941.992497258353978, 540425.069994463119656, 0.0 ], [ 2240940.691024182364345, 540425.667997370706871, 0.0 ], [ 2240939.400181667879224, 540426.288614199496806, 0.0 ], [ 2240938.120362610090524, 540426.931656051776372, 0.0 ], [ 2240936.851956547703594, 540427.596927204402164, 0.0 ], [ 2240935.595349547453225, 540428.284225168521516, 0.0 ], [ 2240934.350924082566053, 540428.993340750341304, 0.0 ], [ 2240933.119058921001852, 540429.724058116204105, 0.0 ], [ 2240931.900129005778581, 540430.476154856733046, 0.0 ], [ 2240930.694505344145, 540431.249402055866085, 0.0 ], [ 2240929.502554892096668, 540432.043564359773882, 0.0 ], [ 2240928.324640444479883, 540432.858400048571639, 0.0 ], [ 2240927.161120524629951, 540433.693661110126413, 0.0 ], [ 2240926.012349273543805, 540434.549093315377831, 0.0 ], [ 2240924.87867634370923, 540435.424436295870692, 0.0 ], [ 2240923.760446792002767, 540436.319423622568138, 0.0 ], [ 2240922.658000974915922, 540437.233782887575217, 0.0 ], [ 2240921.571674444712698, 540438.167235786677338, 0.0 ], [ 2240920.50179784744978, 540439.119498204207048, 0.0 ], [ 2240919.448696822393686, 540440.090280299074948, 0.0 ], [ 2240918.412691902369261, 540441.079286593827419, 0.0 ], [ 2240917.394098416902125, 540442.086216063704342, 0.0 ], [ 2240916.393226396758109, 540443.110762228723615, 0.0 ], [ 2240915.410380478017032, 540444.152613247162662, 0.0 ], [ 2240914.445859809871763, 540445.211452009971254, 0.0 ], [ 2240913.499957963824272, 540446.286956237512641, 0.0 ], [ 2240912.572962845675647, 540447.378798577818088, 0.0 ], [ 2240911.665156605187804, 540448.486646706005558, 0.0 ], [ 2240910.776815552264452, 540449.61016342532821, 0.0 ], [ 2240909.908210071735084, 540450.749006770201959, 0.0 ], [ 2240909.059604541864246, 540451.902830110047944, 0.0 ], [ 2240908.231257252860814, 540453.07128225476481, 0.0 ], [ 2240907.423420330509543, 540454.254007561597973, 0.0 ], [ 2240906.636339655611664, 540455.450646043638699, 0.0 ], [ 2240905.870254793204367, 540456.660833479021676, 0.0 ], [ 2240905.125398917123675, 540457.884201521985233, 0.0 ], [ 2240904.401998739223927, 540459.120377815212123, 0.0 ], [ 2240903.700274441856891, 540460.368986102752388, 0.0 ], [ 2240903.020439608953893, 540461.629646344692446, 0.0 ], [ 2240902.362701163161546, 540462.901974832871929, 0.0 ], [ 2240901.727259300183505, 540464.185584307648242, 0.0 ], [ 2240901.114307430107147, 540465.480084075941704, 0.0 ], [ 2240900.524032117333263, 540466.785080129746348, 0.0 ], [ 2240899.956613024696708, 540468.100175266386941, 0.0 ], [ 2240899.412222858052701, 540469.424969209474511, 0.0 ], [ 2240898.891027313657105, 540470.75905873044394, 0.0 ], [ 2240898.393185028340667, 540472.102037771255709, 0.0 ], [ 2240897.918847531080246, 540473.45349756849464, 0.0 ], [ 2240897.468159195501357, 540474.813026777119376, 0.0 ], [ 2240897.041257198434323, 540476.18021159642376, 0.0 ], [ 2240896.638271476142108, 540477.55463589518331, 0.0 ], [ 2240896.259324686136097, 540478.935881338780746, 0.0 ], [ 2240895.904532168991864, 540480.323527516564354, 0.0 ], [ 2240895.574001912027597, 540481.717152069555596, 0.0 ], [ 2240895.267834519967437, 540483.116330819088034, 0.0 ], [ 2240894.986123180948198, 540484.520637896028347, 0.0 ], [ 2240894.728953639511019, 540485.929645870579407, 0.0 ], [ 2240894.496404170524329, 540487.342925881617703, 0.0 ], [ 2240894.288545555900782, 540488.760047768242657, 0.0 ], [ 2240894.105441060848534, 540490.180580199696124, 0.0 ], [ 2240893.947146417573094, 540491.604090807726607, 0.0 ], [ 2240893.813709805719554, 540493.030146317090839, 0.0 ], [ 2240893.705171840265393, 540494.458312678267248, 0.0 ], [ 2240893.621565557084978, 540495.888155199121684, 0.0 ], [ 2240893.562916402705014, 540497.319238677504472, 0.0 ], [ 2240893.529242228716612, 540498.751127533148974, 0.0 ], [ 2240893.520553283859044, 540500.183385941199958, 0.0 ], [ 2240893.536852214019746, 540501.615577963995747, 0.0 ], [ 2240893.578134057577699, 540503.047267684014514, 0.0 ], [ 2240893.644386249128729, 540504.478019336936995, 0.0 ], [ 2240893.73558862414211, 540505.907397443661466, 0.0 ], [ 2240893.851713423151523, 540507.334966943250038, 0.0 ], [ 2240893.992725301068276, 540508.760293325292878, 0.0 ], [ 2240894.158581337891519, 540510.182942762156017, 0.0 ], [ 2240894.349231052212417, 540511.602482240879908, 0.0 ], [ 2240894.564616415183991, 540513.018479695194401, 0.0 ], [ 2240894.804671870544553, 540514.43050413671881, 0.0 ], [ 2240895.069324351847172, 540515.838125786627643, 0.0 ], [ 2240895.358493306674063, 540517.240916206035763, 0.0 ], [ 2240895.672090721316636, 540518.638448426383547, 0.0 ], [ 2240896.010021144524217, 540520.030297079822049, 0.0 ], [ 2240896.372181721031666, 540521.41603852820117, 0.0 ], [ 2240896.758462219964713, 540522.795250992523506, 0.0 ], [ 2240897.168745067901909, 540524.167514680535533, 0.0 ], [ 2240897.602905387524515, 540525.532411915599369, 0.0 ], [ 2240898.060811032541096, 540526.889527262654155, 0.0 ], [ 2240898.542322630062699, 540528.238447655574419, 0.0 ], [ 2240899.04729362251237, 540529.578762522316538, 0.0 ], [ 2240899.575570310931653, 540530.910063910298049, 0.0 ], [ 2240900.126991903409362, 540532.231946610263549, 0.0 ], [ 2240900.701390563510358, 540533.544008279684931, 0.0 ], [ 2240901.298591461032629, 540534.845849565463141, 0.0 ], [ 2240901.918412825558335, 540536.137074225000106, 0.0 ], [ 2240902.56066600093618, 540537.417289247387089, 0.0 ], [ 2240903.225155504886061, 540538.68610497249756, 0.0 ], [ 2240903.911679085809737, 540539.943135209963657, 0.0 ], [ 2240904.620027786586434, 540541.187997356522828, 0.0 ], [ 2240905.349986005574465, 540542.420312512433156, 0.0 ], [ 2240906.101331565063447, 540543.639705597073771, 0.0 ], [ 2240906.873835778329521, 540544.845805462799035, 0.0 ], [ 2240907.667263516690582, 540546.038245008094236, 0.0 ], [ 2240908.481373284012079, 540547.216661289101467, 0.0 ], [ 2240909.315917289815843, 540548.380695630447008, 0.0 ], [ 2240910.170641522854567, 540549.529993734089658, 0.0 ], [ 2240911.045285829808563, 540550.664205787237734, 0.0 ], [ 2240911.939583994448185, 540551.782986568869092, 0.0 ], [ 2240912.85326381912455, 540552.885995554970577, 0.0 ], [ 2240913.786047205794603, 540553.972897021682002, 0.0 ], [ 2240914.737650243099779, 540555.043360147858039, 0.0 ], [ 2240915.707783290650696, 540556.097059116116725, 0.0 ], [ 2240916.696151067968458, 540557.133673211093992, 0.0 ], [ 2240917.702452744822949, 540558.152886917814612, 0.0 ], [ 2240918.726382032968104, 540559.154390017269179, 0.0 ], [ 2240919.767627277877182, 540560.137877681409009, 0.0 ], [ 2240920.825871554668993, 540561.10305056523066, 0.0 ], [ 2240921.900792764965445, 540562.049614898278378, 0.0 ], [ 2240922.992063734214753, 540562.97728257405106, 0.0 ], [ 2240924.099352311342955, 540563.885771237662993, 0.0 ], [ 2240925.222321470268071, 540564.774804371758364, 0.0 ], [ 2240926.360629411879927, 540565.644111380446702, 0.0 ], [ 2240927.513929668348283, 540566.493427672307007, 0.0 ], [ 2240928.681871208827943, 540567.322494740132242, 0.0 ], [ 2240929.864098546095192, 540568.131060240208171, 0.0 ], [ 2240931.060251845046878, 540568.918878068798222, 0.0 ], [ 2240932.269967031199485, 540569.685708437114954, 0.0 ], [ 2240933.49287590244785, 540570.431317944545299, 0.0 ], [ 2240934.728606241289526, 540571.155479649314657, 0.0 ], [ 2240935.976781927514821, 540571.8579731376376, 0.0 ], [ 2240937.23702305322513, 540572.538584591238759, 0.0 ], [ 2240938.508946037385613, 540573.19710685161408, 0.0 ], [ 2240939.792163744103163, 540573.833339484059252, 0.0 ], [ 2240941.08628559904173, 540574.447088837972842, 0.0 ], [ 2240942.390917709562927, 540575.038168105762452, 0.0 ], [ 2240943.705662983935326, 540575.606397380353883, 0.0 ], [ 2240945.030121252406389, 540576.151603709324263, 0.0 ], [ 2240946.36388938780874, 540576.673621147754602, 0.0 ], [ 2240947.706561430357397, 540577.172290808870457, 0.0 ], [ 2240949.057728710118681, 540577.64746091212146, 0.0 ], [ 2240950.416979971341789, 540578.098986829747446, 0.0 ], [ 2240951.783901497256011, 540578.526731130317785, 0.0 ], [ 2240953.158077237661928, 540578.930563620990142, 0.0 ], [ 2240954.539088932797313, 540579.310361386975273, 0.0 ], [ 2240955.926516243256629, 540579.666008829022758, 0.0 ], [ 2240957.319936877116561, 540579.997397698345594, 0.0 ], [ 2240958.718926717527211, 540580.304427129798569, 0.0 ], [ 2240960.123059952631593, 540580.587003672728315, 0.0 ], [ 2240961.531909205950797, 540580.845041319029406, 0.0 ], [ 2240962.94504566444084, 540581.078461529570632, 0.0 ], [ 2240964.362039210740477, 540581.287193258176558, 0.0 ], [ 2240965.782458553556353, 540581.471172972815111, 0.0 ], [ 2240967.205871358979493, 540581.630344675504602, 0.0 ], [ 2240968.631844381336123, 540581.764659919193946, 0.0 ], [ 2240970.059943596366793, 540581.874077822081745, 0.0 ], [ 2240971.489734332077205, 540581.958565080538392, 0.0 ], [ 2240972.920781402383, 540582.018095979234204, 0.0 ] ] } },
{ "type": "Feature", "properties": { "fid": 4787, "handle": 3705640, "block": -1, "etype": 18, "space": 0, "layer": "0_Roads_Hatch", "olinetype": "bylayer", "linetype": "", "color": "0,0,0,255", "ocolor": 256, "color24": -1, "transparency": 0, "lweight": -1, "linewidth": 0.0, "ltscale": 1.0, "visible": 1, "width": 6.0, "thickness": 0.0, "ext": "(3:0,0,0.1)" }, "geometry": { "type": "LineString", "coordinates": [ [ 2241438.723960011266172, 540426.339090155321173, 0.0 ], [ 2241427.700030961073935, 540429.715295698610134, 0.0 ], [ 2241416.620549823623151, 540432.904476360534318, 0.0 ], [ 2241405.488689295016229, 540435.905718894209713, 0.0 ], [ 2241394.307637071702629, 540438.718163870275021, 0.0 ], [ 2241383.080594934988767, 540441.341005922993645, 0.0 ], [ 2241371.810777836944908, 540443.773493980872445, 0.0 ], [ 2241360.501412978861481, 540446.014931481913663, 0.0 ], [ 2241349.155738885514438, 540448.06467657268513, 0.0 ], [ 2241337.777004479896277, 540449.922142292838544, 0.0 ], [ 2241326.368468152359128, 540451.586796742281877, 0.0 ], [ 2241314.933396826963872, 540453.058163234149106, 0.0 ], [ 2241297.23697638977319, 540454.836091438657604, 0.0 ] ] } },
{ "type": "Feature", "properties": { "fid": 4788, "handle": 3705644, "block": -1, "etype": 18, "space": 0, "layer": "0_Roads_Hatch", "olinetype": "bylayer", "linetype": "", "color": "0,0,0,255", "ocolor": 256, "color24": -1, "transparency": 0, "lweight": -1, "linewidth": 0.0, "ltscale": 1.0, "visible": 1, "width": 6.0, "thickness": 0.0, "ext": "(3:0,0,0.1)" }, "geometry": { "type": "LineString", "coordinates": [ [ 2241381.184060190338641, 540292.047859903075732, 0.0 ], [ 2241378.918579338584095, 540293.306102348142304, 0.0 ], [ 2241376.675322855357081, 540294.603552883723751, 0.0 ], [ 2241374.454969237558544, 540295.939819082384929, 0.0 ], [ 2241372.25819005491212, 540297.314496776554734, 0.0 ], [ 2241370.085649745538831, 540298.727170180296525, 0.0 ], [ 2241367.938005417585373, 540300.177412015735172, 0.0 ], [ 2241365.815906648524106, 540301.664783642045222, 0.0 ], [ 2241363.719995289109647, 540303.188835188164376, 0.0 ], [ 2241361.650905270129442, 540304.749105688533746, 0.0 ], [ 2241359.609262409619987, 540306.345123223029077, 0.0 ], [ 2241357.595684223342687, 540307.976405059336685, 0.0 ], [ 2241355.610779739916325, 540309.642457799287513, 0.0 ], [ 2241353.655149314086884, 540311.342777527519502, 0.0 ], [ 2241351.729384446982294, 540313.076849964563735, 0.0 ], [ 2241349.83406760590151, 540314.844150622142479, 0.0 ], [ 2241347.969772050157189, 540316.644144961377606, 0.0 ], [ 2241346.137061655055732, 540318.476288555306382, 0.0 ], [ 2241344.336490742862225, 540320.340027252677828, 0.0 ], [ 2241342.568603916093707, 540322.234797346172854, 0.0 ], [ 2241340.833935889415443, 540324.160025742719881, 0.0 ], [ 2241339.133011332247406, 540326.115130136837251, 0.0 ], [ 2241337.466344707179815, 540328.099519186653197, 0.0 ], [ 2241335.834440114442259, 540330.112592692836188, 0.0 ], [ 2241334.237791140563786, 540332.15374178008642, 0.0 ], [ 2241332.676880709826946, 540334.222349081421271, 0.0 ], [ 2241331.152180935256183, 540336.317788925021887, 0.0 ], [ 2241329.664152977988124, 540338.439427523058839, 0.0 ], [ 2241328.213246908504516, 540340.586623163428158, 0.0 ], [ 2241326.799901568330824, 540342.758726404514164, 0.0 ], [ 2241325.424544438254088, 540344.955080270767212, 0.0 ], [ 2241324.087591509800404, 540347.17502045200672, 0.0 ], [ 2241322.789447158109397, 540349.417875503888354, 0.0 ], [ 2241321.530504021327943, 540351.682967051398009, 0.0 ], [ 2241320.311142879072577, 540353.969609993742779, 0.0 ], [ 2241319.131732540670782, 540356.277112711919472, 0.0 ], [ 2241317.992629730608314, 540358.604777277330868, 0.0 ], [ 2241316.894178982824087, 540360.951899663428776, 0.0 ], [ 2241315.836712535005063, 540363.317769958521239, 0.0 ], [ 2241314.820550229400396, 540365.701672580209561, 0.0 ], [ 2241313.845999414566904, 540368.102886492037214, 0.0 ], [ 2241312.913354853633791, 540370.520685421652161, 0.0 ], [ 2241312.022898635361344, 540372.954338080482557, 0.0 ], [ 2241311.174900086596608, 540375.403108384693041, 0.0 ], [ 2241310.369615694507957, 540377.866255678003654, 0.0 ], [ 2241309.607289024628699, 540380.343034955556504, 0.0 ], [ 2241308.888150651939213, 540382.83269708964508, 0.0 ], [ 2241308.21241808636114, 540385.33448905555997, 0.0 ], [ 2241307.856988023035228, 540386.083595349919051, 0.0 ], [ 2241307.488652304746211, 540386.826440938748419, 0.0 ], [ 2241307.107521167490631, 540387.562803503242321, 0.0 ], [ 2241306.713708675932139, 540388.292462664772756, 0.0 ], [ 2241306.307332690805197, 540389.015200050547719, 0.0 ], [ 2241305.888514832127839, 540389.730799359851517, 0.0 ], [ 2241305.457380443811417, 540390.439046427956782, 0.0 ], [ 2241305.014058555942029, 540391.139729290385731, 0.0 ], [ 2241304.558681845664978, 540391.832638246822171, 0.0 ], [ 2241304.091386598069221, 540392.517565923277289, 0.0 ], [ 2241303.612312666140497, 540393.194307334604673, 0.0 ], [ 2241303.121603426523507, 540393.862659945385531, 0.0 ], [ 2241302.619405738543719, 540394.522423730930313, 0.0 ], [ 2241302.105869900900871, 540395.173401237116195, 0.0 ], [ 2241301.581149604171515, 540395.815397639293224, 0.0 ], [ 2241301.045401886571199, 540396.448220800491981, 0.0 ], [ 2241300.498787087388337, 540397.071681329514831, 0.0 ], [ 2241299.941468796692789, 540397.685592636815272, 0.0 ], [ 2241299.373613809701055, 540398.289770990959369, 0.0 ], [ 2241298.79539207322523, 540398.884035573457368, 0.0 ], [ 2241298.206976638175547, 540399.468208532547578, 0.0 ], [ 2241297.608543606009334, 540400.042115036980249, 0.0 ], [ 2241297.000272074714303, 540400.605583327822387, 0.0 ], [ 2241296.382344088982791, 540401.158444770262577, 0.0 ], [ 2241295.7549445820041, 540401.700533903785981, 0.0 ], [ 2241295.11826132144779, 540402.231688491883688, 0.0 ], [ 2241294.472484854981303, 540402.751749570481479, 0.0 ], [ 2241293.817808450199664, 540403.260561495553702, 0.0 ], [ 2241293.154428038746119, 540403.757971989922225, 0.0 ], [ 2241292.482542157173157, 540404.243832188542001, 0.0 ], [ 2241291.802351888269186, 540404.717996682855301, 0.0 ], [ 2241291.114060798194259, 540405.180323565029539, 0.0 ], [ 2241290.417874880135059, 540405.630674469633959, 0.0 ], [ 2241289.714002487715334, 540406.068914615781978, 0.0 ], [ 2241289.002654276788235, 540406.494912846712396, 0.0 ], [ 2241288.284043138846755, 540406.908541669719853, 0.0 ], [ 2241287.558384140953422, 540407.309677293756977, 0.0 ], [ 2241286.825894458219409, 540407.698199667036533, 0.0 ], [ 2241286.086793309543282, 540408.073992512421682, 0.0 ], [ 2241285.34130189428106, 540408.436943362699822, 0.0 ] ] } },
{ "type": "Feature", "properties": { "fid": 4790, "handle": 3705676, "block": -1, "etype": 18, "space": 0, "layer": "0_Roads_Hatch", "olinetype": "bylayer", "linetype": "", "color": "0,0,0,255", "ocolor": 256, "color24": -1, "transparency": 0, "lweight": -1, "linewidth": 0.0, "ltscale": 1.0, "visible": 1, "width": 6.0, "thickness": 0.0, "ext": "(3:0,0,0.1)" }, "geometry": { "type": "LineString", "coordinates": [ [ 2241566.004238087218255, 540781.327952749794349, 0.0 ], [ 2241559.532782504800707, 540773.279124023509212, 0.0 ], [ 2241553.20124043058604, 540765.119776244158857, 0.0 ], [ 2241547.011498935054988, 540756.852341246674769, 0.0 ], [ 2241540.965402826201171, 540748.479283080203459, 0.0 ], [ 2241535.064754098653793, 540740.003097274224274, 0.0 ], [ 2241529.311311399098486, 540731.426310095004737, 0.0 ], [ 2241523.706789498683065, 540722.75147779181134, 0.0 ], [ 2241518.252858784981072, 540713.981185835786164, 0.0 ], [ 2241512.95114476326853, 540705.118048149393871, 0.0 ], [ 2241507.803227570373565, 540696.164706326555461, 0.0 ], [ 2241502.810641506221145, 540687.123828846379183, 0.0 ], [ 2241497.974874575156718, 540677.998110276996158, 0.0 ], [ 2241493.297368042171001, 540668.790270473109558, 0.0 ], [ 2241489.626460561063141, 540660.229541437816806, 0.0 ], [ 2241486.098609534557909, 540651.608873802120797, 0.0 ], [ 2241482.714793186169118, 540642.930657955934294, 0.0 ], [ 2241479.475949801504612, 540634.197300246683881, 0.0 ], [ 2241476.382977465167642, 540625.411222311668098, 0.0 ], [ 2241473.436733815819025, 540616.574860407039523, 0.0 ], [ 2241470.638035804964602, 540607.690664731897414, 0.0 ], [ 2241467.987659472506493, 540598.761098748771474, 0.0 ], [ 2241465.486339730676264, 540589.788638500962406, 0.0 ], [ 2241463.134770159609616, 540580.7757719255751, 0.0 ], [ 2241460.933602817356586, 540571.724998164107092, 0.0 ], [ 2241458.883448056410998, 540562.638826868846081, 0.0 ], [ 2241456.984874356072396, 540553.519777507521212, 0.0 ], [ 2241455.238408163655549, 540544.370378664461896, 0.0 ], [ 2241453.64453374966979, 540535.193167339428328, 0.0 ], [ 2241452.203693073708564, 540525.990688244230114, 0.0 ], [ 2241450.916285660583526, 540516.765493097016588, 0.0 ], [ 2241449.782668489962816, 540507.520139914937317, 0.0 ], [ 2241448.803155898116529, 540498.257192304590717, 0.0 ], [ 2241447.978019489906728, 540488.979218751075678, 0.0 ], [ 2241447.307488064281642, 540479.688791906344704, 0.0 ], [ 2241446.861060684546828, 540474.114775934605859, 0.0 ], [ 2241446.317601907998323, 540468.549382505938411, 0.0 ], [ 2241445.677276661619544, 540462.994300595019013, 0.0 ], [ 2241444.940279270522296, 540457.451216047164053, 0.0 ], [ 2241444.106833396945149, 540451.921811067033559, 0.0 ], [ 2241443.177191974129528, 540446.407763707567938, 0.0 ], [ 2241442.151637127157301, 540440.910747361020185, 0.0 ], [ 2241441.030480089597404, 540435.432430251152255, 0.0 ], [ 2241439.81406110804528, 540429.974474927177653, 0.0 ], [ 2241438.502749338746071, 540424.538537758402526, 0.0 ], [ 2241437.096942736301571, 540419.126268432592042, 0.0 ], [ 2241435.597067932132632, 540413.739309454686008, 0.0 ], [ 2241433.311999787110835, 540407.620790085871704, 0.0 ], [ 2241430.928212985396385, 540401.54005195829086, 0.0 ], [ 2241428.446331880055368, 540395.4986877188785, 0.0 ], [ 2241425.86700651794672, 540389.498279702034779, 0.0 ], [ 2241423.19091246696189, 540383.540399514953606, 0.0 ], [ 2241420.418750640936196, 540377.626607626094483, 0.0 ], [ 2241417.551247116178274, 540371.758452956448309, 0.0 ], [ 2241414.589152938686311, 540365.9374724739464, 0.0 ], [ 2241411.533243931364268, 540360.165190790663473, 0.0 ], [ 2241408.384320487268269, 540354.443119763745926, 0.0 ], [ 2241405.505164452362806, 540349.258801061427221, 0.0 ], [ 2241402.715075803454965, 540344.026009721215814, 0.0 ], [ 2241400.014870350714773, 540338.746275789220817, 0.0 ], [ 2241397.405337622854859, 540333.421143037732691, 0.0 ], [ 2241394.88724063616246, 540328.052168513298966, 0.0 ], [ 2241392.461315671913326, 540322.640922081307508, 0.0 ], [ 2241390.12827206030488, 540317.188985967892222, 0.0 ], [ 2241387.888791973236948, 540311.697954296134412, 0.0 ], [ 2241385.743530225940049, 540306.169432620867155, 0.0 ], [ 2241383.693114083260298, 540300.605037458590232, 0.0 ], [ 2241381.73814307898283, 540295.006395815289579, 0.0 ], [ 2241379.879188837949187, 540289.375144710065797, 0.0 ], [ 2241378.116794910747558, 540283.712930697482079, 0.0 ], [ 2241376.451476613990963, 540278.021409385022707, 0.0 ], [ 2241374.883720879908651, 540272.302244949853048, 0.0 ], [ 2241373.413986113853753, 540266.557109651505016, 0.0 ], [ 2241372.042702059261501, 540260.787683343631215, 0.0 ], [ 2241370.770269674714655, 540254.995652982383035, 0.0 ], [ 2241369.597061013802886, 540249.182712133042514, 0.0 ], [ 2241368.523419118020684, 540243.350560475373641, 0.0 ], [ 2241367.549657915718853, 540237.500903305946849, 0.0 ], [ 2241365.813854551874101, 540227.280848343973048, 0.0 ], [ 2241364.253226891625673, 540217.03258126869332, 0.0 ], [ 2241362.868232139386237, 540206.759104433702305, 0.0 ], [ 2241361.65927604585886, 540196.463427578448318, 0.0 ], [ 2241360.626712790224701, 540186.14856694615446, 0.0 ], [ 2241359.770844873506576, 540175.817544399877079, 0.0 ], [ 2241359.091923033352941, 540165.473386537632905, 0.0 ], [ 2241358.590146167669445, 540155.119123805896379, 0.0 ], [ 2241358.26566127827391, 540144.757789610885084, 0.0 ], [ 2241358.11856342619285, 540134.392419431125745, 0.0 ], [ 2241358.148895706515759, 540124.026049926993437, 0.0 ], [ 2241358.356649233028293, 540113.661718052113429, 0.0 ], [ 2241358.741763141006231, 540103.302460162667558, 0.0 ], [ 2241359.304124606773257, 540092.951311128679663, 0.0 ], [ 2241360.043568880762905, 540082.611303444486111, 0.0 ], [ 2241360.959879332687706, 540072.285466340486892, 0.0 ] ] } },
{ "type": "Feature", "properties": { "fid": 4791, "handle": 3705735, "block": -1, "etype": 18, "space": 0, "layer": "0_Roads_Hatch", "olinetype": "bylayer", "linetype": "", "color": "0,0,0,255", "ocolor": 256, "color24": -1, "transparency": 0, "lweight": -1, "linewidth": 0.0, "ltscale": 1.0, "visible": 1, "width": 6.0, "thickness": 0.0, "ext": "(3:0,0,0.1)" }, "geometry": { "type": "LineString", "coordinates": [ [ 2241037.856048916466534, 540561.997075395192951, 0.0 ], [ 2241045.129348476417363, 540559.534671449102461, 0.0 ], [ 2241052.444018070120364, 540557.198022477445193, 0.0 ], [ 2241059.79788357950747, 540554.987822995637543, 0.0 ], [ 2241067.188759237062186, 540552.904729934874922, 0.0 ], [ 2241074.614448273554444, 540550.949362446903251, 0.0 ], [ 2241082.072743573226035, 540549.122301719733514, 0.0 ], [ 2241089.561428328976035, 540547.424090805463493, 0.0 ], [ 2241097.078276700805873, 540545.855234458460473, 0.0 ], [ 2241104.621054477524012, 540544.416198985185474, 0.0 ], [ 2241112.187519741244614, 540543.107412105891854, 0.0 ], [ 2241119.775423533283174, 540541.9292628277326, 0.0 ], [ 2241127.382510523777455, 540540.882101328461431, 0.0 ], [ 2241135.006519679445773, 540539.966238852823153, 0.0 ], [ 2241142.645184938795865, 540539.1819476201199, 0.0 ], [ 2241150.296235883142799, 540538.529460742720403, 0.0 ], [ 2241157.957398413214833, 540538.008972157491371, 0.0 ], [ 2241165.626395424362272, 540537.620636567822658, 0.0 ], [ 2241173.300947481766343, 540537.364569397526793, 0.0 ], [ 2241180.978773501701653, 540537.240846756729297, 0.0 ], [ 2241188.657591425348073, 540537.249505419051275, 0.0 ], [ 2241196.335118900984526, 540537.390542810899206, 0.0 ], [ 2241204.009073958732188, 540537.663917012279853, 0.0 ], [ 2241211.677175691351295, 540538.069546768907458, 0.0 ], [ 2241219.33714493131265, 540538.607311516650952, 0.0 ], [ 2241226.986704928334802, 540539.277051417157054, 0.0 ], [ 2241234.623582025524229, 540540.078567405696958, 0.0 ], [ 2241242.245506336912513, 540541.011621249956079, 0.0 ], [ 2241249.85021241940558, 540542.075935621047392, 0.0 ], [ 2241257.435439948458225, 540543.271194175933488, 0.0 ], [ 2241264.998934389092028, 540544.597041651373729, 0.0 ], [ 2241272.538447665516287, 540546.05308396962937, 0.0 ], [ 2241280.051738830748945, 540547.638888355344534, 0.0 ], [ 2241287.53657473064959, 540549.35398346465081, 0.0 ] ] } },
{ "type": "Feature", "properties": { "fid": 4792, "handle": 3705738, "block": -1, "etype": 18, "space": 0, "layer": "0_Roads_Hatch", "olinetype": "bylayer", "linetype": "", "color": "0,0,0,255", "ocolor": 256, "color24": -1, "transparency": 0, "lweight": -1, "linewidth": 0.0, "ltscale": 1.0, "visible": 1, "width": 6.0, "thickness": 0.0, "ext": "(3:0,0,0.1)" }, "geometry": { "type": "LineString", "coordinates": [ [ 2240990.215247224085033, 540580.683725592680275, 0.0 ], [ 2240991.553057124838233, 540587.330880889203399, 0.0 ], [ 2240993.005562052130699, 540593.953919338644482, 0.0 ], [ 2240994.572328015696257, 540600.550862060976215, 0.0 ], [ 2240996.252886886242777, 540607.119737973087467, 0.0 ], [ 2240998.046736533753574, 540613.658584378194064, 0.0 ], [ 2240999.953340978827327, 540620.165447551524267, 0.0 ], [ 2241001.972130552399904, 540626.638383324840106, 0.0 ], [ 2241004.102502064779401, 540633.075457666884176, 0.0 ], [ 2241006.343818988651037, 540639.474747261265293, 0.0 ], [ 2241008.695411646738648, 540645.83434008131735, 0.0 ], [ 2241011.156577412970364, 540652.152335961232893, 0.0 ], [ 2241013.726580922491848, 540658.426847163587809, 0.0 ], [ 2241016.404654290061444, 540664.655998944072053, 0.0 ], [ 2241019.189997341483831, 540670.837930110981688, 0.0 ], [ 2241022.081777851562947, 540676.970793581334874, 0.0 ], [ 2241025.079131793230772, 540683.052756933378987, 0.0 ], [ 2241028.181163595058024, 540689.082002953393385, 0.0 ], [ 2241031.386946408543736, 540695.056730178766884, 0.0 ], [ 2241034.695522386580706, 540700.975153437000699, 0.0 ], [ 2241038.105902969371527, 540706.835504377842881, 0.0 ], [ 2241041.61706917732954, 540712.636032002628781, 0.0 ], [ 2241045.227971918880939, 540718.375003187218681, 0.0 ], [ 2241048.937532301526517, 540724.050703199696727, 0.0 ], [ 2241052.744641956407577, 540729.661436212714761, 0.0 ], [ 2241056.648163367062807, 540735.205525810131803, 0.0 ], [ 2241060.646930210292339, 540740.681315488414839, 0.0 ], [ 2241064.739747705403715, 540746.087169150589034, 0.0 ], [ 2241068.925392970442772, 540751.421471596229821, 0.0 ], [ 2241073.202615387737751, 540756.682629003189504, 0.0 ], [ 2241077.570136976893991, 540761.869069404317997, 0.0 ], [ 2241082.026652778033167, 540766.979243156849407, 0.0 ], [ 2241086.570831240620464, 540772.011623405385762, 0.0 ], [ 2241091.201314621604979, 540776.964706538594328, 0.0 ], [ 2241095.916719391476363, 540781.837012637872249, 0.0 ], [ 2241100.71563664637506, 540786.627085919841193, 0.0 ] ] } },
{ "type": "Feature", "properties": { "fid": 4793, "handle": 3706080, "block": -1, "etype": 18, "space": 0, "layer": "0_Roads_Hatch", "olinetype": "bylayer", "linetype": "", "color": "0,0,0,255", "ocolor": 256, "color24": -1, "transparency": 0, "lweight": -1, "linewidth": 0.0, "ltscale": 1.0, "visible": 1, "width": 6.0, "thickness": 0.0, "ext": "(3:0,0,0.1)" }, "geometry": { "type": "LineString", "coordinates": [ [ 2240989.675075605511665, 540417.080089307273738, 0.0 ], [ 2240998.154229550622404, 540417.753366907592863, 0.0 ], [ 2241006.643785154446959, 540418.279484762460925, 0.0 ], [ 2241015.141188583336771, 540418.658284605015069, 0.0 ], [ 2241023.643883641343564, 540418.889652484213002, 0.0 ], [ 2241032.149312542751431, 540418.973518799874, 0.0 ], [ 2241040.654916677158326, 540418.909858323284425, 0.0 ], [ 2241049.158137383405119, 540418.698690204764716, 0.0 ], [ 2241057.656416715588421, 540418.340077968197875, 0.0 ], [ 2241066.147198216058314, 540417.834129491471685, 0.0 ], [ 2241074.627927681431174, 540417.180996974348091, 0.0 ], [ 2241083.096053932793438, 540416.380876892828383, 0.0 ], [ 2241091.549029581714422, 540415.434009939315729, 0.0 ], [ 2241099.984311798587441, 540414.340680951136164, 0.0 ], [ 2241108.399363074917346, 540413.101218824391253, 0.0 ], [ 2241116.791651989333332, 540411.71599641488865, 0.0 ], [ 2241125.158653968013823, 540410.185430426266976, 0.0 ], [ 2241133.49785204231739, 540408.5099812845001, 0.0 ], [ 2241141.80673760920763, 540406.690152999479324, 0.0 ], [ 2241150.082811183296144, 540404.726493013091385, 0.0 ], [ 2241158.323583150748163, 540402.61959203495644, 0.0 ], [ 2241166.526574516203254, 540400.37008386477828, 0.0 ], [ 2241174.689317650161684, 540397.978645201073959, 0.0 ], [ 2241182.809357029851526, 540395.445995438145474, 0.0 ], [ 2241190.884249979164451, 540392.772896449547261, 0.0 ], [ 2241198.911567403934896, 540389.960152358980849, 0.0 ], [ 2241206.888894519302994, 540387.008609297918156, 0.0 ], [ 2241214.813831580802798, 540383.919155151816085, 0.0 ], [ 2241222.683994602877647, 540380.69271929259412, 0.0 ], [ 2241230.49701607786119, 540377.330272298888303, 0.0 ], [ 2241238.250545686110854, 540373.832825664430857, 0.0 ], [ 2241245.942251006141305, 540370.201431493624114, 0.0 ], [ 2241253.569818213116378, 540366.43718218524009, 0.0 ], [ 2241261.130952776409686, 540362.541210103430785, 0.0 ] ] } },
{ "type": "Feature", "properties": { "fid": 4794, "handle": 3706082, "block": -1, "etype": 18, "space": 0, "layer": "0_Roads_Hatch", "olinetype": "bylayer", "linetype": "", "color": "0,0,0,255", "ocolor": 256, "color24": -1, "transparency": 0, "lweight": -1, "linewidth": 0.0, "ltscale": 1.0, "visible": 1, "width": 6.0, "thickness": 0.0, "ext": "(3:0,0,0.1)" }, "geometry": { "type": "LineString", "coordinates": [ [ 2240962.254435115028173, 540418.995641261106357, 0.0 ], [ 2240961.696362051647156, 540412.249278670060448, 0.0 ], [ 2240961.255478442646563, 540405.494245332083665, 0.0 ], [ 2240960.931917141657323, 540398.732576763024554, 0.0 ], [ 2240960.725775647908449, 540391.966310478048399, 0.0 ], [ 2240960.637116079218686, 540385.197485378128476, 0.0 ], [ 2240960.665965151041746, 540378.428141134791076, 0.0 ], [ 2240960.812314170412719, 540371.660317576257512, 0.0 ], [ 2240961.076119037810713, 540364.896054072771221, 0.0 ], [ 2240961.457300259266049, 540358.137388921226375, 0.0 ], [ 2240961.955742973368615, 540351.386358732124791, 0.0 ], [ 2240962.571296981535852, 540344.644997814903036, 0.0 ], [ 2240963.30377679830417, 540337.915337565471418, 0.0 ], [ 2240964.15296170162037, 540331.199405853985809, 0.0 ], [ 2240965.118595805484802, 540324.499226413783617, 0.0 ], [ 2240966.200388130731881, 540317.816818231251091, 0.0 ], [ 2240967.398012698628008, 540311.154194937902503, 0.0 ], [ 2240968.711108624469489, 540304.513364203507081, 0.0 ], [ 2240970.139280228875577, 540297.896327130729333, 0.0 ], [ 2240971.682097156532109, 540291.305077652679756, 0.0 ], [ 2240973.339094505645335, 540284.741601931746118, 0.0 ], [ 2240975.109772967174649, 540278.207877761102282, 0.0 ], [ 2240976.993598977569491, 540271.705873968661763, 0.0 ], [ 2240978.990004877094179, 540265.237549824290909, 0.0 ], [ 2240981.098389083053917, 540258.804854448651895, 0.0 ], [ 2240983.318116268143058, 540252.409726226702332, 0.0 ], [ 2240985.648517556022853, 540246.054092222708277, 0.0 ], [ 2240988.08889071829617, 540239.739867600379512, 0.0 ], [ 2240990.638500390574336, 540233.468955045216717, 0.0 ], [ 2240993.296578289940953, 540227.243244191515259, 0.0 ], [ 2240996.062323449645191, 540221.064611052628607, 0.0 ], [ 2240998.93490245891735, 540214.934917455771938, 0.0 ], [ 2241001.91344971396029, 540208.856010481482372, 0.0 ], [ 2241004.997067679651082, 540202.829721905989572, 0.0 ], [ 2241008.184827159624547, 540196.857867650338449, 0.0 ], [ 2241011.475767576135695, 540190.942247232538648, 0.0 ], [ 2241014.868897259701043, 540185.084643225301988, 0.0 ], [ 2241018.363193747587502, 540179.286820719367824, 0.0 ], [ 2241021.957604091614485, 540173.550526791135781, 0.0 ] ] } },
{ "type": "Feature", "properties": { "fid": 4795, "handle": 3706096, "block": -1, "etype": 18, "space": 0, "layer": "0_Roads_Hatch", "olinetype": "bylayer", "linetype": "", "color": "0,0,0,255", "ocolor": 256, "color24": -1, "transparency": 33554559, "lweight": -1, "linewidth": 0.0, "ltscale": 1.0, "visible": 1, "width": 3.0, "thickness": 0.0, "ext": "(3:0,0,0.1)" }, "geometry": { "type": "LineString", "coordinates": [ [ 2241164.311470852233469, 540400.836134077864699, 0.0 ], [ 2241166.392937123309821, 540406.794766942155547, 0.0 ], [ 2241168.37040431657806, 540412.788716470357031, 0.0 ], [ 2241170.243273646570742, 540418.816167666460387, 0.0 ], [ 2241172.010977998841554, 540424.875295390025713, 0.0 ], [ 2241173.672982105053961, 540430.964264908689074, 0.0 ], [ 2241175.228782701771706, 540437.081232454162091, 0.0 ], [ 2241176.677908685524017, 540443.224345779628493, 0.0 ], [ 2241178.019921254366636, 540449.39174472191371, 0.0 ], [ 2241179.254414040595293, 540455.581561763538048, 0.0 ], [ 2241180.381013234145939, 540461.791922598960809, 0.0 ], [ 2241181.399377694819123, 540468.020946701755747, 0.0 ], [ 2241182.309199057519436, 540474.26674789423123, 0.0 ], [ 2241183.110201824456453, 540480.527434918447398, 0.0 ], [ 2241183.802143447566777, 540486.801112009095959, 0.0 ], [ 2241184.384814404416829, 540493.085879467427731, 0.0 ], [ 2241184.858038258738816, 540499.379834236227907, 0.0 ], [ 2241185.221671716310084, 540505.68107047653757, 0.0 ], [ 2241185.475604667793959, 540511.987680144491605, 0.0 ], [ 2241185.619760220404714, 540518.29775356920436, 0.0 ], [ 2241185.654094723518938, 540524.609380030771717, 0.0 ], [ 2241185.578597780317068, 540530.920648339088075, 0.0 ], [ 2241185.393292251974344, 540537.22964741254691, 0.0 ] ] } },
{ "type": "Feature", "properties": { "fid": 4796, "handle": 3708352, "block": -1, "etype": 18, "space": 0, "layer": "0_Roads_Hatch", "olinetype": "bylayer", "linetype": "", "color": "0,0,0,255", "ocolor": 256, "color24": -1, "transparency": 0, "lweight": -1, "linewidth": 0.0, "ltscale": 1.0, "visible": 1, "width": 4.5, "thickness": 0.0, "ext": "(3:0,0,0.1)" }, "geometry": { "type": "LineString", "coordinates": [ [ 2241295.948249952867627, 540852.069983966648579, 0.0 ], [ 2241287.430887737311423, 540847.931186461122707, 0.0 ], [ 2241285.756639532279223, 540847.149945228011347, 0.0 ], [ 2241284.095982213504612, 540846.340215527685359, 0.0 ], [ 2241282.449400488752872, 540845.502233701525256, 0.0 ], [ 2241280.817374956794083, 540844.636244336841628, 0.0 ], [ 2241279.200381967704743, 540843.742500195628963, 0.0 ], [ 2241277.598893483635038, 540842.821262140991166, 0.0 ], [ 2241276.013376942370087, 540841.872799061005935, 0.0 ], [ 2241274.444295119028538, 540840.89738778967876, 0.0 ], [ 2241272.89210599148646, 540839.89531302684918, 0.0 ], [ 2241271.357262608129531, 540838.866867254953831, 0.0 ], [ 2241269.840212953742594, 540837.812350653111935, 0.0 ], [ 2241268.341399820055813, 540836.732071010279469, 0.0 ], [ 2241266.861260675359517, 540835.626343634794466, 0.0 ], [ 2241265.400227537378669, 540834.495491262758151, 0.0 ], [ 2241263.958726848009974, 540833.339843963622116, 0.0 ], [ 2241262.537179348058999, 540832.15973904368002, 0.0 ], [ 2241261.135999953374267, 540830.955520948278718, 0.0 ], [ 2241259.75559763610363, 540829.72754116053693, 0.0 ], [ 2241258.396375303156674, 540828.476158099016175, 0.0 ], [ 2241257.058729679789394, 540827.201737013296224, 0.0 ], [ 2241255.743051193654537, 540825.904649877222255, 0.0 ], [ 2241254.449723860714585, 540824.585275280172937, 0.0 ], [ 2241253.179125173483044, 540823.243998316931538, 0.0 ], [ 2241251.931625988800079, 540821.881210474995896, 0.0 ], [ 2241250.707590423990041, 540820.497309520142153, 0.0 ], [ 2241249.507375745568424, 540819.092699380940758, 0.0 ], [ 2241248.331332268659025, 540817.667790030362085, 0.0 ], [ 2241247.179803252685815, 540816.222997366101481, 0.0 ], [ 2241246.053124802652746, 540814.758743089507334, 0.0 ], [ 2241244.951625768560916, 540813.275454582297243, 0.0 ], [ 2241243.875627653673291, 540811.773564781644382, 0.0 ], [ 2241242.825444515794516, 540810.253512054216117, 0.0 ], [ 2241241.801382878795266, 540808.715740068117157, 0.0 ], [ 2241240.803741643205285, 540807.160697662853636, 0.0 ], [ 2241239.832811996806413, 540805.5888387192972, 0.0 ], [ 2241238.888877331279218, 540804.000622026156634, 0.0 ] ] } },
{ "type": "Feature", "properties": { "fid": 4797, "handle": 3708353, "block": -1, "etype": 18, "space": 0, "layer": "0_Roads_Hatch", "olinetype": "bylayer", "linetype": "", "color": "0,0,0,255", "ocolor": 256, "color24": -1, "transparency": 0, "lweight": -1, "linewidth": 0.0, "ltscale": 1.0, "visible": 1, "width": 5.9999999999999991, "thickness": 0.0, "ext": "(3:0,0,0.1)" }, "geometry": { "type": "LineString", "coordinates": [ [ 2241300.807487720157951, 540728.656859675655141, 0.0 ], [ 2241301.690925376024097, 540730.029614936676808, 0.0 ], [ 2241302.597769910469651, 540731.38702131959144, 0.0 ], [ 2241303.527754716575146, 540732.728679755469784, 0.0 ], [ 2241304.480606385041028, 540734.054195804637857, 0.0 ], [ 2241305.456044782418758, 540735.363179773674347, 0.0 ], [ 2241306.45378313632682, 540736.655246829031967, 0.0 ], [ 2241307.473528117407113, 540737.93001711089164, 0.0 ], [ 2241308.514979927334934, 540739.187115844688378, 0.0 ], [ 2241309.577832384966314, 540740.426173450890929, 0.0 ], [ 2241310.661773018538952, 540741.646825654082932, 0.0 ], [ 2241311.766483156010509, 540742.848713590065017, 0.0 ], [ 2241312.891638019122183, 540744.03148391097784, 0.0 ], [ 2241314.036906819790602, 540745.194788889493793, 0.0 ], [ 2241315.201952855102718, 540746.338286521146074, 0.0 ], [ 2241316.386433608829975, 540747.461640624562278, 0.0 ], [ 2241317.590000851545483, 540748.564520940417424, 0.0 ], [ 2241318.812300741206855, 540749.646603228640743, 0.0 ], [ 2241320.05297392886132, 540750.707569363527, 0.0 ], [ 2241321.311655664350837, 540751.747107427567244, 0.0 ], [ 2241322.58797590341419, 540752.764911802834831, 0.0 ], [ 2241323.881559414789081, 540753.76068326109089, 0.0 ], [ 2241325.192025893367827, 540754.734129051561467, 0.0 ], [ 2241326.518990069627762, 540755.684962986968458, 0.0 ], [ 2241327.862061824649572, 540756.612905528163537, 0.0 ], [ 2241329.220846303272992, 540757.517683865502477, 0.0 ], [ 2241330.594944030512124, 540758.399031999637373, 0.0 ], [ 2241331.983951030764729, 540759.256690819747746, 0.0 ], [ 2241333.387458944227546, 540760.090408179094084, 0.0 ], [ 2241334.805055147968233, 540760.899938970105723, 0.0 ], [ 2241336.236322877462953, 540761.685045195394196, 0.0 ], [ 2241337.680841348133981, 540762.445496038766578, 0.0 ], [ 2241339.138185881543905, 540763.181067932047881, 0.0 ], [ 2241340.6079280260019, 540763.891544621787034, 0.0 ], [ 2241342.089635686948895, 540764.576717232004739, 0.0 ], [ 2241343.582873251289129, 540765.236384326126426, 0.0 ], [ 2241345.08720171591267, 540765.870351966121234, 0.0 ], [ 2241346.602178817614913, 540766.478433769429103, 0.0 ], [ 2241348.12735916255042, 540767.060450963443145, 0.0 ], [ 2241349.662294356618077, 540767.61623243871145, 0.0 ], [ 2241351.206533138174564, 540768.145614799112082, 0.0 ], [ 2241352.75962151074782, 540768.648442409117706, 0.0 ], [ 2241354.321102875750512, 540769.124567440710962, 0.0 ], [ 2241355.890518166590482, 540769.573849915876053, 0.0 ], [ 2241357.467405985575169, 540769.996157748391852, 0.0 ], [ 2241359.051302736625075, 540770.391366782132536, 0.0 ], [ 2241360.641742763575166, 540770.759360828320496, 0.0 ], [ 2241362.238258487544954, 540771.100031698821113, 0.0 ], [ 2241379.742794883903116, 540775.288307080045342, 0.0 ] ] } },
{ "type": "Feature", "properties": { "fid": 4798, "handle": 3708517, "block": -1, "etype": 18, "space": 0, "layer": "0_Roads_Hatch", "olinetype": "bylayer", "linetype": "", "color": "0,0,0,255", "ocolor": 256, "color24": -1, "transparency": 0, "lweight": -1, "linewidth": 0.0, "ltscale": 1.0, "visible": 1, "width": 6.0, "thickness": 0.0, "ext": "(3:0,0,0.1)" }, "geometry": { "type": "LineString", "coordinates": [ [ 2241340.327617187052965, 540655.384176687104627, 0.0 ], [ 2241341.339169413782656, 540657.32522199372761, 0.0 ], [ 2241342.384164414834231, 540659.248469309415668, 0.0 ], [ 2241343.462289145682007, 540661.153342495090328, 0.0 ], [ 2241344.573220638092607, 540663.039270916138776, 0.0 ], [ 2241345.71662609372288, 540664.905689613311552, 0.0 ], [ 2241346.892162988893688, 540666.752039471291937, 0.0 ], [ 2241348.099479171913117, 540668.577767387265339, 0.0 ], [ 2241349.338212972972542, 540670.382326435763389, 0.0 ], [ 2241350.607993309851736, 540672.165176032693125, 0.0 ], [ 2241351.908439800143242, 540673.925782097736374, 0.0 ], [ 2241353.239162873942405, 540675.663617213489488, 0.0 ], [ 2241354.599763893056661, 540677.378160784370266, 0.0 ], [ 2241355.989835267886519, 540679.068899191799574, 0.0 ], [ 2241357.408960580825806, 540680.735325948684476, 0.0 ], [ 2241358.856714710127562, 540682.376941850874573, 0.0 ], [ 2241360.332663958892226, 540683.993255126290023, 0.0 ], [ 2241361.836366183590144, 540685.583781583234668, 0.0 ], [ 2241363.367370925843716, 540687.148044754285365, 0.0 ], [ 2241364.925219549331814, 540688.685576040064916, 0.0 ], [ 2241366.509445376694202, 540690.195914849056862, 0.0 ], [ 2241368.119573827832937, 540691.678608735324815, 0.0 ], [ 2241369.755122563801706, 540693.133213534718379, 0.0 ], [ 2241371.415601629763842, 540694.559293497819453, 0.0 ], [ 2241373.100513603538275, 540695.956421419745311, 0.0 ], [ 2241374.80935374321416, 540697.324178768903948, 0.0 ], [ 2241376.541610138956457, 540698.66215581225697, 0.0 ], [ 2241378.296763866208494, 540699.969951737904921, 0.0 ], [ 2241380.074289141222835, 540701.247174774762243, 0.0 ], [ 2241381.873653478454798, 540702.493442310835235, 0.0 ], [ 2241383.694317849818617, 540703.708381007192656, 0.0 ], [ 2241385.535736847203225, 540704.891626909724437, 0.0 ], [ 2241387.397358844522387, 540706.042825558688492, 0.0 ], [ 2241389.278626163490117, 540707.161632094415836, 0.0 ], [ 2241391.178975240793079, 540708.247711360920221, 0.0 ], [ 2241393.097836797591299, 540709.300738006131724, 0.0 ], [ 2241395.034636008553207, 540710.32039657921996, 0.0 ], [ 2241396.98879267508164, 540711.306381625705399, 0.0 ], [ 2241398.959721399005502, 540712.258397778263316, 0.0 ], [ 2241400.946831757668406, 540713.176159845432267, 0.0 ], [ 2241402.949528481345624, 540714.05939289717935, 0.0 ], [ 2241404.967211629729718, 540714.907832347322255, 0.0 ], [ 2241406.999276775401086, 540715.721224032458849, 0.0 ], [ 2241409.04511518124491, 540716.499324288219213, 0.0 ], [ 2241411.104113983456045, 540717.241900022723712, 0.0 ], [ 2241413.175656377337873, 540717.948728785617277, 0.0 ], [ 2241415.259121799375862, 540718.61959883524105, 0.0 ], [ 2241417.353886115830392, 540719.254309201962315, 0.0 ], [ 2241419.459321805741638, 540719.852669748361222, 0.0 ], [ 2241421.574798154179007, 540720.414501226157881, 0.0 ], [ 2241423.699681436177343, 540720.939635329996236, 0.0 ], [ 2241425.833335109986365, 540721.427914747502655, 0.0 ], [ 2241427.975120006129146, 540721.87919320713263, 0.0 ], [ 2241430.124394519720227, 540722.293335521244444, 0.0 ], [ 2241432.280514800921082, 540722.670217627077363, 0.0 ], [ 2241434.442834950983524, 540723.009726623655297, 0.0 ], [ 2241436.610707212239504, 540723.311760805780068, 0.0 ], [ 2241438.7834821655415, 540723.576229694182985, 0.0 ], [ 2241440.960508921183646, 540723.8030540633481, 0.0 ], [ 2241443.141135316807777, 540723.9921659642132, 0.0 ], [ 2241445.324708112049848, 540724.14350874547381, 0.0 ], [ 2241447.510573183186352, 540724.257037070114166, 0.0 ], [ 2241449.698075720109046, 540724.33271692879498, 0.0 ], [ 2241451.886560421902686, 540724.370525650447235, 0.0 ], [ 2241454.075371693819761, 540724.370451908907853, 0.0 ], [ 2241456.263853843323886, 540724.332495726295747, 0.0 ], [ 2241458.451351275667548, 540724.256668472895399, 0.0 ], [ 2241460.637208692263812, 540724.142992864130065, 0.0 ], [ 2241462.820771284867078, 540723.991502952994779, 0.0 ], [ 2241465.00138493347913, 540723.802244120975956, 0.0 ], [ 2241467.178396400529891, 540723.575273063383065, 0.0 ], [ 2241469.35115352878347, 540723.31065777305048, 0.0 ], [ 2241471.519005434121937, 540723.008477519499138, 0.0 ], [ 2241473.681302702985704, 540722.668822825653479, 0.0 ], [ 2241475.837397584691644, 540722.291795440367423, 0.0 ], [ 2241477.986644187942147, 540721.877508308156393, 0.0 ], [ 2241480.128398672211915, 540721.426085535087623, 0.0 ], [ 2241482.262019440531731, 540720.937662352109328, 0.0 ], [ 2241484.386867334134877, 540720.412385073956102, 0.0 ], [ 2241486.502305821049958, 540719.850411055725999, 0.0 ], [ 2241488.607701188884676, 540719.251908645499498, 0.0 ], [ 2241490.702422732952982, 540718.617057134164497, 0.0 ], [ 2241492.785842947196215, 540717.946046701166779, 0.0 ], [ 2241494.857337709981948, 540717.239078358514234, 0.0 ], [ 2241496.91628647223115, 540716.496363889542408, 0.0 ], [ 2241498.962072444614023, 540715.718125785933807, 0.0 ], [ 2241500.994082778692245, 540714.904597181361169, 0.0 ], [ 2241503.011708755046129, 540714.056021780706942, 0.0 ], [ 2241505.014345961157233, 540713.172653788351454, 0.0 ], [ 2241507.001394476275891, 540712.254757830989547, 0.0 ], [ 2241508.972259048372507, 540711.302608878584579, 0.0 ], [ 2241510.926349274348468, 540710.316492162412032, 0.0 ], [ 2241512.863079776056111, 540709.296703089261428, 0.0 ], [ 2241514.781870374921709, 540708.243547152727842, 0.0 ] ] } },
{ "type": "Feature", "properties": { "fid": 4799, "handle": 3708674, "block": -1, "etype": 18, "space": 0, "layer": "0_Roads_Hatch", "olinetype": "bylayer", "linetype": "", "color": "0,0,0,255", "ocolor": 256, "color24": -1, "transparency": 0, "lweight": -1, "linewidth": 0.0, "ltscale": 1.0, "visible": 1, "width": 6.0, "thickness": 0.0, "ext": "(3:0,0,0.1)" }, "geometry": { "type": "LineString", "coordinates": [ [ 2241245.833158489782363, 540208.707084324560128, 0.0 ], [ 2241246.812637060415, 540206.75626819091849, 0.0 ], [ 2241247.825641964096576, 540204.8226490651723, 0.0 ], [ 2241248.871871375013143, 540202.906803070101887, 0.0 ], [ 2241249.951013569254428, 540201.009301032521762, 0.0 ], [ 2241251.062747015617788, 540199.130708314129151, 0.0 ], [ 2241252.206740472931415, 540197.271584642236121, 0.0 ], [ 2241253.38265308784321, 540195.432483943528496, 0.0 ], [ 2241254.590134496800601, 540193.613954178756103, 0.0 ], [ 2241255.828824929893017, 540191.816537179751322, 0.0 ], [ 2241257.098355319350958, 540190.040768487378955, 0.0 ], [ 2241258.398347407113761, 540188.28717719274573, 0.0 ], [ 2241259.728413861244917, 540186.556285779108293, 0.0 ], [ 2241261.088158387225121, 540184.848609966225922, 0.0 ], [ 2241262.477175848558545, 540183.164658556692302, 0.0 ], [ 2241263.89505238737911, 540181.504933284595609, 0.0 ], [ 2241265.341365546453744, 540179.869928665808402, 0.0 ], [ 2241266.815684396307915, 540178.260131850373, 0.0 ], [ 2241268.317569662816823, 540176.676022478146479, 0.0 ], [ 2241269.846573859453201, 540175.11807253502775, 0.0 ], [ 2241271.402241418138146, 540173.586746212793514, 0.0 ], [ 2241272.984108827076852, 540172.082499770796858, 0.0 ], [ 2241274.591704768128693, 540170.605781399761327, 0.0 ], [ 2241276.224550257902592, 540169.157031088601798, 0.0 ], [ 2241277.882158789318055, 540167.736680493107997, 0.0 ], [ 2241279.564036477357149, 540166.345152807189152, 0.0 ], [ 2241281.269682205747813, 540164.982862637029029, 0.0 ], [ 2241282.998587776441127, 540163.650215877685696, 0.0 ], [ 2241284.750238061416894, 540162.347609591670334, 0.0 ], [ 2241286.524111156351864, 540161.07543189113494, 0.0 ], [ 2241288.319678534287959, 540159.834061821806245, 0.0 ], [ 2241290.136405205354095, 540158.623869250528514, 0.0 ], [ 2241291.973749875556678, 540157.44521475455258, 0.0 ], [ 2241293.831165106967092, 540156.298449514550157, 0.0 ], [ 2241295.708097482100129, 540155.183915209607221, 0.0 ], [ 2241297.603987768292427, 540154.101943915593438, 0.0 ], [ 2241299.518271083943546, 540153.052858006441966, 0.0 ], [ 2241301.450377068016678, 540152.036970057641156, 0.0 ], [ 2241303.399730048142374, 540151.054582753335126, 0.0 ], [ 2241305.36574921477586, 540150.105988796334714, 0.0 ], [ 2241307.347848790697753, 540149.191470820573159, 0.0 ], [ 2241309.345438209362328, 540148.311301307054237, 0.0 ], [ 2241311.357922287657857, 540147.465742502477951, 0.0 ], [ 2241313.384701405651867, 540146.655046341591515, 0.0 ], [ 2241315.425171683076769, 540145.879454371635802, 0.0 ], [ 2241317.478725161869079, 540145.139197680400684, 0.0 ], [ 2241319.544749984052032, 540144.434496827772819, 0.0 ], [ 2241321.622630577068776, 540143.765561779728159, 0.0 ], [ 2241323.711747835855931, 540143.132591845584102, 0.0 ], [ 2241325.811479306779802, 540142.535775618976913, 0.0 ], [ 2241327.92119937390089, 540141.975290921749547, 0.0 ], [ 2241330.040279445238411, 540141.45130475028418, 0.0 ], [ 2241332.168088140431792, 540140.963973226607777, 0.0 ], [ 2241334.303991478402168, 540140.513441551243886, 0.0 ], [ 2241336.447353064548224, 540140.0998439603718, 0.0 ], [ 2241338.597534284926951, 540139.723303685546853, 0.0 ], [ 2241340.753894491121173, 540139.383932917146012, 0.0 ], [ 2241342.91579119535163, 540139.08183277072385, 0.0 ], [ 2241345.0825802590698, 540138.817093257093802, 0.0 ], [ 2241347.253616087138653, 540138.589793255669065, 0.0 ], [ 2241349.428251818753779, 540138.400000490481034, 0.0 ], [ 2241351.605839519761503, 540138.247771510272287, 0.0 ], [ 2241353.785730377305299, 540138.133151671965607, 0.0 ], [ 2241355.967274891678244, 540138.056175126344897, 0.0 ], [ 2241358.149823071435094, 540138.016864808858372, 0.0 ] ] } },
{ "type": "Feature", "properties": { "fid": 4800, "handle": 3708856, "block": -1, "etype": 18, "space": 0, "layer": "0_Roads_Hatch", "olinetype": "bylayer", "linetype": "", "color": "0,0,0,255", "ocolor": 256, "color24": -1, "transparency": 0, "lweight": -1, "linewidth": 0.0, "ltscale": 1.0, "visible": 1, "width": 4.5, "thickness": 0.0, "ext": "(3:0,0,0.1)" }, "geometry": { "type": "LineString", "coordinates": [ [ 2241402.158395287115127, 540713.715429442701861, 0.0 ], [ 2241403.435315092559904, 540711.477666548802517, 0.0 ], [ 2241404.673544380348176, 540709.218265037517995, 0.0 ], [ 2241405.872716578189284, 540706.937893796013668, 0.0 ], [ 2241407.03247667523101, 540704.637227919301949, 0.0 ], [ 2241408.152481329161674, 540702.316948510706425, 0.0 ], [ 2241409.23239896632731, 540699.977742479881272, 0.0 ], [ 2241410.271909882314503, 540697.620302339666523, 0.0 ], [ 2241411.270706333685666, 540695.2453260011971, 0.0 ], [ 2241412.22849262971431, 540692.8535165671492, 0.0 ], [ 2241413.144985222723335, 540690.445582123240456, 0.0 ], [ 2241414.01991278771311, 540688.022235529264435, 0.0 ], [ 2241414.853016306180507, 540685.584194207563996, 0.0 ], [ 2241415.644049141090363, 540683.13217993080616, 0.0 ], [ 2241416.392777109984308, 540680.666918608476408, 0.0 ], [ 2241417.098978554829955, 540678.189140071626753, 0.0 ], [ 2241417.762444407679141, 540675.699577856925316, 0.0 ], [ 2241418.382978251669556, 540673.198968989658169, 0.0 ], [ 2241418.96039638062939, 540670.688053765450604, 0.0 ], [ 2241419.494527851697057, 540668.167575531057082, 0.0 ], [ 2241419.985214537940919, 540665.638280464219861, 0.0 ], [ 2241420.43231117259711, 540663.100917353061959, 0.0 ], [ 2241420.835685395170003, 540660.556237374199554, 0.0 ], [ 2241421.195217787753791, 540658.00499387003947, 0.0 ], [ 2241421.510801912751049, 540655.44794212654233, 0.0 ], [ 2241421.782344342209399, 540652.885839149006642, 0.0 ], [ 2241422.009764687158167, 540650.319443437969312, 0.0 ], [ 2241422.192995620891452, 540647.749514765106142, 0.0 ], [ 2241422.331982898060232, 540645.176813947735354, 0.0 ], [ 2241422.426685372833163, 540642.602102624136023, 0.0 ] ] } },
{ "type": "Feature", "properties": { "fid": 4801, "handle": 3709188, "block": -1, "etype": 18, "space": 0, "layer": "0_Roads_Hatch", "olinetype": "bylayer", "linetype": "", "color": "0,0,0,255", "ocolor": 256, "color24": -1, "transparency": 0, "lweight": -1, "linewidth": 0.0, "ltscale": 1.0, "visible": 1, "width": 4.5, "thickness": 0.0, "ext": "(3:0,0,0.1)" }, "geometry": { "type": "LineString", "coordinates": [ [ 2241291.241010155063123, 540157.909905834007077, 0.0 ], [ 2241289.956997297238559, 540154.191305225598626, 0.0 ], [ 2241288.610056506004184, 540150.495032777776942, 0.0 ], [ 2241287.200575803872198, 540146.822153300861828, 0.0 ], [ 2241285.728961228393018, 540143.173724865773693, 0.0 ], [ 2241284.195636718533933, 540139.550798500189558, 0.0 ], [ 2241282.601043989416212, 540135.954417884815484, 0.0 ], [ 2241280.945642405189574, 540132.385619053267874, 0.0 ], [ 2241279.229908849578351, 540128.845430093700998, 0.0 ], [ 2241277.454337585251778, 540125.334870852180757, 0.0 ], [ 2241275.619440112728626, 540121.854952639201656, 0.0 ], [ 2241273.725745023693889, 540118.406677938299254, 0.0 ], [ 2241271.773797847796232, 540114.991040117223747, 0.0 ], [ 2241269.764160894788802, 540111.609023141907528, 0.0 ], [ 2241267.697413095273077, 540108.261601292761043, 0.0 ], [ 2241265.574149830732495, 540104.949738884228282, 0.0 ], [ 2241263.394982764031738, 540101.674389986903407, 0.0 ], [ 2241261.160539662931114, 540098.43649815255776, 0.0 ], [ 2241258.871464218012989, 540095.236996142659336, 0.0 ], [ 2241256.528415859211236, 540092.076805659336969, 0.0 ], [ 2241254.132069563493133, 540088.956837080069818, 0.0 ], [ 2241251.683115663472563, 540085.877989195170812, 0.0 ], [ 2241249.182259645313025, 540082.841148949111812, 0.0 ], [ 2241246.630221947561949, 540079.847191185108386, 0.0 ], [ 2241244.02773775300011, 540076.896978392614983, 0.0 ], [ 2241241.375556777231395, 540073.991360459593125, 0.0 ], [ 2241238.674443050753325, 540071.131174426875077, 0.0 ], [ 2241235.925174702890217, 540068.317244247533381, 0.0 ] ] } },
{ "type": "Feature", "properties": { "fid": 4802, "handle": 3709195, "block": -1, "etype": 18, "space": 0, "layer": "0_Roads_Hatch", "olinetype": "bylayer", "linetype": "", "color": "0,0,0,255", "ocolor": 256, "color24": -1, "transparency": 0, "lweight": -1, "linewidth": 0.0, "ltscale": 1.0, "visible": 1, "width": 15.0, "thickness": 0.0, "ext": "(3:0,0,0.1)" }, "geometry": { "type": "LineString", "coordinates": [ [ 2241236.576406099367887, 540066.070409900508821, 0.0 ], [ 2241245.657404022756964, 540078.424286424648017, 0.0 ] ] } },
{ "type": "Feature", "properties": { "fid": 4803, "handle": 3709295, "block": -1, "etype": 18, "space": 0, "layer": "0_Roads_Hatch", "olinetype": "bylayer", "linetype": "", "color": "0,0,0,255", "ocolor": 256, "color24": -1, "transparency": 0, "lweight": -1, "linewidth": 0.0, "ltscale": 1.0, "visible": 1, "width": 4.5, "thickness": 0.0, "ext": "(3:0,0,0.1)" }, "geometry": { "type": "LineString", "coordinates": [ [ 2241160.665352763608098, 540136.930091079091653, 0.0 ], [ 2241160.896711623296142, 540135.924721889896318, 0.0 ], [ 2241161.14525654213503, 540134.923462906386703, 0.0 ], [ 2241161.410914598498493, 540133.926607889123261, 0.0 ], [ 2241161.693607851397246, 540132.934449306339957, 0.0 ], [ 2241161.993253360968083, 540131.947278248611838, 0.0 ], [ 2241162.30976321361959, 540130.965384343173355, 0.0 ], [ 2241162.643044548574835, 540129.989055668702349, 0.0 ], [ 2241162.992999583482742, 540129.018578671617433, 0.0 ], [ 2241163.359525645617396, 540128.054238081094809, 0.0 ], [ 2241163.742515198420733, 540127.09631682606414, 0.0 ], [ 2241164.141855876892805, 540126.145095951971598, 0.0 ], [ 2241164.557430517859757, 540125.200854538823478, 0.0 ], [ 2241164.989117194898427, 540124.263869618414901, 0.0 ], [ 2241165.436789256054908, 540123.334416093770415, 0.0 ], [ 2241165.900315357372165, 540122.412766658351757, 0.0 ], [ 2241166.379559505265206, 540121.499191715847701, 0.0 ], [ 2241166.874381092842668, 540120.593959301011637, 0.0 ], [ 2241167.384634944610298, 540119.697335000964813, 0.0 ], [ 2241167.91017135605216, 540118.809581877314486, 0.0 ], [ 2241168.45083614019677, 540117.930960388854146, 0.0 ], [ 2241169.006470669992268, 540117.061728315311484, 0.0 ], [ 2241169.576911927666515, 540116.202140681562014, 0.0 ], [ 2241170.161992551293224, 540115.352449683123268, 0.0 ], [ 2241170.76154088228941, 540114.512904611648992, 0.0 ], [ 2241171.375381019432098, 540113.683751782169566, 0.0 ], [ 2241172.003332867287099, 540112.865234460798092, 0.0 ], [ 2241172.64521219022572, 540112.057592793134972, 0.0 ], [ 2241173.300830666907132, 540111.261063734185882, 0.0 ], [ 2241173.969995944295079, 540110.475880978279747, 0.0 ], [ 2241174.65251169539988, 540109.702274891198613, 0.0 ], [ 2241175.348177676089108, 540108.940472441958264, 0.0 ], [ 2241176.056789784692228, 540108.190697136800736, 0.0 ], [ 2241176.778140120208263, 540107.453168952837586, 0.0 ], [ 2241177.512017044704407, 540106.728104274370708, 0.0 ], [ 2241178.258205245714635, 540106.015715829096735, 0.0 ], [ 2241179.016485798638314, 540105.316212625126354, 0.0 ], [ 2241179.786636229604483, 540104.629799890797585, 0.0 ], [ 2241180.568430583924055, 540103.956679013092071, 0.0 ], [ 2241181.361639490351081, 540103.297047480009496, 0.0 ] ] } },
{ "type": "Feature", "properties": { "fid": 4804, "handle": 3709499, "block": -1, "etype": 18, "space": 0, "layer": "0_Roads_Hatch", "olinetype": "bylayer", "linetype": "", "color": "0,0,0,255", "ocolor": 256, "color24": -1, "transparency": 0, "lweight": -1, "linewidth": 0.0, "ltscale": 1.0, "visible": 1, "width": 15.0, "thickness": 0.0, "ext": "(3:0,0,0.1)" }, "geometry": { "type": "LineString", "coordinates": [ [ 2241181.387783253099769, 540102.854212489211932, 0.0 ], [ 2241171.250570157542825, 540113.91029274626635, 0.0 ] ] } },
{ "type": "Feature", "properties": { "fid": 4805, "handle": 3709680, "block": -1, "etype": 18, "space": 0, "layer": "0_Roads_Hatch", "olinetype": "bylayer", "linetype": "", "color": "0,0,0,255", "ocolor": 256, "color24": -1, "transparency": 0, "lweight": -1, "linewidth": 0.0, "ltscale": 1.0, "visible": 1, "width": 15.0, "thickness": 0.0, "ext": "(3:0,0,0.1)" }, "geometry": { "type": "LineString", "coordinates": [ [ 2241422.113480196800083, 540638.274902648059651, 0.0 ], [ 2241421.741819542367011, 540653.270297552924603, 0.0 ] ] } },
{ "type": "Feature", "properties": { "fid": 4806, "handle": 3710038, "block": -1, "etype": 18, "space": 0, "layer": "0_Roads_Hatch", "olinetype": "bylayer", "linetype": "", "color": "0,0,0,255", "ocolor": 256, "color24": -1, "transparency": 0, "lweight": -1, "linewidth": 0.0, "ltscale": 1.0, "visible": 1, "width": 6.0, "thickness": 0.0, "ext": "(3:0,0,0.1)" }, "geometry": { "type": "LineString", "coordinates": [ [ 2241168.368106996640563, 540820.642935938667506, 0.0 ], [ 2241169.373140702024102, 540824.221322456374764, 0.0 ], [ 2241170.439000421669334, 540827.782064777449705, 0.0 ], [ 2241171.565376686863601, 540831.324129052343778, 0.0 ], [ 2241172.751942458096892, 540834.846486854949035, 0.0 ], [ 2241173.998353220056742, 540838.34811548050493, 0.0 ], [ 2241175.304247081279755, 540841.827998243039474, 0.0 ], [ 2241176.669244880788028, 540845.285124770482071, 0.0 ], [ 2241178.092950295656919, 540848.7184912977973, 0.0 ], [ 2241179.574949957430363, 540852.127100958721712, 0.0 ], [ 2241181.114813572727144, 540855.50996407517232, 0.0 ], [ 2241182.712094048038125, 540858.866098444210365, 0.0 ], [ 2241184.366327617783099, 540862.19452962349169, 0.0 ], [ 2241186.077033980749547, 540865.494291214621626, 0.0 ], [ 2241187.843716439325362, 540868.764425142901018, 0.0 ], [ 2241189.665862043853849, 540872.003981935908087, 0.0 ], [ 2241191.542941739782691, 540875.21202099963557, 0.0 ], [ 2241193.474410523660481, 540878.387610890553333, 0.0 ], [ 2241195.459707600064576, 540881.529829587205313, 0.0 ], [ 2241197.498256544582546, 540884.637764756800607, 0.0 ], [ 2241199.589465471915901, 540887.71051402122248, 0.0 ], [ 2241201.73272720631212, 540890.747185217915103, 0.0 ], [ 2241203.927419458981603, 540893.746896659722552, 0.0 ], [ 2241206.172905008308589, 540896.708777390769683, 0.0 ], [ 2241208.46853188611567, 540899.631967439083382, 0.0 ], [ 2241210.813633563928306, 540902.515618066187017, 0.0 ], [ 2241213.207529149949551, 540905.358892013900913, 0.0 ], [ 2241215.649523584637791, 540908.16096374753397, 0.0 ], [ 2241218.138907842803746, 540910.921019695000723, 0.0 ], [ 2241220.674959140829742, 540913.63825848326087, 0.0 ], [ 2241233.883321281988174, 540927.296252064057626, 0.0 ], [ 2241235.533490411937237, 540929.008755169110373, 0.0 ], [ 2241237.153668242972344, 540930.74965977249667, 0.0 ], [ 2241238.743366027716547, 540932.51844070747029, 0.0 ], [ 2241240.302104212809354, 540934.314564398257062, 0.0 ], [ 2241241.829412584658712, 540936.137489020940848, 0.0 ], [ 2241243.324830410536379, 540937.986664666328579, 0.0 ], [ 2241244.787906578741968, 540939.861533506656997, 0.0 ], [ 2241246.218199733179063, 540941.76152996334713, 0.0 ], [ 2241247.615278406534344, 540943.686080877669156, 0.0 ], [ 2241248.978721152991056, 540945.634605683735572, 0.0 ], [ 2241250.30811667162925, 540947.606516583822668, 0.0 ], [ 2241251.60306393308565, 540949.601218725088984, 0.0 ], [ 2241252.863172299228609, 540951.618110379902646, 0.0 ], [ 2241254.088061642833054, 540953.656583126517944, 0.0 ], [ 2241255.277362459339201, 540955.716022033011541, 0.0 ], [ 2241256.430715981405228, 540957.79580584296491, 0.0 ], [ 2241257.547774284146726, 540959.895307162427343, 0.0 ], [ 2241258.628200392704457, 540962.01389264955651, 0.0 ], [ 2241259.671668382361531, 540964.150923205423169, 0.0 ], [ 2241260.677863477729261, 540966.305754166911356, 0.0 ], [ 2241261.64648214681074, 540968.477735501131974, 0.0 ], [ 2241262.57723219320178, 540970.666212001815438, 0.0 ], [ 2241263.469832843635231, 540972.870523486402817, 0.0 ], [ 2241264.324014833662659, 540975.090004995581694, 0.0 ], [ 2241265.139520488679409, 540977.323986993986182, 0.0 ], [ 2241265.916103800293058, 540979.571795571711846, 0.0 ], [ 2241266.653530502226204, 540981.83275264815893, 0.0 ], [ 2241267.351578140165657, 540984.106176176224835, 0.0 ] ] } },
{ "type": "Feature", "properties": { "fid": 4807, "handle": 3710140, "block": -1, "etype": 18, "space": 0, "layer": "0_Roads_Hatch", "olinetype": "bylayer", "linetype": "", "color": "0,0,0,255", "ocolor": 256, "color24": -1, "transparency": 0, "lweight": -1, "linewidth": 0.0, "ltscale": 1.0, "visible": 1, "width": 4.5, "thickness": 0.0, "ext": "(3:0,0,0.1)" }, "geometry": { "type": "LineString", "coordinates": [ [ 2241085.053162923548371, 540876.951748190098442, 0.0 ], [ 2241082.336682984605432, 540877.158263505203649, 0.0 ], [ 2241079.624167432077229, 540877.411583883222193, 0.0 ], [ 2241076.916422659996897, 540877.711634015897289, 0.0 ], [ 2241074.214253641664982, 540878.05832470243331, 0.0 ], [ 2241071.518463694490492, 540878.451552876387723, 0.0 ], [ 2241068.829854239709675, 540878.891201636870392, 0.0 ], [ 2241066.149224562104791, 540879.377140282187611, 0.0 ], [ 2241063.477371575776488, 540879.909224349656142, 0.0 ], [ 2241060.815089585259557, 540880.487295658211224, 0.0 ], [ 2241058.163170049432665, 540881.111182355438359, 0.0 ], [ 2241055.522401347290725, 540881.780698968330398, 0.0 ], [ 2241052.893568541388959, 540882.495646459166892, 0.0 ], [ 2241050.277453147806227, 540883.255812284070998, 0.0 ], [ 2241047.674832900054753, 540884.060970456339419, 0.0 ], [ 2241045.086481521371752, 540884.910881613846868, 0.0 ], [ 2241042.513168492354453, 540885.805293089710176, 0.0 ], [ 2241039.955658822320402, 540886.743938988191076, 0.0 ], [ 2241037.414712823461741, 540887.726540262927301, 0.0 ], [ 2241034.891085882671177, 540888.752804800285958, 0.0 ], [ 2241032.385528239887208, 540889.822427506325766, 0.0 ], [ 2241029.898784761782736, 540890.935090397135355, 0.0 ], [ 2241027.431594722438604, 540892.090462693711743, 0.0 ], [ 2241024.984691582154483, 540893.288200919865631, 0.0 ], [ 2241022.558802771847695, 540894.527949005132541, 0.0 ], [ 2241020.154649474192411, 540895.80933838954661, 0.0 ], [ 2241017.772946409415454, 540897.131988134235144, 0.0 ], [ 2241015.414401625283062, 540898.4955050337594, 0.0 ], [ 2241013.079716283362359, 540899.899483733694069, 0.0 ], [ 2241010.769584453199059, 540901.343506851000711, 0.0 ], [ 2241008.4846929050982, 540902.827145097893663, 0.0 ], [ 2241006.225720904767513, 540904.349957409314811, 0.0 ], [ 2241003.993340012617409, 540905.911491074599326, 0.0 ], [ 2241001.788213884457946, 540907.511281871702522, 0.0 ], [ 2240999.610998073592782, 540909.148854205384851, 0.0 ], [ 2240997.462339835707098, 540910.82372124819085, 0.0 ], [ 2240995.342877936549485, 540912.53538508573547, 0.0 ], [ 2240993.253242462407798, 540914.283336864202283, 0.0 ], [ 2240991.19405463244766, 540916.067056942265481, 0.0 ], [ 2240989.165926615241915, 540917.886015044758096, 0.0 ], [ 2240987.169461343437433, 540919.739670421229675, 0.0 ], [ 2240985.20525233913213, 540921.627472005551681, 0.0 ], [ 2240983.273883533664048, 540923.548858581110835, 0.0 ], [ 2240981.375929096248001, 540925.503258946468122, 0.0 ] ] } },
{ "type": "Feature", "properties": { "fid": 4808, "handle": 3710141, "block": -1, "etype": 18, "space": 0, "layer": "0_Roads_Hatch", "olinetype": "bylayer", "linetype": "", "color": "0,0,0,255", "ocolor": 256, "color24": -1, "transparency": 0, "lweight": -1, "linewidth": 0.0, "ltscale": 1.0, "visible": 1, "width": 4.5, "thickness": 0.0, "ext": "(3:0,0,0.1)" }, "geometry": { "type": "LineString", "coordinates": [ [ 2241085.053162923548371, 540876.951748190098442, 0.0 ], [ 2241085.636864272877574, 540876.91663008753676, 0.0 ], [ 2241086.221089161466807, 540876.891693653073162, 0.0 ], [ 2241086.805660001467913, 540876.876946466858499, 0.0 ], [ 2241087.390399099327624, 540876.872393011581153, 0.0 ], [ 2241087.975128710269928, 540876.878034671302885, 0.0 ], [ 2241088.559671092778444, 540876.893869731109589, 0.0 ], [ 2241089.14384856261313, 540876.91989337769337, 0.0 ], [ 2241089.727483545430005, 540876.956097700400278, 0.0 ], [ 2241090.310398632660508, 540877.002471694373526, 0.0 ], [ 2241090.892416634596884, 540877.059001262998208, 0.0 ], [ 2241091.473360633011907, 540877.125669222907163, 0.0 ], [ 2241092.053054037503898, 540877.202455308870412, 0.0 ], [ 2241092.631320637650788, 540877.289336180081591, 0.0 ], [ 2241093.207984655629843, 540877.386285427142866, 0.0 ], [ 2241093.782870802097023, 540877.493273580214009, 0.0 ], [ 2241094.355804327409714, 540877.610268117743544, 0.0 ], [ 2241094.92661107564345, 540877.7372334767133, 0.0 ], [ 2241095.495117537677288, 540877.874131063232198, 0.0 ], [ 2241096.061150902882218, 540878.020919264061376, 0.0 ], [ 2241096.62453911267221, 540878.177553459769115, 0.0 ], [ 2241097.185110913123935, 540878.34398603788577, 0.0 ], [ 2241097.742695905268192, 540878.52016640745569, 0.0 ], [ 2241098.297124599572271, 540878.706041014520451, 0.0 ], [ 2241098.848228463903069, 540878.901553358417004, 0.0 ], [ 2241099.395839979406446, 540879.106644008890726, 0.0 ], [ 2241099.939792685676366, 540879.321250623790547, 0.0 ], [ 2241100.479921237565577, 540879.545307968859561, 0.0 ], [ 2241101.016061450354755, 540879.778747936827131, 0.0 ], [ 2241101.548050352372229, 540880.021499568247236, 0.0 ], [ 2241102.075726233422756, 540880.273489073617384, 0.0 ], [ 2241102.598928695078939, 540880.53463985491544, 0.0 ], [ 2241103.117498697713017, 540880.804872529581189, 0.0 ], [ 2241103.631278611253947, 540881.084104954381473, 0.0 ], [ 2241104.140112259890884, 540881.372252250439487, 0.0 ], [ 2241104.643844972830266, 540881.669226828846149, 0.0 ], [ 2241105.142323628999293, 540881.974938417552039, 0.0 ], [ 2241105.635396705009043, 540882.289294088725001, 0.0 ], [ 2241106.122914320323616, 540882.612198286922649, 0.0 ], [ 2241106.604728282894939, 540882.943552858312614, 0.0 ], [ 2241107.080692134331912, 540883.283257080242038, 0.0 ], [ 2241107.550661195069551, 540883.631207691854797, 0.0 ], [ 2241108.014492607675493, 540883.987298926105723, 0.0 ], [ 2241108.472045380156487, 540884.351422540843487, 0.0 ], [ 2241108.923180428799242, 540884.723467852687463, 0.0 ], [ 2241109.367760621476918, 540885.103321770089678, 0.0 ], [ 2241109.805650818161666, 540885.490868828142993, 0.0 ], [ 2241110.236717911902815, 540885.885991222923622, 0.0 ] ] } },
{ "type": "Feature", "properties": { "fid": 4809, "handle": 3710839, "block": -1, "etype": 18, "space": 0, "layer": "0_Roads_Hatch", "olinetype": "bylayer", "linetype": "", "color": "0,0,0,255", "ocolor": 256, "color24": -1, "transparency": 0, "lweight": -1, "linewidth": 0.0, "ltscale": 1.0, "visible": 1, "width": 6.0, "thickness": 0.0, "ext": "(3:0,0,0.1)" }, "geometry": { "type": "LineString", "coordinates": [ [ 2241463.131922280881554, 540576.530335100018419, 0.0 ], [ 2241460.388323617633432, 540576.591818528831936, 0.0 ], [ 2241457.644072459079325, 540576.605939950793982, 0.0 ], [ 2241454.89998634159565, 540576.572695159236901, 0.0 ], [ 2241452.156882752664387, 540576.492094057961367, 0.0 ], [ 2241449.415578887332231, 540576.364160658791661, 0.0 ], [ 2241446.676891404204071, 540576.188933074125089, 0.0 ], [ 2241443.941636182367802, 540575.966463505872525, 0.0 ], [ 2241441.210628078784794, 540575.696818229742348, 0.0 ], [ 2241438.484680684749037, 540575.380077575333416, 0.0 ], [ 2241435.764606084674597, 540575.01633590250276, 0.0 ], [ 2241433.051214611623436, 540574.605701573309489, 0.0 ], [ 2241430.345314610283822, 540574.148296919069253, 0.0 ], [ 2241427.647712191101164, 540573.644258204847574, 0.0 ], [ 2241424.959210994187742, 540573.093735588248819, 0.0 ], [ 2241422.280611948110163, 540572.496893074712716, 0.0 ], [ 2241419.612713030539453, 540571.853908468969166, 0.0 ], [ 2241416.95630903262645, 540571.164973321720026, 0.0 ], [ 2241414.312191320583224, 540570.430292873061262, 0.0 ], [ 2241411.681147600524127, 540569.650085990666412, 0.0 ], [ 2241409.063961683772504, 540568.824585105059668, 0.0 ], [ 2241406.461413252633065, 540567.954036140232347, 0.0 ], [ 2241403.874277629423887, 540567.038698440534063, 0.0 ], [ 2241401.303325545042753, 540566.078844693023711, 0.0 ], [ 2241398.74932290893048, 540565.074760846677236, 0.0 ], [ 2241396.213030580431223, 540564.026746027055196, 0.0 ], [ 2241393.695204144343734, 540562.935112446895801, 0.0 ], [ 2241391.196593682747334, 540561.800185313564725, 0.0 ], [ 2241388.717943553812802, 540560.622302731848322, 0.0 ], [ 2241386.259992169681937, 540559.401815603487194, 0.0 ], [ 2241383.823471776209772, 540558.13908752228599, 0.0 ], [ 2241381.409108233172446, 540556.834494666196406, 0.0 ], [ 2241379.017620801925659, 540555.488425684859976, 0.0 ], [ 2241376.649721927475184, 540554.101281584356911, 0.0 ], [ 2241374.306117027066648, 540552.673475606832653, 0.0 ], [ 2241371.987504282500595, 540551.205433108611032, 0.0 ], [ 2241369.694574428256601, 540549.697591432486661, 0.0 ], [ 2241367.428010548930615, 540548.150399777805433, 0.0 ], [ 2241365.188487873412669, 540546.564319066586904, 0.0 ], [ 2241362.976673575583845, 540544.939821806270629, 0.0 ], [ 2241360.793226574081928, 540543.27739194908645, 0.0 ], [ 2241358.638797338120639, 540541.577524747583084, 0.0 ], [ 2241356.514027690049261, 540539.840726607246324, 0.0 ], [ 2241354.419550618622452, 540538.06751493550837, 0.0 ], [ 2241352.35599008621648, 540536.258417987846769, 0.0 ], [ 2241350.323960846289992, 540534.413974710390903, 0.0 ], [ 2241348.324068257585168, 540532.534734578803182, 0.0 ], [ 2241346.356908107176423, 540530.621257435646839, 0.0 ], [ 2241344.42306642793119, 540528.674113322515041, 0.0 ], [ 2241342.523119329474866, 540526.693882310995832, 0.0 ], [ 2241340.657632822170854, 540524.681154329213314, 0.0 ], [ 2241338.827162651345134, 540522.63652898685541, 0.0 ], [ 2241337.032254130579531, 540520.560615395661443, 0.0 ], [ 2241336.435103068128228, 540519.87730438192375, 0.0 ], [ 2241335.826172168366611, 540519.204469712567516, 0.0 ], [ 2241335.205645195674151, 540518.542314436868764, 0.0 ], [ 2241334.573709413874894, 540517.891038381261751, 0.0 ], [ 2241333.930555529892445, 540517.250838089035824, 0.0 ], [ 2241333.276377635542303, 540516.621906761080027, 0.0 ], [ 2241332.61137314978987, 540516.004434197326191, 0.0 ], [ 2241331.935742759145796, 540515.398606739821844, 0.0 ], [ 2241331.24969035666436, 540514.804607216385193, 0.0 ], [ 2241330.553422980476171, 540514.222614885191433, 0.0 ], [ 2241329.847150750923902, 540513.652805380988866, 0.0 ], [ 2241329.131086809094995, 540513.095350661897101, 0.0 ], [ 2241328.405447249300778, 540512.550418957835063, 0.0 ], [ 2241327.670451056677848, 540512.018174718949012, 0.0 ], [ 2241326.926320039667189, 540511.498778567183763, 0.0 ], [ 2241326.173278763424605, 540510.992387246806175, 0.0 ], [ 2241325.411554482299834, 540510.499153577373363, 0.0 ], [ 2241324.641377070918679, 540510.019226408097893, 0.0 ], [ 2241323.862978954799473, 540509.552750572096556, 0.0 ], [ 2241323.076595040038228, 540509.099866843316704, 0.0 ], [ 2241322.282462643459439, 540508.660711893928237, 0.0 ], [ 2241321.480821419972926, 540508.235418252879754, 0.0 ], [ 2241320.67191328946501, 540507.824114266084507, 0.0 ], [ 2241319.855982366483659, 540507.426924057654105, 0.0 ], [ 2241319.033274883870035, 540507.04396749229636, 0.0 ], [ 2241318.204039119649678, 540506.675360139342956, 0.0 ], [ 2241317.368525322526693, 540506.321213237941265, 0.0 ], [ 2241316.526985635515302, 540505.981633663061075, 0.0 ], [ 2241315.679674019571394, 540505.656723893713206, 0.0 ], [ 2241314.826846177689731, 540505.346581981750205, 0.0 ], [ 2241313.968759478535503, 540505.051301522413269, 0.0 ], [ 2241313.105672876816243, 540504.770971625926904, 0.0 ], [ 2241312.237846836447716, 540504.505676890839823, 0.0 ], [ 2241311.3655432513915, 540504.255497378180735, 0.0 ], [ 2241310.489025367423892, 540504.020508587709628, 0.0 ], [ 2241309.60855770111084, 540503.8007814346347, 0.0 ], [ 2241308.724405962508172, 540503.596382228657603, 0.0 ], [ 2241307.836836971342564, 540503.40737265383359, 0.0 ], [ 2241306.946118581108749, 540503.233809749712236, 0.0 ], [ 2241306.052519593387842, 540503.075745894573629, 0.0 ], [ 2241305.156309680547565, 540502.933228789130226, 0.0 ], [ 2241304.257759302854538, 540502.806301442440599, 0.0 ], [ 2241303.357139626052231, 540502.695002158870921, 0.0 ], [ 2241302.454722440801561, 540502.599364526569843, 0.0 ], [ 2241301.550780080258846, 540502.519417407107539, 0.0 ], [ 2241300.645585338119417, 540502.455184927326627, 0.0 ], [ 2241299.739411385264248, 540502.406686471193098, 0.0 ], [ 2241298.832531688734889, 540502.373936674790457, 0.0 ], [ 2241297.925219928845763, 540502.356945421313867, 0.0 ], [ 2241297.017749914899468, 540502.355717838509008, 0.0 ] ] } },
{ "type": "Feature", "properties": { "fid": 4810, "handle": 3711125, "block": -1, "etype": 18, "space": 0, "layer": "0_Roads_Hatch", "olinetype": "bylayer", "linetype": "", "color": "0,0,0,255", "ocolor": 256, "color24": -1, "transparency": 0, "lweight": -1, "linewidth": 0.0, "ltscale": 1.0, "visible": 1, "width": 6.0, "thickness": 0.0, "ext": "(3:0,0,0.1)" }, "geometry": { "type": "LineString", "coordinates": [ [ 2241164.362527785822749, 540400.978402817621827, 0.0 ], [ 2241163.50155363837257, 540398.549111977103166, 0.0 ], [ 2241162.598760356660932, 540396.135050096781924, 0.0 ], [ 2241161.654417140875012, 540393.736937013454735, 0.0 ], [ 2241160.66880557872355, 540391.35548780777026, 0.0 ], [ 2241159.64221956487745, 540388.991412591654807, 0.0 ], [ 2241158.574965212028474, 540386.645416296552867, 0.0 ], [ 2241157.467360758688301, 540384.318198462831788, 0.0 ], [ 2241156.319736476056278, 540382.010453031281941, 0.0 ], [ 2241155.132434567902237, 540379.72286813671235, 0.0 ], [ 2241153.905809069983661, 540377.456125902011991, 0.0 ], [ 2241152.640225743409246, 540375.210902235354297, 0.0 ], [ 2241151.336061965208501, 540372.987866628100164, 0.0 ], [ 2241149.99370661797002, 540370.787681955844164, 0.0 ], [ 2241148.613559971097857, 540368.61100428015925, 0.0 ], [ 2241147.19603356346488, 540366.458482653135434, 0.0 ], [ 2241145.74155008001253, 540364.33075892413035, 0.0 ], [ 2241144.250543225556612, 540362.228467547800392, 0.0 ], [ 2241142.723457595799118, 540360.152235395624302, 0.0 ], [ 2241141.160748544149101, 540358.102681568474509, 0.0 ], [ 2241139.562882047146559, 540356.080417211982422, 0.0 ], [ 2241137.930334563367069, 540354.086045334697701, 0.0 ], [ 2241136.263592894654721, 540352.120160627993755, 0.0 ], [ 2241134.563154037576169, 540350.183349288767204, 0.0 ], [ 2241132.829525036737323, 540348.276188844698481, 0.0 ], [ 2241131.063222834840417, 540346.399247982073575, 0.0 ], [ 2241129.264774115756154, 540344.553086376050487, 0.0 ], [ 2241127.434715149924159, 540342.738254524068907, 0.0 ], [ 2241125.57359163230285, 540340.955293581238948, 0.0 ], [ 2241123.681958522181958, 540339.204735199455172, 0.0 ], [ 2241121.76037987601012, 540337.487101368606091, 0.0 ], [ 2241119.809428679291159, 540335.80290426092688, 0.0 ], [ 2241117.829686675220728, 540334.152646078378893, 0.0 ], [ 2241115.821744193322957, 540332.536818903055973, 0.0 ], [ 2241113.786199972033501, 540330.955904549802653, 0.0 ], [ 2241111.723660978488624, 540329.410374423256144, 0.0 ], [ 2241109.63474223157391, 540327.900689377216622, 0.0 ], [ 2241107.52006661426276, 540326.427299576462246, 0.0 ], [ 2241105.380264691077173, 540324.990644363802858, 0.0 ], [ 2241103.215974518563598, 540323.591152127599344, 0.0 ], [ 2241101.02784145437181, 540322.229240175453015, 0.0 ], [ 2241098.816517967265099, 540320.905314608593471, 0.0 ], [ 2241096.582663440145552, 540319.619770201621577, 0.0 ], [ 2241094.326943974476308, 540318.372990284347907, 0.0 ], [ 2241092.050032191444188, 540317.1653466274729, 0.0 ], [ 2241089.752607031259686, 540315.99719933187589, 0.0 ], [ 2241087.435353551059961, 540314.868896721629426, 0.0 ], [ 2241085.098962721414864, 540313.780775239109062, 0.0 ], [ 2241082.744131217710674, 540312.733159345807508, 0.0 ], [ 2241080.371561215259135, 540311.726361424662173, 0.0 ], [ 2241077.981960177887231, 540310.7606816876214, 0.0 ], [ 2241075.57604064932093, 540309.836408085655421, 0.0 ], [ 2241073.154520037118345, 540308.953816223191097, 0.0 ], [ 2241070.718120402190834, 540308.113169275457039, 0.0 ], [ 2241068.267568242270499, 540307.314717910834588, 0.0 ], [ 2241065.803594274446368, 540306.55870021530427, 0.0 ], [ 2241063.326933218166232, 540305.845341621898115, 0.0 ], [ 2241060.838323575910181, 540305.174854843178764, 0.0 ], [ 2241058.338507413864136, 540304.547439808142371, 0.0 ], [ 2241055.828230138868093, 540303.963283602381125, 0.0 ], [ 2241051.944690051488578, 540303.173702388303354, 0.0 ], [ 2241048.048107055015862, 540302.451232281397097, 0.0 ], [ 2241044.139640800654888, 540301.796088294009678, 0.0 ], [ 2241040.220454476773739, 540301.208465401781723, 0.0 ], [ 2241036.291714461985976, 540300.688538485323079, 0.0 ], [ 2241032.354589977301657, 540300.236462278990075, 0.0 ], [ 2241028.410252740141004, 540299.852371323853731, 0.0 ], [ 2241024.459876613225788, 540299.536379928002134, 0.0 ], [ 2241020.504637258127332, 540299.288582133012824, 0.0 ], [ 2241016.545711782295257, 540299.10905168519821, 0.0 ], [ 2241012.5842783912085, 540298.997842014185153, 0.0 ], [ 2241008.621516035869718, 540298.954986216733232, 0.0 ], [ 2241004.658604063093662, 540298.980497046955861, 0.0 ], [ 2241000.696721865329891, 540299.074366912827827, 0.0 ], [ 2240996.737048526294529, 540299.236567877815105, 0.0 ], [ 2240992.780762474052608, 540299.467051669838838, 0.0 ], [ 2240988.829041128512472, 540299.765749695245177, 0.0 ], [ 2240984.883060550317168, 540300.132573059294373, 0.0 ], [ 2240980.943995092064142, 540300.567412592703477, 0.0 ], [ 2240977.013017048127949, 540301.070138884126209, 0.0 ], [ 2240973.091296306811273, 540301.640602318337187, 0.0 ], [ 2240969.180000000167638, 540302.278633121517487, 0.0 ], [ 2240966.279145842418075, 540302.934306610142812, 0.0 ], [ 2240963.38981092069298, 540303.639009582344443, 0.0 ], [ 2240960.512823856435716, 540304.392539939377457, 0.0 ], [ 2240957.649009728804231, 540305.194681579014286, 0.0 ], [ 2240954.799189839977771, 540306.045204458408989, 0.0 ], [ 2240951.964181478135288, 540306.943864659406245, 0.0 ], [ 2240949.14479768415913, 540307.89040445885621, 0.0 ], [ 2240946.341847018804401, 540308.884552402305417, 0.0 ], [ 2240943.556133328005672, 540309.926023381995037, 0.0 ], [ 2240940.78845551609993, 540311.014518718584441, 0.0 ], [ 2240938.039607314392924, 540312.149726246949285, 0.0 ], [ 2240935.310377054382116, 540313.331320405355655, 0.0 ], [ 2240932.60154744097963, 540314.558962328941561, 0.0 ], [ 2240929.913895328529179, 540315.832299947389401, 0.0 ], [ 2240927.248191498219967, 540317.150968085043132, 0.0 ], [ 2240924.605200436897576, 540318.514588566496968, 0.0 ], [ 2240921.985680116806179, 540319.922770324279554, 0.0 ], [ 2240919.390381780918688, 540321.375109511543997, 0.0 ], [ 2240916.820049724075943, 540322.871189617784694, 0.0 ], [ 2240914.275421081110835, 540324.410581588046625, 0.0 ], [ 2240911.757225616369396, 540325.992843946209177, 0.0 ], [ 2240909.266185513231903, 540327.617522921529599, 0.0 ], [ 2240906.803015167359263, 540329.284152578795329, 0.0 ], [ 2240904.959186194464564, 540330.644392511225305, 0.0 ], [ 2240903.09232122451067, 540331.972840154077858, 0.0 ], [ 2240901.202968376688659, 540333.269105470390059, 0.0 ], [ 2240899.291682370938361, 540334.532807871932164, 0.0 ], [ 2240897.359024368226528, 540335.763576330966316, 0.0 ], [ 2240895.405561803840101, 540336.961049489327706, 0.0 ], [ 2240893.431868221610785, 540338.12487576471176, 0.0 ], [ 2240891.438523105345666, 540339.254713453352451, 0.0 ], [ 2240889.426111708395183, 540340.350230830837972, 0.0 ], [ 2240887.395224881824106, 540341.411106249201111, 0.0 ], [ 2240885.346458901651204, 540342.437028231681325, 0.0 ], [ 2240883.280415293294936, 540343.427695563645102, 0.0 ], [ 2240881.197700654156506, 540344.38281738164369, 0.0 ], [ 2240879.098926477134228, 540345.302113258512691, 0.0 ], [ 2240876.984708969946951, 540346.185313285444863, 0.0 ], [ 2240874.85566887492314, 540347.03215815173462, 0.0 ], [ 2240872.712431285064667, 540347.842399220797233, 0.0 ], [ 2240870.555625463835895, 540348.615798602811992, 0.0 ], [ 2240868.385884656570852, 540349.35212922480423, 0.0 ], [ 2240866.203845907468349, 540350.051174897467718, 0.0 ], [ 2240864.010149870999157, 540350.712730378494598, 0.0 ], [ 2240861.805440624244511, 540351.336601432645693, 0.0 ], [ 2240859.590365477837622, 540351.922604889259674, 0.0 ], [ 2240857.365574785973877, 540352.470568695571274, 0.0 ], [ 2240855.131721755489707, 540352.980331967235543, 0.0 ], [ 2240852.88946225354448, 540353.451745036174543, 0.0 ], [ 2240850.639454615768045, 540353.884669493534602, 0.0 ], [ 2240848.382359453011304, 540354.278978231130168, 0.0 ], [ 2240846.118839456234127, 540354.634555478696711, 0.0 ], [ 2240843.849559203255922, 540354.95129683718551, 0.0 ], [ 2240841.575184962712228, 540355.229109310428612, 0.0 ], [ 2240839.296384499873966, 540355.467911331448704, 0.0 ], [ 2240837.013826878275722, 540355.66763278725557, 0.0 ], [ 2240834.728182265534997, 540355.82821503886953, 0.0 ], [ 2240832.440121735446155, 540355.94961093866732, 0.0 ], [ 2240830.150317070074379, 540356.031784844468348, 0.0 ], [ 2240827.859440565109253, 540356.074712629662827, 0.0 ], [ 2240825.568164830561727, 540356.078381690429524, 0.0 ], [ 2240823.277162592392415, 540356.042790949693881, 0.0 ], [ 2240820.98710649786517, 540355.967950856895186, 0.0 ], [ 2240818.698668915778399, 540355.853883385425434, 0.0 ], [ 2240816.412521739955992, 540355.700622025877237, 0.0 ], [ 2240814.12933619087562, 540355.508211776381359, 0.0 ], [ 2240811.751243473961949, 540355.175001040217467, 0.0 ], [ 2240809.379148025996983, 540354.801480559050106, 0.0 ], [ 2240807.013733064755797, 540354.38775791565422, 0.0 ], [ 2240804.65567988390103, 540353.933952271472663, 0.0 ], [ 2240802.305667657870799, 540353.440194333088584, 0.0 ], [ 2240799.964373243506998, 540352.90662631415762, 0.0 ], [ 2240797.63247098820284, 540352.333401894429699, 0.0 ], [ 2240795.310632532928139, 540351.720686175744049, 0.0 ], [ 2240792.999526620376855, 540351.068655634531751, 0.0 ], [ 2240790.699818902648985, 540350.377498070360161, 0.0 ], [ 2240788.412171748932451, 540349.647412552498281, 0.0 ], [ 2240786.137244053184986, 540348.878609362640418, 0.0 ], [ 2240783.875691047869623, 540348.071309933555312, 0.0 ], [ 2240781.628164111636579, 540347.225746786105447, 0.0 ], [ 2240779.395310584455729, 540346.342163462075405, 0.0 ], [ 2240777.177773579023778, 540345.420814453624189, 0.0 ], [ 2240774.976191797759384, 540344.461965130525641, 0.0 ] ] } },
{ "type": "Feature", "properties": { "fid": 4811, "handle": 3711834, "block": -1, "etype": 18, "space": 0, "layer": "0_Roads_Hatch", "olinetype": "bylayer", "linetype": "", "color": "0,0,0,255", "ocolor": 256, "color24": -1, "transparency": 0, "lweight": -1, "linewidth": 0.0, "ltscale": 1.0, "visible": 1, "width": 4.5, "thickness": 0.0, "ext": "(3:0,0,0.1)" }, "geometry": { "type": "LineString", "coordinates": [ [ 2240775.27, 540344.66999699966982, 0.0 ], [ 2240769.642524497583508, 540342.137303471099585, 0.0 ], [ 2240764.058491126168519, 540339.510216045193374, 0.0 ], [ 2240758.519483089447021, 540336.789479562547058, 0.0 ], [ 2240753.027070825919509, 540333.975865415879525, 0.0 ], [ 2240747.582811563275754, 540331.070171330473386, 0.0 ], [ 2240742.188248876016587, 540328.073221138562076, 0.0 ], [ 2240736.844912249129266, 540324.985864545800723, 0.0 ], [ 2240731.554316643625498, 540321.808976889937185, 0.0 ] ] } },
{ "type": "Feature", "properties": { "fid": 4812, "handle": 3711874, "block": -1, "etype": 18, "space": 0, "layer": "0_Roads_Hatch", "olinetype": "bylayer", "linetype": "", "color": "0,0,0,255", "ocolor": 256, "color24": -1, "transparency": 0, "lweight": -1, "linewidth": 0.0, "ltscale": 1.0, "visible": 1, "width": 4.5, "thickness": 0.0, "ext": "(3:0,0,0.1)" }, "geometry": { "type": "LineString", "coordinates": [ [ 2240866.538576243910939, 540217.562219361076131, 0.0 ], [ 2240865.633926943875849, 540216.992553699179552, 0.0 ], [ 2240864.73925948003307, 540216.407336259493604, 0.0 ], [ 2240863.854841174092144, 540215.806741901440546, 0.0 ], [ 2240862.980936285108328, 540215.19095007958822, 0.0 ], [ 2240862.117805931251496, 540214.560144788702019, 0.0 ], [ 2240861.265708010643721, 540213.914514510077424, 0.0 ], [ 2240860.424897125922143, 540213.254252154263668, 0.0 ], [ 2240859.59562450600788, 540212.579555004020222, 0.0 ], [ 2240858.778137932997197, 540211.890624654944986, 0.0 ], [ 2240857.972681667655706, 540211.187666955636814, 0.0 ], [ 2240857.17949637491256, 540210.47089194576256, 0.0 ], [ 2240856.398819055408239, 540209.74051379377488, 0.0 ], [ 2240855.630882969591767, 540208.996750732534565, 0.0 ], [ 2240854.875917573459446, 540208.239824994117953, 0.0 ], [ 2240854.134148446377367, 540207.469962743809447, 0.0 ], [ 2240853.405797224491835, 540206.687394011998549, 0.0 ], [ 2240852.691081534605473, 540205.892352625960484, 0.0 ], [ 2240851.990214930381626, 540205.085076139308512, 0.0 ], [ 2240851.303406826686114, 540204.265805761911906, 0.0 ], [ 2240850.630862437654287, 540203.434786287019961, 0.0 ], [ 2240849.972782716155052, 540202.59226601861883, 0.0 ], [ 2240849.329364292323589, 540201.738496696925722, 0.0 ], [ 2240848.700799415819347, 540200.873733423533849, 0.0 ], [ 2240848.087275899015367, 540199.998234584694728, 0.0 ], [ 2240847.488977058324963, 540199.112261774600483, 0.0 ], [ 2240846.906081662978977, 540198.216079716919921, 0.0 ], [ 2240846.338763878215104, 540197.309956185752526, 0.0 ], [ 2240845.787193215452135, 540196.394161925651133, 0.0 ], [ 2240845.25153448106721, 540195.468970570946112, 0.0 ], [ 2240844.73194772657007, 540194.534658563323319, 0.0 ], [ 2240844.228588202036917, 540193.591505070216954, 0.0 ], [ 2240843.741606308147311, 540192.639791900292039, 0.0 ], [ 2240843.271147552412003, 540191.679803420323879, 0.0 ], [ 2240842.817352505400777, 540190.711826469283551, 0.0 ], [ 2240842.380356757901609, 540189.736150273238309, 0.0 ], [ 2240841.960290882270783, 540188.753066358738579, 0.0 ], [ 2240841.557280391920358, 540187.762868465739302, 0.0 ], [ 2240841.171445703599602, 540186.765852459706366, 0.0 ], [ 2240840.802902103401721, 540185.762316243490204, 0.0 ], [ 2240840.451759709045291, 540184.752559668035246, 0.0 ], [ 2240840.118123440537602, 540183.736884442856535, 0.0 ], [ 2240839.80209298664704, 540182.715594045934267, 0.0 ], [ 2240839.503762775100768, 540181.688993633142672, 0.0 ], [ 2240839.223221945110708, 540180.657389946863987, 0.0 ], [ 2240838.960554321296513, 540179.621091224486008, 0.0 ], [ 2240838.715838386677206, 540178.580407106201164, 0.0 ], [ 2240838.489147261250764, 540177.535648542572744, 0.0 ], [ 2240838.280548679176718, 540176.487127701402642, 0.0 ], [ 2240838.090104968287051, 540175.435157874948345, 0.0 ], [ 2240837.917873032391071, 540174.380053385859355, 0.0 ], [ 2240837.763904333114624, 540173.322129493346438, 0.0 ], [ 2240837.628244875464588, 540172.261702299118042, 0.0 ], [ 2240837.510935193859041, 540171.19908865285106, 0.0 ] ] } },
{ "type": "Feature", "properties": { "fid": 4813, "handle": 3711934, "block": -1, "etype": 18, "space": 0, "layer": "0_Roads_Hatch", "olinetype": "bylayer", "linetype": "", "color": "0,0,0,255", "ocolor": 256, "color24": -1, "transparency": 0, "lweight": -1, "linewidth": 0.0, "ltscale": 1.0, "visible": 1, "width": 4.5, "thickness": 0.0, "ext": "(3:0,0,0.1)" }, "geometry": { "type": "LineString", "coordinates": [ [ 2240808.991610046941787, 540278.344557812670246, 0.0 ], [ 2240808.160209281370044, 540276.918944791774265, 0.0 ], [ 2240807.304318175651133, 540275.507899032789283, 0.0 ], [ 2240806.424191895872355, 540274.111841208068654, 0.0 ], [ 2240805.520092831924558, 540272.73118752182927, 0.0 ], [ 2240804.592290521599352, 540271.366349585936405, 0.0 ], [ 2240803.641061568167061, 540270.017734297085553, 0.0 ], [ 2240802.666689560748637, 540268.68574371538125, 0.0 ], [ 2240801.669464986771345, 540267.370774944894947, 0.0 ], [ 2240800.649685146752745, 540266.073220014688559, 0.0 ], [ 2240799.607654066290706, 540264.793465762748383, 0.0 ], [ 2240798.543682403862476, 540263.531893719686195, 0.0 ], [ 2240797.458087359089404, 540262.288879995699972, 0.0 ], [ 2240796.351192579139024, 540261.064795168349519, 0.0 ], [ 2240795.223328060470521, 540259.860004171729088, 0.0 ], [ 2240794.074830050580204, 540258.674866187968291, 0.0 ], [ 2240792.906040950212628, 540257.509734540130012, 0.0 ], [ 2240791.717309207189828, 540256.364956586970948, 0.0 ], [ 2240790.508989216759801, 540255.240873618866317, 0.0 ], [ 2240789.281441213097423, 540254.137820756644942, 0.0 ], [ 2240788.035031162202358, 540253.056126851588488, 0.0 ], [ 2240786.770130654796958, 540251.996114387176931, 0.0 ], [ 2240785.487116793170571, 540250.958099382813089, 0.0 ], [ 2240784.186372079886496, 540249.942391300108284, 0.0 ], [ 2240782.868284303229302, 540248.949292950332165, 0.0 ], [ 2240781.533246423117816, 540247.979100403958, 0.0 ], [ 2240780.181656451430172, 540247.032102903001942, 0.0 ], [ 2240778.813917335588485, 540246.108582773827948, 0.0 ], [ 2240777.4304368365556, 540245.208815344027244, 0.0 ], [ 2240776.031627409625798, 540244.333068859530613, 0.0 ], [ 2240774.617906078696251, 540243.481604405096732, 0.0 ], [ 2240773.189694314263761, 540242.65467582619749, 0.0 ], [ 2240771.747417906299233, 540241.852529653697275, 0.0 ], [ 2240770.291506838519126, 540241.075405029812828, 0.0 ], [ 2240768.822395158465952, 540240.323533637449145, 0.0 ], [ 2240767.340520850382745, 540239.597139630583115, 0.0 ], [ 2240765.846325702499598, 540238.896439567790367, 0.0 ], [ 2240764.340255176182836, 540238.221642347518355, 0.0 ], [ 2240762.822758273687214, 540237.572949145804159, 0.0 ], [ 2240761.294287404045463, 540236.950553356320597, 0.0 ], [ 2240759.755298247095197, 540236.354640532983467, 0.0 ], [ 2240758.206249618437141, 540235.78538833395578, 0.0 ], [ 2240756.647603334393352, 540235.24296646961011, 0.0 ], [ 2240755.079824070446193, 540234.727536650956608, 0.0 ], [ 2240753.503379225730896, 540234.239252542378381, 0.0 ], [ 2240751.918738783337176, 540233.77825971506536, 0.0 ], [ 2240750.326375169213861, 540233.344695603940636, 0.0 ], [ 2240748.726763111539185, 540232.938689466565847, 0.0 ], [ 2240747.120379499625415, 540232.560362345073372, 0.0 ], [ 2240745.50770324235782, 540232.209827029262669, 0.0 ], [ 2240743.889215123839676, 540231.887188023654744, 0.0 ], [ 2240742.265397660434246, 540231.59254151606001, 0.0 ] ] } },
{ "type": "Feature", "properties": { "fid": 4816, "handle": 3713130, "block": -1, "etype": 18, "space": 0, "layer": "0_Roads_Hatch", "olinetype": "bylayer", "linetype": "", "color": "0,0,0,255", "ocolor": 256, "color24": -1, "transparency": 0, "lweight": -1, "linewidth": 0.0, "ltscale": 1.0, "visible": 1, "width": 4.5, "thickness": 0.0, "ext": "(3:0,0,0.1)" }, "geometry": { "type": "LineString", "coordinates": [ [ 2240941.627185611519963, 541089.996668486273848, 0.0 ], [ 2240970.374660163652152, 541102.803840196924284, 0.0 ] ] } },
{ "type": "Feature", "properties": { "fid": 4820, "handle": 3713188, "block": -1, "etype": 18, "space": 0, "layer": "0_Roads_Hatch", "olinetype": "bylayer", "linetype": "", "color": "0,0,0,255", "ocolor": 256, "color24": -1, "transparency": 0, "lweight": -1, "linewidth": 0.0, "ltscale": 1.0, "visible": 1, "width": 4.5, "thickness": 0.0, "ext": "(3:0,0,0.1)" }, "geometry": { "type": "LineString", "coordinates": [ [ 2240916.83108821650967, 541142.917820307775401, 0.0 ], [ 2240961.6047297809273, 541157.415425406303257, 0.0 ] ] } },
{ "type": "Feature", "properties": { "fid": 4825, "handle": 3713249, "block": -1, "etype": 18, "space": 0, "layer": "0_Roads_Hatch", "olinetype": "bylayer", "linetype": "", "color": "0,0,0,255", "ocolor": 256, "color24": -1, "transparency": 0, "lweight": -1, "linewidth": 0.0, "ltscale": 1.0, "visible": 1, "width": 4.5, "thickness": 0.0, "ext": "(3:0,0,0.1)" }, "geometry": { "type": "LineString", "coordinates": [ [ 2240899.101530288346112, 541201.457068543531932, 0.0 ], [ 2240947.829526296816766, 541216.711439162376337, 0.0 ] ] } },
{ "type": "Feature", "properties": { "fid": 4830, "handle": 3713349, "block": -1, "etype": 18, "space": 0, "layer": "0_Roads_Hatch", "olinetype": "bylayer", "linetype": "", "color": "0,0,0,255", "ocolor": 256, "color24": -1, "transparency": 0, "lweight": -1, "linewidth": 0.0, "ltscale": 1.0, "visible": 1, "width": 4.5, "thickness": 0.0, "ext": "(3:0,0,0.1)" }, "geometry": { "type": "LineString", "coordinates": [ [ 2240889.795337107498199, 541273.096216865000315, 0.0 ], [ 2240927.648832413367927, 541284.900733180111274, 0.0 ] ] } },
{ "type": "Feature", "properties": { "fid": 4833, "handle": 3713671, "block": -1, "etype": 18, "space": 0, "layer": "0_Roads_Hatch", "olinetype": "bylayer", "linetype": "", "color": "0,0,0,255", "ocolor": 256, "color24": -1, "transparency": 0, "lweight": -1, "linewidth": 0.0, "ltscale": 1.0, "visible": 1, "width": 6.0, "thickness": 0.0, "ext": "(3:0,0,0.1)" }, "geometry": { "type": "LineString", "coordinates": [ [ 2241021.957604091614485, 540173.550526791135781, 0.0 ], [ 2241019.105965659953654, 540172.994573194999248, 0.0 ], [ 2241016.245221701916307, 540172.487552336533554, 0.0 ], [ 2241013.376211815048009, 540172.029613021179102, 0.0 ], [ 2241010.499778024852276, 540171.620889649260789, 0.0 ], [ 2241007.616764533799142, 540171.261502176872455, 0.0 ], [ 2241004.728017475921661, 540170.95155608037021, 0.0 ], [ 2241001.834384669084102, 540170.691142325871624, 0.0 ], [ 2240998.936715363524854, 540170.480337341898121, 0.0 ], [ 2240996.035859995055944, 540170.319202997605316, 0.0 ], [ 2240993.1326699340716, 540170.207786584156565, 0.0 ], [ 2240990.227997237350792, 540170.146120801218785, 0.0 ], [ 2240987.322694394737482, 540170.134223746950738, 0.0 ], [ 2240984.417614083271474, 540170.172098912997171, 0.0 ], [ 2240981.513608912937343, 540170.259735183557495, 0.0 ], [ 2240978.611531178932637, 540170.397106838179752, 0.0 ], [ 2240975.712232610676438, 540170.584173559676856, 0.0 ], [ 2240972.816564122214913, 540170.820880446000956, 0.0 ], [ 2240969.925375561695546, 540171.107158026192337, 0.0 ], [ 2240967.039515462704003, 540171.4429222807521, 0.0 ], [ 2240964.159830794669688, 540171.828074666322209, 0.0 ], [ 2240961.287166715599597, 540172.262502144672908, 0.0 ], [ 2240958.422366322018206, 540172.746077216113918, 0.0 ], [ 2240955.566270402632654, 540173.278657956165262, 0.0 ], [ 2240952.719717191532254, 540173.860088058165275, 0.0 ], [ 2240949.883542122785002, 540174.490196878323331, 0.0 ], [ 2240947.05857758410275, 540175.168799486360513, 0.0 ], [ 2240944.245652672369033, 540175.895696719526313, 0.0 ], [ 2240941.445592952426523, 540176.670675241039135, 0.0 ], [ 2240938.659220211673528, 540177.493507602834143, 0.0 ], [ 2240935.887352221645415, 540178.363952312269248, 0.0 ], [ 2240933.130802496802062, 540179.281753902905621, 0.0 ], [ 2240928.521161413285881, 540181.278461172361858, 0.0 ], [ 2240923.946278490126133, 540183.353570104925893, 0.0 ], [ 2240919.40748708229512, 540185.506475908099674, 0.0 ], [ 2240914.906110025011003, 540187.7365511150565, 0.0 ], [ 2240910.443459249101579, 540190.043145768227987, 0.0 ], [ 2240906.020835399162024, 540192.425587608129717, 0.0 ], [ 2240901.639527453109622, 540194.883182269753888, 0.0 ], [ 2240897.300812347326428, 540197.415213484549895, 0.0 ], [ 2240893.005954605061561, 540200.020943289389834, 0.0 ], [ 2240888.756205967627466, 540202.699612241704017, 0.0 ], [ 2240884.552805027458817, 540205.450439640786499, 0.0 ], [ 2240880.396976870950311, 540208.272623754921369, 0.0 ], [ 2240876.289932718500495, 540211.165342055726796, 0.0 ], [ 2240872.232869571540505, 540214.127751457621343, 0.0 ], [ 2240868.226969866082072, 540217.158988563227467, 0.0 ], [ 2240864.273401125334203, 540220.25816991541069, 0.0 ], [ 2240860.373315621167421, 540223.424392254557461, 0.0 ], [ 2240856.527850037440658, 540226.656732781906612, 0.0 ], [ 2240852.738125139381737, 540229.954249428468756, 0.0 ], [ 2240849.005245445296168, 540233.315981129766442, 0.0 ], [ 2240845.330298907589167, 540236.740948105580173, 0.0 ], [ 2240841.714356592856348, 540240.228152145631611, 0.0 ], [ 2240838.158472371287644, 540243.776576900854707, 0.0 ], [ 2240834.663682608865201, 540247.38518817932345, 0.0 ], [ 2240831.231005866080523, 540251.052934247301891, 0.0 ], [ 2240827.861442599911243, 540254.778746136697009, 0.0 ], [ 2240824.555974872782826, 540258.56153795553837, 0.0 ], [ 2240821.315566066652536, 540262.400207205559127, 0.0 ], [ 2240818.141160602215677, 540266.293635102454573, 0.0 ], [ 2240815.033683663234115, 540270.240686902659945, 0.0 ], [ 2240811.994040926918387, 540274.240212234086357, 0.0 ], [ 2240809.023118300363421, 540278.291045430698432, 0.0 ], [ 2240806.194393393117934, 540282.443159243208356, 0.0 ], [ 2240803.437439024448395, 540286.643270708387718, 0.0 ], [ 2240800.753069420810789, 540290.890139383613132, 0.0 ], [ 2240798.142077373340726, 540295.182511016959324, 0.0 ], [ 2240795.605234000366181, 540299.519117917865515, 0.0 ], [ 2240793.143288522493094, 540303.898679331527092, 0.0 ], [ 2240790.756968040019274, 540308.319901817245409, 0.0 ], [ 2240788.446977318730205, 540312.781479630037211, 0.0 ], [ 2240786.213998581282794, 540317.28209510690067, 0.0 ], [ 2240784.05869130557403, 540321.820419055293314, 0.0 ], [ 2240781.981692031957209, 540326.395111146382987, 0.0 ], [ 2240779.983614170923829, 540331.004820310161449, 0.0 ], [ 2240778.065047827083617, 540335.648185135098174, 0.0 ], [ 2240776.226559621747583, 540340.3238342696568, 0.0 ], [ 2240774.468692525289953, 540345.03038682800252, 0.0 ], [ 2240772.791965699288994, 540349.766452796990052, 0.0 ], [ 2240771.196874340530485, 540354.530633447458968, 0.0 ], [ 2240769.683889537118375, 540359.321521746693179, 0.0 ], [ 2240768.253458126448095, 540364.137702774489298, 0.0 ], [ 2240766.906002567149699, 540368.977754140738398, 0.0 ], [ 2240765.641920810099691, 540373.840246405336075, 0.0 ], [ 2240764.461586183402687, 540378.723743500886485, 0.0 ], [ 2240763.365347283426672, 540383.626803156337701, 0.0 ], [ 2240762.353527867235243, 540388.547977323411033, 0.0 ], [ 2240761.426426761783659, 540393.4858126033796, 0.0 ], [ 2240760.584317773580551, 540398.438850677572191, 0.0 ], [ 2240759.827449606731534, 540403.405628736829385, 0.0 ], [ 2240759.156045791693032, 540408.384679914452136, 0.0 ], [ 2240758.57030461775139, 540413.374533718917519, 0.0 ], [ 2240758.070399075280875, 540418.373716468224302, 0.0 ], [ 2240757.656476804986596, 540423.380751725286245, 0.0 ], [ 2240757.328660051804036, 540428.394160734023899, 0.0 ], [ 2240757.087045632302761, 540433.412462855689228, 0.0 ], [ 2240756.931704903487116, 540438.434176006703638, 0.0 ], [ 2240756.862683743238449, 540443.457817095681094, 0.0 ], [ 2240756.880002536345273, 540448.481902462430298, 0.0 ], [ 2240756.983656167052686, 540453.50494831497781, 0.0 ], [ 2240757.173614023718983, 540458.525471168686636, 0.0 ], [ 2240757.449820004403591, 540463.541988284094259, 0.0 ], [ 2240757.812192535493523, 540468.553018104401417, 0.0 ], [ 2240758.260624595917761, 540473.557080693892203, 0.0 ], [ 2240758.794983747880906, 540478.552698174258694, 0.0 ], [ 2240759.415112175047398, 540483.538395161158405, 0.0 ], [ 2240760.120826732367277, 540488.512699200538918, 0.0 ], [ 2240760.911918996367604, 540493.474141202750616, 0.0 ], [ 2240761.788155330345035, 540498.421255877008662, 0.0 ], [ 2240762.749276949092746, 540503.352582163759507, 0.0 ], [ 2240763.795, 540508.266663666232489, 0.0 ], [ 2240766.821273024659604, 540522.961364520364441, 0.0 ], [ 2240770.099479481577873, 540537.601922024623491, 0.0 ], [ 2240773.628652305807918, 540552.184017237392254, 0.0 ], [ 2240777.407750395592302, 540566.703348462935537, 0.0 ], [ 2240781.435658923815936, 540581.155632521258667, 0.0 ], [ 2240785.711189663037658, 540595.536606010864489, 0.0 ], [ 2240790.23308133892715, 540609.842026566853747, 0.0 ], [ 2240795.0, 540624.067674112389795, 0.0 ], [ 2240796.627662868238986, 540628.303124075639062, 0.0 ], [ 2240798.326530408114195, 540632.510518980678171, 0.0 ], [ 2240800.096119306981564, 540636.688661861582659, 0.0 ], [ 2240801.935926132835448, 540640.836364074610174, 0.0 ], [ 2240803.845427477266639, 540644.952445636037737, 0.0 ], [ 2240805.82408010493964, 540649.03573555778712, 0.0 ], [ 2240807.871321105863899, 540653.085072180954739, 0.0 ], [ 2240809.986568059772253, 540657.099303505732678, 0.0 ], [ 2240812.169219197239727, 540661.077287519816309, 0.0 ], [ 2240814.418653574306518, 540665.017892522737384, 0.0 ], [ 2240816.734231246635318, 540668.919997447985224, 0.0 ], [ 2240819.115293453913182, 540672.782492181868292, 0.0 ], [ 2240821.561162805184722, 540676.604277879814617, 0.0 ], [ 2240824.071143472567201, 540680.38426727836486, 0.0 ], [ 2240826.644521390087903, 540684.121385004604235, 0.0 ], [ 2240829.280564453918487, 540687.814567882451229, 0.0 ], [ 2240831.978522734250873, 540691.462765234755352, 0.0 ], [ 2240834.737628686707467, 540695.064939182368107, 0.0 ], [ 2240837.557097369804978, 540698.620064939372241, 0.0 ], [ 2240840.436126670800149, 540702.127131104818545, 0.0 ], [ 2240843.373897532001138, 540705.58513994992245, 0.0 ], [ 2240846.369574183598161, 540708.993107702583075, 0.0 ], [ 2240849.422304383013397, 540712.350064826779999, 0.0 ], [ 2240852.531219656113535, 540715.655056298593991, 0.0 ], [ 2240855.695435544941574, 540718.907141877803952, 0.0 ], [ 2240858.914051858242601, 540722.105396375525743, 0.0 ], [ 2240862.052779641933739, 540725.133738625328988, 0.0 ], [ 2240865.243061455897987, 540728.107720944099128, 0.0 ], [ 2240868.483955966308713, 540731.026465820614249, 0.0 ], [ 2240871.774506906978786, 540733.889112042495981, 0.0 ], [ 2240875.113743358757347, 540736.694814949645661, 0.0 ], [ 2240878.500680037308484, 540739.442746683955193, 0.0 ], [ 2240881.934317585080862, 540742.132096433313563, 0.0 ], [ 2240885.413642863277346, 540744.762070671189576, 0.0 ], [ 2240888.937629253137857, 540747.331893390393816, 0.0 ], [ 2240892.505236957687885, 540749.840806332067586, 0.0 ], [ 2240896.1154133095406, 540752.288069209898822, 0.0 ], [ 2240899.767093079630286, 540754.672959927935153, 0.0 ], [ 2240903.459198794793338, 540756.994774793973193, 0.0 ], [ 2240907.190641052089632, 540759.252828727243468, 0.0 ], [ 2240910.960318841971457, 540761.446455460391007, 0.0 ], [ 2240914.767119873315096, 540763.575007735867985, 0.0 ], [ 2240918.60992090171203, 540765.637857497669756, 0.0 ], [ 2240922.487588059622794, 540767.634396075736731, 0.0 ], [ 2240926.398977193050086, 540769.564034366165288, 0.0 ], [ 2240930.342934196349233, 540771.426203004666604, 0.0 ], [ 2240934.318295355886221, 540773.220352534903213, 0.0 ], [ 2240938.323887689970434, 540774.945953570306301, 0.0 ], [ 2240942.358529299031943, 540776.602496950654313, 0.0 ], [ 2240946.42102971021086, 540778.189493891550228, 0.0 ], [ 2240950.510190232191235, 540779.70647612970788, 0.0 ], [ 2240954.624804305844009, 540781.152996060322039, 0.0 ], [ 2240958.763657861854881, 540782.528626869199798, 0.0 ], [ 2240962.925529680214822, 540783.832962659187615, 0.0 ], [ 2240967.109191746916622, 540785.065618569613434, 0.0 ], [ 2240971.313409620430321, 540786.226230889558792, 0.0 ], [ 2240975.536942792125046, 540787.314457165775821, 0.0 ], [ 2240979.778545056004077, 540788.329976303386502, 0.0 ], [ 2240984.036964873317629, 540789.272488660528325, 0.0 ], [ 2240988.31094574322924, 540790.141716137062758, 0.0 ], [ 2240992.599226573947817, 540790.937402256415226, 0.0 ], [ 2240996.900542053859681, 540791.659312241245061, 0.0 ], [ 2241001.213623024988919, 540792.307233083061874, 0.0 ], [ 2241005.537196859251708, 540792.880973604391329, 0.0 ], [ 2241009.869987830519676, 540793.380364516051486, 0.0 ], [ 2241014.21071749413386, 540793.805258466396481, 0.0 ], [ 2241018.558105063159019, 540794.15553008497227, 0.0 ], [ 2241022.910867786034942, 540794.431076019769534, 0.0 ], [ 2241027.267721324693412, 540794.631814967491664, 0.0 ], [ 2241031.627380135003477, 540794.757687697536312, 0.0 ], [ 2241035.988557843491435, 540794.80865706957411, 0.0 ], [ 2241040.349967630114406, 540794.784708044491708, 0.0 ], [ 2241044.710322605911642, 540794.685847688699141, 0.0 ], [ 2241049.068336192518473, 540794.512105172267184, 0.0 ], [ 2241053.422722503077239, 540794.263531759963371, 0.0 ], [ 2241057.77219672081992, 540793.940200796700083, 0.0 ], [ 2241062.115475478582084, 540793.542207685299218, 0.0 ], [ 2241066.451277236454189, 540793.069669858668931, 0.0 ], [ 2241070.778322661761194, 540792.522726745111868, 0.0 ], [ 2241075.095335005316883, 540791.901539726997726, 0.0 ], [ 2241079.401040477212518, 540791.206292093382217, 0.0 ], [ 2241083.694168624933809, 540790.437188986106776, 0.0 ], [ 2241087.973452706821263, 540789.594457338564098, 0.0 ], [ 2241092.2376300659962, 540788.678345809574239, 0.0 ], [ 2241096.485442502889782, 540787.689124709228054, 0.0 ], [ 2241100.71563664637506, 540786.627085919841193, 0.0 ], [ 2241103.89722564117983, 540785.579351488500834, 0.0 ], [ 2241107.060299610719085, 540784.476981751737185, 0.0 ], [ 2241110.203920416068286, 540783.320303662098013, 0.0 ], [ 2241113.327155689243227, 540782.109660279355012, 0.0 ], [ 2241116.429079107940197, 540780.845410668989643, 0.0 ], [ 2241119.508770670276135, 540779.527929795789532, 0.0 ], [ 2241122.565316969063133, 540778.157608411973342, 0.0 ], [ 2241125.597811461426318, 540776.734852942172438, 0.0 ], [ 2241128.605354737490416, 540775.26008536235895, 0.0 ], [ 2241131.587054788134992, 540773.73374307458289, 0.0 ], [ 2241134.542027269024402, 540772.156278777983971, 0.0 ], [ 2241137.469395763706416, 540770.528160333400592, 0.0 ], [ 2241140.368292041122913, 540768.84987062565051, 0.0 ], [ 2241143.237856316380203, 540767.121907419641502, 0.0 ], [ 2241146.077237503603101, 540765.344783213105984, 0.0 ], [ 2241148.885593469254673, 540763.5190250845626, 0.0 ], [ 2241151.662091280333698, 540761.645174536621198, 0.0 ], [ 2241154.405907453969121, 540759.72378733579535, 0.0 ], [ 2241157.116228200495243, 540757.755433347541839, 0.0 ], [ 2241159.792249663732946, 540755.74069636722561, 0.0 ], [ 2241162.433178160805255, 540753.680173946893774, 0.0 ], [ 2241165.03823041729629, 540751.574477218324319, 0.0 ], [ 2241167.606633799150586, 540749.424230711301789, 0.0 ], [ 2241170.137626541312784, 540747.230072168982588, 0.0 ], [ 2241172.630457975901663, 540744.992652357905172, 0.0 ], [ 2241175.08438875246793, 540742.712634876137599, 0.0 ], [ 2241177.498691057320684, 540740.390695955255069, 0.0 ], [ 2241179.8726488314569, 540738.027524260804057, 0.0 ], [ 2241184.907552734017372, 540732.833855369361117, 0.0 ], [ 2241189.852685001213104, 540727.554639449925162, 0.0 ], [ 2241194.7065923451446, 540722.191427971702069, 0.0 ], [ 2241199.467848287429661, 540716.745797088486142, 0.0 ], [ 2241204.135053578298539, 540711.219347176025622, 0.0 ], [ 2241208.706836607772857, 540705.61370236100629, 0.0 ], [ 2241213.181853809393942, 540699.930510044214316, 0.0 ], [ 2241217.558790053706616, 540694.171440416481346, 0.0 ], [ 2241221.836359035689384, 540688.338185967411846, 0.0 ], [ 2241226.013303652405739, 540682.432460988289677, 0.0 ], [ 2241230.088396373670548, 540676.456001068232581, 0.0 ], [ 2241234.060439601074904, 540670.410562584293075, 0.0 ], [ 2241237.928266020491719, 540664.297922184690833, 0.0 ], [ 2241241.690738945268095, 540658.119876267621294, 0.0 ], [ 2241245.346752650570124, 540651.878240452497266, 0.0 ], [ 2241248.895232697948813, 540645.574849046766758, 0.0 ], [ 2241252.335136251989752, 540639.211554506677203, 0.0 ], [ 2241255.665452384389937, 540632.790226893150248, 0.0 ], [ 2241258.88520237384364, 540626.312753321835771, 0.0 ], [ 2241261.993439992889762, 540619.781037408742122, 0.0 ], [ 2241264.989251783583313, 540613.196998710744083, 0.0 ], [ 2241267.87175733037293, 540606.562572161667049, 0.0 ], [ 2241270.640109515283257, 540599.879707503132522, 0.0 ], [ 2241273.293494767509401, 540593.150368712027557, 0.0 ], [ 2241275.831133304163814, 540586.376533423201181, 0.0 ], [ 2241278.252279357519001, 540579.56019234820269, 0.0 ], [ 2241280.556221395265311, 540572.703348690178245, 0.0 ], [ 2241282.742282329127192, 540565.808017555507831, 0.0 ], [ 2241284.809819713700563, 540558.876225361134857, 0.0 ], [ 2241286.758225936442614, 540551.910009239451028, 0.0 ], [ 2241288.586928395088762, 540544.911416439339519, 0.0 ], [ 2241290.295389665290713, 540537.882503724656999, 0.0 ], [ 2241291.883107660803944, 540530.82533676980529, 0.0 ], [ 2241293.349615778774023, 540523.741989552392624, 0.0 ], [ 2241294.694483038503677, 540516.634543744148687, 0.0 ], [ 2241295.917314206715673, 540509.505088098929264, 0.0 ], [ 2241297.017749914899468, 540502.355717838858254, 0.0 ], [ 2241297.408656120300293, 540499.190605678828433, 0.0 ], [ 2241297.745685623958707, 540496.019304091110826, 0.0 ], [ 2241298.028740969020873, 540492.842730100383051, 0.0 ], [ 2241298.257740307133645, 540489.661802256130613, 0.0 ], [ 2241298.43261741893366, 540486.477440366754308, 0.0 ], [ 2241298.553321736399084, 540483.290565233444795, 0.0 ], [ 2241298.619818357285112, 540480.102098384639248, 0.0 ], [ 2241298.632088052108884, 540476.912961808498949, 0.0 ], [ 2241298.590127273462713, 540473.724077687016688, 0.0 ], [ 2241298.493948154617101, 540470.536368129309267, 0.0 ], [ 2241298.343578507658094, 540467.350754904793575, 0.0 ], [ 2241298.139061813242733, 540464.168159176711924, 0.0 ], [ 2241297.880457210354507, 540460.989501235657372, 0.0 ], [ 2241297.56783947814256, 540457.815700233564712, 0.0 ], [ 2241297.201299014035612, 540454.647673918167129, 0.0 ], [ 2241296.780941808596253, 540451.486338367103599, 0.0 ], [ 2241296.306889413390309, 540448.332607723306865, 0.0 ], [ 2241295.779278907459229, 540445.187393930740654, 0.0 ], [ 2241295.198262856341898, 540442.051606470602565, 0.0 ], [ 2241294.56400926830247, 540438.92615209822543, 0.0 ], [ 2241293.87670154729858, 540435.811934581259266, 0.0 ], [ 2241293.136538436636329, 540432.709854437736794, 0.0 ], [ 2241292.343733965419233, 540429.620808676234446, 0.0 ], [ 2241291.498517382889986, 540426.545690536033362, 0.0 ], [ 2241290.601133095566183, 540423.485389229259454, 0.0 ], [ 2241289.6518405941315, 540420.440789683605544, 0.0 ], [ 2241288.650914379395545, 540417.41277228621766, 0.0 ], [ 2241287.598643882200122, 540414.402212629211135, 0.0 ], [ 2241286.495333381462842, 540411.409981256816536, 0.0 ], [ 2241285.341301914304495, 540408.436943413224071, 0.0 ] ] } },
{ "type": "Feature", "properties": { "fid": 4834, "handle": 3713764, "block": -1, "etype": 18, "space": 0, "layer": "0_Roads_Hatch", "olinetype": "bylayer", "linetype": "", "color": "0,0,0,255", "ocolor": 256, "color24": -1, "transparency": 0, "lweight": -1, "linewidth": 0.0, "ltscale": 1.0, "visible": 1, "width": 6.0, "thickness": 0.0, "ext": "(3:0,0,0.1)" }, "geometry": { "type": "LineString", "coordinates": [ [ 2241021.957604091614485, 540173.550526791135781, 0.0 ], [ 2241027.612401779741049, 540175.135853537358344, 0.0 ], [ 2241033.23939221445471, 540176.817215018556453, 0.0 ], [ 2241038.83694457821548, 540178.594123941496946, 0.0 ], [ 2241044.403436584863812, 540180.466065321234055, 0.0 ], [ 2241049.937254949007183, 540182.432496630586684, 0.0 ], [ 2241055.436795857269317, 540184.49284795706626, 0.0 ], [ 2241060.900465427897871, 540186.646522168302909, 0.0 ], [ 2241066.326680176891387, 540188.892895085038617, 0.0 ], [ 2241071.713867475744337, 540191.23131566203665, 0.0 ], [ 2241077.060466005466878, 540193.661106176790781, 0.0 ], [ 2241082.364926212001592, 540196.1815624255687, 0.0 ], [ 2241087.625710753258318, 540198.791953928419389, 0.0 ], [ 2241092.841294944752008, 540201.491524139768444, 0.0 ], [ 2241098.010167202912271, 540204.279490668559447, 0.0 ], [ 2241103.130829481408, 540207.15504550433252, 0.0 ], [ 2241108.201797707006335, 540210.117355252034031, 0.0 ], [ 2241113.22160220798105, 540213.165561373112723, 0.0 ], [ 2241119.77309727249667, 540217.33262467419263, 0.0 ], [ 2241126.252464918419719, 540221.610977049451321, 0.0 ], [ 2241132.657814893871546, 540225.999370357836597, 0.0 ], [ 2241138.987278540618718, 540230.496524356072769, 0.0 ], [ 2241145.239009338896722, 540235.101127071189694, 0.0 ], [ 2241151.411183446180075, 540239.811835184344091, 0.0 ], [ 2241157.502000229433179, 540244.627274421742186, 0.0 ], [ 2241163.509682790841907, 540249.546039956039749, 0.0 ], [ 2241169.43247848469764, 540254.566696816124022, 0.0 ], [ 2241175.268659430555999, 540259.687780305859633, 0.0 ], [ 2241181.016523015219718, 540264.907796430867165, 0.0 ], [ 2241186.674392392393202, 540270.225222335197031, 0.0 ], [ 2241192.240616969298571, 540275.638506744988263, 0.0 ], [ 2241197.713572888169438, 540281.146070420974866, 0.0 ], [ 2241203.091663502622396, 540286.746306619723327, 0.0 ], [ 2241208.373319840058684, 540292.437581562087871, 0.0 ], [ 2241213.55700106266886, 540298.218234909581952, 0.0 ], [ 2241218.64119491353631, 540304.086580249015242, 0.0 ], [ 2241223.624418160878122, 540310.040905584814027, 0.0 ], [ 2241228.505217029247433, 540316.079473837744445, 0.0 ], [ 2241233.282167623285204, 540322.200523352250457, 0.0 ], [ 2241237.953876344487071, 540328.402268409961835, 0.0 ], [ 2241242.518980296794325, 540334.6828997512348, 0.0 ], [ 2241246.976147683337331, 540341.040585102280602, 0.0 ], [ 2241251.324078198056668, 540347.473469710210338, 0.0 ], [ 2241255.56150340102613, 540353.979676884016953, 0.0 ], [ 2241259.687187091447413, 540360.557308541727252, 0.0 ], [ 2241263.699925667140633, 540367.204445764655247, 0.0 ], [ 2241267.598548475652933, 540373.91914935701061, 0.0 ], [ 2241271.381918156985193, 540380.699460411444306, 0.0 ], [ 2241275.04893097281456, 540387.543400880647823, 0.0 ], [ 2241278.598517131060362, 540394.448974154773168, 0.0 ], [ 2241282.029641096480191, 540401.414165643160231, 0.0 ], [ 2241285.34130189428106, 540408.436943362699822, 0.0 ] ] } },
{ "type": "Feature", "properties": { "fid": 4855, "handle": 3713897, "block": -1, "etype": 18, "space": 0, "layer": "0_Roads_Hatch", "olinetype": "bylayer", "linetype": "", "color": "0,0,0,255", "ocolor": 256, "color24": -1, "transparency": 0, "lweight": -1, "linewidth": 0.0, "ltscale": 1.0, "visible": 1, "width": 15.0, "thickness": 0.0, "ext": "(3:0,0,0.1)" }, "geometry": { "type": "LineString", "coordinates": [ [ 2241236.284614382777363, 540065.685105262324214, 0.0 ], [ 2241245.050501366145909, 540077.857172687305138, 0.0 ] ] } },
{ "type": "Feature", "properties": { "fid": 4857, "handle": 3713899, "block": -1, "etype": 18, "space": 0, "layer": "0_Roads_Hatch", "olinetype": "bylayer", "linetype": "", "color": "0,0,0,255", "ocolor": 256, "color24": -1, "transparency": 0, "lweight": -1, "linewidth": 0.0, "ltscale": 1.0, "visible": 1, "width": 15.0, "thickness": 0.0, "ext": "(3:0,0,0.1)" }, "geometry": { "type": "LineString", "coordinates": [ [ 2241181.387783253099769, 540102.854212489211932, 0.0 ], [ 2241171.250570157542825, 540113.91029274626635, 0.0 ] ] } },
{ "type": "Feature", "properties": { "fid": 4858, "handle": 3713902, "block": -1, "etype": 18, "space": 0, "layer": "0_Roads_Hatch", "olinetype": "bylayer", "linetype": "", "color": "0,0,0,255", "ocolor": 256, "color24": -1, "transparency": 0, "lweight": -1, "linewidth": 0.0, "ltscale": 1.0, "visible": 1, "width": 15.0, "thickness": 0.0, "ext": "(3:0,0,0.1)" }, "geometry": { "type": "LineString", "coordinates": [ [ 2241422.113480196800083, 540638.274902648059651, 0.0 ], [ 2241421.741819542367011, 540653.270297552924603, 0.0 ] ] } },
{ "type": "Feature", "properties": { "fid": 4869, "handle": 3713961, "block": -1, "etype": 18, "space": 0, "layer": "0_Roads_Hatch", "olinetype": "bylayer", "linetype": "", "color": "0,0,0,255", "ocolor": 256, "color24": -1, "transparency": 0, "lweight": -1, "linewidth": 0.0, "ltscale": 1.0, "visible": 1, "width": 6.0, "thickness": 0.0, "ext": "(3:0,0,0.1)" }, "geometry": { "type": "LineString", "coordinates": [ [ 2241100.71563664637506, 540786.627085919841193, 0.0 ], [ 2241102.004606621805578, 540787.988796023535542, 0.0 ], [ 2241103.316904348321259, 540789.328039347892627, 0.0 ], [ 2241104.65213828952983, 540790.644416317460127, 0.0 ], [ 2241106.009910067077726, 540791.937534179422073, 0.0 ], [ 2241107.389814577065408, 540793.207007120246999, 0.0 ], [ 2241108.791440112516284, 540794.452456381404772, 0.0 ], [ 2241110.214368486311287, 540795.67351037194021, 0.0 ], [ 2241111.658175154589117, 540796.869804779300466, 0.0 ], [ 2241113.122429344803095, 540798.04098267829977, 0.0 ], [ 2241114.606694183312356, 540799.186694637406617, 0.0 ], [ 2241116.110526826698333, 540800.30659882328473, 0.0 ], [ 2241117.633478592149913, 540801.400361102423631, 0.0 ], [ 2241119.175095094367862, 540802.467655140906572, 0.0 ], [ 2241120.734916377812624, 540803.508162501966581, 0.0 ], [ 2241122.31247705547139, 540804.521572740981355, 0.0 ], [ 2241123.907306448090822, 540805.507583497674204, 0.0 ], [ 2241125.518928724341094, 540806.465900587150827, 0.0 ], [ 2241127.146863041445613, 540807.396238086628728, 0.0 ], [ 2241128.79062369139865, 540808.298318421584554, 0.0 ], [ 2241130.449720242526382, 540809.171872448408976, 0.0 ], [ 2241132.123657688964158, 540810.016639534151182, 0.0 ], [ 2241133.811936596874148, 540810.832367635215633, 0.0 ], [ 2241135.514053252059966, 540811.618813371518627, 0.0 ], [ 2241137.229499813169241, 540812.37574210006278, 0.0 ], [ 2241138.957764461170882, 540813.102927984204143, 0.0 ], [ 2241140.698331553023309, 540813.80015406163875, 0.0 ], [ 2241142.450681774877012, 540814.467212308663875, 0.0 ], [ 2241144.214292296674103, 540815.103903702460229, 0.0 ], [ 2241145.988636930007488, 540815.710038280347362, 0.0 ], [ 2241147.773186283186078, 540816.285435196594335, 0.0 ], [ 2241149.567407919559628, 540816.829922776436433, 0.0 ], [ 2241151.370766516774893, 540817.343338567065075, 0.0 ], [ 2241153.182724026497453, 540817.825529386289418, 0.0 ], [ 2241155.002739835530519, 540818.276351368171163, 0.0 ], [ 2241156.830270925536752, 540818.69567000574898, 0.0 ], [ 2241158.664772036019713, 540819.083360191783868, 0.0 ], [ 2241160.505695826839656, 540819.439306255197152, 0.0 ], [ 2241162.352493042126298, 540819.763401996344328, 0.0 ], [ 2241164.204612673725933, 540820.055550718330778, 0.0 ], [ 2241166.06150212418288, 540820.315665256115608, 0.0 ], [ 2241167.922607374377549, 540820.543668002006598, 0.0 ], [ 2241169.787373146507889, 540820.739490929292515, 0.0 ], [ 2241171.655243071261793, 540820.903075612615794, 0.0 ], [ 2241173.525659852661192, 540821.034373244969174, 0.0 ], [ 2241175.398065435234457, 540821.13334465236403, 0.0 ], [ 2241177.271901169326156, 540821.199960305937566, 0.0 ], [ 2241179.146607979666442, 540821.234200330334716, 0.0 ], [ 2241181.021626530680805, 540821.236054509645328, 0.0 ], [ 2241182.896397393662483, 540821.205522290780209, 0.0 ], [ 2241184.770361213479191, 540821.142612783121876, 0.0 ], [ 2241186.642958876211196, 540821.047344756312668, 0.0 ], [ 2241188.513631675858051, 540820.919746634666808, 0.0 ], [ 2241190.381821480579674, 540820.759856487973593, 0.0 ], [ 2241192.246970898471773, 540820.567722021020018, 0.0 ], [ 2241194.108523445669562, 540820.343400558689609, 0.0 ], [ 2241195.965923711191863, 540820.08695902954787, 0.0 ], [ 2241197.818617522716522, 540819.79847394512035, 0.0 ], [ 2241199.666052113287151, 540819.478031377540901, 0.0 ], [ 2241201.507676282897592, 540819.125726933707483, 0.0 ], [ 2241203.342940567526966, 540818.741665726876818, 0.0 ], [ 2241205.171297398861498, 540818.325962344999425, 0.0 ], [ 2241206.992201270535588, 540817.878740817192011, 0.0 ], [ 2241208.805108898784965, 540817.400134575786069, 0.0 ], [ 2241210.609479387290776, 540816.890286417445168, 0.0 ], [ 2241212.404774385504425, 540816.349348459858447, 0.0 ], [ 2241214.190458251163363, 540815.777482096687891, 0.0 ], [ 2241215.965998208615929, 540815.174857949488796, 0.0 ], [ 2241217.730864510405809, 540814.541655816487037, 0.0 ], [ 2241219.484530592802912, 540813.878064619377255, 0.0 ], [ 2241221.226473232731223, 540813.184282346628606, 0.0 ], [ 2241222.956172707024962, 540812.460515994112939, 0.0 ], [ 2241224.673112944234163, 540811.706981504335999, 0.0 ], [ 2241226.376781679224223, 540810.923903701012023, 0.0 ], [ 2241228.066670606844127, 540810.111516222474165, 0.0 ], [ 2241229.742275534663349, 540809.270061451708898, 0.0 ], [ 2241231.403096529655159, 540808.399790444411337, 0.0 ], [ 2241233.048638071864843, 540807.500962853780948, 0.0 ], [ 2241234.678409198764712, 540806.573846853221767, 0.0 ], [ 2241236.291923653334379, 540805.618719055899419, 0.0 ], [ 2241237.888700028881431, 540804.635864432901144, 0.0 ], [ 2241239.468261913396418, 540803.625576227786951, 0.0 ], [ 2241241.03013803018257, 540802.588155869045295, 0.0 ], [ 2241242.573862378951162, 540801.523912880569696, 0.0 ], [ 2241244.098974376451224, 540800.433164788526483, 0.0 ], [ 2241245.605018991045654, 540799.31623702775687, 0.0 ], [ 2241247.091546881012619, 540798.173462843522429, 0.0 ], [ 2241248.558114527724683, 540797.005183192784898, 0.0 ], [ 2241250.004284366965294, 540795.811746642342769, 0.0 ], [ 2241251.429624921642244, 540794.593509264639579, 0.0 ], [ 2241252.833710927981883, 540793.350834531942382, 0.0 ], [ 2241254.216123464051634, 540792.084093207260594, 0.0 ], [ 2241255.576450075488538, 540790.793663234449923, 0.0 ], [ 2241256.914284896105528, 540789.479929624707438, 0.0 ], [ 2241263.586128655355424, 540781.174488921533339, 0.0 ], [ 2241270.115089628845453, 540772.756263869232498, 0.0 ], [ 2241276.49926161300391, 540764.227712262887508, 0.0 ], [ 2241282.736780677456409, 540755.591324108769186, 0.0 ], [ 2241288.825825707986951, 540746.849620897206478, 0.0 ], [ 2241294.764618940185755, 540738.005154866492376, 0.0 ], [ 2241300.55142647633329, 540729.060508257476613, 0.0 ], [ 2241306.184558793902397, 540720.018292560009286, 0.0 ], [ 2241311.662371236365288, 540710.881147750420496, 0.0 ], [ 2241316.983264494687319, 540701.651741520501673, 0.0 ], [ 2241322.145685074850917, 540692.332768498919904, 0.0 ], [ 2241327.148125750012696, 540682.926949464133941, 0.0 ], [ 2241331.989126001950353, 540673.437030550441705, 0.0 ], [ 2241336.667272445745766, 540663.865782446227968, 0.0 ], [ 2241341.181199244689196, 540654.215999584528618, 0.0 ], [ 2241345.529588507022709, 540644.490499327541329, 0.0 ], [ 2241349.711170671507716, 540634.69212114426773, 0.0 ], [ 2241353.724724879022688, 540624.823725780821405, 0.0 ], [ 2241357.569079326931387, 540614.888194426079281, 0.0 ], [ 2241361.243111613206565, 540604.888427869533189, 0.0 ], [ 2241364.745749062392861, 540594.827345655183308, 0.0 ], [ 2241368.075969040859491, 540584.707885228912346, 0.0 ], [ 2241371.232799252960831, 540574.533001080388203, 0.0 ], [ 2241374.215318027418107, 540564.305663881241344, 0.0 ], [ 2241377.022654583677649, 540554.028859617072158, 0.0 ] ] } },
{ "type": "Feature", "properties": { "fid": 4870, "handle": 3713963, "block": -1, "etype": 18, "space": 0, "layer": "0_Roads_Hatch", "olinetype": "bylayer", "linetype": "", "color": "0,0,0,255", "ocolor": 256, "color24": -1, "transparency": 0, "lweight": -1, "linewidth": 0.0, "ltscale": 1.0, "visible": 1, "width": 6.0, "thickness": 0.0, "ext": "(3:0,0,0.1)" }, "geometry": { "type": "LineString", "coordinates": [ [ 2241021.957604091614485, 540173.550526791135781, 0.0 ], [ 2241023.010572074912488, 540171.992272036266513, 0.0 ], [ 2241024.090529485605657, 540170.4525995234726, 0.0 ], [ 2241025.197148470208049, 540168.931976664811373, 0.0 ], [ 2241026.33009308250621, 540167.43086508999113, 0.0 ], [ 2241027.489019384607673, 540165.949720505042933, 0.0 ], [ 2241028.673575550317764, 540164.488992554601282, 0.0 ], [ 2241029.883401973173022, 540163.049124685116112, 0.0 ], [ 2241031.118131375405937, 540161.630554010509513, 0.0 ], [ 2241032.377388918306679, 540160.233711179113016, 0.0 ], [ 2241033.660792317707092, 540158.859020243515261, 0.0 ], [ 2241034.96795195993036, 540157.506898530875333, 0.0 ], [ 2241036.298471017740667, 540156.177756517310627, 0.0 ], [ 2241037.651945573277771, 540154.871997702633962, 0.0 ], [ 2241039.027964740525931, 540153.590018488001078, 0.0 ], [ 2241040.426110788248479, 540152.332208055420779, 0.0 ], [ 2241041.845959268510342, 540151.098948249942623, 0.0 ], [ 2241043.287079145200551, 540149.890613463474438, 0.0 ], [ 2241044.749032924417406, 540148.707570521393791, 0.0 ], [ 2241046.231376787181944, 540147.55017857067287, 0.0 ], [ 2241047.733660724945366, 540146.418788971495815, 0.0 ], [ 2241049.255428675562143, 540145.313745190040208, 0.0 ], [ 2241050.796218662522733, 540144.235382694634609, 0.0 ], [ 2241052.355562933720648, 540143.184028853545897, 0.0 ], [ 2241053.932988104876131, 540142.160002835909836, 0.0 ], [ 2241055.528015302494168, 540141.163615514640696, 0.0 ], [ 2241057.140160309616476, 540140.195169372134842, 0.0 ], [ 2241058.768933712970465, 540139.254958408419043, 0.0 ], [ 2241060.413841050118208, 540138.343268052092753, 0.0 ], [ 2241062.074382962659001, 540137.460375073016621, 0.0 ], [ 2241063.750055343843997, 540136.606547499308363, 0.0 ], [ 2241065.44034949503839, 540135.782044535153545, 0.0 ], [ 2241067.144752277992666, 540134.987116482458077, 0.0 ], [ 2241068.862746271304786, 540134.222004664712586, 0.0 ], [ 2241070.59380992827937, 540133.48694135400001, 0.0 ], [ 2241072.337417733855546, 540132.782149700215086, 0.0 ], [ 2241074.093040365260094, 540132.107843663310632, 0.0 ], [ 2241075.860144851729274, 540131.464227948454209, 0.0 ], [ 2241077.638194737955928, 540130.851497944211587, 0.0 ], [ 2241079.426650244276971, 540130.269839662360027, 0.0 ], [ 2241081.224968433380127, 540129.719429682358168, 0.0 ], [ 2241083.032603372819722, 540129.200435097212903, 0.0 ], [ 2241084.849006303586066, 540128.713013462722301, 0.0 ], [ 2241086.673625802155584, 540128.25731275009457, 0.0 ], [ 2241088.505907953251153, 540127.833471300429665, 0.0 ], [ 2241090.345296513754874, 540127.441617783159018, 0.0 ], [ 2241092.191233083605766, 540127.081871156813577, 0.0 ], [ 2241094.043157274834812, 540126.754340633167885, 0.0 ], [ 2241095.900506882462651, 540126.459125643363222, 0.0 ], [ 2241097.762718053534627, 540126.196315808687359, 0.0 ], [ 2241099.629225459881127, 540125.965990912634879, 0.0 ], [ 2241101.499462468549609, 540125.768220877158456, 0.0 ], [ 2241103.372861314564943, 540125.603065741015598, 0.0 ], [ 2241105.248853272758424, 540125.470575641840696, 0.0 ], [ 2241107.126868832390755, 540125.370790801011026, 0.0 ], [ 2241109.006337865721434, 540125.303741510957479, 0.0 ], [ 2241110.886689805891365, 540125.269448126433417, 0.0 ], [ 2241112.767353816889226, 540125.267921058344655, 0.0 ], [ 2241114.64775896910578, 540125.299160770140588, 0.0 ], [ 2241116.527334409765899, 540125.363157778279856, 0.0 ], [ 2241118.405509539879858, 540125.459892654325813, 0.0 ], [ 2241120.281714184209704, 540125.589336031931452, 0.0 ], [ 2241122.155378765892237, 540125.751448614406399, 0.0 ], [ 2241124.025934480130672, 540125.946181188104674, 0.0 ], [ 2241125.892813465092331, 540126.173474636045285, 0.0 ], [ 2241127.75544897466898, 540126.433259956771508, 0.0 ], [ 2241129.613275552168489, 540126.725458284839988, 0.0 ], [ 2241131.465729200281203, 540127.049980914918706, 0.0 ], [ 2241133.312247551977634, 540127.406729328911752, 0.0 ], [ 2241135.152270043734461, 540127.795595225179568, 0.0 ], [ 2241136.985238082706928, 540128.21646055218298, 0.0 ], [ 2241138.810595218092203, 540128.669197544222698, 0.0 ], [ 2241140.627787309233099, 540129.153668759507127, 0.0 ], [ 2241142.436262695118785, 540129.669727122876793, 0.0 ], [ 2241144.235472359694541, 540130.217215969692916, 0.0 ], [ 2241146.024870100896806, 540130.795969093800522, 0.0 ], [ 2241147.803912695031613, 540131.405810797703452, 0.0 ], [ 2241149.572060061618686, 540132.04655594646465, 0.0 ], [ 2241151.32877542776987, 540132.718010023003444, 0.0 ], [ 2241153.073525491636246, 540133.419969187816605, 0.0 ], [ 2241154.805780583526939, 540134.152220341027714, 0.0 ], [ 2241156.525014827493578, 540134.91454118618276, 0.0 ], [ 2241158.230706298723817, 540135.706700298702344, 0.0 ], [ 2241159.922337185591459, 540136.528457195614465, 0.0 ], [ 2241161.599393944256008, 540137.379562408663332, 0.0 ], [ 2241163.261367454659194, 540138.259757559979334, 0.0 ], [ 2241164.907753177452832, 540139.168775440892205, 0.0 ], [ 2241166.538051303476095, 540140.106340092141181, 0.0 ], [ 2241175.127228288911283, 540146.469394006649964, 0.0 ], [ 2241183.606054731179029, 540152.978765601757914, 0.0 ], [ 2241191.972038378473371, 540159.632541523431428, 0.0 ], [ 2241200.222720147110522, 540166.428765971795656, 0.0 ], [ 2241208.355674845632166, 540173.365441275876947, 0.0 ], [ 2241216.368511886801571, 540180.440528480685316, 0.0 ], [ 2241224.258875990286469, 540187.651947946869768, 0.0 ], [ 2241232.024447875563055, 540194.997579961782321, 0.0 ], [ 2241239.662944943178445, 540202.475265362416394, 0.0 ], [ 2241247.172121945768595, 540210.08280617010314, 0.0 ], [ 2241254.549771648831666, 540217.817966237198561, 0.0 ], [ 2241261.793725477997214, 540225.678471903200261, 0.0 ], [ 2241268.901854156982154, 540233.662012664251961, 0.0 ], [ 2241275.872068334836513, 540241.766241851611994, 0.0 ], [ 2241282.702319197822362, 540249.988777321414091, 0.0 ], [ 2241289.390599073376507, 540258.327202155138366, 0.0 ], [ 2241295.934942019637674, 540266.779065370094031, 0.0 ], [ 2241302.333424403332174, 540275.341882639448158, 0.0 ], [ 2241308.584165465086699, 540284.013137022848241, 0.0 ], [ 2241314.685327872168273, 540292.790279706241563, 0.0 ], [ 2241320.635118259117007, 540301.670730750658549, 0.0 ], [ 2241326.431787754409015, 540310.651879851124249, 0.0 ], [ 2241332.073632495012134, 540319.731087103369646, 0.0 ], [ 2241337.558994125574827, 540328.905683780205436, 0.0 ] ] } },
{ "type": "Feature", "properties": { "fid": 4871, "handle": 3714008, "block": -1, "etype": 18, "space": 0, "layer": "0_Roads_Hatch", "olinetype": "bylayer", "linetype": "", "color": "0,0,0,255", "ocolor": 256, "color24": -1, "transparency": 0, "lweight": -1, "linewidth": 0.0, "ltscale": 1.0, "visible": 1, "width": 6.0, "thickness": 0.0, "ext": "(3:0,0,0.1)" }, "geometry": { "type": "LineString", "coordinates": [ [ 2240949.84120828518644, 539925.048621254740283, 0.0 ], [ 2240949.93511644564569, 539924.912602277123369, 0.0 ], [ 2240949.988287094049156, 539924.801856340491213, 0.0 ], [ 2240950.043377935886383, 539924.692052972968668, 0.0 ], [ 2240950.100372267421335, 539924.583225465146825, 0.0 ], [ 2240950.159252809826285, 539924.475406811572611, 0.0 ], [ 2240950.220001711510122, 539924.368629701202735, 0.0 ], [ 2240950.28260055417195, 539924.262926507042721, 0.0 ], [ 2240950.34703035838902, 539924.158329276600853, 0.0 ], [ 2240950.413271591067314, 539924.054869721876457, 0.0 ], [ 2240950.481304168235511, 539923.952579210279509, 0.0 ], [ 2240950.551107463892549, 539923.851488754502498, 0.0 ], [ 2240950.622660314664245, 539923.75162900344003, 0.0 ], [ 2240950.695941026788205, 539923.653030232992023, 0.0 ], [ 2240950.770927383564413, 539923.555722336634062, 0.0 ], [ 2240950.847596649080515, 539923.459734816569835, 0.0 ], [ 2240950.925925579387695, 539923.365096774534322, 0.0 ], [ 2240951.005890426691622, 539923.27183690329548, 0.0 ], [ 2240951.087466945871711, 539923.179983477690257, 0.0 ], [ 2240951.170630405656993, 539923.089564346126281, 0.0 ], [ 2240951.255355590954423, 539923.000606922083534, 0.0 ], [ 2240951.34161681542173, 539922.913138176198117, 0.0 ], [ 2240951.429387925192714, 539922.827184627414681, 0.0 ], [ 2240951.518642310518771, 539922.742772335303016, 0.0 ], [ 2240951.609352910425514, 539922.659926892607473, 0.0 ], [ 2240951.701492223422974, 539922.578673416282982, 0.0 ], [ 2240951.795032313559204, 539922.499036541441455, 0.0 ], [ 2240951.889944821596146, 539922.421040412271395, 0.0 ], [ 2240951.986200971528888, 539922.344708676217124, 0.0 ], [ 2240952.083771579898894, 539922.270064475713298, 0.0 ], [ 2240952.182627065572888, 539922.197130441549234, 0.0 ], [ 2240952.282737456262112, 539922.125928686116822, 0.0 ], [ 2240952.384072401095182, 539922.056480796774849, 0.0 ], [ 2240952.486601176206023, 539921.988807828747667, 0.0 ], [ 2240952.590292696841061, 539921.922930299537256, 0.0 ], [ 2240952.69511552574113, 539921.858868182054721, 0.0 ], [ 2240952.801037881989032, 539921.796640898915939, 0.0 ], [ 2240952.908027651719749, 539921.736267316271551, 0.0 ], [ 2240953.01605239789933, 539921.677765738568269, 0.0 ], [ 2240953.125079368706793, 539921.621153902262449, 0.0 ], [ 2240953.235075508709997, 539921.566448971396312, 0.0 ], [ 2240953.346007469575852, 539921.513667531544343, 0.0 ], [ 2240953.457841618452221, 539921.462825585040264, 0.0 ], [ 2240953.57054404867813, 539921.413938546320423, 0.0 ], [ 2240953.684080590959638, 539921.367021237267181, 0.0 ], [ 2240953.798416822683066, 539921.322087882319465, 0.0 ], [ 2240953.913518079556525, 539921.279152104514651, 0.0 ], [ 2240954.029349464457482, 539921.238226921414025, 0.0 ], [ 2240954.145875859074295, 539921.199324740679003, 0.0 ], [ 2240954.263061935082078, 539921.162457356927916, 0.0 ], [ 2240954.380872162990272, 539921.127635947661474, 0.0 ], [ 2240954.499270824715495, 539921.094871070119552, 0.0 ], [ 2240954.618222024291754, 539921.064172658254392, 0.0 ], [ 2240954.737689697183669, 539921.035550019121729, 0.0 ], [ 2240954.857637622859329, 539921.009011830668896, 0.0 ], [ 2240954.978029435034841, 539920.984566138940863, 0.0 ], [ 2240955.098828633315861, 539920.962220355402678, 0.0 ], [ 2240955.219998592976481, 539920.941981254843995, 0.0 ], [ 2240955.341502577532083, 539920.923854973632842, 0.0 ], [ 2240955.46330374898389, 539920.907847007154487, 0.0 ], [ 2240955.585365178994834, 539920.893962208763696, 0.0 ], [ 2240955.707649860996753, 539920.882204788154922, 0.0 ], [ 2240955.830120719503611, 539920.872578310081735, 0.0 ], [ 2240955.952740624547005, 539920.865085693076253, 0.0 ], [ 2240956.075472398661077, 539920.859729208634235, 0.0 ], [ 2240956.198278832249343, 539920.856510480865836, 0.0 ], [ 2240956.321122691966593, 539920.855430485680699, 0.0 ], [ 2240956.443966734223068, 539920.856489550555125, 0.0 ], [ 2240956.566773714497685, 539920.859687354182824, 0.0 ], [ 2240956.689506399910897, 539920.865022927173413, 0.0 ], [ 2240956.812127579469234, 539920.872494651935995, 0.0 ], [ 2240956.934600076638162, 539920.882100263028406, 0.0 ], [ 2240957.056886759586632, 539920.893836848321371, 0.0 ], [ 2240957.178950553759933, 539920.907700849347748, 0.0 ], [ 2240957.300754450727254, 539920.923688062932342, 0.0 ], [ 2240957.42226152215153, 539920.941793641773984, 0.0 ], [ 2240957.543434928171337, 539920.962012096890248, 0.0 ], [ 2240957.664237932302058, 539920.984337298083119, 0.0 ], [ 2240957.78463390795514, 539921.00876247684937, 0.0 ], [ 2240957.904586353339255, 539921.035280227893963, 0.0 ], [ 2240958.024058901239187, 539921.06388251145836, 0.0 ], [ 2240958.14301532972604, 539921.094560655765235, 0.0 ], [ 2240958.261419572401792, 539921.127305359696038, 0.0 ], [ 2240958.379235731437802, 539921.162106695701368, 0.0 ], [ 2240958.496428086888045, 539921.198954112594947, 0.0 ], [ 2240958.612961108330637, 539921.237836438696831, 0.0 ], [ 2240958.728799464181066, 539921.278741885675117, 0.0 ], [ 2240958.843908035196364, 539921.321658051689155, 0.0 ], [ 2240958.958251920994371, 539921.36657192511484, 0.0 ], [ 2240959.071796455886215, 539921.413469888851978, 0.0 ], [ 2240959.184507213998586, 539921.462337724398822, 0.0 ], [ 2240959.296350023243576, 539921.513160615577362, 0.0 ], [ 2240959.407290975563228, 539921.565923154004849, 0.0 ], [ 2240959.517296434845775, 539921.620609342702664, 0.0 ], [ 2240959.62633304996416, 539921.677202601800673, 0.0 ], [ 2240959.73436776176095, 539921.735685773193836, 0.0 ], [ 2240959.84136781655252, 539921.796041125780903, 0.0 ], [ 2240959.947300773579627, 539921.858250360819511, 0.0 ], [ 2240960.052134516183287, 539921.922294617514126, 0.0 ], [ 2240960.155837259721011, 539921.988154478603974, 0.0 ], [ 2240960.258377563674003, 539922.05580997641664, 0.0 ], [ 2240960.3597243395634, 539922.125240599154495, 0.0 ], [ 2240960.459846860263497, 539922.19642529648263, 0.0 ], [ 2240960.55871477117762, 539922.269342486397363, 0.0 ], [ 2240960.656298096291721, 539922.343970061629079, 0.0 ], [ 2240960.752567250281572, 539922.420285396277905, 0.0 ], [ 2240960.847493045963347, 539922.498265352798626, 0.0 ], [ 2240960.941046703606844, 539922.577886289102025, 0.0 ], [ 2240961.033199859317392, 539922.659124065190554, 0.0 ], [ 2240961.123924573417753, 539922.741954051307403, 0.0 ], [ 2240961.213193339295685, 539922.826351134805009, 0.0 ], [ 2240961.300979093182832, 539922.91228972771205, 0.0 ], [ 2240961.387255219742656, 539922.999743774998933, 0.0 ], [ 2240961.471995560452342, 539923.088686762028374, 0.0 ], [ 2240961.555174424313009, 539923.179091722820885, 0.0 ], [ 2240961.636766592971981, 539923.270931247854605, 0.0 ], [ 2240961.71674732863903, 539923.364177493262105, 0.0 ], [ 2240961.795092382468283, 539923.458802188048139, 0.0 ], [ 2240961.871778001543134, 539923.554776643635705, 0.0 ], [ 2240961.946780936792493, 539923.652071762247942, 0.0 ], [ 2240962.020078447181731, 539923.750658045522869, 0.0 ], [ 2240962.09164831135422, 539923.850505603710189, 0.0 ], [ 2240962.161468829959631, 539923.951584164868109, 0.0 ], [ 2240962.229518834967166, 539924.053863083478063, 0.0 ], [ 2240962.295777693856508, 539924.157311350340024, 0.0 ], [ 2240962.360225318931043, 539924.26189760165289, 0.0 ], [ 2240962.422842170577496, 539924.367590128560551, 0.0 ], [ 2240962.483609263785183, 539924.474356886814348, 0.0 ], [ 2240962.542508176062256, 539924.582165506551974, 0.0 ], [ 2240962.599521049298346, 539924.690983302076347, 0.0 ], [ 2240962.65463059861213, 539924.800777281518094, 0.0 ], [ 2240962.707820115610957, 539924.911514157196507, 0.0 ], [ 2240962.759073473513126, 539925.023160355514847, 0.0 ], [ 2240962.808375134132802, 539925.135682027204894, 0.0 ], [ 2240962.855710149742663, 539925.249045057455078, 0.0 ], [ 2240962.901064168661833, 539925.363215076737106, 0.0 ], [ 2240962.944423440843821, 539925.478157470352016, 0.0 ], [ 2240962.985774820204824, 539925.593837389722466, 0.0 ], [ 2240963.025105769746006, 539925.710219762753695, 0.0 ], [ 2240963.06240436527878, 539925.827269304078072, 0.0 ], [ 2240963.097659297753125, 539925.944950526230969, 0.0 ], [ 2240963.130859879311174, 539926.063227750360966, 0.0 ], [ 2240963.161996043287218, 539926.18206511659082, 0.0 ], [ 2240963.191058350261301, 539926.301426595426165, 0.0 ], [ 2240963.218037988990545, 539926.421275998582132, 0.0 ], [ 2240963.242926779668778, 539926.541576989577152, 0.0 ], [ 2240963.265717175789177, 539926.662293095258065, 0.0 ], [ 2240963.286402268800884, 539926.783387716393918, 0.0 ], [ 2240963.304975786246359, 539926.904824139201082, 0.0 ], [ 2240963.321432097814977, 539927.026565546053462, 0.0 ], [ 2240963.335766213946044, 539927.14857502700761, 0.0 ], [ 2240963.347973788622767, 539927.2708155909786, 0.0 ], [ 2240963.358051120303571, 539927.393250176450238, 0.0 ], [ 2240963.365995154716074, 539927.515841663233005, 0.0 ], [ 2240963.371803482528776, 539927.638552883872762, 0.0 ], [ 2240963.375474343076348, 539927.761346634244546, 0.0 ], [ 2240963.377006623428315, 539927.884185685194097, 0.0 ], [ 2240963.376399859320372, 539928.00703279406298, 0.0 ], [ 2240963.373654233757406, 539928.129850715748034, 0.0 ], [ 2240963.368770580273122, 539928.252602213760838, 0.0 ], [ 2240963.361750378739089, 539928.375250071869232, 0.0 ], [ 2240963.352595757693052, 539928.49775710538961, 0.0 ], [ 2240963.341309493407607, 539928.620086172129959, 0.0 ], [ 2240963.32789500663057, 539928.742200183914974, 0.0 ], [ 2240963.312356364913285, 539928.864062117878348, 0.0 ], [ 2240963.294698279350996, 539928.985635027522221, 0.0 ], [ 2240963.274926103651524, 539929.106882053776644, 0.0 ], [ 2240963.253045831806958, 539929.22776643675752, 0.0 ], [ 2240963.22906409855932, 539929.3482515263604, 0.0 ], [ 2240963.202988173812628, 539929.468300793203525, 0.0 ], [ 2240963.174825964029878, 539929.587877840735018, 0.0 ], [ 2240963.144586007110775, 539929.70694641477894, 0.0 ], [ 2240963.112277471926063, 539929.825470415991731, 0.0 ], [ 2240963.077910152729601, 539929.943413909873925, 0.0 ], [ 2240963.041494470089674, 539930.060741137713194, 0.0 ], [ 2240963.003041464835405, 539930.177416527993046, 0.0 ], [ 2240962.962562794331461, 539930.29340470652096, 0.0 ], [ 2240962.92007073154673, 539930.408670507837087, 0.0 ], [ 2240962.875578159466386, 539930.523178984993137, 0.0 ], [ 2240962.8290985673666, 539930.636895421193913, 0.0 ], [ 2240962.780646047089249, 539930.749785339343362, 0.0 ], [ 2240962.730235288385302, 539930.861814512987621, 0.0 ], [ 2240962.677881575655192, 539930.972948977025226, 0.0 ], [ 2240962.623600780963898, 539931.083155037020333, 0.0 ], [ 2240962.567409361712635, 539931.19239928049501, 0.0 ], [ 2240962.509324354119599, 539931.30064858647529, 0.0 ], [ 2240962.449363368563354, 539931.407870135386474, 0.0 ], [ 2240962.387544584460557, 539931.514031419530511, 0.0 ], [ 2240962.323886743746698, 539931.619100252515636, 0.0 ], [ 2240962.258409147150815, 539931.723044779268093, 0.0 ], [ 2240962.191131645347923, 539931.825833485461771, 0.0 ], [ 2240962.122074636630714, 539931.927435207413509, 0.0 ], [ 2240962.051259058061987, 539932.02781914093066, 0.0 ], [ 2240961.978706378955394, 539932.126954851555638, 0.0 ], [ 2240961.904438596684486, 539932.224812282714993, 0.0 ], [ 2240961.828478227835149, 539932.321361765847541, 0.0 ], [ 2240961.750848302152008, 539932.416574028669856, 0.0 ], [ 2240961.671572356019169, 539932.510420204373077, 0.0 ], [ 2240961.590674424543977, 539932.602871840354055, 0.0 ], [ 2240961.508179034572095, 539932.69390090694651, 0.0 ], [ 2240961.424111197236925, 539932.78347980545368, 0.0 ], [ 2240961.33849640050903, 539932.871581377228722, 0.0 ], [ 2240961.251360601745546, 539932.958178911125287, 0.0 ], [ 2240961.162730218376964, 539933.043246152345091, 0.0 ], [ 2240961.072632122784853, 539933.12675730988849, 0.0 ], [ 2240960.981093629729003, 539933.208687064587139, 0.0 ], [ 2240960.88814249355346, 539933.289010576670989, 0.0 ], [ 2240960.793806894682348, 539933.367703493335284, 0.0 ], [ 2240960.698115434497595, 539933.444741956307553, 0.0 ], [ 2240960.601097125094384, 539933.5201026085997, 0.0 ], [ 2240960.502781379967928, 539933.593762602307834, 0.0 ], [ 2240960.403198007959872, 539933.665699604898691, 0.0 ], [ 2240960.302377200685441, 539933.735891806194559, 0.0 ], [ 2240960.200349525082856, 539933.80431792512536, 0.0 ], [ 2240960.097145914565772, 539933.870957216131501, 0.0 ], [ 2240959.992797658313066, 539933.935789475101046, 0.0 ], [ 2240959.887336393818259, 539933.998795046005398, 0.0 ], [ 2240959.780794094316661, 539934.059954826720059, 0.0 ], [ 2240959.673203062266111, 539934.119250274496153, 0.0 ], [ 2240959.564595917239785, 539934.176663412014022, 0.0 ], [ 2240959.455005587078631, 539934.232176832621917, 0.0 ], [ 2240959.344465297646821, 539934.285773705341853, 0.0 ], [ 2240959.233008563052863, 539934.337437780690379, 0.0 ], [ 2240959.120669175405055, 539934.387153394869529, 0.0 ], [ 2240959.007481193635613, 539934.434905475005507, 0.0 ], [ 2240958.893478935118765, 539934.480679543339647, 0.0 ], [ 2240958.778696962632239, 539934.524461722117849, 0.0 ], [ 2240958.663170076906681, 539934.566238737199455, 0.0 ], [ 2240958.546933303587139, 539934.605997922481038, 0.0 ], [ 2240958.430021882988513, 539934.643727223621681, 0.0 ], [ 2240958.312471262179315, 539934.679415201768279, 0.0 ], [ 2240958.194317079149187, 539934.713051036931574, 0.0 ], [ 2240958.075595156755298, 539934.74462453124579, 0.0 ], [ 2240957.956341490149498, 539934.774126112111844, 0.0 ], [ 2240957.836592234205455, 539934.801546835224144, 0.0 ], [ 2240957.716383695602417, 539934.826878387131728, 0.0 ], [ 2240957.595752318855375, 539934.850113087450154, 0.0 ], [ 2240957.474734677933156, 539934.871243892121129, 0.0 ], [ 2240957.353367463219911, 539934.890264394460246, 0.0 ], [ 2240957.2316874708049, 539934.907168827834539, 0.0 ], [ 2240957.109731593169272, 539934.921952067059465, 0.0 ], [ 2240956.9875368042849, 539934.934609630145133, 0.0 ], [ 2240956.865140151698142, 539934.945137679460458, 0.0 ], [ 2240956.742578744422644, 539934.953533023130149, 0.0 ], [ 2240956.61988974083215, 539934.959793115849607, 0.0 ], [ 2240956.497110338415951, 539934.963916059583426, 0.0 ], [ 2240956.374277761671692, 539934.965900604263879, 0.0 ], [ 2240956.251429251395166, 539934.965746148489416, 0.0 ], [ 2240956.128602053504437, 539934.963452738826163, 0.0 ], [ 2240956.005833406466991, 539934.959021070622839, 0.0 ], [ 2240955.883160532452166, 539934.952452487661503, 0.0 ], [ 2240955.760620623361319, 539934.943748981226236, 0.0 ], [ 2240955.638250831514597, 539934.932913190103136, 0.0 ], [ 2240955.516088257078081, 539934.919948399649002, 0.0 ], [ 2240955.394169938284904, 539934.904858540510759, 0.0 ], [ 2240955.272532838396728, 539934.88764818769414, 0.0 ], [ 2240955.151213835459203, 539934.868322559050284, 0.0 ], [ 2240955.030249712057412, 539934.846887513878755, 0.0 ], [ 2240954.90967714227736, 539934.823349550832063, 0.0 ], [ 2240954.789532681461424, 539934.797715806285851, 0.0 ], [ 2240954.669852755498141, 539934.769994051894173, 0.0 ], [ 2240954.550673649180681, 539934.74019269249402, 0.0 ], [ 2240954.432031496427953, 539934.708320763311349, 0.0 ], [ 2240954.313962266780436, 539934.674387927516364, 0.0 ], [ 2240954.196501757018268, 539934.638404472847469, 0.0 ], [ 2240954.079685579519719, 539934.600381309050135, 0.0 ], [ 2240953.963549150619656, 539934.56032996380236, 0.0 ], [ 2240953.848127681296319, 539934.518262580386363, 0.0 ], [ 2240953.733456165529788, 539934.474191912682727, 0.0 ], [ 2240953.619569369126111, 539934.428131322260015, 0.0 ], [ 2240953.506501821335405, 539934.380094773950987, 0.0 ], [ 2240953.394287802278996, 539934.330096831661649, 0.0 ], [ 2240953.282961333170533, 539934.278152653947473, 0.0 ], [ 2240953.172556166537106, 539934.224277989240363, 0.0 ], [ 2240953.063105775043368, 539934.168489171657711, 0.0 ], [ 2240952.954643342643976, 539934.11080311529804, 0.0 ], [ 2240952.847201753407717, 539934.051237309700809, 0.0 ], [ 2240952.74081358127296, 539933.989809814258479, 0.0 ], [ 2240952.635511081665754, 539933.926539252744988, 0.0 ], [ 2240952.531326181255281, 539933.861444807727821, 0.0 ], [ 2240952.428290465846658, 539933.794546214747243, 0.0 ], [ 2240952.326435175258666, 539933.725863756262697, 0.0 ], [ 2240952.225791189819574, 539933.655418255832046, 0.0 ], [ 2240952.126389023382217, 539933.583231071359478, 0.0 ], [ 2240952.028258812613785, 539933.50932408857625, 0.0 ], [ 2240951.931430309079587, 539933.433719715103507, 0.0 ], [ 2240951.835932870395482, 539933.356440872885287, 0.0 ], [ 2240951.741795448586345, 539933.277510991436429, 0.0 ], [ 2240951.64904658542946, 539933.196954001206905, 0.0 ], [ 2240951.557714400347322, 539933.114794325549155, 0.0 ], [ 2240951.467826583888382, 539933.031056873966008, 0.0 ], [ 2240951.379410388413817, 539932.945767034310848, 0.0 ], [ 2240951.292492620646954, 539932.858950665104203, 0.0 ], [ 2240951.207099632360041, 539932.770634087501094, 0.0 ], [ 2240951.123257313389331, 539932.680844077607617, 0.0 ], [ 2240951.040991082787514, 539932.589607858448289, 0.0 ], [ 2240950.960325883235782, 539932.496953091118485, 0.0 ], [ 2240950.881286170799285, 539932.402907867101021, 0.0 ], [ 2240950.803895908407867, 539932.307500699418597, 0.0 ], [ 2240950.728178560268134, 539932.210760513902642, 0.0 ], [ 2240950.654157082084566, 539932.112716640462168, 0.0 ], [ 2240950.581853915937245, 539932.013398804585449, 0.0 ], [ 2240950.511290983762592, 539931.912837117561139, 0.0 ], [ 2240950.442489678040147, 539931.811062068096362, 0.0 ], [ 2240950.375470858532935, 539931.708104512887076, 0.0 ], [ 2240950.310254844836891, 539931.603995666722767, 0.0 ], [ 2240950.246861408464611, 539931.498767093755305, 0.0 ], [ 2240950.185309769585729, 539931.392450697603635, 0.0 ], [ 2240950.125618589576334, 539931.285078711458482, 0.0 ], [ 2240950.067805966362357, 539931.176683689001948, 0.0 ], [ 2240950.011889426968992, 539931.067298493580893, 0.0 ], [ 2240949.957885925192386, 539930.956956289126538, 0.0 ], [ 2240949.90581183321774, 539930.84569052932784, 0.0 ], [ 2240949.855682939291, 539930.733534948434681, 0.0 ], [ 2240949.807514441665262, 539930.620523549965583, 0.0 ], [ 2240949.761320944409817, 539930.506690597161651, 0.0 ], [ 2240949.717116452753544, 539930.392070602159947, 0.0 ], [ 2240949.67491436842829, 539930.276698316098191, 0.0 ], [ 2240949.634727486409247, 539930.160608717706054, 0.0 ], [ 2240949.596567990723997, 539930.043837003526278, 0.0 ], [ 2240949.560447450727224, 539929.926418576855212, 0.0 ], [ 2240949.526376817841083, 539929.808389036799781, 0.0 ], [ 2240949.494366421364248, 539929.68978416826576, 0.0 ], [ 2240949.464425966609269, 539929.570639930083416, 0.0 ], [ 2240949.436564530711621, 539929.450992444879375, 0.0 ], [ 2240949.410790560767055, 539929.330877987667918, 0.0 ], [ 2240949.387111871503294, 539929.210332975373603, 0.0 ], [ 2240949.365535641554743, 539929.089393955073319, 0.0 ], [ 2240949.346068412065506, 539928.968097593518905, 0.0 ], [ 2240949.328716086223722, 539928.84648066572845, 0.0 ], [ 2240949.313483924139291, 539928.72458004404325, 0.0 ], [ 2240949.300376544240862, 539928.602432686602697, 0.0 ], [ 2240949.289397920016199, 539928.480075626517646, 0.0 ], [ 2240949.280551380943507, 539928.357545960461721, 0.0 ], [ 2240949.273839608300477, 539928.234880837262608, 0.0 ], [ 2240949.269264637492597, 539928.112117447075434, 0.0 ], [ 2240949.266827854793519, 539927.989293009624816, 0.0 ], [ 2240949.266530000139028, 539927.86644476337824, 0.0 ], [ 2240949.268371163401753, 539927.743609953788109, 0.0 ], [ 2240949.272350785788149, 539927.620825822232291, 0.0 ], [ 2240949.278467661235482, 539927.498129595071077, 0.0 ], [ 2240949.286719935480505, 539927.375558471656404, 0.0 ], [ 2240949.297105106059462, 539927.253149613388814, 0.0 ], [ 2240949.309620024170727, 539927.130940132774413, 0.0 ], [ 2240949.324260896537453, 539927.008967081666924, 0.0 ], [ 2240949.341023283079267, 539926.887267440208234, 0.0 ], [ 2240949.3599021025002, 539926.765878105885349, 0.0 ], [ 2240949.380891630891711, 539926.644835881656036, 0.0 ], [ 2240949.403985504526645, 539926.52417746570427, 0.0 ], [ 2240949.429176721721888, 539926.40393943968229, 0.0 ], [ 2240949.456457644701004, 539926.284158257651143, 0.0 ], [ 2240949.48582000285387, 539926.164870235254057, 0.0 ], [ 2240949.517254893202335, 539926.046111538773403, 0.0 ], [ 2240949.550752785988152, 539925.927918173954822, 0.0 ], [ 2240949.586303525138646, 539925.810325974714942, 0.0 ], [ 2240949.623896331526339, 539925.693370593478903, 0.0 ], [ 2240949.663519808556885, 539925.577087488840334, 0.0 ], [ 2240949.705161942634732, 539925.461511916131712, 0.0 ] ] } },
{ "type": "Feature", "properties": { "fid": 5087, "handle": 3731006, "block": -1, "etype": 18, "space": 0, "layer": "0_Roads_Hatch", "olinetype": "bylayer", "linetype": "", "color": "0,0,0,255", "ocolor": 256, "color24": -1, "transparency": 0, "lweight": -1, "linewidth": 0.0, "ltscale": 1.0, "visible": 1, "width": 15.0, "thickness": 0.0, "ext": "(3:0,0,0.1)" }, "geometry": { "type": "LineString", "coordinates": [ [ 2240970.291003252379596, 541102.763310542330146, 0.0 ], [ 2240956.588654259685427, 541096.660390578676015, 0.0 ] ] } },
{ "type": "Feature", "properties": { "fid": 5088, "handle": 3731008, "block": -1, "etype": 18, "space": 0, "layer": "0_Roads_Hatch", "olinetype": "bylayer", "linetype": "", "color": "0,0,0,255", "ocolor": 256, "color24": -1, "transparency": 0, "lweight": -1, "linewidth": 0.0, "ltscale": 1.0, "visible": 1, "width": 15.0, "thickness": 0.0, "ext": "(3:0,0,0.1)" }, "geometry": { "type": "LineString", "coordinates": [ [ 2240961.521072869654745, 541157.374895751709118, 0.0 ], [ 2240947.275990140624344, 541152.676213166560046, 0.0 ] ] } },
{ "type": "Feature", "properties": { "fid": 5089, "handle": 3731010, "block": -1, "etype": 18, "space": 0, "layer": "0_Roads_Hatch", "olinetype": "bylayer", "linetype": "", "color": "0,0,0,255", "ocolor": 256, "color24": -1, "transparency": 0, "lweight": -1, "linewidth": 0.0, "ltscale": 1.0, "visible": 1, "width": 15.0, "thickness": 0.0, "ext": "(3:0,0,0.1)" }, "geometry": { "type": "LineString", "coordinates": [ [ 2240947.829526296816766, 541216.711439162376337, 0.0 ], [ 2240933.584443567786366, 541212.012756577227265, 0.0 ] ] } },
{ "type": "Feature", "properties": { "fid": 5090, "handle": 3731012, "block": -1, "etype": 18, "space": 0, "layer": "0_Roads_Hatch", "olinetype": "bylayer", "linetype": "", "color": "0,0,0,255", "ocolor": 256, "color24": -1, "transparency": 0, "lweight": -1, "linewidth": 0.0, "ltscale": 1.0, "visible": 1, "width": 15.0, "thickness": 0.0, "ext": "(3:0,0,0.1)" }, "geometry": { "type": "LineString", "coordinates": [ [ 2240927.641531152185053, 541284.922868547379039, 0.0 ], [ 2240913.310032564215362, 541280.496262496919371, 0.0 ] ] } },
{ "type": "Feature", "properties": { "fid": 5103, "handle": 3731921, "block": -1, "etype": 18, "space": 0, "layer": "0_Roads_Hatch", "olinetype": "bylayer", "linetype": "", "color": "0,0,0,255", "ocolor": 256, "color24": -1, "transparency": 0, "lweight": -1, "linewidth": 0.0, "ltscale": 1.0, "visible": 1, "width": 15.0, "thickness": 0.0, "ext": "(3:0,0,0.1)" }, "geometry": { "type": "LineString", "coordinates": [ [ 2240801.390965264290571, 540866.79090264509432, 0.0 ], [ 2240799.823322582058609, 540851.75238788430579, 0.0 ] ] } },
{ "type": "Feature", "properties": { "fid": 5125, "handle": 3739859, "block": -1, "etype": 18, "space": 0, "layer": "0_Roads_Hatch", "olinetype": "bylayer", "linetype": "", "color": "0,0,0,255", "ocolor": 256, "color24": -1, "transparency": 0, "lweight": -1, "linewidth": 0.0, "ltscale": 1.0, "visible": 1, "width": 6.0, "thickness": 0.0, "ext": "(3:0,0,0.1)" }, "geometry": { "type": "LineString", "coordinates": [ [ 2241438.723960011266172, 540426.339090155321173, 0.0 ], [ 2241460.487328727729619, 540419.813420610502362, 0.0 ], [ 2241482.152649789582938, 540412.969266596017405, 0.0 ], [ 2241503.715262779500335, 540405.808100354508497, 0.0 ], [ 2241525.170529373455793, 540398.331462321453728, 0.0 ], [ 2241546.513834338169545, 540390.540960793150589, 0.0 ] ] } },
{ "type": "Feature", "properties": { "fid": 5127, "handle": 3739885, "block": -1, "etype": 18, "space": 0, "layer": "0_Roads_Hatch", "olinetype": "bylayer", "linetype": "", "color": "0,0,0,255", "ocolor": 256, "color24": -1, "transparency": 0, "lweight": -1, "linewidth": 0.0, "ltscale": 1.0, "visible": 1, "width": 6.0, "thickness": 0.0, "ext": "(3:0,0,0.1)" }, "geometry": { "type": "LineString", "coordinates": [ [ 2241370.800468001049012, 540060.49858775222674, 0.0 ], [ 2241617.495400519110262, 540778.372201811289415, 0.0 ] ] } },
{ "type": "Feature", "properties": { "fid": 5143, "handle": 3743469, "block": -1, "etype": 18, "space": 0, "layer": "0_Roads_Hatch", "olinetype": "bylayer", "linetype": "", "color": "0,0,0,255", "ocolor": 256, "color24": -1, "transparency": 0, "lweight": -1, "linewidth": 0.0, "ltscale": 1.0, "visible": 1, "width": 15.0, "thickness": 0.0, "ext": "(3:0,0,0.1)" }, "geometry": { "type": "LineString", "coordinates": [ [ 2241046.913747588638216, 540328.871230037650093, 0.0 ], [ 2241045.064124014228582, 540343.663124956889078, 0.0 ] ] } },
{ "type": "Feature", "properties": { "fid": 5144, "handle": 3743844, "block": -1, "etype": 18, "space": 0, "layer": "0_Roads_Hatch", "olinetype": "bylayer", "linetype": "", "color": "0,0,0,255", "ocolor": 256, "color24": -1, "transparency": 0, "lweight": -1, "linewidth": 0.0, "ltscale": 1.0, "visible": 1, "width": 6.0, "thickness": 0.0, "ext": "(3:0,0,0.1)" }, "geometry": { "type": "LineString", "coordinates": [ [ 2241185.393292251974344, 540537.229647412663326, 0.0 ], [ 2241185.349257278256118, 540539.547128912294284, 0.0 ], [ 2241185.264856658410281, 540541.8634916030569, 0.0 ], [ 2241185.14011600939557, 540544.178032453870401, 0.0 ], [ 2241184.975073190405965, 540546.490048986626789, 0.0 ], [ 2241184.769778292626143, 540548.798839489230886, 0.0 ], [ 2241184.524293625261635, 540551.103703228756785, 0.0 ], [ 2241184.238693693652749, 540553.40394066402223, 0.0 ], [ 2241183.913065180182457, 540555.698853658279404, 0.0 ], [ 2241183.547506914008409, 540557.9877456901595, 0.0 ], [ 2241183.142129845451564, 540560.269922066363506, 0.0 ], [ 2241182.697057008743286, 540562.544690131442621, 0.0 ], [ 2241182.212423486169428, 540564.81135947839357, 0.0 ], [ 2241181.688376367557794, 540567.069242158555426, 0.0 ], [ 2241181.125074704177678, 540569.317652889643796, 0.0 ], [ 2241180.522689461708069, 540571.555909264599904, 0.0 ], [ 2241179.881403468549252, 540573.783331957878545, 0.0 ], [ 2241179.201411359012127, 540575.999244932434522, 0.0 ], [ 2241178.482919514644891, 540578.20297564403154, 0.0 ], [ 2241177.726146002765745, 540580.393855246366002, 0.0 ], [ 2241176.931320509407669, 540582.571218793047592, 0.0 ], [ 2241176.098684268537909, 540584.734405440045521, 0.0 ], [ 2241175.228489990811795, 540586.882758646388538, 0.0 ], [ 2241174.321001786272973, 540589.015626372769475, 0.0 ], [ 2241173.376495082862675, 540591.132361280033365, 0.0 ], [ 2241172.395256544928998, 540593.232320925220847, 0.0 ], [ 2241171.377583985216916, 540595.314867957262322, 0.0 ], [ 2241170.32378627313301, 540597.379370309296064, 0.0 ], [ 2241169.234183243010193, 540599.425201391568407, 0.0 ], [ 2241168.109105597250164, 540601.451740281074308, 0.0 ], [ 2241166.94889480387792, 540603.458371910033748, 0.0 ], [ 2241165.753902994096279, 540605.444487252738327, 0.0 ], [ 2241164.524492856115103, 540607.409483510418795, 0.0 ], [ 2241163.261037523858249, 540609.35276429366786, 0.0 ], [ 2241161.963920463807881, 540611.273739804397337, 0.0 ], [ 2241160.633535359986126, 540613.171827013953589, 0.0 ], [ 2241159.270285992417485, 540615.046449840534478, 0.0 ], [ 2241157.874586116522551, 540616.897039323812351, 0.0 ], [ 2241156.446859335992485, 540618.723033798160031, 0.0 ], [ 2241154.987538975197822, 540620.523879062151536, 0.0 ], [ 2241153.497067947871983, 540622.299028547597118, 0.0 ], [ 2241151.975898620672524, 540624.047943485085852, 0.0 ], [ 2241150.424492679536343, 540625.770093067665584, 0.0 ], [ 2241148.843320985324681, 540627.464954611612484, 0.0 ], [ 2241147.232863434124738, 540629.132013715570793, 0.0 ], [ 2241145.593608810566366, 540630.770764416200109, 0.0 ], [ 2241143.926054638810456, 540632.380709342076443, 0.0 ], [ 2241142.230707032606006, 540633.961359864333645, 0.0 ], [ 2241140.508080540690571, 540635.512236245325767, 0.0 ], [ 2241138.758697991725057, 540637.032867784146219, 0.0 ], [ 2241136.983090334106237, 540638.522792959003709, 0.0 ], [ 2241135.181796476710588, 540639.981559568084776, 0.0 ], [ 2241133.3553631240502, 540641.408724866108969, 0.0 ], [ 2241131.504344610497355, 540642.803855699370615, 0.0 ], [ 2241129.629302731715143, 540644.166528636356816, 0.0 ], [ 2241127.73080657562241, 540645.496330097084865, 0.0 ], [ 2241125.809432348236442, 540646.792856478132308, 0.0 ], [ 2241123.865763198584318, 540648.055714275455102, 0.0 ], [ 2241121.900389042682946, 540649.284520203364082, 0.0 ], [ 2241119.913906385190785, 540650.478901311289519, 0.0 ], [ 2241117.906918135937303, 540651.638495096820407, 0.0 ], [ 2241115.880033429246396, 540652.762949615716934, 0.0 ], [ 2241112.436951815150678, 540654.811063422006555, 0.0 ], [ 2241108.959395093843341, 540656.800078358501196, 0.0 ], [ 2241105.448377571534365, 540658.729414285859093, 0.0 ], [ 2241101.904923311434686, 540660.598508471273817, 0.0 ], [ 2241098.330065839923918, 540662.406815752736293, 0.0 ], [ 2241094.724847842007875, 540664.153808698174544, 0.0 ], [ 2241091.09032085724175, 540665.838977759005502, 0.0 ], [ 2241087.427544975187629, 540667.46183141914662, 0.0 ], [ 2241083.737588523421437, 540669.02189633785747, 0.0 ], [ 2241080.021527758333832, 540670.518717488506809, 0.0 ], [ 2241076.280446550343186, 540671.951858290471137, 0.0 ], [ 2241072.515436066314578, 540673.320900737075135, 0.0 ], [ 2241068.727594453841448, 540674.625445517362095, 0.0 ], [ 2241064.918026519007981, 540675.865112132509239, 0.0 ], [ 2241061.087843405548483, 540677.03953900677152, 0.0 ], [ 2241057.238162269350141, 540678.148383593070321, 0.0 ], [ 2241053.370105954352766, 540679.191322472528554, 0.0 ], [ 2241049.48480266192928, 540680.168051449581981, 0.0 ], [ 2241045.583385626785457, 540681.07828563998919, 0.0 ], [ 2241041.666992781218141, 540681.921759553952143, 0.0 ], [ 2241037.736766426358372, 540682.698227174114436, 0.0 ], [ 2241033.793852898292243, 540683.40746202680748, 0.0 ], [ 2241029.8394022337161, 540684.049257248174399, 0.0 ], [ 2241025.874567833729088, 540684.623425644706003, 0.0 ], [ 2241019.93323022313416, 540684.980344002950005, 0.0 ], [ 2241013.987026750575751, 540685.244062750134617, 0.0 ], [ 2241008.037419314496219, 540685.414517049910501, 0.0 ], [ 2241002.085870649665594, 540685.491664995439351, 0.0 ], [ 2240996.133843968622386, 540685.475487619522028, 0.0 ], [ 2240990.182802602183074, 540685.365988899371587, 0.0 ], [ 2240984.234209638088942, 540685.163195755914785, 0.0 ], [ 2240978.28952756151557, 540684.867158046574332, 0.0 ], [ 2240972.350217897444963, 540684.477948553278111, 0.0 ], [ 2240970.516114305239171, 540684.433927001082338, 0.0 ], [ 2240968.681524578947574, 540684.421500357566401, 0.0 ], [ 2240966.846992943901569, 540684.44067230890505, 0.0 ], [ 2240965.013063606806099, 540684.491437167976983, 0.0 ], [ 2240963.180280596483499, 540684.573779875528999, 0.0 ], [ 2240961.34918760182336, 540684.687676004716195, 0.0 ], [ 2240959.520327809266746, 540684.833091768901795, 0.0 ], [ 2240957.694243744481355, 540685.009984030853957, 0.0 ], [ 2240955.871477108448744, 540685.218300316249952, 0.0 ], [ 2240954.052568618673831, 540685.457978828577325, 0.0 ], [ 2240952.23805784760043, 540685.728948468342423, 0.0 ], [ 2240950.428483063355088, 540686.031128853093833, 0.0 ], [ 2240948.624381070025265, 540686.364430342218839, 0.0 ], [ 2240946.826287048403174, 540686.72875406302046, 0.0 ], [ 2240945.034734396729618, 540687.123991940054111, 0.0 ], [ 2240943.250254571903497, 540687.550026727607474, 0.0 ], [ 2240941.473376934416592, 540688.006732043693773, 0.0 ], [ 2240939.704628588631749, 540688.493972408468835, 0.0 ], [ 2240937.944534227252007, 540689.011603283812292, 0.0 ], [ 2240936.193615976255387, 540689.55947111628484, 0.0 ], [ 2240934.452393238898367, 540690.137413382879458, 0.0 ], [ 2240932.721382542978972, 540690.745258639100939, 0.0 ], [ 2240931.001097387168556, 540691.382826569722965, 0.0 ], [ 2240929.292048087343574, 540692.049928042571992, 0.0 ], [ 2240927.594741627108306, 540692.746365164173767, 0.0 ], [ 2240925.909681506454945, 540693.471931339125149, 0.0 ], [ 2240924.237367592286319, 540694.226411330630071, 0.0 ], [ 2240922.578295971266925, 540695.009581324993633, 0.0 ], [ 2240921.080575419124216, 540695.846090672770515, 0.0 ], [ 2240919.597506797872484, 540696.708310021786019, 0.0 ], [ 2240918.129531404003501, 540697.59598281304352, 0.0 ], [ 2240916.677086043171585, 540698.508844913798384, 0.0 ], [ 2240915.240602900274098, 540699.446624696138315, 0.0 ], [ 2240913.82050940906629, 540700.409043117542751, 0.0 ], [ 2240912.417228128295392, 540701.395813804236241, 0.0 ], [ 2240911.031176613178104, 540702.406643136288039, 0.0 ], [ 2240909.662767292466015, 540703.441230334923603, 0.0 ], [ 2240908.312407344579697, 540704.499267552047968, 0.0 ], [ 2240906.98049857839942, 540705.580439961748198, 0.0 ], [ 2240905.667437311727554, 540706.684425854356959, 0.0 ], [ 2240904.373614254407585, 540707.810896731796674, 0.0 ], [ 2240903.099414391908795, 540708.959517405251972, 0.0 ], [ 2240901.845216870773584, 540710.129946095286869, 0.0 ], [ 2240900.611394884996116, 540711.321834533242509, 0.0 ], [ 2240899.398315566591918, 540712.534828065312468, 0.0 ], [ 2240898.206339875236154, 540713.768565757083707, 0.0 ], [ 2240897.035822490695864, 540715.022680502268486, 0.0 ], [ 2240895.887111708521843, 540716.296799130737782, 0.0 ], [ 2240894.760549334343523, 540717.590542520396411, 0.0 ], [ 2240893.656470584217459, 540718.903525709523819, 0.0 ], [ 2240892.575203984510154, 540720.235358011559583, 0.0 ], [ 2240891.517071271780878, 540721.585643131169491, 0.0 ], [ 2240890.482387301512063, 540722.953979282290675, 0.0 ], [ 2240889.471459949854761, 540724.339959307806566, 0.0 ], [ 2240888.484590025153011, 540725.743170800269581, 0.0 ], [ 2240887.522071176674217, 540727.163196225184947, 0.0 ], [ 2240886.584189808461815, 540728.59961304476019, 0.0 ], [ 2240885.671224992256612, 540730.051993843982928, 0.0 ], [ 2240884.783448387403041, 540731.519906457629986, 0.0 ], [ 2240883.921124157495797, 540733.0029140986735, 0.0 ], [ 2240883.084508892614394, 540734.500575488898903, 0.0 ], [ 2240882.273851532954723, 540736.012444989173673, 0.0 ], [ 2240881.489393294788897, 540737.538072733324952, 0.0 ], [ 2240880.731367598753422, 540739.0770047607366, 0.0 ], [ 2240880.0, 540740.6287831524387, 0.0 ] ] } },
{ "type": "Feature", "properties": { "fid": 5147, "handle": 3749141, "block": -1, "etype": 18, "space": 0, "layer": "0_Roads_Hatch", "olinetype": "bylayer", "linetype": "", "color": "0,0,0,255", "ocolor": 256, "color24": -1, "transparency": 0, "lweight": -1, "linewidth": 0.0, "ltscale": 1.0, "visible": 1, "width": 6.0, "thickness": 0.0, "ext": "(3:0,0,0.1)" }, "geometry": { "type": "LineString", "coordinates": [ [ 2241095.259088558610529, 540620.008738526841626, 0.0 ], [ 2241096.050241413991898, 540622.154465273255482, 0.0 ], [ 2241096.877841970417649, 540624.286399472504854, 0.0 ], [ 2241097.7416499145329, 540626.403922069002874, 0.0 ], [ 2241098.64141442021355, 540628.506418191595003, 0.0 ], [ 2241099.576874220278114, 540630.593277332372963, 0.0 ], [ 2241100.547757682390511, 540632.663893524208106, 0.0 ], [ 2241101.553782888222486, 540634.71766551642213, 0.0 ], [ 2241102.594657715875655, 540636.753996949177235, 0.0 ], [ 2241103.670079923700541, 540638.772296527167782, 0.0 ], [ 2241104.77973723737523, 540640.771978190983646, 0.0 ], [ 2241105.923307443037629, 540642.752461287425831, 0.0 ], [ 2241107.100458479020745, 540644.713170737959445, 0.0 ], [ 2241108.310848532710224, 540646.653537205653265, 0.0 ], [ 2241109.554126139730215, 540648.572997260838747, 0.0 ], [ 2241110.829930285457522, 540650.470993544440717, 0.0 ], [ 2241112.137890511192381, 540652.346974929911084, 0.0 ], [ 2241113.47762702126056, 540654.200396682950668, 0.0 ] ] } },
{ "type": "Feature", "properties": { "fid": 5149, "handle": 3749144, "block": -1, "etype": 18, "space": 0, "layer": "0_Roads_Hatch", "olinetype": "bylayer", "linetype": "", "color": "0,0,0,255", "ocolor": 256, "color24": -1, "transparency": 0, "lweight": -1, "linewidth": 0.0, "ltscale": 1.0, "visible": 1, "width": 15.0, "thickness": 0.0, "ext": "(3:0,0,0.1)" }, "geometry": { "type": "LineString", "coordinates": [ [ 2241098.871689353138208, 540634.88669974647928, 0.0 ], [ 2241092.293645690195262, 540621.50945771986153, 0.0 ] ] } },
{ "type": "Feature", "properties": { "fid": 5173, "handle": 3754977, "block": -1, "etype": 18, "space": 0, "layer": "0_Roads_Hatch", "olinetype": "bylayer", "linetype": "", "color": "0,0,0,255", "ocolor": 256, "color24": -1, "transparency": 0, "lweight": -1, "linewidth": 0.0, "ltscale": 1.0, "visible": 1, "width": 6.0, "thickness": 0.0, "ext": "(3:0,0,0.1)" }, "geometry": { "type": "LineString", "coordinates": [ [ 2240757.231047548353672, 540459.710215815925039, 0.0 ], [ 2240760.278179635293782, 540460.772551578935236, 0.0 ], [ 2240763.343337738420814, 540461.781698264414445, 0.0 ], [ 2240766.42559349630028, 540462.737350226496346, 0.0 ], [ 2240769.524013368878514, 540463.639218021649867, 0.0 ], [ 2240772.637658922001719, 540464.487028496223502, 0.0 ], [ 2240775.765587107744068, 540465.280524869333021, 0.0 ], [ 2240778.906850553583354, 540466.019466810394078, 0.0 ], [ 2240782.060497848317027, 540466.703630511881784, 0.0 ], [ 2240785.225573828909546, 540467.332808757433668, 0.0 ], [ 2240788.401119871996343, 540467.906810984481126, 0.0 ], [ 2240791.586174182593822, 540468.425463341758586, 0.0 ], [ 2240794.779772085603327, 540468.888608742272481, 0.0 ], [ 2240797.980946319177747, 540469.296106910565868, 0.0 ], [ 2240801.188727325294167, 540469.647834425442852, 0.0 ], [ 2240804.402143546380103, 540469.943684757337905, 0.0 ], [ 2240807.620221717748791, 540470.183568300446495, 0.0 ], [ 2240810.841987161431462, 540470.367412399733439, 0.0 ], [ 2240814.066464084666222, 540470.495161373633891, 0.0 ], [ 2240817.292675872333348, 540470.566776529885828, 0.0 ], [ 2240820.51964538404718, 540470.582236178102903, 0.0 ], [ 2240823.746395249385387, 540470.541535635944456, 0.0 ], [ 2240826.971948165912181, 540470.4446872305125, 0.0 ], [ 2240830.195327192079276, 540470.291720294975676, 0.0 ], [ 2240833.415556045249104, 540470.082681159139611, 0.0 ], [ 2240836.631659397855401, 540469.817633135942742, 0.0 ], [ 2240839.842663170769811, 540469.496656501782127, 0.0 ], [ 2240843.047594829462469, 540469.1198484726483, 0.0 ], [ 2240846.245483679231256, 540468.687323174555786, 0.0 ], [ 2240849.435361158102751, 540468.199211608734913, 0.0 ], [ 2240852.616261129733175, 540467.655661612167023, 0.0 ], [ 2240855.787220178171992, 540467.05683781276457, 0.0 ], [ 2240858.947277897503227, 540466.402921579778194, 0.0 ], [ 2240862.095477183815092, 540465.694110968150198, 0.0 ], [ 2240865.230864524375647, 540464.930620659375563, 0.0 ], [ 2240868.352490288205445, 540464.112681895843707, 0.0 ], [ 2240871.459409010596573, 540463.240542411222123, 0.0 ], [ 2240874.55067968275398, 540462.314466355135664, 0.0 ], [ 2240877.625366033986211, 540461.334734213305637, 0.0 ], [ 2240880.68253681762144, 540460.301642722450197, 0.0 ], [ 2240883.721266091801226, 540459.215504780760966, 0.0 ], [ 2240886.740633499808609, 540458.076649352791719, 0.0 ], [ 2240889.73972454899922, 540456.885421369806863, 0.0 ], [ 2240892.717630888335407, 540455.642181625589728, 0.0 ], [ 2240895.673450583592057, 540454.347306667012163, 0.0 ], [ 2240898.60628838930279, 540453.001188679831102, 0.0 ], [ 2240901.515256020240486, 540451.604235370177776, 0.0 ], [ 2240904.399472422432154, 540450.156869840924628, 0.0 ], [ 2240907.258064037188888, 540448.659530463628471, 0.0 ], [ 2240910.090165066532791, 540447.112670745700598, 0.0 ], [ 2240912.894917737226933, 540445.516759192803875, 0.0 ], [ 2240915.671472558751702, 540443.872279167640954, 0.0 ] ] } },
{ "type": "Feature", "properties": { "fid": 5176, "handle": 3755049, "block": -1, "etype": 18, "space": 0, "layer": "0_Roads_Hatch", "olinetype": "bylayer", "linetype": "", "color": "0,0,0,255", "ocolor": 256, "color24": -1, "transparency": 0, "lweight": -1, "linewidth": 0.0, "ltscale": 1.0, "visible": 1, "width": 6.0, "thickness": 0.0, "ext": "(3:0,0,0.1)" }, "geometry": { "type": "LineString", "coordinates": [ [ 2240809.084437594749033, 540655.407305957283825, 0.0 ], [ 2240811.290920502506196, 540652.759678219561465, 0.0 ], [ 2240813.542524239514023, 540650.150314298691228, 0.0 ], [ 2240815.838585369288921, 540647.579983045812696, 0.0 ], [ 2240818.178427354898304, 540645.049441810930148, 0.0 ], [ 2240820.561360761057585, 540642.559436219977215, 0.0 ], [ 2240822.986683453898877, 540640.110699955024756, 0.0 ], [ 2240825.453680810518563, 540637.70395453798119, 0.0 ], [ 2240827.96162592805922, 540635.339909118250944, 0.0 ], [ 2240830.509779839310795, 540633.019260263768956, 0.0 ], [ 2240833.097391727846116, 540630.7426917552948, 0.0 ], [ 2240835.723699152469635, 540628.510874385479838, 0.0 ], [ 2240838.387928269337863, 540626.324465761194006, 0.0 ], [ 2240841.089294061530381, 540624.184110109112225, 0.0 ], [ 2240843.827000569552183, 540622.090438087005168, 0.0 ], [ 2240846.600241126026958, 540620.044066596659832, 0.0 ], [ 2240849.408198593184352, 540618.045598603086546, 0.0 ], [ 2240852.250045605003834, 540616.095622956403531, 0.0 ], [ 2240855.124944808427244, 540614.194714218494482, 0.0 ], [ 2240858.032049112487584, 540612.343432493391447, 0.0 ], [ 2240860.97050193650648, 540610.542323262896389, 0.0 ], [ 2240863.939437463413924, 540608.791917224996723, 0.0 ], [ 2240866.937980893999338, 540607.09273013821803, 0.0 ], [ 2240869.965248704887927, 540605.445262669352815, 0.0 ], [ 2240873.020348909310997, 540603.850000246078707, 0.0 ], [ 2240876.102381320204586, 540602.307412913418375, 0.0 ], [ 2240879.210437814239413, 540600.817955196136609, 0.0 ], [ 2240882.343602599576116, 540599.382065964047797, 0.0 ], [ 2240885.500952487345785, 540598.000168302794918, 0.0 ], [ 2240888.681557162199169, 540596.672669389867224, 0.0 ], [ 2240891.884479455649853, 540595.399960373644717, 0.0 ], [ 2240895.108775625471026, 540594.182416258961894, 0.0 ], [ 2240898.353495629038662, 540593.020395795931108, 0.0 ], [ 2240901.617683408316225, 540591.914241374819539, 0.0 ], [ 2240904.900377166923136, 540590.86427892500069, 0.0 ], [ 2240908.200609657447785, 540589.8708178185625, 0.0 ], [ 2240911.517408463172615, 540588.934150779619813, 0.0 ], [ 2240914.849796287249774, 540588.054553797934204, 0.0 ], [ 2240918.196791239082813, 540587.232286047190428, 0.0 ], [ 2240921.557407123502344, 540586.46758980944287, 0.0 ], [ 2240924.930653733201325, 540585.760690402938053, 0.0 ], [ 2240928.315537137910724, 540585.111796116107143, 0.0 ], [ 2240931.711059979628772, 540584.521098146098666, 0.0 ], [ 2240935.116221764590591, 540583.988770542666316, 0.0 ], [ 2240938.530019159894437, 540583.514970156364143, 0.0 ], [ 2240941.951446286402643, 540583.099836593028158, 0.0 ], [ 2240945.379495019093156, 540582.743492171866819, 0.0 ], [ 2240948.813155280426145, 540582.446041890187189, 0.0 ], [ 2240952.251415339764208, 540582.207573391846381, 0.0 ], [ 2240955.693262111395597, 540582.028156941873021, 0.0 ], [ 2240959.137681452091783, 540581.907845405396074, 0.0 ], [ 2240962.58365846099332, 540581.846674232394435, 0.0 ], [ 2240966.030177779030055, 540581.844661446870305, 0.0 ], [ 2240969.476223886013031, 540581.901807641843334, 0.0 ], [ 2240972.920781402383, 540582.018095979234204, 0.0 ] ] } },
{ "type": "Feature", "properties": { "fid": 5210, "handle": 3757843, "block": -1, "etype": 18, "space": 0, "layer": "0_Roads_Hatch", "olinetype": "bylayer", "linetype": "", "color": "0,0,0,255", "ocolor": 256, "color24": -1, "transparency": 0, "lweight": -1, "linewidth": 0.0, "ltscale": 1.0, "visible": 1, "width": 6.0, "thickness": 0.0, "ext": "(3:0,0,0.1)" }, "geometry": { "type": "LineString", "coordinates": [ [ 2240954.641139476560056, 540173.46205409814138, 0.0 ], [ 2240950.718437870964408, 540162.865369682549499, 0.0 ], [ 2240946.964229874778539, 540152.207826306344941, 0.0 ], [ 2240943.379459173884243, 540141.492102928226814, 0.0 ], [ 2240939.965026862919331, 540130.720893131569028, 0.0 ], [ 2240936.721791218034923, 540119.896904446999542, 0.0 ], [ 2240933.650567483156919, 540109.022857672069222, 0.0 ], [ 2240930.752127664163709, 540098.101486187311821, 0.0 ], [ 2240928.027200333308429, 540087.13553526927717, 0.0 ], [ 2240925.476470449473709, 540076.127761400304735, 0.0 ], [ 2240924.883122079540044, 540073.513627330656163, 0.0 ], [ 2240924.334963188972324, 540070.889645422692411, 0.0 ], [ 2240923.832156954333186, 540068.256596787949093, 0.0 ], [ 2240923.374853052198887, 540065.615265236701816, 0.0 ], [ 2240922.963187613524497, 540062.966437045135535, 0.0 ], [ 2240922.597283183131367, 540060.310900720651262, 0.0 ], [ 2240922.277248684316874, 540057.649446768104099, 0.0 ], [ 2240922.003179385792464, 540054.982867453363724, 0.0 ], [ 2240921.775156872812659, 540052.311956568271853, 0.0 ], [ 2240921.593249022960663, 540049.637509194202721, 0.0 ], [ 2240921.457509987521917, 540046.960321465157904, 0.0 ], [ 2240921.367980173323303, 540044.281190330861136, 0.0 ], [ 2240921.32468623155728, 540041.600913319620304, 0.0 ], [ 2240921.327641050331295, 540038.920288300840184, 0.0 ], [ 2240921.376843750011176, 540036.240113247418776, 0.0 ], [ 2240921.472279684152454, 540033.56118599860929, 0.0 ], [ 2240921.613920442294329, 540030.884304021717981, 0.0 ], [ 2240921.801723861135542, 540028.210264175664634, 0.0 ], [ 2240922.035634035244584, 540025.539862473146059, 0.0 ], [ 2240922.315581333823502, 540022.873893843847327, 0.0 ], [ 2240922.641482421196997, 540020.213151897769421, 0.0 ], [ 2240923.013240282889456, 540017.558428689138964, 0.0 ], [ 2240923.430744253564626, 540014.910514480434358, 0.0 ], [ 2240923.89387004962191, 540012.270197507110424, 0.0 ], [ 2240924.402479807380587, 540009.638263743370771, 0.0 ], [ 2240924.956422122661024, 540007.015496667590924, 0.0 ], [ 2240925.555532096885145, 540004.402677029487677, 0.0 ], [ 2240926.199631386436522, 540001.800582617754117, 0.0 ], [ 2240926.888528254348785, 539999.209988028160296, 0.0 ], [ 2240927.622017628978938, 539996.631664433283731, 0.0 ], [ 2240928.399881163612008, 539994.066379352938384, 0.0 ], [ 2240929.221887302584946, 539991.51489642530214, 0.0 ], [ 2240930.087791349738836, 539988.977975180372596, 0.0 ], [ 2240930.99733554199338, 539986.45637081307359, 0.0 ], [ 2240931.950249123387039, 539983.95083395880647, 0.0 ], [ 2240932.946248430293053, 539981.462110469932668, 0.0 ], [ 2240933.985036971047521, 539978.990941194118932, 0.0 ], [ 2240935.066305517684668, 539976.538061753031798, 0.0 ], [ 2240936.189732196275145, 539974.104202324058861, 0.0 ], [ 2240937.354982583317906, 539971.690087422495708, 0.0 ], [ 2240938.561709804926068, 539969.296435686177574, 0.0 ], [ 2240939.809554640669376, 539966.923959661391564, 0.0 ], [ 2240941.098145630210638, 539964.57336559088435, 0.0 ], [ 2240942.42709918320179, 539962.245353203383274, 0.0 ], [ 2240943.796019694302231, 539959.940615505562164, 0.0 ], [ 2240945.204499661922455, 539957.659838575753383, 0.0 ], [ 2240946.652119806502014, 539955.403701359289698, 0.0 ], [ 2240954.135808045510203, 539943.926755979773588, 0.0 ], [ 2240961.731007111258805, 539932.523299659485929, 0.0 ] ] } },
{ "type": "Feature", "properties": { "fid": 5220, "handle": 3758198, "block": -1, "etype": 18, "space": 0, "layer": "0_Roads_Hatch", "olinetype": "bylayer", "linetype": "", "color": "0,0,0,255", "ocolor": 256, "color24": -1, "transparency": 0, "lweight": -1, "linewidth": 0.0, "ltscale": 1.0, "visible": 1, "width": 4.5, "thickness": 0.0, "ext": "(3:0,0,0.1)" }, "geometry": { "type": "LineString", "coordinates": [ [ 2240925.476470449473709, 540076.127761400188319, 0.0 ], [ 2240923.835844770539552, 540075.871164539712481, 0.0 ], [ 2240922.191063177771866, 540075.642717436072417, 0.0 ], [ 2240920.542608626652509, 540075.442487168009393, 0.0 ], [ 2240918.890965151134878, 540075.270532528986223, 0.0 ], [ 2240917.236617722548544, 540075.126904009841383, 0.0 ], [ 2240915.580052104312927, 540075.011643784120679, 0.0 ], [ 2240913.921754712238908, 540074.924785695387982, 0.0 ], [ 2240912.262212471105158, 540074.866355247911997, 0.0 ], [ 2240910.601912670768797, 540074.836369598400779, 0.0 ], [ 2240908.941342822741717, 540074.834837551577948, 0.0 ], [ 2240907.280990518629551, 540074.861759557388723, 0.0 ], [ 2240905.621343286707997, 540074.917127710650675, 0.0 ], [ 2240903.962888447102159, 540075.000925753731281, 0.0 ], [ 2240902.306112970225513, 540075.113129080971703, 0.0 ], [ 2240900.651503333821893, 540075.253704746253788, 0.0 ], [ 2240898.999545378610492, 540075.422611472662538, 0.0 ], [ 2240897.350724168121815, 540075.619799664011225, 0.0 ], [ 2240895.705523843877017, 540075.845211420324631, 0.0 ], [ 2240894.064427483826876, 540076.098780554137193, 0.0 ], [ 2240892.427916962653399, 540076.380432610050775, 0.0 ], [ 2240890.796472806483507, 540076.690084887086414, 0.0 ], [ 2240889.170574055053294, 540077.027646462083794, 0.0 ], [ 2240887.550698119215667, 540077.393018217408098, 0.0 ], [ 2240885.937320641241968, 540077.786092869122513, 0.0 ], [ 2240884.330915356520563, 540078.206754999235272, 0.0 ], [ 2240882.731953951530159, 540078.654881088994443, 0.0 ], [ 2240881.140905927866697, 540079.130339555791579, 0.0 ], [ 2240879.5582384634763, 540079.632990790996701, 0.0 ], [ 2240877.984416275285184, 540080.162687201751396, 0.0 ], [ 2240876.419901483226568, 540080.719273253693245, 0.0 ], [ 2240874.865153474733233, 540081.302585517172702, 0.0 ], [ 2240873.320628768298775, 540081.912452714750543, 0.0 ], [ 2240871.786780881695449, 540082.548695771605708, 0.0 ], [ 2240870.264060196466744, 540083.211127868271433, 0.0 ], [ 2240868.752913828473538, 540083.899554495699704, 0.0 ], [ 2240867.253785493317991, 540084.613773511722684, 0.0 ], [ 2240865.767115379218012, 540085.353575200773776, 0.0 ], [ 2240864.293340015690774, 540086.118742335820571, 0.0 ], [ 2240862.832892145495862, 540086.909050241461955, 0.0 ], [ 2240861.386200598906726, 540087.724266860401258, 0.0 ], [ 2240859.953690166119486, 540088.564152821432799, 0.0 ] ] } },
{ "type": "Feature", "properties": { "fid": 5223, "handle": 3758201, "block": -1, "etype": 18, "space": 0, "layer": "0_Roads_Hatch", "olinetype": "bylayer", "linetype": "", "color": "0,0,0,255", "ocolor": 256, "color24": -1, "transparency": 0, "lweight": -1, "linewidth": 0.0, "ltscale": 1.0, "visible": 1, "width": 15.0, "thickness": 0.0, "ext": "(3:0,0,0.1)" }, "geometry": { "type": "LineString", "coordinates": [ [ 2240859.953690166119486, 540088.564152821549214, 0.0 ], [ 2240873.390659486874938, 540081.897230333182961, 0.0 ] ] } },
{ "type": "Feature", "properties": { "fid": 5234, "handle": 3759500, "block": -1, "etype": 18, "space": 0, "layer": "0_Roads_Hatch", "olinetype": "bylayer", "linetype": "", "color": "0,0,0,255", "ocolor": 256, "color24": -1, "transparency": 0, "lweight": -1, "linewidth": 0.0, "ltscale": 1.0, "visible": 1, "width": 14.999999999999995, "thickness": 0.0, "ext": "(3:0,0,0.1)" }, "geometry": { "type": "LineString", "coordinates": [ [ 2240742.265397660899907, 540231.59254151606001, 0.0 ], [ 2240756.801070125773549, 540235.295813853503205, 0.0 ] ] } },
{ "type": "Feature", "properties": { "fid": 5294, "handle": 3769913, "block": -1, "etype": 18, "space": 0, "layer": "0_Roads_Hatch", "olinetype": "bylayer", "linetype": "", "color": "254,234,185,255", "ocolor": 254, "color24": 16706233, "transparency": 0, "lweight": -1, "linewidth": 0.0, "ltscale": 1.0, "visible": 1, "width": 2.0, "thickness": 0.0, "ext": "(3:0,0,0.1)" }, "geometry": { "type": "LineString", "coordinates": [ [ 2241277.914401463232934, 540409.987956152996048, 0.0 ], [ 2241270.534253475721925, 540413.648051878320985, 0.0 ], [ 2241263.091899341437966, 540417.179942304152064, 0.0 ], [ 2241255.589565991889685, 540420.582570603932254, 0.0 ], [ 2241248.029498304706067, 540423.854918629862368, 0.0 ], [ 2241240.413958433549851, 540426.996007216628641, 0.0 ], [ 2241232.745225131046027, 540430.004896475351416, 0.0 ], [ 2241225.025593065656722, 540432.88068607414607, 0.0 ], [ 2241217.257372137159109, 540435.622515507624485, 0.0 ], [ 2241209.442886783275753, 540438.229564354754984, 0.0 ], [ 2241201.584475285373628, 540440.701052524033003, 0.0 ], [ 2241193.684489069506526, 540443.036240486777388, 0.0 ], [ 2241185.745292, 540445.23442949866876, 0.0 ], [ 2241177.769259675871581, 540447.294961809064262, 0.0 ], [ 2241169.75877871690318, 540449.217220856924541, 0.0 ], [ 2241161.716246051713824, 540451.000631456496194, 0.0 ], [ 2241153.644068198744208, 540452.644659968325868, 0.0 ], [ 2241145.544660547748208, 540454.148814459796995, 0.0 ], [ 2241137.420446634758264, 540455.512644851813093, 0.0 ], [ 2241129.273857420310378, 540456.735743053373881, 0.0 ], [ 2241121.107330559752882, 540457.817743084393442, 0.0 ], [ 2241112.923309672623873, 540458.758321184315719, 0.0 ], [ 2241104.724243615288287, 540459.557195909786969, 0.0 ], [ 2241096.512585745193064, 540460.214128218125552, 0.0 ], [ 2241088.290793186519295, 540460.728921539499424, 0.0 ], [ 2241080.06132609769702, 540461.101421835483052, 0.0 ], [ 2241071.826646932400763, 540461.331517645041458, 0.0 ], [ 2241063.589219704270363, 540461.419140117825009, 0.0 ] ] } },
{ "type": "Feature", "properties": { "fid": 5295, "handle": 3769914, "block": -1, "etype": 18, "space": 0, "layer": "0_Roads_Hatch", "olinetype": "bylayer", "linetype": "", "color": "254,234,185,255", "ocolor": 254, "color24": 16706233, "transparency": 0, "lweight": -1, "linewidth": 0.0, "ltscale": 1.0, "visible": 1, "width": 2.0, "thickness": 0.0, "ext": "(3:0,0,0.1)" }, "geometry": { "type": "LineString", "coordinates": [ [ 2241072.728219560347497, 540502.841611830051988, 0.0 ], [ 2241081.2784114764072, 540500.942534707486629, 0.0 ], [ 2241089.859776137862355, 540499.189692370011471, 0.0 ], [ 2241098.469812667928636, 540497.583595650619827, 0.0 ], [ 2241107.106011832598597, 540496.1247126160888, 0.0 ], [ 2241115.765856773592532, 540494.813468430424109, 0.0 ], [ 2241124.446823741775006, 540493.650245231110603, 0.0 ], [ 2241133.14638283289969, 540492.635382017819211, 0.0 ], [ 2241141.861998722888529, 540491.769174553221092, 0.0 ], [ 2241150.591131410095841, 540491.051875277422369, 0.0 ], [ 2241159.331236951984465, 540490.483693233574741, 0.0 ], [ 2241168.079768209252506, 540490.064794007921591, 0.0 ], [ 2241176.834175586234778, 540489.795299680670723, 0.0 ], [ 2241185.591907775960863, 540489.67528879083693, 0.0 ], [ 2241194.35041250102222, 540489.704796313308179, 0.0 ], [ 2241203.107137260492891, 540489.883813648833893, 0.0 ], [ 2241211.859530070796609, 540490.212288626120426, 0.0 ], [ 2241220.605040211696178, 540490.690125517197885, 0.0 ], [ 2241229.341118968091905, 540491.317185065476224, 0.0 ], [ 2241238.065220374614, 540492.093284526374191, 0.0 ], [ 2241246.774801954627037, 540493.018197720171884, 0.0 ], [ 2241255.467325464822352, 540494.091655098367482, 0.0 ], [ 2241264.140257632359862, 540495.313343821791932, 0.0 ], [ 2241272.791070893406868, 540496.682907852344215, 0.0 ], [ 2241281.417244132142514, 540498.199948056368157, 0.0 ], [ 2241290.016263410914689, 540499.86402232083492, 0.0 ] ] } },
{ "type": "Feature", "properties": { "fid": 5298, "handle": 3771193, "block": -1, "etype": 18, "space": 0, "layer": "0_Roads_Hatch", "olinetype": "bylayer", "linetype": "", "color": "0,0,0,255", "ocolor": 256, "color24": -1, "transparency": 0, "lweight": -1, "linewidth": 0.0, "ltscale": 1.0, "visible": 1, "width": 6.0, "thickness": 0.0, "ext": "(3:0,0,0.1)" }, "geometry": { "type": "LineString", "coordinates": [ [ 2241071.157556965947151, 540552.697077077697031, 0.0 ], [ 2241070.821543691214174, 540552.802460162318312, 0.0 ], [ 2241070.483752686996013, 540552.901997857261449, 0.0 ], [ 2241070.144285633228719, 540552.995660200249404, 0.0 ], [ 2241069.803244713693857, 540553.08341899770312, 0.0 ], [ 2241069.460732587147504, 540553.1652478328906, 0.0 ], [ 2241069.116852353792638, 540553.24112207419239, 0.0 ], [ 2241068.771707527339458, 540553.311018882435746, 0.0 ], [ 2241068.425402000546455, 540553.374917217646725, 0.0 ], [ 2241068.078040015883744, 540553.432797845685855, 0.0 ], [ 2241067.729726135265082, 540553.484643343486823, 0.0 ], [ 2241067.380565205123276, 540553.530438104877248, 0.0 ], [ 2241067.030662328470498, 540553.570168345002457, 0.0 ], [ 2241066.680122830439359, 540553.603822104516439, 0.0 ], [ 2241066.329052228480577, 540553.631389253190719, 0.0 ], [ 2241065.977556199766695, 540553.652861492941156, 0.0 ], [ 2241065.625740549527109, 540553.668232360272668, 0.0 ], [ 2241065.273711179383099, 540553.677497228374705, 0.0 ], [ 2241064.921574055217206, 540553.6806533082854, 0.0 ], [ 2241064.569435174576938, 540553.677699650172144, 0.0 ], [ 2241064.217400536872447, 540553.668637142865919, 0.0 ], [ 2241063.865576109383255, 540553.65346851455979, 0.0 ], [ 2241063.514067795593292, 540553.632198331179097, 0.0 ], [ 2241063.162981405388564, 540553.604832995217294, 0.0 ], [ 2241062.812422619666904, 540553.571380744106136, 0.0 ], [ 2241062.462496962398291, 540553.531851647421718, 0.0 ], [ 2241062.11330976523459, 540553.486257603974082, 0.0 ], [ 2241061.764966139569879, 540553.434612338198349, 0.0 ], [ 2241061.417570940684527, 540553.376931396196596, 0.0 ], [ 2241061.07122873980552, 540553.313232140499167, 0.0 ], [ 2241060.726043791044503, 540553.243533745640889, 0.0 ], [ 2241060.382119999267161, 540553.16785719175823, 0.0 ], [ 2241060.039560891222209, 540553.086225258535706, 0.0 ], [ 2241059.698469581082463, 540552.998662518453784, 0.0 ], [ 2241059.358948742505163, 540552.905195328872651, 0.0 ], [ 2241059.02110057650134, 540552.805851824930869, 0.0 ], [ 2241058.68502677930519, 540552.700661910464987, 0.0 ], [ 2241058.350828514434397, 540552.589657248929143, 0.0 ], [ 2241058.018606379628181, 540552.472871254314668, 0.0 ], [ 2241057.688460378907621, 540552.350339081021957, 0.0 ], [ 2241057.360489890910685, 540552.222097612684593, 0.0 ], [ 2241057.034793639089912, 540552.088185452041216, 0.0 ], [ 2241056.711469662841409, 540551.948642908362672, 0.0 ], [ 2241056.390615286771208, 540551.803511985926889, 0.0 ], [ 2241056.072327093221247, 540551.652836371213198, 0.0 ], [ 2241055.756700890604407, 540551.496661419630982, 0.0 ], [ 2241055.443831687327474, 540551.335034142131917, 0.0 ], [ 2241055.133813661057502, 540551.168003190774471, 0.0 ], [ 2241054.826740132179111, 540550.995618844171986, 0.0 ], [ 2241054.52270353352651, 540550.817932992475107, 0.0 ], [ 2241054.221795384306461, 540550.634999121539295, 0.0 ], [ 2241053.924106262624264, 540550.446872297092341, 0.0 ], [ 2241053.62972577707842, 540550.253609147854149, 0.0 ], [ 2241053.338742539752275, 540550.055267848889343, 0.0 ], [ 2241053.05124414106831, 540549.851908103562891, 0.0 ], [ 2241052.767317122314125, 540549.643591126077808, 0.0 ], [ 2241052.487046949099749, 540549.430379622848704, 0.0 ], [ 2241052.210517986211926, 540549.212337773293257, 0.0 ], [ 2241051.93781347386539, 540548.989531211322173, 0.0 ], [ 2241051.669015499297529, 540548.762027004617266, 0.0 ], [ 2241051.404204974416643, 540548.529893635306507, 0.0 ], [ 2241051.143461611121893, 540548.293200978660025, 0.0 ] ] } },
{ "type": "Feature", "properties": { "fid": 5299, "handle": 3771194, "block": -1, "etype": 18, "space": 0, "layer": "0_Roads_Hatch", "olinetype": "bylayer", "linetype": "", "color": "0,0,0,255", "ocolor": 256, "color24": -1, "transparency": 0, "lweight": -1, "linewidth": 0.0, "ltscale": 1.0, "visible": 1, "width": 6.0, "thickness": 0.0, "ext": "(3:0,0,0.1)" }, "geometry": { "type": "LineString", "coordinates": [ [ 2241045.171395977027714, 540418.816072083311155, 0.0 ], [ 2241044.91860410105437, 540418.769717869232409, 0.0 ], [ 2241044.665042836219072, 540418.727775877923705, 0.0 ], [ 2241044.410789187531918, 540418.690258846851066, 0.0 ], [ 2241044.155920369550586, 540418.657178169582039, 0.0 ], [ 2241043.90051378402859, 540418.628543892526068, 0.0 ], [ 2241043.644646996632218, 540418.604364711558446, 0.0 ], [ 2241043.388397712260485, 540418.584647969924845, 0.0 ], [ 2241043.131843752227724, 540418.569399655447342, 0.0 ], [ 2241042.875063029583544, 540418.558624398894608, 0.0 ], [ 2241042.618133527226746, 540418.55232547246851, 0.0 ], [ 2241042.361133272759616, 540418.550504789454862, 0.0 ], [ 2241042.10414031567052, 540418.553162902477197, 0.0 ], [ 2241041.847232702653855, 540418.560299004311673, 0.0 ], [ 2241041.590488454326987, 540418.57191092800349, 0.0 ], [ 2241041.33398554334417, 540418.587995146866888, 0.0 ], [ 2241041.077801866456866, 540418.608546776347794, 0.0 ], [ 2241040.822015225887299, 540418.633559575071558, 0.0 ], [ 2241040.566703301854432, 540418.663025946705602, 0.0 ], [ 2241040.311943630687892, 540418.696936942636967, 0.0 ], [ 2241040.057813581544906, 540418.735282264300622, 0.0 ], [ 2241039.804390331730247, 540418.77805026655551, 0.0 ], [ 2241039.551750843878835, 540418.82522796082776, 0.0 ], [ 2241039.299971843138337, 540418.876801019767299, 0.0 ], [ 2241039.049129792954773, 540418.932753781089559, 0.0 ], [ 2241038.799300872255117, 540418.993069251999259, 0.0 ], [ 2241038.550560952164233, 540419.057729115476832, 0.0 ], [ 2241038.302985574118793, 540419.126713734469377, 0.0 ], [ 2241038.056649924255908, 540419.200002159108408, 0.0 ], [ 2241037.811628812924027, 540419.277572131948546, 0.0 ], [ 2241037.567996651399881, 540419.359400095650926, 0.0 ], [ 2241037.32582742953673, 540419.445461199735291, 0.0 ], [ 2241037.085194692481309, 540419.535729307797737, 0.0 ], [ 2241036.846171517856419, 540419.630177006241865, 0.0 ], [ 2241036.608830496203154, 540419.728775611845776, 0.0 ], [ 2241036.373243705835193, 540419.831495181075297, 0.0 ], [ 2241036.139482693281025, 540419.938304518465884, 0.0 ], [ 2241035.907618449535221, 540420.04917118686717, 0.0 ], [ 2241035.677721390500665, 540420.164061516872607, 0.0 ], [ 2241035.449861334636807, 540420.282940617180429, 0.0 ], [ 2241035.224107481073588, 540420.405772384838201, 0.0 ], [ 2241035.000528389122337, 540420.532519516767934, 0.0 ], [ 2241034.779191959183663, 540420.663143520825543, 0.0 ], [ 2241034.560165409464389, 540420.797604727325961, 0.0 ], [ 2241034.343515256419778, 540420.935862301266752, 0.0 ], [ 2241034.129307295195758, 540421.077874255017377, 0.0 ], [ 2241033.917606579139829, 540421.223597460309975, 0.0 ], [ 2241033.708477400708944, 540421.372987662092783, 0.0 ], [ 2241033.501983270980418, 540421.52599949168507, 0.0 ], [ 2241033.298186900559813, 540421.682586480281316, 0.0 ], [ 2241033.097150180954486, 540421.842701073735952, 0.0 ], [ 2241032.898934165947139, 540422.00629464618396, 0.0 ], [ 2241032.703599051572382, 540422.173317515407689, 0.0 ], [ 2241032.511204160749912, 540422.34371895773802, 0.0 ], [ 2241032.321807921864092, 540422.517447223537602, 0.0 ], [ 2241032.135467853397131, 540422.694449552684091, 0.0 ], [ 2241031.952240545302629, 540422.874672190635465, 0.0 ], [ 2241031.772181643173099, 540423.058060405310243, 0.0 ], [ 2241031.595345828682184, 540423.244558502803557, 0.0 ], [ 2241031.42178680608049, 540423.434109845082276, 0.0 ], [ 2241031.251557284034789, 540423.626656866515987, 0.0 ], [ 2241031.084708960261196, 540423.822141092037782, 0.0 ], [ 2241030.921292504761368, 540424.020503154490143, 0.0 ], [ 2241030.761357546783984, 540424.221682812669314, 0.0 ], [ 2241030.604952657129616, 540424.42561896960251, 0.0 ], [ 2241030.452125335112214, 540424.632249691523612, 0.0 ], [ 2241030.302921992726624, 540424.841512225801125, 0.0 ], [ 2241030.157387942541391, 540425.053343021194451, 0.0 ], [ 2241030.015567381866276, 540425.267677745898254, 0.0 ], [ 2241029.877503381110728, 540425.484451308147982, 0.0 ], [ 2241029.743237868417054, 540425.70359787507914, 0.0 ], [ 2241029.612811620347202, 540425.925050893682055, 0.0 ], [ 2241029.486264246050268, 540426.148743110126816, 0.0 ], [ 2241029.363634177017957, 540426.3746065904852, 0.0 ], [ 2241029.244958654977381, 540426.60257274180185, 0.0 ], [ 2241029.130273721180856, 540426.832572332234122, 0.0 ], [ 2241029.019614204764366, 540427.064535512472503, 0.0 ], [ 2241028.913013711571693, 540427.298391836928204, 0.0 ], [ 2241028.810504615772516, 540427.534070285153575, 0.0 ], [ 2241028.712118049152195, 540427.771499283262528, 0.0 ], [ 2241028.617883890401572, 540428.010606725583784, 0.0 ], [ 2241028.527830758132041, 540428.2513199968962, 0.0 ], [ 2241028.441986000631005, 540428.493565994314849, 0.0 ], [ 2241028.360375688411295, 540428.73727114929352, 0.0 ], [ 2241028.28302460629493, 540428.982361450442113, 0.0 ], [ 2241028.209956244565547, 540429.228762465412728, 0.0 ], [ 2241028.141192794311792, 540429.476399363949895, 0.0 ] ] } },
{ "type": "Feature", "properties": { "fid": 5341, "handle": 3773421, "block": -1, "etype": 18, "space": 0, "layer": "0_Roads_Hatch", "olinetype": "bylayer", "linetype": "", "color": "0,0,0,255", "ocolor": 256, "color24": -1, "transparency": 0, "lweight": -1, "linewidth": 0.0, "ltscale": 1.0, "visible": 1, "width": 6.0, "thickness": 0.0, "ext": "(3:0,0,0.1)" }, "geometry": { "type": "LineString", "coordinates": [ [ 2241047.755031161010265, 540342.374572637723759, 0.0 ], [ 2241047.914874094072729, 540340.062958053778857, 0.0 ], [ 2241048.114602574147284, 540337.754447650397196, 0.0 ], [ 2241048.354157063178718, 540335.449729577638209, 0.0 ], [ 2241048.633466152474284, 540333.149490855168551, 0.0 ], [ 2241048.952446581795812, 540330.854417167021893, 0.0 ], [ 2241049.311003265436739, 540328.565192657988518, 0.0 ], [ 2241049.70902932016179, 540326.282499729073606, 0.0 ], [ 2241050.146406097337604, 540324.007018834236078, 0.0 ], [ 2241050.623003218322992, 540321.739428277593106, 0.0 ], [ 2241051.138678612653166, 540319.480404011323117, 0.0 ], [ 2241051.693278561811894, 540317.230619433918037, 0.0 ], [ 2241052.286637743003666, 540314.990745189716108, 0.0 ], [ 2241052.918579280842096, 540312.761448968783952, 0.0 ], [ 2241053.588914797641337, 540310.543395307846367, 0.0 ], [ 2241054.297444471623749, 540308.337245392496698, 0.0 ], [ 2241055.043957095593214, 540306.143656859756447, 0.0 ], [ 2241055.828230138868093, 540303.963283602381125, 0.0 ] ] } }
]
}
